{
"type": "FeatureCollection",
"name": "main_contour_tp",
"crs": { "type": "name", "properties": { "name": "urn:ogc:def:crs:OGC:1.3:CRS84" } },
"features": [
{ "type": "Feature", "properties": { "z": 2.5, "countyname": "臺北市", "townname": "文山區" }, "geometry": { "type": "LineString", "coordinates": [ [ 121.586897751684205, 24.963676118261535 ], [ 121.587058352885265, 24.964778648122689 ], [ 121.587200618086825, 24.965952332521116 ], [ 121.58807001871844, 24.966857309072992 ], [ 121.588571008701422, 24.967126016919554 ], [ 121.588607795452205, 24.968299701317992 ], [ 121.58807001871844, 24.969083247642988 ], [ 121.587600001623002, 24.968299701317992 ], [ 121.586897751684205, 24.967415196636029 ], [ 121.586391946336562, 24.967126016919554 ], [ 121.585725484649984, 24.966182698040132 ], [ 121.585439112355346, 24.965952332521123 ], [ 121.585725484649984, 24.965131910257522 ], [ 121.586009946685948, 24.964778648122685 ], [ 121.586897751684205, 24.963676118261535 ] ] } },
{ "type": "Feature", "properties": { "z": 2.5, "countyname": "臺北市", "townname": "文山區" }, "geometry": { "type": "LineString", "coordinates": [ [ 121.590414552786882, 24.96646139516913 ], [ 121.591062325698005, 24.967126016919554 ], [ 121.590414552786868, 24.967581056205717 ], [ 121.589818289416428, 24.967126016919554 ], [ 121.590414552786882, 24.96646139516913 ] ] } },
{ "type": "Feature", "properties": { "z": 2.5, "countyname": "臺北市", "townname": "文山區" }, "geometry": { "type": "MultiLineString", "coordinates": [ [ [ 121.547130761735588, 24.983282935980814 ], [ 121.547062160489872, 24.983557598497654 ], [ 121.547040672520595, 24.983584757902953 ], [ 121.547022597208681, 24.983557598497654 ], [ 121.546845231412405, 24.983295294229954 ] ], [ [ 121.541384703706882, 24.987923119518815 ], [ 121.541179337349462, 24.988226072565439 ], [ 121.540007070315241, 24.98778347575227 ], [ 121.539985373900734, 24.987749387272139 ] ] ] } },
{ "type": "Feature", "properties": { "z": 2.5, "countyname": "臺北市", "townname": "文山區" }, "geometry": { "type": "LineString", "coordinates": [ [ 121.586897751684205, 24.970453822022421 ], [ 121.58807001871844, 24.970149496488748 ], [ 121.588427430172644, 24.970647070114861 ], [ 121.58807001871844, 24.971104176061466 ], [ 121.587216336931505, 24.971820754513299 ], [ 121.586897751684191, 24.972060771699532 ], [ 121.586157022848383, 24.971820754513299 ], [ 121.586298187817462, 24.970647070114861 ], [ 121.586897751684205, 24.970453822022421 ] ] } },
{ "type": "Feature", "properties": { "z": 2.5, "countyname": "臺北市", "townname": "文山區" }, "geometry": { "type": "LineString", "coordinates": [ [ 121.555246541760155, 24.978595845588213 ], [ 121.55599558880823, 24.978862860903913 ], [ 121.556418808794376, 24.978971764711776 ], [ 121.557145981602247, 24.980036545302347 ], [ 121.557591075828611, 24.980383858556177 ], [ 121.558763342862832, 24.980847679069228 ], [ 121.559935609897053, 24.980571387899886 ], [ 121.561107876931274, 24.980366377872983 ], [ 121.562066500598249, 24.980036545302347 ], [ 121.562280143965495, 24.979302544279012 ], [ 121.56275083185183, 24.980036545302347 ], [ 121.562941801694407, 24.981210229700785 ], [ 121.56345241099973, 24.981366154644061 ], [ 121.564624678033951, 24.981471488571248 ], [ 121.565796945068172, 24.981832467989278 ], [ 121.566969212102393, 24.981669374859692 ], [ 121.56764566061392, 24.98238391409922 ], [ 121.568141479136628, 24.98281467891713 ], [ 121.568978502236362, 24.983557598497654 ], [ 121.568141479136628, 24.984419156818639 ], [ 121.566969212102393, 24.98459928902971 ], [ 121.565796945068172, 24.984690553600053 ], [ 121.564958107252636, 24.983557598497654 ], [ 121.564624678033951, 24.983290183252585 ], [ 121.56345241099973, 24.983336072057121 ], [ 121.563203205926101, 24.983557598497654 ], [ 121.56345241099973, 24.983858036432412 ], [ 121.564424929769558, 24.984731282896092 ], [ 121.56345241099973, 24.985375293894204 ], [ 121.562280143965495, 24.985634339407063 ], [ 121.56170746268927, 24.985904967294527 ], [ 121.561459713635386, 24.987078651692961 ], [ 121.561107876931274, 24.987477456484935 ], [ 121.560387516993686, 24.988252336091403 ], [ 121.560795750493313, 24.989426020489834 ], [ 121.559935609897053, 24.990232123134863 ], [ 121.558763342862832, 24.989935825063906 ], [ 121.558242803879196, 24.989426020489834 ], [ 121.558337929604463, 24.988252336091403 ], [ 121.558763342862832, 24.987466289818528 ], [ 121.558887722409324, 24.987078651692961 ], [ 121.559256285267551, 24.985904967294527 ], [ 121.559433726679302, 24.984731282896092 ], [ 121.559935609897053, 24.984200401876237 ], [ 121.561107876931274, 24.983760035914639 ], [ 121.561303094175983, 24.983557598497654 ], [ 121.561107876931274, 24.983081268849716 ], [ 121.559935609897053, 24.982888758161387 ], [ 121.558763342862832, 24.982547224144916 ], [ 121.5584823385052, 24.98238391409922 ], [ 121.557591075828611, 24.982184010667041 ], [ 121.556706169496906, 24.981210229700785 ], [ 121.556418808794376, 24.980833381028646 ], [ 121.555246541760155, 24.980775101344289 ], [ 121.55414625802878, 24.980036545302347 ], [ 121.554963892292065, 24.978862860903916 ], [ 121.555246541760155, 24.978595845588213 ] ] } },
{ "type": "Feature", "properties": { "z": 2.5, "countyname": "臺北市", "townname": "文山區" }, "geometry": { "type": "LineString", "coordinates": [ [ 121.571658280239291, 24.979943193390937 ], [ 121.571748676733307, 24.980036545302347 ], [ 121.571658280239291, 24.980106812163299 ], [ 121.5715524333107, 24.980036545302347 ], [ 121.571658280239291, 24.979943193390937 ] ] } },
{ "type": "Feature", "properties": { "z": 2.5, "countyname": "臺北市", "townname": "中正區" }, "geometry": { "type": "LineString", "coordinates": [ [ 121.513909790475125, 25.021474922108087 ], [ 121.513272794494199, 25.022289183646034 ], [ 121.513044928528089, 25.022555860627698 ], [ 121.512366368925939, 25.023408686597985 ] ] } },
{ "type": "Feature", "properties": { "z": 2.5, "countyname": "臺北市", "townname": "萬華區" }, "geometry": { "type": "LineString", "coordinates": [ [ 121.512366368925939, 25.023408686597985 ], [ 121.51232325891047, 25.023462868044469 ], [ 121.511872661493854, 25.023692474981846 ], [ 121.51132202493632, 25.023462868044469 ], [ 121.511225238256188, 25.022289183646034 ], [ 121.511265289625214, 25.021821082739905 ] ] } },
{ "type": "Feature", "properties": { "z": 2.5, "countyname": "臺北市", "townname": "文山區" }, "geometry": { "type": "LineString", "coordinates": [ [ 121.552672487003221, 24.986624771629078 ], [ 121.552902007691713, 24.986907560121217 ], [ 121.553011855744984, 24.987078651692961 ], [ 121.552902007691713, 24.987753100787607 ], [ 121.552824523781183, 24.988252336091399 ], [ 121.551729740657478, 24.988901834054925 ], [ 121.551158089189443, 24.989426020489834 ], [ 121.550990070394604, 24.990599704888268 ], [ 121.550557473623257, 24.991163658232093 ], [ 121.550041466573333, 24.991773389286706 ], [ 121.549385206589037, 24.992548847863063 ], [ 121.5487836923364, 24.991773389286706 ], [ 121.548413394484967, 24.990599704888268 ], [ 121.548212939554816, 24.989912177627804 ], [ 121.547736383435108, 24.989426020489834 ], [ 121.548212939554816, 24.989145104988744 ], [ 121.549380656550767, 24.988252336091399 ], [ 121.549385206589037, 24.988248745882029 ], [ 121.549745989225045, 24.987078651692961 ], [ 121.550511652826472, 24.985904967294527 ], [ 121.550557473623257, 24.985874138244515 ], [ 121.550885630567663, 24.985445286803358 ] ] } },
{ "type": "Feature", "properties": { "z": 2.5, "countyname": "臺北市", "townname": "文山區" }, "geometry": { "type": "LineString", "coordinates": [ [ 121.579864149478865, 24.984528712532182 ], [ 121.580215691702406, 24.984731282896092 ], [ 121.579864149478865, 24.985098372319218 ], [ 121.579439750704424, 24.984731282896089 ], [ 121.579864149478865, 24.984528712532182 ] ] } },
{ "type": "Feature", "properties": { "z": 2.5, "countyname": "臺北市", "townname": "文山區" }, "geometry": { "type": "LineString", "coordinates": [ [ 121.547040672520581, 24.98519419998226 ], [ 121.548212939554816, 24.985209592191982 ], [ 121.548868968328648, 24.985904967294527 ], [ 121.548471739042881, 24.987078651692961 ], [ 121.548212939554816, 24.987389199418981 ], [ 121.547305718372854, 24.988252336091399 ], [ 121.547040672520581, 24.988708609036497 ], [ 121.546747843859222, 24.988252336091399 ], [ 121.546275613411439, 24.987078651692961 ], [ 121.546702311942738, 24.985904967294527 ], [ 121.547040672520581, 24.98519419998226 ] ] } },
{ "type": "Feature", "properties": { "z": 2.5, "countyname": "臺北市", "townname": "文山區" }, "geometry": { "type": "LineString", "coordinates": [ [ 121.568141479136628, 24.985801181099642 ], [ 121.569313746170849, 24.985053429642981 ], [ 121.57048601320507, 24.984897977173439 ], [ 121.571647460551461, 24.985904967294527 ], [ 121.571104415867154, 24.987078651692961 ], [ 121.57048601320507, 24.987793691526196 ], [ 121.570247643733111, 24.988252336091399 ], [ 121.57048601320507, 24.989026162546576 ], [ 121.571469738260689, 24.989426020489834 ], [ 121.57048601320507, 24.989674804920202 ], [ 121.569313746170849, 24.989883040557771 ], [ 121.568617613403305, 24.989426020489834 ], [ 121.568141479136628, 24.989255992642978 ], [ 121.566969212102393, 24.988864971184171 ], [ 121.565796945068172, 24.988607172447242 ], [ 121.564624678033951, 24.989172830773398 ], [ 121.56428861820082, 24.989426020489834 ], [ 121.563452410999716, 24.990004202665681 ], [ 121.562650329573458, 24.989426020489834 ], [ 121.56345241099973, 24.988634417820563 ], [ 121.56374350451577, 24.988252336091399 ], [ 121.564624678033951, 24.987272836722383 ], [ 121.56526762705812, 24.987078651692961 ], [ 121.565796945068172, 24.986279258413525 ], [ 121.56604004965385, 24.987078651692961 ], [ 121.566969212102393, 24.987830874653927 ], [ 121.567260016773091, 24.987078651692961 ], [ 121.567924347043004, 24.985904967294527 ], [ 121.568141479136628, 24.985801181099642 ] ] } },
{ "type": "Feature", "properties": { "z": 2.5, "countyname": "臺北市", "townname": "文山區" }, "geometry": { "type": "LineString", "coordinates": [ [ 121.577519615410409, 24.98561987383723 ], [ 121.577855533746799, 24.985904967294527 ], [ 121.578691882444645, 24.986277765892186 ], [ 121.579750993739452, 24.987078651692961 ], [ 121.579864149478865, 24.987329960385637 ], [ 121.581036416513086, 24.988098399872115 ], [ 121.581193609084124, 24.988252336091399 ], [ 121.581036416513072, 24.988359728396929 ], [ 121.579864149478865, 24.988950125507746 ], [ 121.578931873355543, 24.989426020489834 ], [ 121.578691882444645, 24.989549096451363 ], [ 121.578259072782018, 24.989426020489834 ], [ 121.577519615410409, 24.989293505481765 ], [ 121.576347348376189, 24.989145775168438 ], [ 121.575175081341968, 24.989201617922948 ], [ 121.574630730159811, 24.989426020489834 ], [ 121.574653651636055, 24.990599704888268 ], [ 121.574002814307747, 24.991728562790605 ], [ 121.57304239527393, 24.990599704888268 ], [ 121.573388223228932, 24.989426020489834 ], [ 121.572830547273526, 24.988949870233661 ], [ 121.572188610258465, 24.988252336091399 ], [ 121.572830547273526, 24.987490437707084 ], [ 121.573157211304306, 24.987078651692961 ], [ 121.574002814307747, 24.986515956209928 ], [ 121.574863222143435, 24.987078651692961 ], [ 121.575175081341968, 24.987260888375872 ], [ 121.575376772398357, 24.987078651692961 ], [ 121.576347348376189, 24.986125523436289 ], [ 121.576956004771517, 24.985904967294527 ], [ 121.577519615410409, 24.98561987383723 ] ] } },
{ "type": "Feature", "properties": { "z": 2.5, "countyname": "臺北市", "townname": "文山區" }, "geometry": { "type": "LineString", "coordinates": [ [ 121.581036416513101, 24.985730973827607 ], [ 121.58117555918929, 24.98590496729453 ], [ 121.581036416513086, 24.985982773316397 ], [ 121.580853464135174, 24.985904967294527 ], [ 121.581036416513101, 24.985730973827607 ] ] } },
{ "type": "Feature", "properties": { "z": 2.5, "countyname": "臺北市", "townname": "文山區" }, "geometry": { "type": "LineString", "coordinates": [ [ 121.554074274725934, 24.987789409135154 ], [ 121.554774511213083, 24.988252336091399 ], [ 121.554074274725934, 24.988760042759473 ], [ 121.553025272222484, 24.988252336091399 ], [ 121.554074274725934, 24.987789409135154 ] ] } },
{ "type": "Feature", "properties": { "z": 2.5, "countyname": "臺北市", "townname": "文山區" }, "geometry": { "type": "LineString", "coordinates": [ [ 121.541179337349462, 24.98826833550584 ], [ 121.542351604383683, 24.98868852902973 ], [ 121.54307315912736, 24.989426020489834 ], [ 121.543046904266106, 24.990599704888268 ], [ 121.543523871417918, 24.991011982176619 ], [ 121.544437154448005, 24.991773389286706 ], [ 121.544696138452125, 24.99258904415667 ], [ 121.544915252448391, 24.992947073685141 ], [ 121.545797473144773, 24.994120758083575 ], [ 121.54586840548636, 24.994179919615096 ], [ 121.547040672520595, 24.994755122358132 ], [ 121.547647409305753, 24.995294442482013 ], [ 121.548212939554816, 24.99610092913419 ], [ 121.548509978900356, 24.996468126880448 ], [ 121.548943948555078, 24.997641811278882 ], [ 121.548680226805303, 24.998815495677317 ], [ 121.549385206589037, 24.999309768137536 ], [ 121.549999403445412, 24.999989180075755 ], [ 121.550557473623257, 25.000288162658769 ], [ 121.551504211438399, 24.999989180075755 ], [ 121.551160243929118, 24.99881549567732 ], [ 121.551055097272339, 24.997641811278882 ], [ 121.55142602798314, 24.996468126880451 ], [ 121.551729740657478, 24.995592325768218 ], [ 121.551848068444926, 24.995294442482013 ], [ 121.552360656095601, 24.994120758083579 ], [ 121.552902007691713, 24.99305502426834 ], [ 121.553106502167225, 24.992947073685141 ], [ 121.554074274725934, 24.992543174569438 ], [ 121.555246541760155, 24.992350819563733 ], [ 121.556418808794376, 24.992168618194739 ], [ 121.557591075828611, 24.992092437511445 ], [ 121.558763342862832, 24.992172377493958 ], [ 121.559130766323605, 24.992947073685144 ], [ 121.559935609897053, 24.993954594808077 ], [ 121.560044954856536, 24.994120758083575 ], [ 121.559935609897053, 24.994234156899839 ], [ 121.558763342862832, 24.994898068931985 ], [ 121.558433090474352, 24.995294442482013 ], [ 121.557991511654748, 24.996468126880448 ], [ 121.557591075828611, 24.997006561221038 ], [ 121.556927982564915, 24.997641811278886 ], [ 121.557591075828611, 24.997868395775406 ], [ 121.558763342862832, 24.997913659820306 ], [ 121.559659706925032, 24.99881549567732 ], [ 121.558763342862832, 24.99967975508417 ], [ 121.557591075828611, 24.999654809286294 ], [ 121.557247089595279, 24.999989180075755 ], [ 121.557591075828611, 25.000692264207704 ], [ 121.558040699866311, 25.001162864474189 ], [ 121.557591075828597, 25.001613032143176 ], [ 121.556418808794376, 25.001777034598138 ], [ 121.555680394331262, 25.002336548872627 ], [ 121.555412649892702, 25.003510233271061 ], [ 121.555967637233337, 25.004683917669499 ], [ 121.556418808794376, 25.004912284496928 ], [ 121.557591075828611, 25.005451444852554 ], [ 121.558197127022098, 25.005857602067934 ], [ 121.558763342862832, 25.006294742382636 ], [ 121.559252721979121, 25.007031286466368 ], [ 121.558763342862832, 25.007521257280981 ], [ 121.557591075828611, 25.00744255517753 ], [ 121.556697291972085, 25.007031286466368 ], [ 121.556418808794376, 25.006919933247435 ], [ 121.555246541760155, 25.00629742093345 ], [ 121.554418308895535, 25.005857602067934 ], [ 121.554351899066276, 25.004683917669499 ], [ 121.554905427351571, 25.003510233271061 ], [ 121.554724043318018, 25.002336548872627 ], [ 121.554074274725934, 25.001906997718471 ], [ 121.552902007691713, 25.002138412324374 ], [ 121.55265026761812, 25.002336548872627 ], [ 121.551729740657464, 25.002830412418692 ], [ 121.551350752682936, 25.003510233271061 ], [ 121.550557473623257, 25.004304471468302 ], [ 121.549738803545551, 25.003510233271061 ], [ 121.550557473623257, 25.002572939518704 ], [ 121.551050826393023, 25.002336548872627 ], [ 121.550557473623257, 25.002021830950603 ], [ 121.549385206589037, 25.001904605593243 ], [ 121.548212939554816, 25.001378216745596 ], [ 121.547758065056613, 25.001162864474193 ], [ 121.547040672520581, 25.001004604273724 ], [ 121.54586840548636, 25.000633210822649 ], [ 121.545146025745282, 24.999989180075755 ], [ 121.544696138452139, 24.999697588464549 ], [ 121.543523871417918, 24.999410119595691 ], [ 121.54314455568003, 24.998815495677317 ], [ 121.543523871417918, 24.998472285934337 ], [ 121.543914886529492, 24.997641811278882 ], [ 121.544030899571624, 24.996468126880448 ], [ 121.543871309214623, 24.995294442482013 ], [ 121.543592975847247, 24.994120758083575 ], [ 121.543523871417918, 24.994017610329252 ], [ 121.542351604383683, 24.99368891754807 ], [ 121.542135487667252, 24.994120758083575 ], [ 121.542351604383683, 24.994287465894804 ], [ 121.54315807558956, 24.995294442482013 ], [ 121.542351604383683, 24.996126248650619 ], [ 121.541725117757991, 24.996468126880448 ], [ 121.541179337349462, 24.997139710265969 ], [ 121.540639654360831, 24.996468126880448 ], [ 121.540007070315241, 24.995644532522022 ], [ 121.538834803281034, 24.995422837921165 ], [ 121.538706562894717, 24.995294442482013 ], [ 121.537662536246799, 24.99415243575757 ], [ 121.537617677419107, 24.994120758083579 ], [ 121.537662536246799, 24.994012942093505 ], [ 121.53883480328102, 24.993588320950831 ], [ 121.539392590170095, 24.994120758083575 ], [ 121.540007070315241, 24.994971291187927 ], [ 121.540465010819759, 24.994120758083575 ], [ 121.540007070315241, 24.993465313715642 ], [ 121.539515075702312, 24.992947073685141 ], [ 121.538968280927563, 24.991773389286706 ], [ 121.539598350076886, 24.990599704888268 ], [ 121.540007070315241, 24.990180207558165 ], [ 121.540341533860357, 24.989426020489834 ], [ 121.541179337349462, 24.98826833550584 ] ] } },
{ "type": "Feature", "properties": { "z": 2.5, "countyname": "臺北市", "townname": "文山區" }, "geometry": { "type": "LineString", "coordinates": [ [ 121.542351604383683, 24.991706915850642 ], [ 121.542309224503697, 24.991773389286706 ], [ 121.542351604383683, 24.991939361330243 ], [ 121.542404643053942, 24.991773389286706 ], [ 121.542351604383683, 24.991706915850639 ] ] } },
{ "type": "Feature", "properties": { "z": 2.5, "countyname": "臺北市", "townname": "文山區" }, "geometry": { "type": "LineString", "coordinates": [ [ 121.571658280239305, 24.991393053857255 ], [ 121.571986991928526, 24.991773389286703 ], [ 121.572830547273526, 24.992015417147794 ], [ 121.574002814307747, 24.991793821043188 ], [ 121.5749963557667, 24.992947073685141 ], [ 121.574002814307747, 24.993972705352412 ], [ 121.572830547273526, 24.993950043238598 ], [ 121.571658280239291, 24.993788802131103 ], [ 121.571312389313803, 24.992947073685141 ], [ 121.57141207981492, 24.991773389286706 ], [ 121.571658280239305, 24.991393053857255 ] ] } },
{ "type": "Feature", "properties": { "z": 2.5, "countyname": "臺北市", "townname": "文山區" }, "geometry": { "type": "LineString", "coordinates": [ [ 121.536884981026262, 24.992810178223884 ], [ 121.537036632391533, 24.992947073685141 ], [ 121.536750793978229, 24.993104021818557 ] ] } },
{ "type": "Feature", "properties": { "z": 2.5, "countyname": "臺北市", "townname": "文山區" }, "geometry": { "type": "LineString", "coordinates": [ [ 121.561107876931274, 24.995031529687427 ], [ 121.561370472227225, 24.995294442482013 ], [ 121.561107876931274, 24.995690743675809 ], [ 121.560837272635695, 24.995294442482013 ], [ 121.561107876931274, 24.995031529687427 ] ] } },
{ "type": "Feature", "properties": { "z": 2.5, "countyname": "臺北市", "townname": "文山區" }, "geometry": { "type": "LineString", "coordinates": [ [ 121.54586840548636, 24.997435650858186 ], [ 121.54574154102346, 24.997641811278882 ], [ 121.54586840548636, 24.9979020317551 ], [ 121.547040672520581, 24.998185897311494 ], [ 121.547415062394847, 24.997641811278882 ], [ 121.547040672520581, 24.996935456589007 ], [ 121.54586840548636, 24.99743565085819 ] ] } },
{ "type": "Feature", "properties": { "z": 2.5, "countyname": "臺北市", "townname": "文山區" }, "geometry": { "type": "LineString", "coordinates": [ [ 121.53883480328102, 24.998220063182384 ], [ 121.540007070315241, 24.997864662536553 ], [ 121.540820204209155, 24.99881549567732 ], [ 121.540888898752783, 24.999989180075755 ], [ 121.540706922950491, 25.001162864474193 ], [ 121.540007070315241, 25.001790644938009 ], [ 121.53958407655476, 25.002336548872627 ], [ 121.53887489737923, 25.003510233271061 ], [ 121.539163116815459, 25.004683917669499 ], [ 121.538985353526002, 25.005857602067934 ], [ 121.538999884998304, 25.007031286466368 ], [ 121.53883480328102, 25.007442205098599 ], [ 121.537662536246799, 25.007906343045562 ], [ 121.536816005100803, 25.007031286466368 ], [ 121.537662536246799, 25.006248270486182 ], [ 121.538627416053885, 25.005857602067934 ], [ 121.537662536246799, 25.005214378303922 ], [ 121.536490269212564, 25.005419388310845 ], [ 121.535559363630284, 25.004683917669499 ], [ 121.53601285955186, 25.003510233271061 ], [ 121.536204570006305, 25.002336548872627 ], [ 121.536490269212564, 25.00208217103031 ], [ 121.536914288432641, 25.001162864474193 ], [ 121.537662536246799, 25.000409341875539 ], [ 121.538022249356217, 24.999989180075755 ], [ 121.538354673629016, 24.99881549567732 ], [ 121.53883480328102, 24.998220063182384 ] ] } },
{ "type": "Feature", "properties": { "z": 2.5, "countyname": "臺北市", "townname": "文山區" }, "geometry": { "type": "LineString", "coordinates": [ [ 121.554074274725934, 24.998534453740906 ], [ 121.55374647945446, 24.99881549567732 ], [ 121.552902007691713, 24.999938624169349 ], [ 121.552475080735888, 24.999989180075755 ], [ 121.552902007691713, 25.00006462867854 ], [ 121.554074274725934, 25.000187693285469 ], [ 121.554206049039607, 24.999989180075755 ], [ 121.555246541760155, 24.998921881460728 ], [ 121.555406240025363, 24.99881549567732 ], [ 121.555246541760155, 24.99863752227704 ], [ 121.554074274725934, 24.998534453740906 ] ] } },
{ "type": "Feature", "properties": { "z": 2.5, "countyname": "臺北市", "townname": "文山區" }, "geometry": { "type": "LineString", "coordinates": [ [ 121.565796945068172, 25.000616468481478 ], [ 121.566577316099355, 25.001162864474193 ], [ 121.565796945068172, 25.00148060429731 ], [ 121.565246791697618, 25.001162864474193 ], [ 121.565796945068172, 25.000616468481478 ] ] } },
{ "type": "Feature", "properties": { "z": 2.5, "countyname": "臺北市", "townname": "文山區" }, "geometry": { "type": "LineString", "coordinates": [ [ 121.57048601320507, 25.000430180411961 ], [ 121.57114946360457, 25.001162864474193 ], [ 121.57048601320507, 25.001816455766765 ], [ 121.569783351440492, 25.001162864474193 ], [ 121.57048601320507, 25.000430180411961 ] ] } },
{ "type": "Feature", "properties": { "z": 2.5, "countyname": "臺北市", "townname": "文山區" }, "geometry": { "type": "LineString", "coordinates": [ [ 121.541179337349462, 25.002909906570721 ], [ 121.541788475475116, 25.003510233271061 ], [ 121.541179337349462, 25.004104342708285 ], [ 121.54069224772816, 25.003510233271061 ], [ 121.541179337349462, 25.002909906570721 ] ] } },
{ "type": "Feature", "properties": { "z": 2.5, "countyname": "臺北市", "townname": "文山區" }, "geometry": { "type": "LineString", "coordinates": [ [ 121.568141479136628, 25.004677518006506 ], [ 121.568143054897845, 25.004683917669499 ], [ 121.568141479136628, 25.004686086669352 ], [ 121.568139903375396, 25.004683917669499 ], [ 121.568141479136628, 25.004677518006506 ] ] } },
{ "type": "Feature", "properties": { "z": 2.5, "countyname": "臺北市", "townname": "萬華區" }, "geometry": { "type": "LineString", "coordinates": [ [ 121.491237113600377, 25.011682867245899 ], [ 121.491249137337192, 25.01172602406011 ], [ 121.491501392361954, 25.012899708458548 ], [ 121.490771854877821, 25.013821695266557 ], [ 121.4895995878436, 25.013179020081395 ], [ 121.489587302058567, 25.013171178259675 ] ] } },
{ "type": "Feature", "properties": { "z": 2.5, "countyname": "臺北市", "townname": "中山區" }, "geometry": { "type": "MultiLineString", "coordinates": [ [ [ 121.544237108129451, 25.060406131075123 ], [ 121.543849697747987, 25.061020768794418 ], [ 121.543523871417904, 25.061389603667234 ], [ 121.542351604383683, 25.06154345149611 ], [ 121.542029800983698, 25.062194453192848 ], [ 121.542351604383683, 25.0630012112765 ], [ 121.543439626857548, 25.063368137591283 ], [ 121.542351604383683, 25.063764174628204 ], [ 121.541931246535327, 25.064541821989721 ], [ 121.542200138113799, 25.065715506388155 ], [ 121.541823477675948, 25.06688919078659 ], [ 121.541179337349462, 25.067294692536631 ], [ 121.540007070315241, 25.067701760609914 ], [ 121.53883480328102, 25.067850052761298 ], [ 121.537662536246799, 25.067805206486067 ], [ 121.536490269212564, 25.067786887944109 ], [ 121.535842087864481, 25.06688919078659 ], [ 121.536490269212564, 25.065877517714302 ], [ 121.536723195691422, 25.065715506388155 ], [ 121.537662536246799, 25.064952878282085 ], [ 121.5380386984599, 25.064541821989721 ], [ 121.538175348100879, 25.063368137591283 ], [ 121.53883480328102, 25.062279592984925 ], [ 121.540007070315241, 25.062243969577185 ], [ 121.540047651570347, 25.062194453192848 ], [ 121.540007070315241, 25.061244817201509 ], [ 121.53883480328102, 25.062145951184227 ], [ 121.53788109156531, 25.061020768794414 ], [ 121.537662536246799, 25.060781812669322 ], [ 121.536571669856258, 25.059847084395976 ], [ 121.536490269212564, 25.059622217065098 ], [ 121.536376733696727, 25.059847084395976 ], [ 121.536316915243319, 25.061020768794414 ], [ 121.536490269212564, 25.062021787880447 ], [ 121.536556423672209, 25.062194453192848 ], [ 121.536490269212564, 25.062265611198377 ], [ 121.535318002178343, 25.062830931863381 ], [ 121.534949079735014, 25.063368137591283 ], [ 121.535318002178343, 25.063584492264823 ], [ 121.536379492063503, 25.064541821989721 ], [ 121.535318002178343, 25.065533077695829 ], [ 121.534145735144122, 25.065648186252027 ], [ 121.533325148220172, 25.064541821989721 ], [ 121.532973468109901, 25.063661558690892 ], [ 121.532175689828534, 25.063368137591283 ], [ 121.531801201075666, 25.063256761163029 ], [ 121.530628934041445, 25.063149590333975 ], [ 121.530538315184501, 25.063368137591283 ], [ 121.530628934041445, 25.063554196008301 ], [ 121.531166573564107, 25.064541821989721 ], [ 121.531436654013547, 25.065715506388155 ], [ 121.531631238970974, 25.06688919078659 ], [ 121.530628934041445, 25.067687437586951 ], [ 121.529456667007224, 25.067284071376676 ], [ 121.528921393569561, 25.06688919078659 ], [ 121.529456667007224, 25.066300975548433 ], [ 121.529674141069734, 25.065715506388155 ], [ 121.529456667007224, 25.065435219654674 ], [ 121.528917864758668, 25.065715506388155 ], [ 121.528284399973003, 25.06629741760992 ], [ 121.527805136222923, 25.06688919078659 ], [ 121.527190099739158, 25.068062875185028 ], [ 121.527112132938768, 25.068206751843064 ], [ 121.526007433071371, 25.069236559583462 ], [ 121.525939865904547, 25.069284363383353 ], [ 121.524767598870326, 25.069314372718651 ], [ 121.524730331791204, 25.069236559583462 ], [ 121.523595331836106, 25.068655840587581 ], [ 121.522993280357213, 25.068062875185028 ], [ 121.522423064801885, 25.067515182658319 ], [ 121.521695850062386, 25.06688919078659 ], [ 121.521660418968651, 25.065715506388155 ], [ 121.521346319800102, 25.064541821989721 ], [ 121.521250797767649, 25.064470995367149 ], [ 121.520078530733429, 25.063954885505698 ], [ 121.51902436751719, 25.063973722266052 ] ], [ [ 121.519556897428032, 25.068093441684766 ], [ 121.520078530733429, 25.068654245639543 ], [ 121.521250797767649, 25.068632568499758 ], [ 121.522423064801885, 25.06875127104448 ], [ 121.522898283444704, 25.069236559583462 ], [ 121.522676640916259, 25.070410243981897 ], [ 121.52279708066925, 25.071583928380335 ], [ 121.52242306480187, 25.072086153475645 ], [ 121.521250797767649, 25.071716578091504 ], [ 121.521108150165247, 25.071583928380335 ], [ 121.520078530733429, 25.071339030897505 ], [ 121.519997298539039, 25.071342959668552 ] ], [ [ 121.518884497941414, 25.048410155199853 ], [ 121.518906263699208, 25.048462655573033 ], [ 121.520078530733429, 25.048284333405469 ], [ 121.521250797767649, 25.048495975903794 ], [ 121.521799113524679, 25.048110240411621 ], [ 121.521943934300566, 25.047977156283398 ] ], [ [ 121.523144381742227, 25.047909617273969 ], [ 121.523532600101575, 25.048110240411621 ], [ 121.523595331836106, 25.048527484255445 ], [ 121.524767598870326, 25.049170435831751 ], [ 121.525939865904547, 25.048584277073811 ], [ 121.527112132938768, 25.048245381391546 ], [ 121.527364005374523, 25.048110240411621 ], [ 121.528096376131899, 25.046936556013183 ], [ 121.528199059177368, 25.046818172290635 ] ], [ [ 121.528311617281219, 25.046783963401491 ], [ 121.528376327521784, 25.046936556013183 ], [ 121.528993437902272, 25.048110240411621 ], [ 121.528867357286174, 25.049283924810055 ], [ 121.529456667007224, 25.050233663380812 ], [ 121.530628934041445, 25.049560625359337 ], [ 121.530957776444779, 25.049283924810055 ], [ 121.530628934041445, 25.04821222968933 ], [ 121.530549611354999, 25.048110240411617 ], [ 121.530628934041445, 25.048041755684469 ], [ 121.531389798104811, 25.046936556013183 ], [ 121.531618532882206, 25.045813017828376 ] ] ] } },
{ "type": "Feature", "properties": { "z": 2.5, "countyname": "臺北市", "townname": "中正區" }, "geometry": { "type": "MultiLineString", "coordinates": [ [ [ 121.534145735144122, 25.010294710535071 ], [ 121.53442103259006, 25.010158294502158 ] ], [ [ 121.536436062398892, 25.011137253078555 ], [ 121.536261525883035, 25.011726024060113 ], [ 121.536490269212564, 25.011953555445245 ], [ 121.5366673397927, 25.01202810713475 ] ], [ [ 121.511847228751577, 25.04944291362958 ], [ 121.511872661493854, 25.0494252213716 ], [ 121.511964789801496, 25.049283924810055 ], [ 121.512665021703612, 25.048110240411621 ], [ 121.512032879077324, 25.046936556013183 ], [ 121.511872661493854, 25.046681788925945 ], [ 121.511518296765473, 25.046936556013183 ], [ 121.511429235079021, 25.048110240411621 ], [ 121.511161258659413, 25.048482690504628 ] ], [ [ 121.510328247931284, 25.024591069336438 ], [ 121.510464829668351, 25.024636552442907 ], [ 121.509528127425412, 25.02499435295007 ], [ 121.509139860134951, 25.025810236841341 ], [ 121.508355860391191, 25.026583793239499 ], [ 121.507183593356956, 25.026866446093347 ], [ 121.507031432402442, 25.026983921239776 ], [ 121.507183593356956, 25.027214907987332 ], [ 121.508292177674122, 25.028157605638214 ], [ 121.508355860391191, 25.028369677723305 ], [ 121.508465094796804, 25.028157605638214 ], [ 121.509528127425398, 25.027751546981197 ], [ 121.509829088455163, 25.026983921239776 ], [ 121.510700394459633, 25.026206409172165 ], [ 121.511711104668933, 25.026983921239776 ], [ 121.51076509183234, 25.028157605638214 ], [ 121.510700394459633, 25.028183300546015 ], [ 121.509528127425412, 25.028657532454755 ], [ 121.508657023670821, 25.029331290036648 ], [ 121.508355860391191, 25.029489072866372 ], [ 121.507189813408658, 25.029331290036648 ], [ 121.507183593356956, 25.029329661507173 ], [ 121.507183158023309, 25.029331290036648 ], [ 121.507183593356956, 25.029336658821691 ], [ 121.507362657348438, 25.030504974435082 ], [ 121.507183593356956, 25.030869024727565 ], [ 121.506934346947475, 25.030504974435082 ], [ 121.506011326322735, 25.030234554558405 ], [ 121.504839059288514, 25.030177811789514 ], [ 121.504130369087463, 25.030399884715997 ] ], [ [ 121.504147929899858, 25.031143765250086 ], [ 121.504443455624568, 25.031678658833521 ], [ 121.504839059288514, 25.031690835841466 ], [ 121.506011326322735, 25.031855835615385 ], [ 121.507183593356956, 25.032111660605665 ], [ 121.507789326902454, 25.032852343231955 ], [ 121.508328249331171, 25.034026027630389 ], [ 121.508355860391191, 25.034061842042288 ], [ 121.509159942360071, 25.035199712028827 ], [ 121.508390087046678, 25.036373396427262 ], [ 121.508796586969439, 25.037547080825696 ], [ 121.508355860391191, 25.038126771899954 ], [ 121.507183593356956, 25.038201440214902 ], [ 121.507027825634353, 25.038396316627352 ] ], [ [ 121.50723291280957, 25.039077922537587 ], [ 121.508355860391191, 25.039386960076477 ], [ 121.508809178513616, 25.039894449622569 ], [ 121.509528127425398, 25.040619356154011 ], [ 121.509983352547096, 25.041068134021007 ], [ 121.510700394459633, 25.041347032778841 ], [ 121.511872661493854, 25.041234146196651 ], [ 121.513044928528089, 25.041192532613298 ], [ 121.51421719556231, 25.041288223469255 ], [ 121.514902030451069, 25.042241818419441 ], [ 121.515157001803686, 25.043415502817876 ], [ 121.515389462596531, 25.043648244674337 ], [ 121.516561729630752, 25.04371387351334 ], [ 121.517733996664987, 25.043943522840809 ], [ 121.518562189254808, 25.044589187216314 ], [ 121.518906263699208, 25.045591172069763 ], [ 121.519000141128927, 25.045762871614748 ], [ 121.520078530733429, 25.046847857771429 ], [ 121.520167121861448, 25.046936556013183 ], [ 121.520078530733429, 25.047379434176321 ], [ 121.518906263699208, 25.047524379078528 ], [ 121.518760158394016, 25.048110240411621 ], [ 121.518884497941414, 25.048410155199853 ] ], [ [ 121.521943934300566, 25.047977156283398 ], [ 121.522423064801899, 25.047536855748593 ], [ 121.523144381742227, 25.047909617273969 ] ], [ [ 121.528199059177368, 25.046818172290635 ], [ 121.528284399973003, 25.046719782522132 ], [ 121.528311617281219, 25.046783963401491 ] ], [ [ 121.531618532882206, 25.045813017828376 ], [ 121.531628741865902, 25.045762871614748 ], [ 121.530628934041445, 25.045281071676555 ], [ 121.529456667007224, 25.045206326803751 ], [ 121.528744250661148, 25.044589187216314 ], [ 121.529456667007224, 25.044145416484596 ], [ 121.529921736337528, 25.043415502817876 ], [ 121.529959627437975, 25.042241818419441 ], [ 121.530628934041445, 25.041449876372173 ], [ 121.530829371483676, 25.041068134021007 ], [ 121.530628934041445, 25.040556500235908 ], [ 121.52973525113201, 25.041068134021007 ], [ 121.529456667007224, 25.041263714739486 ], [ 121.528284399973003, 25.041791988080114 ], [ 121.527112132938768, 25.041857704121405 ], [ 121.526915514147674, 25.042241818419441 ], [ 121.527112132938768, 25.042503426218961 ], [ 121.528284399973003, 25.042668093654438 ], [ 121.52861032062772, 25.043415502817876 ], [ 121.528284399973003, 25.043996800728404 ], [ 121.527973177843108, 25.044589187216314 ], [ 121.527659531758928, 25.045762871614748 ], [ 121.527112132938768, 25.046261535705785 ], [ 121.525939865904547, 25.046808704279261 ], [ 121.525458653846229, 25.046936556013183 ], [ 121.524767598870326, 25.047245783486215 ], [ 121.524394635625129, 25.046936556013183 ], [ 121.523955069068904, 25.045762871614748 ], [ 121.523595331836106, 25.04537500820858 ], [ 121.522423064801885, 25.045254082522558 ], [ 121.521250797767649, 25.04534157512413 ], [ 121.520645024340595, 25.044589187216314 ], [ 121.520428418970411, 25.043415502817876 ], [ 121.520078530733429, 25.043044528273985 ], [ 121.519083333472864, 25.042241818419441 ], [ 121.518906263699208, 25.041121348453576 ], [ 121.518862103591786, 25.041068134021007 ], [ 121.517733996664987, 25.03995461243634 ], [ 121.517701481719712, 25.039894449622569 ], [ 121.517430245989459, 25.038720765224134 ], [ 121.517733996664987, 25.038292862357324 ], [ 121.518906263699208, 25.037666599161923 ], [ 121.519526794776326, 25.038720765224134 ], [ 121.519560157402609, 25.039894449622569 ], [ 121.520078530733429, 25.040513083920001 ], [ 121.520392807377135, 25.039894449622569 ], [ 121.521250797767649, 25.039401291623832 ], [ 121.522194347333809, 25.038720765224138 ], [ 121.522423064801885, 25.038341226814904 ], [ 121.522725663941031, 25.038720765224134 ], [ 121.523595331836106, 25.039444264835854 ], [ 121.523993995319486, 25.039894449622569 ], [ 121.52359533183612, 25.040249370394953 ], [ 121.522423064801885, 25.040716028701475 ], [ 121.521543864526208, 25.041068134021007 ], [ 121.521250797767649, 25.041426268633636 ], [ 121.520912289422128, 25.042241818419441 ], [ 121.521250797767649, 25.0425611480279 ], [ 121.521935582646577, 25.042241818419441 ], [ 121.522423064801885, 25.041830085984767 ], [ 121.522834300020435, 25.042241818419441 ], [ 121.523595331836106, 25.042773378087333 ], [ 121.524653556163017, 25.042241818419441 ], [ 121.524767598870341, 25.041910236192809 ], [ 121.525047035068326, 25.041068134021007 ], [ 121.525939865904547, 25.039917049770384 ], [ 121.527112132938754, 25.040509209246967 ], [ 121.528284399973003, 25.040673952311678 ], [ 121.529025450583134, 25.039894449622565 ], [ 121.528959719458527, 25.038720765224134 ], [ 121.528965654547804, 25.037547080825696 ], [ 121.529456667007224, 25.036931965619935 ], [ 121.529749733765769, 25.037547080825696 ], [ 121.529915450775192, 25.038720765224134 ], [ 121.530628934041445, 25.039158834023866 ], [ 121.531801201075666, 25.03889781856277 ], [ 121.532287354381225, 25.038720765224134 ], [ 121.532211994213512, 25.037547080825696 ], [ 121.532275513247257, 25.036373396427262 ], [ 121.53208787322599, 25.035199712028827 ], [ 121.531801201075666, 25.035079200007861 ], [ 121.530628934041445, 25.03465654622126 ], [ 121.529456667007224, 25.03476489633066 ], [ 121.528934314067641, 25.035199712028827 ], [ 121.528881369157602, 25.036373396427262 ], [ 121.528284399973003, 25.036848103594359 ], [ 121.527775425010219, 25.037547080825696 ], [ 121.528088864182919, 25.038720765224134 ], [ 121.527112132938768, 25.039629561570514 ], [ 121.525939865904547, 25.039879123015805 ], [ 121.525039965495623, 25.038720765224134 ], [ 121.525939865904547, 25.037867385346772 ], [ 121.526463792501218, 25.037547080825696 ], [ 121.52652402050262, 25.036373396427262 ], [ 121.525939865904547, 25.035661908929857 ], [ 121.525496495873909, 25.036373396427262 ], [ 121.524767598870326, 25.037469515647651 ], [ 121.524498928958167, 25.037547080825696 ], [ 121.523595331836106, 25.037965334649936 ], [ 121.523088944873365, 25.037547080825693 ], [ 121.523211013760843, 25.036373396427262 ], [ 121.523595331836091, 25.035960729714205 ], [ 121.524142444461489, 25.035199712028827 ], [ 121.524152179476104, 25.035189576861029 ] ], [ [ 121.522341618777361, 25.031357927891481 ], [ 121.521684136130716, 25.031678658833521 ], [ 121.521665901295322, 25.032852343231951 ], [ 121.521366790440354, 25.034026027630389 ], [ 121.521250797767649, 25.034142160547475 ], [ 121.52112541761079, 25.034026027630386 ], [ 121.520078530733429, 25.033588750146002 ], [ 121.519063695518923, 25.032852343231955 ], [ 121.518906263699208, 25.032738919734498 ], [ 121.517733996664987, 25.032568619368391 ], [ 121.517265610719605, 25.032852343231955 ], [ 121.517733996664987, 25.033436194978034 ], [ 121.518385019873449, 25.034026027630389 ], [ 121.5178096260872, 25.035199712028831 ], [ 121.518032019885837, 25.036373396427262 ], [ 121.517733996664987, 25.036705696919576 ], [ 121.517573387491709, 25.036373396427262 ], [ 121.517673295549429, 25.035199712028827 ], [ 121.51666381688527, 25.034026027630389 ], [ 121.516561729630752, 25.033955297711913 ], [ 121.515653822204257, 25.032852343231955 ], [ 121.515389462596531, 25.032706606240598 ], [ 121.514528746763062, 25.032852343231955 ], [ 121.51421719556231, 25.03304479321417 ], [ 121.513044928528089, 25.033012961405021 ], [ 121.51284602494178, 25.032852343231955 ], [ 121.512858014795484, 25.031678658833521 ], [ 121.513044928528089, 25.031564773051102 ], [ 121.513868115459999, 25.030504974435082 ], [ 121.513371066659488, 25.029331290036648 ], [ 121.51421719556231, 25.028699551864005 ], [ 121.515389462596531, 25.028543360628635 ], [ 121.516561729630752, 25.028913337247566 ], [ 121.517733996664987, 25.028420968625205 ], [ 121.51887841776751, 25.028157605638214 ], [ 121.518399896732035, 25.026983921239772 ], [ 121.518906263699193, 25.026492130010613 ], [ 121.519305516137308, 25.026983921239779 ], [ 121.520078530733429, 25.027735787249245 ], [ 121.520329352542745, 25.026983921239776 ], [ 121.521250797767649, 25.026023844830597 ], [ 121.521452748776838, 25.025810236841341 ], [ 121.521346666698335, 25.024636552442907 ], [ 121.521250797767649, 25.024562991067821 ], [ 121.521003931465643, 25.024636552442907 ], [ 121.520078530733429, 25.025803380245648 ], [ 121.519265538567069, 25.024636552442907 ], [ 121.520078530733429, 25.02403884929954 ], [ 121.520306598149858, 25.023462868044469 ], [ 121.521250797767649, 25.022442118094297 ], [ 121.522423064801885, 25.022609795194136 ], [ 121.522827218393161, 25.022289183646034 ], [ 121.523595331836106, 25.021555630897012 ], [ 121.524767598870326, 25.021494600577835 ], [ 121.525939865904547, 25.021552101120424 ], [ 121.526264579876212, 25.0211154992476 ], [ 121.526654511592213, 25.019941814849162 ], [ 121.527112132938768, 25.019648393749552 ], [ 121.528284399973003, 25.019120803433552 ], [ 121.52896036262409, 25.018768130450727 ], [ 121.528284399973003, 25.018516864989021 ], [ 121.527112132938768, 25.017981396368583 ], [ 121.52636070498491, 25.017594446052289 ], [ 121.52690108942538, 25.016420761653855 ], [ 121.527112132938768, 25.016226956865964 ], [ 121.528284399973003, 25.015575771807043 ], [ 121.528939139039323, 25.016420761653855 ], [ 121.529335269860738, 25.017594446052289 ], [ 121.529456667007224, 25.018024163619721 ], [ 121.529553847647733, 25.017594446052289 ], [ 121.529663515738136, 25.016420761653855 ], [ 121.530040362862238, 25.01524707725542 ], [ 121.530006308846311, 25.014073392856982 ], [ 121.530628934041445, 25.013775521781863 ], [ 121.531103414108756, 25.014073392856982 ], [ 121.531801201075666, 25.014277162857738 ], [ 121.532057655635441, 25.014073392856982 ], [ 121.532039117106962, 25.012899708458548 ], [ 121.532973468109901, 25.012183442562911 ], [ 121.533319957590336, 25.011726024060113 ], [ 121.534005763680042, 25.010552339661675 ], [ 121.534145735144122, 25.010294710535071 ] ] ] } },
{ "type": "Feature", "properties": { "z": 2.5, "countyname": "臺北市", "townname": "信義區" }, "geometry": { "type": "LineString", "coordinates": [ [ 121.558550698557895, 25.018859378645629 ], [ 121.558303173306072, 25.019941814849162 ], [ 121.557591075828611, 25.020581011565589 ], [ 121.55715486764953, 25.0211154992476 ], [ 121.556418808794376, 25.022195524553823 ], [ 121.555629775794245, 25.022289183646034 ], [ 121.556418808794376, 25.022617238259958 ], [ 121.556739878388754, 25.023462868044469 ], [ 121.556711875552935, 25.024636552442907 ], [ 121.556669322809356, 25.025810236841341 ], [ 121.557516764569044, 25.026983921239776 ], [ 121.557591075828611, 25.02736122345248 ], [ 121.558353232830001, 25.028157605638214 ], [ 121.558332023408738, 25.029331290036648 ], [ 121.558763342862832, 25.029947827211682 ], [ 121.559935609897053, 25.029651553460194 ], [ 121.560254806651145, 25.029331290036648 ], [ 121.561107876931274, 25.02828716546404 ], [ 121.562029386048096, 25.028157605638217 ], [ 121.561713893810278, 25.026983921239776 ], [ 121.562280143965495, 25.026454167522346 ], [ 121.562990620069257, 25.025810236841341 ], [ 121.562631824075766, 25.024636552442907 ], [ 121.563159344241157, 25.023462868044469 ], [ 121.56345241099973, 25.022885499348192 ], [ 121.56394760938278, 25.023462868044469 ], [ 121.564598524094563, 25.024636552442907 ], [ 121.564095733489268, 25.025810236841341 ], [ 121.564624678033951, 25.026088442894196 ], [ 121.565053689666698, 25.025810236841341 ], [ 121.565796945068172, 25.025241781571417 ], [ 121.566969212102393, 25.025356308117932 ], [ 121.567698730933103, 25.025810236841341 ], [ 121.568141479136628, 25.026018327267902 ], [ 121.568232869143898, 25.025810236841341 ], [ 121.568689112124716, 25.024636552442907 ], [ 121.568845259083801, 25.023462868044469 ], [ 121.569313746170849, 25.023016867381738 ], [ 121.5698895929184, 25.023462868044469 ], [ 121.570486013205056, 25.024161324462177 ], [ 121.570852589177434, 25.024636552442907 ], [ 121.57048601320507, 25.025724883740374 ], [ 121.570464339325312, 25.025810236841341 ], [ 121.569642330365227, 25.026983921239776 ], [ 121.57048601320507, 25.028061994333008 ], [ 121.570859142527084, 25.028157605638214 ], [ 121.570987083811744, 25.029331290036648 ], [ 121.570486013205056, 25.029717938731789 ], [ 121.569313746170849, 25.029601681601353 ], [ 121.568879142579789, 25.029331290036648 ], [ 121.568141479136628, 25.028939845689742 ], [ 121.566969212102393, 25.028756127010702 ], [ 121.565796945068172, 25.028859808348901 ], [ 121.565145901140951, 25.029331290036648 ], [ 121.564624678033951, 25.029842357822577 ], [ 121.56345241099973, 25.029624711136258 ], [ 121.562859891193085, 25.030504974435082 ], [ 121.562280143965481, 25.031085422623246 ], [ 121.561107876931274, 25.031632081436047 ], [ 121.561061355781575, 25.031678658833521 ], [ 121.561107876931274, 25.032024689376481 ], [ 121.561823400350505, 25.032852343231955 ], [ 121.561107876931274, 25.033207639523955 ], [ 121.560811937911112, 25.034026027630389 ], [ 121.561107876931274, 25.035156465763343 ], [ 121.562280143965495, 25.034050024798123 ], [ 121.562343454185111, 25.034026027630389 ], [ 121.562440197997489, 25.032852343231955 ], [ 121.56345241099973, 25.032123684012806 ], [ 121.564032407464438, 25.032852343231959 ], [ 121.564624678033951, 25.033206667415719 ], [ 121.565796945068172, 25.033221116048963 ], [ 121.566969212102393, 25.03293652386964 ], [ 121.567772438625454, 25.034026027630389 ], [ 121.568141479136628, 25.034518411525998 ], [ 121.569007738943412, 25.035199712028827 ], [ 121.569313746170849, 25.035760325585638 ], [ 121.56972208335813, 25.036373396427262 ], [ 121.569821055091097, 25.037547080825696 ], [ 121.569313746170849, 25.037911103518663 ], [ 121.568141479136628, 25.037589809069722 ], [ 121.568082442176177, 25.037547080825696 ], [ 121.566969212102393, 25.037174634816328 ], [ 121.565849847938537, 25.036373396427262 ], [ 121.565796945068172, 25.036344207071732 ], [ 121.564692355473653, 25.035199712028827 ], [ 121.564624678033951, 25.03513775127481 ], [ 121.56345241099973, 25.035156489465876 ], [ 121.563436249811048, 25.035199712028827 ], [ 121.563452410999716, 25.03602245598093 ], [ 121.563487216703265, 25.036373396427262 ], [ 121.56345241099973, 25.03638759180809 ], [ 121.563430791203757, 25.036373396427262 ], [ 121.562280143965495, 25.036090657225142 ], [ 121.562068889804365, 25.036373396427262 ], [ 121.562280143965495, 25.037365943865154 ], [ 121.562404726545367, 25.037547080825696 ], [ 121.56293295254153, 25.038720765224134 ], [ 121.56345241099973, 25.039654975539666 ], [ 121.564624678033951, 25.039588978294955 ], [ 121.565796945068172, 25.039213991887873 ], [ 121.566788199674633, 25.038720765224134 ], [ 121.566969212102393, 25.038415752634133 ], [ 121.567203774468808, 25.038720765224134 ], [ 121.568141479136614, 25.039647922330698 ], [ 121.568419809527768, 25.039894449622565 ], [ 121.569313746170849, 25.040453513666964 ], [ 121.569812134316422, 25.041068134021007 ], [ 121.57048601320507, 25.041669116336568 ], [ 121.571097200143257, 25.042241818419441 ], [ 121.571658280239291, 25.042642955801924 ], [ 121.572415656603653, 25.043415502817876 ], [ 121.572830547273526, 25.044350845125429 ], [ 121.574002814307747, 25.043444876974842 ], [ 121.575175081341968, 25.044075551505834 ], [ 121.575485279103958, 25.043415502817876 ], [ 121.576347348376189, 25.042605889127117 ], [ 121.576917728106963, 25.042241818419441 ], [ 121.576501291558728, 25.041068134021007 ], [ 121.576347348376189, 25.040979494584466 ], [ 121.576138925883896, 25.041068134021007 ], [ 121.575175081341968, 25.04170437657255 ], [ 121.574002814307747, 25.041813263365555 ], [ 121.573739477663338, 25.041068134021007 ], [ 121.573687838017847, 25.039894449622569 ], [ 121.572830547273526, 25.039201342421403 ], [ 121.572367247676908, 25.039894449622569 ], [ 121.571658280239291, 25.040922674438878 ], [ 121.570954933610778, 25.039894449622569 ], [ 121.571126109000943, 25.038720765224138 ], [ 121.571658280239291, 25.037806478158913 ], [ 121.572830547273526, 25.037999845014639 ], [ 121.574002814307761, 25.038179483429648 ], [ 121.574414894539018, 25.037547080825696 ], [ 121.574002814307747, 25.036789870642156 ], [ 121.573796011342267, 25.036373396427262 ], [ 121.573162019793557, 25.035199712028827 ], [ 121.574002814307747, 25.034324972964662 ], [ 121.574430294451915, 25.034026027630389 ], [ 121.575175081341968, 25.033052341318189 ], [ 121.576028491440738, 25.034026027630389 ], [ 121.576347348376189, 25.034239617809142 ], [ 121.577519615410409, 25.034895214879558 ], [ 121.578691882444645, 25.034920338664222 ], [ 121.578892362508071, 25.035199712028827 ], [ 121.579864149478865, 25.036000981678001 ], [ 121.580345718556202, 25.036373396427262 ], [ 121.580498730672119, 25.037547080825696 ], [ 121.580575651651415, 25.038720765224134 ], [ 121.58063705645344, 25.039894449622569 ], [ 121.581036416513101, 25.040794202349115 ], [ 121.582208683547307, 25.04062581501913 ], [ 121.582637042858707, 25.041068134021007 ], [ 121.582208683547307, 25.04151538921683 ], [ 121.581036416513101, 25.041553254702897 ], [ 121.580406923498302, 25.042241818419441 ], [ 121.581036416513086, 25.042746271561491 ], [ 121.582208683547307, 25.043003908279633 ], [ 121.583380950581542, 25.042740105576481 ], [ 121.583494711745502, 25.042879669763309 ] ] } },
{ "type": "Feature", "properties": { "z": 2.5, "countyname": "臺北市", "townname": "內湖區" }, "geometry": { "type": "MultiLineString", "coordinates": [ [ [ 121.576974353091046, 25.052265292653125 ], [ 121.576347348376189, 25.052308416567751 ], [ 121.575175081341968, 25.052335684754048 ], [ 121.574002814307747, 25.052147078849572 ], [ 121.572830547273526, 25.052248718670452 ], [ 121.572282679098933, 25.051829866716631 ] ], [ [ 121.571428343542408, 25.057214143974278 ], [ 121.571658280239276, 25.057223461144307 ], [ 121.572807927329961, 25.057499715599107 ], [ 121.571658280239291, 25.058238430012626 ], [ 121.571246372381481, 25.058144802743531 ] ] ] } },
{ "type": "Feature", "properties": { "z": 2.5, "countyname": "臺北市", "townname": "南港區" }, "geometry": { "type": "LineString", "coordinates": [ [ 121.583494711745502, 25.042879669763309 ], [ 121.583931478464564, 25.043415502817876 ], [ 121.584553217615763, 25.043805366741992 ], [ 121.585346496152638, 25.044589187216314 ], [ 121.585725484649984, 25.045180446910926 ], [ 121.586897751684205, 25.044669306577177 ], [ 121.58807001871844, 25.045283329344752 ], [ 121.588568058735177, 25.045762871614748 ], [ 121.588677139887054, 25.046936556013183 ], [ 121.58807001871844, 25.047520826933511 ], [ 121.58721602470365, 25.046936556013183 ], [ 121.586897751684205, 25.046807441934796 ], [ 121.585725484649984, 25.04692458168201 ], [ 121.584553217615763, 25.046904893987346 ], [ 121.583380950581542, 25.046778052053632 ], [ 121.582410888832825, 25.046936556013183 ], [ 121.582208683547321, 25.047081371748472 ], [ 121.581036416513086, 25.047824485111178 ], [ 121.580807201552688, 25.048110240411621 ], [ 121.581036416513101, 25.048929368154575 ], [ 121.581207904463895, 25.049283924810055 ], [ 121.581974963685937, 25.05045760920849 ], [ 121.581036416513086, 25.050996361285286 ], [ 121.580666234814061, 25.051631293606928 ], [ 121.579970053040128, 25.052320051118564 ] ] } },
{ "type": "Feature", "properties": { "z": 2.5, "countyname": "臺北市", "townname": "大同區" }, "geometry": { "type": "MultiLineString", "coordinates": [ [ [ 121.51902436751719, 25.063973722266052 ], [ 121.518906263699208, 25.06397583265397 ], [ 121.518139244373089, 25.063368137591283 ], [ 121.51833533221857, 25.062194453192845 ], [ 121.518906263699208, 25.061450027425007 ], [ 121.519786608580446, 25.061020768794414 ], [ 121.520078530733429, 25.060839629948994 ], [ 121.520478381540443, 25.059847084395976 ], [ 121.520078530733429, 25.059357122509628 ], [ 121.519512105062873, 25.059847084395976 ], [ 121.518906263699208, 25.06062202171243 ], [ 121.517733996664987, 25.059874935286707 ], [ 121.51770617940754, 25.059847084395976 ], [ 121.517733996665001, 25.059767317379396 ], [ 121.517948111493581, 25.058673399997542 ], [ 121.517733996664987, 25.058526689447739 ], [ 121.516561729630752, 25.057717849619106 ], [ 121.515737173016717, 25.058673399997542 ], [ 121.515682529355075, 25.059847084395976 ], [ 121.515856852875132, 25.061020768794414 ], [ 121.516561729630766, 25.061982005718701 ], [ 121.516736195591506, 25.062194453192852 ], [ 121.517537358772216, 25.063368137591283 ], [ 121.516561729630752, 25.064212032600324 ], [ 121.516188886204361, 25.064541821989721 ], [ 121.516561729630752, 25.064866600184008 ], [ 121.517733996664987, 25.064750398411309 ], [ 121.518785491371048, 25.065715506388155 ], [ 121.51803151759978, 25.06688919078659 ], [ 121.518906263699208, 25.067305723203017 ], [ 121.519528465916167, 25.068062875185028 ], [ 121.519556897428032, 25.068093441684766 ] ], [ [ 121.519997298539039, 25.071342959668552 ], [ 121.518906263699208, 25.071395727245793 ], [ 121.518099404366112, 25.070410243981897 ], [ 121.518906263699208, 25.069372654476279 ], [ 121.519251418423863, 25.069236559583462 ], [ 121.518906263699208, 25.068923808547723 ], [ 121.518003143137278, 25.068062875185028 ], [ 121.517733996665001, 25.06734187392594 ], [ 121.516561729630752, 25.067243519560094 ], [ 121.515916850808409, 25.06688919078659 ], [ 121.515389462596531, 25.066650690113264 ], [ 121.514632716873294, 25.06688919078659 ], [ 121.515127906149559, 25.068062875185028 ], [ 121.515389462596531, 25.068376402442802 ], [ 121.515914435232403, 25.069236559583462 ], [ 121.516561729630752, 25.070102809395056 ], [ 121.516868792953588, 25.0704102439819 ], [ 121.516561729630752, 25.07088418998373 ], [ 121.51619613058476, 25.071583928380335 ], [ 121.515677293559349, 25.072757612778769 ], [ 121.515465189191417, 25.073931297177204 ], [ 121.515389462596531, 25.075041494620756 ], [ 121.51421719556231, 25.074911685981149 ], [ 121.513275749961963, 25.073931297177204 ], [ 121.513044928528089, 25.073205316584875 ], [ 121.512402773890017, 25.072757612778769 ], [ 121.513044928528103, 25.072369376120601 ], [ 121.513479020225859, 25.071583928380335 ], [ 121.513769272960786, 25.070410243981897 ], [ 121.513951119147833, 25.069236559583462 ], [ 121.513044928528089, 25.068896308673057 ], [ 121.51219728003737, 25.069236559583462 ], [ 121.511872661493854, 25.069423506733919 ], [ 121.510700394459633, 25.069846736909863 ], [ 121.510090953995302, 25.069236559583462 ], [ 121.509779871755384, 25.068062875185028 ], [ 121.510312177676326, 25.06688919078659 ], [ 121.509640988791446, 25.065715506388155 ], [ 121.509907557779641, 25.064541821989721 ], [ 121.509528127425412, 25.064203733330338 ], [ 121.508417461185942, 25.064541821989717 ], [ 121.508355860391191, 25.06456068296405 ], [ 121.507183593356942, 25.064672963530306 ], [ 121.506794632400499, 25.064618569823061 ] ], [ [ 121.506350097925321, 25.063255110607695 ], [ 121.507183593356956, 25.062784758231576 ], [ 121.508355860391191, 25.062571121411015 ], [ 121.508677538922967, 25.062194453192848 ], [ 121.508911184820619, 25.061020768794414 ], [ 121.509022563311859, 25.059847084395976 ], [ 121.509090472915403, 25.058673399997538 ], [ 121.508596068085438, 25.057499715599107 ], [ 121.508355860391205, 25.056691487520808 ], [ 121.508165060278117, 25.056326031200673 ], [ 121.508040053695098, 25.055152346802238 ], [ 121.507780479858567, 25.053978662403797 ], [ 121.507709666955492, 25.052804978005362 ], [ 121.508355860391191, 25.052097469928199 ], [ 121.509028679874149, 25.051631293606928 ], [ 121.509528127425412, 25.051198368521916 ], [ 121.510659418913164, 25.05045760920849 ], [ 121.510700394459619, 25.050240707588859 ], [ 121.511847228751577, 25.04944291362958 ] ], [ [ 121.511161258659413, 25.048482690504628 ], [ 121.510700394459633, 25.049123227885929 ], [ 121.51018686390853, 25.049283924810055 ], [ 121.509528127425412, 25.049483556193195 ], [ 121.509328737121038, 25.049283924810055 ], [ 121.508355860391191, 25.048695158066565 ], [ 121.507183593356956, 25.049064613358812 ], [ 121.50618615074012, 25.049009998788858 ] ] ] } },
{ "type": "Feature", "properties": { "z": 2.5, "countyname": "臺北市", "townname": "大安區" }, "geometry": { "type": "MultiLineString", "coordinates": [ [ [ 121.536667339855754, 25.012028107161296 ], [ 121.537662536246813, 25.012447112804612 ], [ 121.53883480328102, 25.012781538028751 ], [ 121.539620905628553, 25.011726024060113 ], [ 121.540007070315241, 25.011127404069637 ], [ 121.541179337349462, 25.010669313488041 ], [ 121.542217112773471, 25.011726024060113 ], [ 121.541262607343043, 25.012899708458548 ], [ 121.541179337349448, 25.013014781219759 ], [ 121.540007070315241, 25.013878290418948 ], [ 121.539451663249821, 25.014073392856982 ], [ 121.53883480328102, 25.014583525778423 ], [ 121.537662536246799, 25.014492262263317 ], [ 121.537298881658458, 25.014073392856982 ], [ 121.536490269212564, 25.013654576278277 ], [ 121.535707189893131, 25.014073392856982 ], [ 121.535318002178343, 25.014833705470416 ], [ 121.534559188733809, 25.01524707725542 ], [ 121.534611222753199, 25.016420761653851 ], [ 121.534145735144122, 25.017270473403332 ], [ 121.534089591354771, 25.017594446052289 ], [ 121.533998804795488, 25.018768130450727 ], [ 121.53412815298914, 25.019941814849162 ], [ 121.533766985994589, 25.0211154992476 ], [ 121.533556923659404, 25.022289183646034 ], [ 121.534145735144136, 25.023202922787817 ], [ 121.534322816902247, 25.023462868044469 ], [ 121.534692356848396, 25.024636552442907 ], [ 121.535318002178343, 25.024949107413278 ], [ 121.536138078875098, 25.025810236841341 ], [ 121.535318002178343, 25.026841628589342 ], [ 121.534145735144122, 25.026444982785918 ], [ 121.533682071432565, 25.026983921239776 ], [ 121.534145735144136, 25.027714312844253 ], [ 121.534700834046035, 25.028157605638214 ], [ 121.534145735144122, 25.028781847984973 ], [ 121.53366353095015, 25.028157605638214 ], [ 121.532973468109901, 25.027732292011471 ], [ 121.531801201075666, 25.028087318189172 ], [ 121.531771332823894, 25.028157605638214 ], [ 121.530868710917048, 25.029331290036652 ], [ 121.531536893879391, 25.030504974435082 ], [ 121.530628934041445, 25.031605674420831 ], [ 121.530568540409789, 25.031678658833521 ], [ 121.530628934041445, 25.031755631632073 ], [ 121.531801201075666, 25.032183413447594 ], [ 121.532635693493987, 25.031678658833521 ], [ 121.532973468109901, 25.031398750458983 ], [ 121.533289925243793, 25.031678658833521 ], [ 121.533114685667258, 25.032852343231955 ], [ 121.534145735144122, 25.033440205638627 ], [ 121.534942940423434, 25.034026027630389 ], [ 121.534145735144122, 25.035041691744311 ], [ 121.533972483852608, 25.035199712028827 ], [ 121.533901665283068, 25.036373396427262 ], [ 121.533281750594085, 25.037547080825696 ], [ 121.533497768944642, 25.038720765224131 ], [ 121.534145735144122, 25.039336965007656 ], [ 121.535318002178343, 25.039022071753955 ], [ 121.535468209648954, 25.038720765224134 ], [ 121.535318002178343, 25.038268557911444 ], [ 121.535016495332926, 25.037547080825696 ], [ 121.535318002178343, 25.036780176490147 ], [ 121.536490269212564, 25.036993364484541 ], [ 121.537635532840795, 25.037547080825696 ], [ 121.537662536246799, 25.037583228580388 ], [ 121.537680647804109, 25.037547080825696 ], [ 121.53883480328102, 25.036874551148905 ], [ 121.540007070315241, 25.037131561343472 ], [ 121.540422088008015, 25.037547080825696 ], [ 121.540316036011632, 25.038720765224134 ], [ 121.540007070315241, 25.039066424220614 ], [ 121.53883480328102, 25.039189259289415 ], [ 121.537905636027304, 25.039894449622569 ], [ 121.537662536246799, 25.040217951875405 ], [ 121.53707858687568, 25.041068134021007 ], [ 121.537662536246799, 25.041931019144155 ], [ 121.53883480328102, 25.0419794372553 ], [ 121.540007070315241, 25.041081423128858 ], [ 121.540014013252531, 25.041068134021007 ], [ 121.541179337349462, 25.040304010531955 ], [ 121.542351604383683, 25.040719975395294 ], [ 121.543523871417918, 25.040261303329022 ], [ 121.544696138452139, 25.0403736848445 ], [ 121.54586840548636, 25.039918916442751 ], [ 121.547040672520581, 25.039997298709544 ], [ 121.547166001722374, 25.039894449622569 ], [ 121.547040672520581, 25.039778695021642 ], [ 121.54586840548636, 25.039884057500679 ], [ 121.544696138452139, 25.039532356996578 ], [ 121.543523871417932, 25.038948972365869 ], [ 121.542351604383683, 25.038979794150094 ], [ 121.542108092750382, 25.038720765224138 ], [ 121.542351604383683, 25.038481284683886 ], [ 121.543523871417918, 25.03858274830587 ], [ 121.544696138452139, 25.037562118742642 ], [ 121.545647693287705, 25.037547080825696 ], [ 121.544696138452139, 25.037520779948707 ], [ 121.543523871417918, 25.037220434336575 ], [ 121.5423777469572, 25.036373396427262 ], [ 121.542531600555492, 25.035199712028827 ], [ 121.542351604383683, 25.034501430104456 ], [ 121.542113665507785, 25.034026027630386 ], [ 121.541179337349462, 25.033474317012733 ], [ 121.540007070315241, 25.033671355280298 ], [ 121.539832319262658, 25.034026027630389 ], [ 121.53883480328102, 25.034845490813751 ], [ 121.538016329697413, 25.034026027630389 ], [ 121.537662536246785, 25.033122224168238 ], [ 121.537171928139202, 25.032852343231955 ], [ 121.537662536246785, 25.032532481657466 ], [ 121.53883480328102, 25.031927993570847 ], [ 121.540007070315241, 25.032084955442777 ], [ 121.541179337349462, 25.032069114249342 ], [ 121.542351604383683, 25.032065707840076 ], [ 121.543001722039492, 25.031678658833524 ], [ 121.54270376380876, 25.030504974435082 ], [ 121.542351604383683, 25.030078642144058 ], [ 121.541179337349462, 25.029947145174734 ], [ 121.540007070315241, 25.029429955147254 ], [ 121.539781061054384, 25.029331290036644 ], [ 121.53883480328102, 25.029056027972459 ], [ 121.538332030503852, 25.028157605638214 ], [ 121.53883480328102, 25.026993052673621 ], [ 121.538837721412676, 25.026983921239776 ], [ 121.53883480328102, 25.026974166827461 ], [ 121.538265165094941, 25.025810236841341 ], [ 121.53883480328102, 25.025169785421831 ], [ 121.540007070315227, 25.025486545532225 ], [ 121.541179337349462, 25.025455394527764 ], [ 121.542351604383683, 25.024713955212174 ], [ 121.542402343404476, 25.024636552442907 ], [ 121.542351604383683, 25.024562069234673 ], [ 121.541179337349462, 25.024335117845542 ], [ 121.540417918360362, 25.023462868044469 ], [ 121.540274687081506, 25.022289183646034 ], [ 121.540007070315241, 25.021856021685362 ], [ 121.539351609332414, 25.0211154992476 ], [ 121.540007070315241, 25.020240208503402 ], [ 121.540891153528378, 25.019941814849158 ], [ 121.541179337349462, 25.019837043683751 ], [ 121.542351604383683, 25.019451880484507 ], [ 121.543523871417918, 25.019270466966027 ], [ 121.544431418844553, 25.019941814849162 ], [ 121.544696138452139, 25.020408192353187 ], [ 121.54521817006362, 25.0211154992476 ], [ 121.545422416519003, 25.022289183646034 ], [ 121.54586840548636, 25.022934984195558 ], [ 121.546423951580252, 25.022289183646034 ], [ 121.547040672520595, 25.021874026548005 ], [ 121.547819694369494, 25.022289183646034 ], [ 121.548212939554816, 25.022555820072544 ], [ 121.54871074608009, 25.022289183646034 ], [ 121.548212939554816, 25.02178743338575 ], [ 121.54789634593115, 25.0211154992476 ], [ 121.548212939554816, 25.020814359227298 ], [ 121.54897334711319, 25.0211154992476 ], [ 121.549385206589037, 25.021524747608762 ], [ 121.550557473623257, 25.021121646140799 ], [ 121.5505688423668, 25.0211154992476 ], [ 121.551413936683488, 25.019941814849162 ], [ 121.550557473623272, 25.019319801342203 ], [ 121.550206762124773, 25.018768130450727 ], [ 121.549736886699307, 25.017594446052289 ], [ 121.550557473623257, 25.01674545113185 ], [ 121.551580264613861, 25.017594446052289 ], [ 121.551729740657478, 25.01789652146358 ], [ 121.552902007691713, 25.018289009194891 ], [ 121.554074274725934, 25.018355321959024 ], [ 121.555246541760155, 25.018258242117547 ], [ 121.556418808794376, 25.018127669875817 ], [ 121.557591075828611, 25.018268579232817 ], [ 121.55857156466746, 25.018768130450727 ], [ 121.558550698680037, 25.018859378111507 ] ], [ [ 121.524152180105716, 25.035189576205536 ], [ 121.524767598870326, 25.034548860942479 ], [ 121.525278364588274, 25.034026027630389 ], [ 121.525939865904547, 25.033446662401222 ], [ 121.526759813280577, 25.032852343231955 ], [ 121.526369147509556, 25.031678658833521 ], [ 121.525939865904547, 25.030565178275548 ], [ 121.52589247914706, 25.030504974435082 ], [ 121.524767598870326, 25.029535767412302 ], [ 121.523595331836106, 25.029834406774778 ], [ 121.523125741540397, 25.030504974435082 ], [ 121.522423064801885, 25.031318197169604 ], [ 121.522341618777361, 25.031357927891481 ] ] ] } },
{ "type": "Feature", "properties": { "z": 2.5, "countyname": "臺北市", "townname": "文山區" }, "geometry": { "type": "LineString", "coordinates": [ [ 121.534421033335107, 25.010158294132975 ], [ 121.535318002178343, 25.009713826038389 ], [ 121.53649026921255, 25.010322373760491 ], [ 121.536831810043822, 25.010552339661675 ], [ 121.536490269212564, 25.01095439507468 ], [ 121.536436062648235, 25.011137252237425 ] ] } },
{ "type": "Feature", "properties": { "z": 2.5, "countyname": "臺北市", "townname": "松山區" }, "geometry": { "type": "MultiLineString", "coordinates": [ [ [ 121.579970053040128, 25.052320051118564 ], [ 121.579864149478865, 25.052424825296882 ], [ 121.578691882444645, 25.052448195019473 ], [ 121.577519615410409, 25.052227790788862 ], [ 121.576974353091046, 25.052265292653125 ] ], [ [ 121.572282679098933, 25.051829866716631 ], [ 121.572022940816368, 25.051631293606928 ], [ 121.571658280239291, 25.051492540257829 ], [ 121.57048601320507, 25.050889057447851 ], [ 121.569313746170849, 25.050899093981883 ], [ 121.568464005653084, 25.051631293606928 ], [ 121.568141479136628, 25.052323154492736 ], [ 121.56755534561951, 25.051631293606928 ], [ 121.566969212102393, 25.051086375443166 ], [ 121.566576388468079, 25.051631293606928 ], [ 121.565796945068172, 25.052212836565634 ], [ 121.564794496438779, 25.051631293606928 ], [ 121.564624678033951, 25.051544842214525 ], [ 121.56345241099973, 25.051304794387118 ], [ 121.562280143965495, 25.051487221410504 ], [ 121.562041371359953, 25.051631293606928 ], [ 121.562112793129984, 25.052804978005362 ], [ 121.561660020688194, 25.053978662403797 ], [ 121.561107876931274, 25.054909822137809 ], [ 121.560317442979141, 25.053978662403797 ], [ 121.559935609897053, 25.053409538682622 ], [ 121.559720656230155, 25.052804978005362 ], [ 121.558763342862832, 25.052245985560305 ], [ 121.557896065539168, 25.052804978005359 ], [ 121.557591075828611, 25.053462234637937 ], [ 121.556418808794376, 25.053515178986515 ], [ 121.555589864684137, 25.053978662403797 ], [ 121.555615935081406, 25.055152346802231 ], [ 121.556418808794376, 25.05559331539046 ], [ 121.557591075828611, 25.055211200617141 ], [ 121.558763342862832, 25.055554073879058 ], [ 121.559935609897053, 25.055410954115747 ], [ 121.561107876931274, 25.05556445934204 ], [ 121.561488358992491, 25.056326031200669 ], [ 121.562280143965495, 25.056666872139488 ], [ 121.563028709490197, 25.056326031200669 ], [ 121.56345241099973, 25.055549914914387 ], [ 121.564103623355848, 25.056326031200669 ], [ 121.564624678033951, 25.056458365662682 ], [ 121.565618270520346, 25.056326031200669 ], [ 121.565796945068172, 25.056285581570716 ], [ 121.565837345850369, 25.056326031200673 ], [ 121.566969212102393, 25.056678136520201 ], [ 121.568141479136628, 25.056873540346899 ], [ 121.569313746170849, 25.057345323251056 ], [ 121.570486013205056, 25.057175960195455 ], [ 121.571428343542408, 25.057214143974278 ] ], [ [ 121.571246372381481, 25.058144802743531 ], [ 121.57048601320507, 25.057971971971142 ], [ 121.569313746170849, 25.057659411684853 ], [ 121.568141479136628, 25.058154982454212 ], [ 121.567189515623525, 25.058673399997542 ], [ 121.566969212102393, 25.05898504769009 ], [ 121.566681828078785, 25.059847084395976 ], [ 121.566647793723504, 25.061020768794414 ], [ 121.566440839319753, 25.062194453192848 ], [ 121.566555329351516, 25.063368137591283 ], [ 121.56635456655053, 25.064541821989721 ], [ 121.565796945068172, 25.065077201864717 ], [ 121.56533423188128, 25.064541821989721 ], [ 121.564624678033937, 25.063758406830598 ], [ 121.564234880091377, 25.063368137591283 ], [ 121.564227394405478, 25.062194453192848 ], [ 121.56345241099973, 25.061819159420207 ], [ 121.562280143965495, 25.061795636844138 ], [ 121.561107876931274, 25.061508716647193 ], [ 121.559935609897053, 25.061842841171703 ], [ 121.559093591669424, 25.062194453192848 ], [ 121.558763342862832, 25.063212416268719 ], [ 121.558486336544561, 25.062194453192848 ], [ 121.558763342862832, 25.061492562342249 ], [ 121.558882133115773, 25.061020768794414 ], [ 121.559275662074825, 25.059847084395976 ], [ 121.559935609897053, 25.05925314080163 ], [ 121.560245842497793, 25.058673399997542 ], [ 121.559935609897067, 25.057798115628636 ], [ 121.559746391198445, 25.057499715599107 ], [ 121.558763342862832, 25.057064248402426 ], [ 121.557591075828611, 25.057361298799737 ], [ 121.556418808794376, 25.057190629409828 ], [ 121.55614445352154, 25.057499715599107 ], [ 121.556418808794376, 25.058024294451272 ], [ 121.556767197388652, 25.058673399997542 ], [ 121.556418808794376, 25.059022209821372 ], [ 121.555246541760155, 25.059409648289446 ], [ 121.554499513924583, 25.058673399997542 ], [ 121.554387604574373, 25.057499715599107 ], [ 121.554074274725934, 25.056705481995532 ], [ 121.553763574343577, 25.057499715599107 ], [ 121.552902007691713, 25.058497845709038 ], [ 121.551729740657478, 25.058587078666299 ], [ 121.551653169519625, 25.058673399997542 ], [ 121.550557473623257, 25.059010364143379 ], [ 121.549780892757724, 25.058673399997542 ], [ 121.550557473623257, 25.058088682892393 ], [ 121.551183033324961, 25.057499715599107 ], [ 121.551729740657478, 25.057206294499498 ], [ 121.55274267231799, 25.056326031200669 ], [ 121.552902007691713, 25.056046670323127 ], [ 121.553607368964848, 25.055152346802235 ], [ 121.552902007691713, 25.054912629907609 ], [ 121.551729740657478, 25.054597815138244 ], [ 121.55121497083168, 25.055152346802235 ], [ 121.550557473623257, 25.055822645988219 ], [ 121.549385206589037, 25.055833536201146 ], [ 121.548820559005279, 25.055152346802235 ], [ 121.548434301498546, 25.053978662403797 ], [ 121.549385206589037, 25.053044908379974 ], [ 121.54973398081124, 25.052804978005362 ], [ 121.549385206589037, 25.051715144464438 ], [ 121.548212939554816, 25.052303079993706 ], [ 121.547883390362685, 25.052804978005362 ], [ 121.548050401771093, 25.053978662403797 ], [ 121.547040672520581, 25.054905970175639 ], [ 121.546781299670144, 25.055152346802235 ], [ 121.547040672520581, 25.05591213712562 ], [ 121.548212939554816, 25.056149920180122 ], [ 121.548456870618892, 25.056326031200669 ], [ 121.548212939554816, 25.056555752311528 ], [ 121.547040672520566, 25.056748365051369 ], [ 121.546200053535316, 25.057499715599107 ], [ 121.547040672520581, 25.05793912213878 ], [ 121.548149028911496, 25.058673399997542 ], [ 121.548212939554816, 25.058736995010435 ], [ 121.548855974778462, 25.059847084395976 ], [ 121.549060539682884, 25.061020768794414 ], [ 121.548212939554816, 25.061933706475518 ], [ 121.547040672520581, 25.061521105166488 ], [ 121.54632085117548, 25.061020768794414 ], [ 121.54586840548636, 25.06042808110746 ], [ 121.545092008833024, 25.059847084395976 ], [ 121.544696138452139, 25.059713088839786 ], [ 121.54458947909599, 25.059847084395976 ], [ 121.544237108129451, 25.060406131075123 ] ] ] } },
{ "type": "Feature", "properties": { "z": 2.5, "countyname": "臺北市", "townname": "萬華區" }, "geometry": { "type": "MultiLineString", "coordinates": [ [ [ 121.50618615074012, 25.049009998788858 ], [ 121.506011326322735, 25.049000426348087 ], [ 121.505095432335821, 25.048110240411621 ], [ 121.504839059288514, 25.04778966294473 ], [ 121.503666792254293, 25.048098010484505 ], [ 121.50365676630949, 25.048110240411621 ], [ 121.503423045887928, 25.048508351445864 ] ], [ [ 121.502112363900267, 25.046928757783384 ], [ 121.502494525220072, 25.046155295767935 ], [ 121.502586602146735, 25.045762871614748 ], [ 121.502591167349635, 25.044589187216314 ], [ 121.502494525220072, 25.044550283296349 ], [ 121.501812815243468, 25.043415502817876 ], [ 121.501600210887062, 25.042241818419441 ], [ 121.502494525220072, 25.041415086074217 ], [ 121.503505473557283, 25.041068134021007 ], [ 121.502494525220072, 25.040870498032927 ], [ 121.501322258185837, 25.040680604919167 ], [ 121.500149991151616, 25.040965162870826 ], [ 121.498977724117395, 25.040708740160262 ], [ 121.498283360809552, 25.039894449622569 ], [ 121.497805457083174, 25.039652036564924 ], [ 121.496976593397335, 25.038720765224134 ], [ 121.496694034172407, 25.037547080825696 ], [ 121.496633190048939, 25.037289586047837 ], [ 121.495627979346423, 25.036373396427262 ], [ 121.495460923014718, 25.036279390252869 ], [ 121.494288655980498, 25.036168637414217 ], [ 121.493116388946277, 25.035331482681482 ], [ 121.493004650047112, 25.035199712028827 ], [ 121.49225328233338, 25.034026027630389 ], [ 121.491944121912042, 25.033631736829797 ], [ 121.491102776208052, 25.032852343231955 ], [ 121.490771854877821, 25.03245899095424 ], [ 121.490082409302531, 25.031678658833521 ], [ 121.4895995878436, 25.030513254979105 ], [ 121.489590282476215, 25.030504974435082 ], [ 121.488427320809379, 25.030106194233905 ], [ 121.487255053775144, 25.030020169358 ], [ 121.486082786740923, 25.029963438399832 ], [ 121.485760378608504, 25.029933420486064 ] ], [ [ 121.487519908451148, 25.027114433990292 ], [ 121.488019614464747, 25.026983921239776 ], [ 121.488427320809379, 25.026679284294406 ], [ 121.489599587843614, 25.026670761378735 ], [ 121.489927625076305, 25.026983921239776 ], [ 121.490252684156872, 25.028157605638214 ], [ 121.490771854877821, 25.028647354967902 ], [ 121.491446732572427, 25.029331290036648 ], [ 121.491944121912027, 25.029974204594406 ], [ 121.492809085707066, 25.029331290036648 ], [ 121.491944121912042, 25.028415095967887 ], [ 121.491681111782142, 25.028157605638214 ], [ 121.49191744575603, 25.026983921239776 ], [ 121.491944121912042, 25.026966396120795 ], [ 121.493116388946277, 25.026222599974435 ], [ 121.493427297557574, 25.025810236841341 ], [ 121.49371912159279, 25.024636552442907 ], [ 121.494288655980498, 25.02420153244142 ], [ 121.495141857962267, 25.023462868044469 ], [ 121.495460923014718, 25.022752218344387 ], [ 121.495826801419554, 25.023462868044469 ], [ 121.496633190048939, 25.024071502815829 ], [ 121.497190513790315, 25.023462868044469 ], [ 121.49696071066802, 25.022289183646034 ], [ 121.496633190048939, 25.021517550102551 ], [ 121.495460923014718, 25.021839520876522 ], [ 121.494288655980498, 25.021148222128076 ], [ 121.494183893402536, 25.0211154992476 ], [ 121.494288655980498, 25.021081826819078 ], [ 121.49508055643129, 25.019941814849162 ], [ 121.495109107077909, 25.018768130450727 ], [ 121.495460923014718, 25.017947023752921 ], [ 121.495907918924971, 25.018768130450727 ], [ 121.496633190048939, 25.018950416988591 ], [ 121.497805457083174, 25.019095718169481 ], [ 121.498096031981632, 25.018768130450727 ], [ 121.498977724117395, 25.017889527259641 ], [ 121.500149991151616, 25.017868960313574 ], [ 121.50045009589914, 25.017594446052289 ], [ 121.501319609806416, 25.016420761653851 ], [ 121.501322258185851, 25.016409804613886 ], [ 121.502494525220072, 25.01582935371751 ], [ 121.502852709140285, 25.016420761653855 ], [ 121.502494525220072, 25.016878971537114 ], [ 121.502145667452425, 25.017594446052289 ], [ 121.501617184890733, 25.018768130450727 ], [ 121.50153855406657, 25.019941814849162 ], [ 121.502494525220072, 25.020479249247838 ], [ 121.503180640939249, 25.0211154992476 ], [ 121.502494525220072, 25.021750704137141 ], [ 121.501573841605691, 25.0211154992476 ], [ 121.501322258185837, 25.020424855452355 ], [ 121.501101917049283, 25.019941814849158 ], [ 121.500149991151616, 25.01957276172838 ], [ 121.49909199881391, 25.019941814849162 ], [ 121.500149991151616, 25.020609569227851 ], [ 121.5009658748032, 25.0211154992476 ], [ 121.501322258185851, 25.022075056215336 ], [ 121.501400922435295, 25.022289183646034 ], [ 121.502494525220072, 25.022821883132064 ], [ 121.503666792254293, 25.022675680798297 ], [ 121.504443788340907, 25.023462868044469 ], [ 121.504839059288514, 25.023677361296777 ], [ 121.506011326322721, 25.024289354180578 ], [ 121.506384249527557, 25.024636552442907 ], [ 121.507183593356956, 25.024988280267291 ], [ 121.507700935362948, 25.024636552442907 ], [ 121.508355860391191, 25.024148596096662 ], [ 121.509528127425412, 25.024324621076698 ], [ 121.510328247931284, 25.024591069336438 ] ], [ [ 121.504130369087463, 25.030399884715997 ], [ 121.503795001533561, 25.030504974435079 ], [ 121.504147929899858, 25.031143765250086 ] ], [ [ 121.507027825634353, 25.038396316627352 ], [ 121.506768488866072, 25.038720765224134 ], [ 121.507183593356956, 25.03906434972038 ], [ 121.50723291280957, 25.039077922537587 ] ] ] } },
{ "type": "Feature", "properties": { "z": 2.5, "countyname": "臺北市", "townname": "大安區" }, "geometry": { "type": "LineString", "coordinates": [ [ 121.542351604383683, 25.013440745638992 ], [ 121.543523871417904, 25.013936147848749 ], [ 121.543660529761567, 25.014073392856986 ], [ 121.543523871417904, 25.014491716210951 ], [ 121.542351604383683, 25.01467334991931 ], [ 121.541619659066896, 25.014073392856982 ], [ 121.542351604383683, 25.013440745638992 ] ] } },
{ "type": "Feature", "properties": { "z": 2.5, "countyname": "臺北市", "townname": "大安區" }, "geometry": { "type": "LineString", "coordinates": [ [ 121.544696138452139, 25.015102337181617 ], [ 121.544840703735005, 25.01524707725542 ], [ 121.544696138452139, 25.015837281697674 ], [ 121.544260981248144, 25.01524707725542 ], [ 121.544696138452139, 25.015102337181617 ] ] } },
{ "type": "Feature", "properties": { "z": 2.5, "countyname": "臺北市", "townname": "中正區" }, "geometry": { "type": "LineString", "coordinates": [ [ 121.524767598870326, 25.017421401177852 ], [ 121.525190747426507, 25.017594446052289 ], [ 121.524767598870326, 25.017763475083065 ], [ 121.52449750823591, 25.017594446052289 ], [ 121.524767598870326, 25.017421401177852 ] ] } },
{ "type": "Feature", "properties": { "z": 2.5, "countyname": "臺北市", "townname": "南港區" }, "geometry": { "type": "LineString", "coordinates": [ [ 121.617051590820438, 25.018736587612601 ], [ 121.617068296618953, 25.018768130450727 ], [ 121.61737669457402, 25.019904504143085 ], [ 121.617386820244434, 25.019941814849162 ], [ 121.617705343869915, 25.0211154992476 ], [ 121.618023867495396, 25.022289183646034 ], [ 121.618342391120876, 25.023462868044469 ], [ 121.618548961608269, 25.024224031546463 ], [ 121.618660914746343, 25.024636552442907 ], [ 121.618979438371824, 25.025810236841341 ], [ 121.619008673799556, 25.026983921239776 ], [ 121.618548961608269, 25.027620929550729 ], [ 121.618238157085372, 25.028157605638214 ], [ 121.617376694574034, 25.029267151127563 ], [ 121.617326896466409, 25.029331290036648 ], [ 121.616415635847432, 25.030504974435086 ], [ 121.616204427539827, 25.030777006266941 ], [ 121.615504375228454, 25.031678658833521 ], [ 121.615032160505592, 25.032286861406313 ], [ 121.613859893471371, 25.032637314573176 ], [ 121.61268762643715, 25.032582642124407 ], [ 121.6116326611495, 25.032852343231951 ], [ 121.611515359402915, 25.032897672957859 ], [ 121.611475367621722, 25.032852343231955 ], [ 121.610412525914583, 25.031678658833521 ], [ 121.610343092368694, 25.03160629697652 ], [ 121.609594006277916, 25.030504974435082 ], [ 121.609170825334459, 25.029634225551657 ], [ 121.608951565479998, 25.029331290036648 ], [ 121.60845319316752, 25.028157605638214 ], [ 121.607998558300267, 25.027222136285978 ], [ 121.607818965579156, 25.026983921239772 ], [ 121.607335100494041, 25.025810236841341 ], [ 121.606826291266017, 25.024810047020264 ], [ 121.606689811232869, 25.024636552442907 ], [ 121.606284213321743, 25.023462868044469 ], [ 121.605654024231796, 25.022397957754574 ], [ 121.605564571753817, 25.022289183646034 ], [ 121.605280699967423, 25.0211154992476 ], [ 121.60448175719759, 25.019985868488892 ], [ 121.604443805740914, 25.019941814849162 ], [ 121.60438321808644, 25.019103107205108 ] ] } },
{ "type": "Feature", "properties": { "z": 2.5, "countyname": "臺北市", "townname": "信義區" }, "geometry": { "type": "LineString", "coordinates": [ [ 121.572830547273526, 25.018732098131903 ], [ 121.572981051893436, 25.018768130450727 ], [ 121.572830547273512, 25.018925179543967 ], [ 121.572786069677875, 25.018768130450727 ], [ 121.572830547273526, 25.018732098131903 ] ] } },
{ "type": "Feature", "properties": { "z": 2.5, "countyname": "臺北市", "townname": "信義區" }, "geometry": { "type": "LineString", "coordinates": [ [ 121.574002814307747, 25.019396831158133 ], [ 121.574322802605465, 25.019941814849162 ], [ 121.574002814307747, 25.020807033588781 ], [ 121.573444590173779, 25.019941814849162 ], [ 121.574002814307747, 25.019396831158133 ] ] } },
{ "type": "Feature", "properties": { "z": 2.5, "countyname": "臺北市", "townname": "萬華區" }, "geometry": { "type": "LineString", "coordinates": [ [ 121.4895995878436, 25.021096412910961 ], [ 121.490771854877821, 25.0208974526699 ], [ 121.491944121912042, 25.020922980828392 ], [ 121.492412112802583, 25.0211154992476 ], [ 121.493116388946277, 25.022084782253273 ], [ 121.49318443947972, 25.022289183646038 ], [ 121.493365690350274, 25.023462868044469 ], [ 121.493116388946277, 25.02381773152144 ], [ 121.492896975343157, 25.023462868044469 ], [ 121.491944121912042, 25.022342670056638 ], [ 121.491754365569619, 25.022289183646034 ], [ 121.490771854877821, 25.021680224869957 ], [ 121.489599587843585, 25.021152364475569 ], [ 121.489521024292443, 25.021115499247596 ], [ 121.4895995878436, 25.021096412910961 ] ] } },
{ "type": "Feature", "properties": { "z": 2.5, "countyname": "臺北市", "townname": "萬華區" }, "geometry": { "type": "LineString", "coordinates": [ [ 121.49780545708316, 25.020841363592016 ], [ 121.497114225116931, 25.0211154992476 ], [ 121.497805457083174, 25.021379553940687 ], [ 121.498346098551991, 25.0211154992476 ], [ 121.497805457083174, 25.020841363592016 ] ] } },
{ "type": "Feature", "properties": { "z": 2.5, "countyname": "臺北市", "townname": "大安區" }, "geometry": { "type": "LineString", "coordinates": [ [ 121.529456667007224, 25.020520722778834 ], [ 121.529056127137849, 25.0211154992476 ], [ 121.529456667007224, 25.021713188765347 ], [ 121.530325092531498, 25.022289183646034 ], [ 121.530628934041445, 25.022674040473277 ], [ 121.531801201075666, 25.022526635255652 ], [ 121.5323201260763, 25.022289183646034 ], [ 121.531801201075666, 25.021896758997492 ], [ 121.530971443279142, 25.0211154992476 ], [ 121.530628934041445, 25.020205742732195 ], [ 121.529456667007224, 25.020520722778834 ] ] } },
{ "type": "Feature", "properties": { "z": 2.5, "countyname": "臺北市", "townname": "信義區" }, "geometry": { "type": "LineString", "coordinates": [ [ 121.554568659743012, 25.022555760812658 ], [ 121.555092719943929, 25.022289183646034 ], [ 121.554919343977957, 25.022231182844056 ] ] } },
{ "type": "Feature", "properties": { "z": 2.5, "countyname": "臺北市", "townname": "大安區" }, "geometry": { "type": "MultiLineString", "coordinates": [ [ [ 121.552902007691728, 25.020727489301496 ], [ 121.552902007691728, 25.0207274893015 ] ], [ [ 121.552902007691728, 25.0207274893015 ], [ 121.552382021834489, 25.0211154992476 ], [ 121.551729740657478, 25.022062791067611 ], [ 121.551596272844748, 25.022289183646034 ], [ 121.550946736367536, 25.023462868044469 ], [ 121.551729740657478, 25.024164766119672 ], [ 121.552902007691713, 25.023642522179202 ], [ 121.553306015721844, 25.023462868044469 ], [ 121.554074274725934, 25.022807242907351 ], [ 121.554568658457839, 25.022555761466393 ] ], [ [ 121.55491934317952, 25.022231182576949 ], [ 121.554074274725934, 25.021948475295357 ], [ 121.553447130464789, 25.0211154992476 ], [ 121.552902007691728, 25.0207274893015 ] ], [ [ 121.552902007691728, 25.0207274893015 ], [ 121.552902007691713, 25.020727489301496 ] ] ] } },
{ "type": "Feature", "properties": { "z": 2.5, "countyname": "臺北市", "townname": "信義區" }, "geometry": { "type": "LineString", "coordinates": [ [ 121.575175081341968, 25.020813475759851 ], [ 121.57534713224446, 25.0211154992476 ], [ 121.575175081341968, 25.021919848012686 ], [ 121.57432948126808, 25.0211154992476 ], [ 121.575175081341968, 25.020813475759851 ] ] } },
{ "type": "Feature", "properties": { "z": 2.5, "countyname": "臺北市", "townname": "萬華區" }, "geometry": { "type": "LineString", "coordinates": [ [ 121.498977724117381, 25.022176289113805 ], [ 121.498936887387742, 25.022289183646034 ], [ 121.498259059326472, 25.023462868044469 ], [ 121.498977724117395, 25.024331617137733 ], [ 121.49932999078419, 25.023462868044469 ], [ 121.499148954822772, 25.022289183646034 ], [ 121.498977724117395, 25.022176289113805 ] ] } },
{ "type": "Feature", "properties": { "z": 2.5, "countyname": "臺北市", "townname": "中正區" }, "geometry": { "type": "LineString", "coordinates": [ [ 121.518906263699208, 25.022259363075612 ], [ 121.518938181131048, 25.022289183646034 ], [ 121.518906263699208, 25.022317865945084 ], [ 121.518841881361055, 25.022289183646038 ], [ 121.518906263699208, 25.022259363075612 ] ] } },
{ "type": "Feature", "properties": { "z": 2.5, "countyname": "臺北市", "townname": "大安區" }, "geometry": { "type": "LineString", "coordinates": [ [ 121.532973468109887, 25.023402689382717 ], [ 121.532953580939079, 25.023462868044469 ], [ 121.532790333285035, 25.024636552442907 ], [ 121.532973468109901, 25.024923087167348 ], [ 121.533493999354022, 25.024636552442907 ], [ 121.53315918128007, 25.023462868044469 ], [ 121.532973468109901, 25.023402689382717 ] ] } },
{ "type": "Feature", "properties": { "z": 2.5, "countyname": "臺北市", "townname": "大安區" }, "geometry": { "type": "LineString", "coordinates": [ [ 121.549385206589037, 25.022650735283417 ], [ 121.548831672008092, 25.023462868044469 ], [ 121.549385206589037, 25.024206879342572 ], [ 121.550151209856082, 25.023462868044469 ], [ 121.549385206589037, 25.022650735283417 ] ] } },
{ "type": "Feature", "properties": { "z": 2.5, "countyname": "臺北市", "townname": "中正區" }, "geometry": { "type": "LineString", "coordinates": [ [ 121.506611739655852, 25.036380269259425 ], [ 121.506628820607219, 25.036373396427258 ], [ 121.506595898144894, 25.036332751557275 ] ] } },
{ "type": "Feature", "properties": { "z": 2.5, "countyname": "臺北市", "townname": "萬華區" }, "geometry": { "type": "MultiLineString", "coordinates": [ [ [ 121.501322258185851, 25.024376252882632 ], [ 121.500711232523628, 25.024636552442907 ], [ 121.500983198894943, 25.025810236841341 ], [ 121.501322258185837, 25.026515528400452 ], [ 121.501863338965563, 25.026983921239776 ], [ 121.502494525220072, 25.027297916475899 ], [ 121.503312634035623, 25.028157605638214 ], [ 121.502923080602756, 25.029331290036648 ], [ 121.502494525220072, 25.030347631526347 ], [ 121.501696446423125, 25.029331290036648 ], [ 121.501322258185837, 25.029142938925794 ], [ 121.501183715567834, 25.029331290036648 ], [ 121.500998776182485, 25.030504974435082 ], [ 121.501050606115157, 25.031678658833521 ], [ 121.501322258185837, 25.031950639353191 ], [ 121.502494525220072, 25.032216290458884 ], [ 121.503036618760518, 25.032852343231959 ], [ 121.502494525220072, 25.033700576516843 ], [ 121.501322258185837, 25.03314986703765 ], [ 121.500149991151616, 25.033573964619524 ], [ 121.499950370904074, 25.032852343231955 ], [ 121.499748360136437, 25.031678658833521 ], [ 121.499602842096351, 25.030504974435082 ], [ 121.499452858646578, 25.029331290036648 ], [ 121.499586115572598, 25.028157605638217 ], [ 121.500149991151616, 25.027434374852486 ], [ 121.500760282478566, 25.026983921239776 ], [ 121.500149991151616, 25.026717619481193 ], [ 121.498977724117395, 25.025812230498801 ], [ 121.49897602889412, 25.025810236841341 ], [ 121.497805457083174, 25.02557562932186 ], [ 121.497606039285685, 25.025810236841341 ], [ 121.496633190048939, 25.026822948891162 ], [ 121.496470342172771, 25.026983921239776 ], [ 121.49614436542744, 25.028157605638214 ], [ 121.49587481928647, 25.029331290036644 ], [ 121.495928036982377, 25.030504974435082 ], [ 121.495659129663736, 25.031678658833524 ], [ 121.495460923014718, 25.031914607748266 ], [ 121.495078029340391, 25.031678658833524 ], [ 121.494761154251876, 25.030504974435082 ], [ 121.494288655980498, 25.030259203868916 ], [ 121.493855619165856, 25.030504974435082 ], [ 121.493116388946277, 25.030947463229683 ], [ 121.491944121912042, 25.031198344098502 ], [ 121.491633981490054, 25.031678658833521 ], [ 121.491944121912042, 25.031935900238192 ], [ 121.493116388946291, 25.032686850160314 ], [ 121.493435695230389, 25.032852343231951 ], [ 121.494171997737368, 25.034026027630389 ], [ 121.494288655980512, 25.03462826283366 ], [ 121.495460923014718, 25.034832087968059 ], [ 121.496633190048939, 25.034210917675548 ], [ 121.496853917281527, 25.034026027630389 ], [ 121.497805457083174, 25.033325126500067 ], [ 121.498977724117395, 25.034005591624247 ], [ 121.499119722857586, 25.034026027630389 ], [ 121.500149991151616, 25.034295587810099 ], [ 121.501322258185837, 25.034608961831513 ], [ 121.50220676842369, 25.035199712028827 ], [ 121.502494525220072, 25.035368253212901 ], [ 121.502783129462969, 25.035199712028827 ], [ 121.503666792254293, 25.034492942511005 ], [ 121.504250247911443, 25.035199712028827 ], [ 121.503980651890856, 25.036373396427265 ], [ 121.504839059288514, 25.036777497316784 ], [ 121.506011326322735, 25.036621856509527 ], [ 121.506611739655852, 25.036380269259425 ] ], [ [ 121.506595898144894, 25.036332751557275 ], [ 121.506011326322735, 25.035611060528403 ], [ 121.505732232142677, 25.035199712028831 ], [ 121.505500293003877, 25.034026027630386 ], [ 121.504839059288514, 25.033752851625842 ], [ 121.504102050030951, 25.032852343231955 ], [ 121.503666792254307, 25.031718185570544 ], [ 121.503613174841263, 25.031678658833521 ], [ 121.503112168923991, 25.030504974435082 ], [ 121.503666792254293, 25.030417927278524 ], [ 121.504102917982507, 25.029331290036648 ], [ 121.504839059288514, 25.028618593097328 ], [ 121.505117060771582, 25.028157605638214 ], [ 121.50522183751275, 25.026983921239776 ], [ 121.504839059288514, 25.026749454317891 ], [ 121.503666792254293, 25.025892693275733 ], [ 121.503584435395908, 25.025810236841345 ], [ 121.503383249741944, 25.02463655244291 ], [ 121.502494525220072, 25.024011941622376 ], [ 121.501322258185837, 25.024376252882632 ] ] ] } },
{ "type": "Feature", "properties": { "z": 2.5, "countyname": "臺北市", "townname": "中正區" }, "geometry": { "type": "LineString", "coordinates": [ [ 121.516561729630752, 25.024384546746884 ], [ 121.517733996664987, 25.02375119185378 ], [ 121.518794500768465, 25.024636552442907 ], [ 121.517733996664987, 25.025702175460403 ], [ 121.516561729630752, 25.024966453552995 ], [ 121.51621279999506, 25.024636552442907 ], [ 121.516561729630752, 25.024384546746884 ] ] } },
{ "type": "Feature", "properties": { "z": 2.5, "countyname": "臺北市", "townname": "萬華區" }, "geometry": { "type": "LineString", "coordinates": [ [ 121.495460923014718, 25.02535905199181 ], [ 121.495218283894332, 25.025810236841341 ], [ 121.495460923014718, 25.026048839679223 ], [ 121.49569643235148, 25.025810236841341 ], [ 121.495460923014718, 25.02535905199181 ] ] } },
{ "type": "Feature", "properties": { "z": 2.5, "countyname": "臺北市", "townname": "萬華區" }, "geometry": { "type": "LineString", "coordinates": [ [ 121.506011326322735, 25.025195438038498 ], [ 121.50585696536335, 25.025810236841341 ], [ 121.506011326322735, 25.026077265562535 ], [ 121.506222412120565, 25.025810236841341 ], [ 121.506011326322735, 25.025195438038502 ] ] } },
{ "type": "Feature", "properties": { "z": 2.5, "countyname": "臺北市", "townname": "大安區" }, "geometry": { "type": "LineString", "coordinates": [ [ 121.524767598870326, 25.025095862789716 ], [ 121.524419499925315, 25.025810236841341 ], [ 121.524767598870326, 25.026167768622461 ], [ 121.525867031274316, 25.025810236841341 ], [ 121.524767598870326, 25.025095862789716 ] ] } },
{ "type": "Feature", "properties": { "z": 2.5, "countyname": "臺北市", "townname": "大安區" }, "geometry": { "type": "LineString", "coordinates": [ [ 121.527112132938768, 25.025451409043132 ], [ 121.526044712350611, 25.025810236841341 ], [ 121.526153798715143, 25.026983921239776 ], [ 121.526139383602242, 25.028157605638214 ], [ 121.527112132938768, 25.028595640537443 ], [ 121.528284399973003, 25.028803110423407 ], [ 121.528709195053921, 25.028157605638214 ], [ 121.528700188166681, 25.026983921239776 ], [ 121.528600919496142, 25.025810236841341 ], [ 121.528284399973003, 25.025633577252172 ], [ 121.527112132938768, 25.025451409043132 ] ] } },
{ "type": "Feature", "properties": { "z": 2.5, "countyname": "臺北市", "townname": "大安區" }, "geometry": { "type": "LineString", "coordinates": [ [ 121.54586840548636, 25.025731086093625 ], [ 121.54578643967524, 25.025810236841341 ], [ 121.54586840548636, 25.02591600625713 ], [ 121.545939108839363, 25.025810236841341 ], [ 121.54586840548636, 25.025731086093625 ] ] } },
{ "type": "Feature", "properties": { "z": 2.5, "countyname": "臺北市", "townname": "中正區" }, "geometry": { "type": "LineString", "coordinates": [ [ 121.515389462596531, 25.026712398357876 ], [ 121.515740747190435, 25.026983921239776 ], [ 121.515389462596531, 25.02727833917378 ], [ 121.514957230245571, 25.026983921239776 ], [ 121.515389462596531, 25.026712398357876 ] ] } },
{ "type": "Feature", "properties": { "z": 2.5, "countyname": "臺北市", "townname": "大安區" }, "geometry": { "type": "LineString", "coordinates": [ [ 121.530628934041445, 25.026529717892377 ], [ 121.529941898244132, 25.026983921239776 ], [ 121.530628934041445, 25.027406267340091 ], [ 121.531306485626331, 25.026983921239776 ], [ 121.530628934041445, 25.02652971789238 ] ] } },
{ "type": "Feature", "properties": { "z": 2.5, "countyname": "臺北市", "townname": "大安區" }, "geometry": { "type": "LineString", "coordinates": [ [ 121.547040672520581, 25.026791223253049 ], [ 121.546767993912056, 25.026983921239776 ], [ 121.547040672520581, 25.02712517994674 ], [ 121.548212939554816, 25.027143544410059 ], [ 121.548799073071933, 25.026983921239776 ], [ 121.548212939554816, 25.026788307173369 ], [ 121.547040672520581, 25.026791223253053 ] ] } },
{ "type": "Feature", "properties": { "z": 2.5, "countyname": "臺北市", "townname": "大安區" }, "geometry": { "type": "LineString", "coordinates": [ [ 121.550557473623257, 25.026852810370507 ], [ 121.550164548834658, 25.026983921239776 ], [ 121.550557473623257, 25.027067649138974 ], [ 121.550640462156224, 25.026983921239776 ], [ 121.550557473623257, 25.026852810370507 ] ] } },
{ "type": "Feature", "properties": { "z": 2.5, "countyname": "臺北市", "townname": "大安區" }, "geometry": { "type": "MultiLineString", "coordinates": [ [ [ 121.554074274725949, 25.026401229427176 ], [ 121.554074274725934, 25.026401229427183 ] ], [ [ 121.554074274725934, 25.026401229427183 ], [ 121.553263035871197, 25.026983921239776 ], [ 121.552902007691713, 25.027356569241135 ], [ 121.552527417012385, 25.028157605638214 ], [ 121.552902007691713, 25.02909073936841 ], [ 121.554074274725934, 25.028434773525785 ], [ 121.554835958089512, 25.028157605638214 ], [ 121.554409313308, 25.026983921239776 ], [ 121.554074274725934, 25.026401229427183 ] ], [ [ 121.554074274725934, 25.026401229427183 ], [ 121.554074274725934, 25.026401229427176 ] ] ] } },
{ "type": "Feature", "properties": { "z": 2.5, "countyname": "臺北市", "townname": "中正區" }, "geometry": { "type": "LineString", "coordinates": [ [ 121.513044928528103, 25.028050994566641 ], [ 121.513174431775724, 25.028157605638214 ], [ 121.513044928528089, 25.028411767840186 ], [ 121.512802483046187, 25.028157605638214 ], [ 121.513044928528103, 25.028050994566641 ] ] } },
{ "type": "Feature", "properties": { "z": 2.5, "countyname": "臺北市", "townname": "大安區" }, "geometry": { "type": "LineString", "coordinates": [ [ 121.523595331836106, 25.027827464759284 ], [ 121.523285321337909, 25.028157605638214 ], [ 121.523595331836106, 25.028667505344647 ], [ 121.524767598870326, 25.029126635033382 ], [ 121.525777698655347, 25.028157605638214 ], [ 121.524767598870326, 25.027796699106894 ], [ 121.523595331836106, 25.027827464759284 ] ] } },
{ "type": "Feature", "properties": { "z": 2.5, "countyname": "臺北市", "townname": "中正區" }, "geometry": { "type": "LineString", "coordinates": [ [ 121.511872661493854, 25.02883263941288 ], [ 121.512387488464242, 25.029331290036648 ], [ 121.511872661493854, 25.029590213789799 ], [ 121.511614050422082, 25.029331290036648 ], [ 121.511872661493854, 25.02883263941288 ] ] } },
{ "type": "Feature", "properties": { "z": 2.5, "countyname": "臺北市", "townname": "大安區" }, "geometry": { "type": "LineString", "coordinates": [ [ 121.547040672520581, 25.029007103122694 ], [ 121.546591022925242, 25.029331290036648 ], [ 121.546380457667098, 25.030504974435082 ], [ 121.546800446373211, 25.031678658833521 ], [ 121.547040672520581, 25.031920055952902 ], [ 121.547922740849714, 25.031678658833521 ], [ 121.547929856074205, 25.030504974435082 ], [ 121.547754413990603, 25.029331290036648 ], [ 121.547040672520581, 25.029007103122694 ] ] } },
{ "type": "Feature", "properties": { "z": 2.5, "countyname": "臺北市", "townname": "萬華區" }, "geometry": { "type": "LineString", "coordinates": [ [ 121.490771854877821, 25.030355044943349 ], [ 121.489644467469731, 25.030504974435082 ], [ 121.490771854877821, 25.030635379257024 ], [ 121.490999274685905, 25.030504974435082 ], [ 121.490771854877821, 25.030355044943352 ] ] } },
{ "type": "Feature", "properties": { "z": 2.5, "countyname": "臺北市", "townname": "中正區" }, "geometry": { "type": "LineString", "coordinates": [ [ 121.518906263699208, 25.030236583297373 ], [ 121.518677401840577, 25.030504974435082 ], [ 121.518906263699208, 25.030694206733045 ], [ 121.520078530733429, 25.03107928159741 ], [ 121.520781972356133, 25.030504974435082 ], [ 121.520078530733429, 25.030143591171143 ], [ 121.518906263699208, 25.030236583297373 ] ] } },
{ "type": "Feature", "properties": { "z": 2.5, "countyname": "臺北市", "townname": "大安區" }, "geometry": { "type": "LineString", "coordinates": [ [ 121.549385206589022, 25.031411664606999 ], [ 121.548292539546992, 25.031678658833521 ], [ 121.549385206589037, 25.031916105275521 ], [ 121.550120700661054, 25.031678658833521 ], [ 121.549385206589037, 25.031411664607003 ] ] } },
{ "type": "Feature", "properties": { "z": 2.5, "countyname": "臺北市", "townname": "大安區" }, "geometry": { "type": "LineString", "coordinates": [ [ 121.556418808794376, 25.030815804742673 ], [ 121.555715843274498, 25.031678658833521 ], [ 121.556418808794376, 25.032310349880383 ], [ 121.556869715936898, 25.031678658833521 ], [ 121.556418808794376, 25.030815804742673 ] ] } },
{ "type": "Feature", "properties": { "z": 2.5, "countyname": "臺北市", "townname": "大安區" }, "geometry": { "type": "MultiLineString", "coordinates": [ [ [ 121.550557473623272, 25.034881938139861 ], [ 121.550557473623272, 25.034881938139865 ] ], [ [ 121.550557473623272, 25.034881938139865 ], [ 121.550290901195368, 25.035199712028827 ], [ 121.549789189689648, 25.036373396427262 ], [ 121.549661412539294, 25.037547080825696 ], [ 121.550557473623257, 25.038356772725688 ], [ 121.551077080573279, 25.037547080825696 ], [ 121.551729740657464, 25.037005078328942 ], [ 121.55237511600717, 25.037547080825696 ], [ 121.552902007691713, 25.037885291136551 ], [ 121.554074274725934, 25.037554395471048 ], [ 121.554091824656993, 25.037547080825696 ], [ 121.554074274725934, 25.037539766180345 ], [ 121.552902007691713, 25.037002809177764 ], [ 121.552377370882425, 25.036373396427262 ], [ 121.552902007691713, 25.035848125290283 ], [ 121.553658825748855, 25.035199712028824 ], [ 121.552902007691699, 25.034253797797351 ], [ 121.551808660751846, 25.035199712028827 ], [ 121.551729740657478, 25.035278727543883 ], [ 121.551512898618668, 25.035199712028831 ], [ 121.550557473623272, 25.034881938139865 ] ], [ [ 121.550557473623272, 25.034881938139865 ], [ 121.550557473623257, 25.034881938139861 ] ] ] } },
{ "type": "Feature", "properties": { "z": 2.5, "countyname": "臺北市", "townname": "信義區" }, "geometry": { "type": "LineString", "coordinates": [ [ 121.558763342862832, 25.034723200348374 ], [ 121.55834979811867, 25.035199712028827 ], [ 121.558763342862832, 25.035594750953859 ], [ 121.5596791230397, 25.035199712028827 ], [ 121.558763342862832, 25.034723200348374 ] ] } },
{ "type": "Feature", "properties": { "z": 2.5, "countyname": "臺北市", "townname": "南港區" }, "geometry": { "type": "LineString", "coordinates": [ [ 121.613859893471371, 25.035191772639671 ], [ 121.613873356842632, 25.035199712028827 ], [ 121.613859893471371, 25.035207651417984 ], [ 121.61385129723665, 25.035199712028827 ], [ 121.613859893471371, 25.035191772639671 ] ] } },
{ "type": "Feature", "properties": { "z": 2.5, "countyname": "臺北市", "townname": "信義區" }, "geometry": { "type": "LineString", "coordinates": [ [ 121.568141479136614, 25.036172281070133 ], [ 121.567895820386823, 25.036373396427262 ], [ 121.568141479136614, 25.037447232125796 ], [ 121.568550201657999, 25.036373396427262 ], [ 121.568141479136628, 25.036172281070133 ] ] } },
{ "type": "Feature", "properties": { "z": 2.5, "countyname": "臺北市", "townname": "信義區" }, "geometry": { "type": "LineString", "coordinates": [ [ 121.582208683547307, 25.03613566584167 ], [ 121.58244264935513, 25.036373396427262 ], [ 121.582208683547307, 25.036483851917154 ], [ 121.582085324315813, 25.036373396427262 ], [ 121.582208683547307, 25.03613566584167 ] ] } },
{ "type": "Feature", "properties": { "z": 2.5, "countyname": "臺北市", "townname": "萬華區" }, "geometry": { "type": "LineString", "coordinates": [ [ 121.498977724117395, 25.037409677791064 ], [ 121.498815053207807, 25.037547080825696 ], [ 121.498977724117395, 25.037757325787883 ], [ 121.499314091409801, 25.037547080825696 ], [ 121.498977724117395, 25.037409677791068 ] ] } },
{ "type": "Feature", "properties": { "z": 2.5, "countyname": "臺北市", "townname": "萬華區" }, "geometry": { "type": "LineString", "coordinates": [ [ 121.502494525220072, 25.037334006409843 ], [ 121.501686734937394, 25.037547080825696 ], [ 121.502494525220072, 25.037918481693687 ], [ 121.503212069951459, 25.037547080825696 ], [ 121.502494525220072, 25.037334006409843 ] ] } },
{ "type": "Feature", "properties": { "z": 2.5, "countyname": "臺北市", "townname": "信義區" }, "geometry": { "type": "LineString", "coordinates": [ [ 121.558763342862832, 25.037524226880954 ], [ 121.558701405510831, 25.037547080825696 ], [ 121.558763342862846, 25.038166750994037 ], [ 121.558886533593636, 25.037547080825696 ], [ 121.558763342862832, 25.037524226880951 ] ] } },
{ "type": "Feature", "properties": { "z": 2.5, "countyname": "臺北市", "townname": "信義區" }, "geometry": { "type": "LineString", "coordinates": [ [ 121.576347348376189, 25.03678591682791 ], [ 121.57601011897674, 25.037547080825696 ], [ 121.576347348376189, 25.03767688290672 ], [ 121.576476993705683, 25.037547080825696 ], [ 121.576347348376189, 25.036785916827906 ] ] } },
{ "type": "Feature", "properties": { "z": 2.5, "countyname": "臺北市", "townname": "信義區" }, "geometry": { "type": "MultiLineString", "coordinates": [ [ [ 121.583380950581542, 25.036899116597489 ], [ 121.584553217615763, 25.037243640422748 ], [ 121.584791608211788, 25.037547080825693 ], [ 121.585725484649984, 25.037890727879208 ], [ 121.586897751684205, 25.038264988690567 ], [ 121.58735297781314, 25.038720765224138 ], [ 121.58751069768698, 25.03949080089151 ] ], [ [ 121.586880886972239, 25.040833374501322 ], [ 121.586480228574374, 25.041068134021007 ], [ 121.586039787677393, 25.041620554291182 ] ], [ [ 121.585156586082661, 25.04169304280639 ], [ 121.584553217615763, 25.041351825240337 ], [ 121.584211050547694, 25.041068134021003 ], [ 121.583380950581542, 25.040143734363465 ], [ 121.58312220789162, 25.039894449622569 ], [ 121.583380950581542, 25.039574377215953 ], [ 121.583606584549301, 25.038720765224134 ], [ 121.583380950581542, 25.038029054484177 ], [ 121.582983220188694, 25.037547080825693 ], [ 121.583380950581542, 25.036899116597489 ] ] ] } },
{ "type": "Feature", "properties": { "z": 2.5, "countyname": "臺北市", "townname": "南港區" }, "geometry": { "type": "MultiLineString", "coordinates": [ [ [ 121.58751069768698, 25.03949080089151 ], [ 121.587593373632572, 25.039894449622569 ], [ 121.586897751684205, 25.040823492887206 ], [ 121.586880886972239, 25.040833374501322 ] ], [ [ 121.586039787677393, 25.041620554291182 ], [ 121.585725484649984, 25.042014766918811 ], [ 121.585156586082661, 25.04169304280639 ] ] ] } },
{ "type": "Feature", "properties": { "z": 2.5, "countyname": "臺北市", "townname": "信義區" }, "geometry": { "type": "MultiLineString", "coordinates": [ [ [ 121.559935609897067, 25.038196252587337 ], [ 121.559935609897067, 25.03819625258734 ] ], [ [ 121.559935609897067, 25.03819625258734 ], [ 121.558898148181839, 25.038720765224134 ], [ 121.558870254972177, 25.039894449622569 ], [ 121.558886731876797, 25.041068134021007 ], [ 121.558763342862846, 25.041181818879167 ], [ 121.557805299966489, 25.042241818419438 ], [ 121.558238759289893, 25.043415502817876 ], [ 121.558102340884147, 25.044589187216314 ], [ 121.558329765358749, 25.04539877041568 ] ], [ [ 121.5593905215391, 25.045800779281926 ], [ 121.559413346572896, 25.045762871614748 ], [ 121.559935609897053, 25.045261551096264 ], [ 121.560272730779744, 25.045762871614748 ], [ 121.560433999364662, 25.046260309241887 ] ], [ [ 121.563438557805924, 25.047529275055219 ], [ 121.56345241099973, 25.047529889876433 ], [ 121.564010119775972, 25.046936556013183 ], [ 121.564624678033951, 25.046321254705319 ], [ 121.565796945068172, 25.046920928978892 ], [ 121.566969212102393, 25.046629163870879 ], [ 121.567305416082974, 25.046936556013183 ], [ 121.567343414745082, 25.048110240411621 ], [ 121.567719678915395, 25.048865725863873 ] ], [ [ 121.572351678907665, 25.049439715710179 ], [ 121.572765933679648, 25.049283924810055 ], [ 121.572830547273526, 25.049232530397884 ], [ 121.573012699176488, 25.049283924810052 ], [ 121.573821335888312, 25.049440742940057 ] ], [ [ 121.575270881098149, 25.049422290817191 ], [ 121.575818966151019, 25.049283924810055 ], [ 121.575175081341968, 25.048497106644646 ], [ 121.575000481828923, 25.048110240411621 ], [ 121.575175081341968, 25.047924004708083 ], [ 121.576347348376189, 25.047523398212402 ], [ 121.576493881755468, 25.046936556013183 ], [ 121.57652392334532, 25.045762871614748 ], [ 121.576716870310733, 25.044589187216314 ], [ 121.576347348376189, 25.044328404037508 ], [ 121.575755357656575, 25.044589187216314 ], [ 121.575767340959985, 25.045762871614748 ], [ 121.575175081341982, 25.046093203051889 ], [ 121.574002814307747, 25.046579798913765 ], [ 121.572914149639516, 25.045762871614748 ], [ 121.572830547273526, 25.045316468879243 ], [ 121.572757128780196, 25.045762871614748 ], [ 121.571658280239291, 25.0469129537138 ], [ 121.57048601320507, 25.04663190722983 ], [ 121.569313746170849, 25.046735301112442 ], [ 121.568632827868825, 25.045762871614748 ], [ 121.569313746170849, 25.045059225342733 ], [ 121.57048601320507, 25.044671113401979 ], [ 121.571658280239291, 25.044668832152848 ], [ 121.572128076801505, 25.044589187216314 ], [ 121.571658280239291, 25.044488974161101 ], [ 121.57048601320507, 25.04442567324022 ], [ 121.569313746170849, 25.043779835343596 ], [ 121.568364542989229, 25.04458918721631 ], [ 121.568141479136628, 25.044798897310017 ], [ 121.567903168169423, 25.044589187216314 ], [ 121.567160922538065, 25.043415502817876 ], [ 121.566969212102393, 25.043108486625822 ], [ 121.565796945068172, 25.043149297252189 ], [ 121.564624678033951, 25.043144007552659 ], [ 121.564379504130727, 25.043415502817876 ], [ 121.564624678033951, 25.044343981285877 ], [ 121.564852245573107, 25.044589187216314 ], [ 121.564624678033951, 25.044924887846086 ], [ 121.56345241099973, 25.044936525755258 ], [ 121.563133686777576, 25.044589187216314 ], [ 121.562483924128529, 25.043415502817876 ], [ 121.562280143965495, 25.04287807608025 ], [ 121.561829771766455, 25.042241818419445 ], [ 121.561510285313403, 25.041068134021007 ], [ 121.561320393686543, 25.039894449622569 ], [ 121.56110787693126, 25.038988504767161 ], [ 121.560693152687136, 25.038720765224134 ], [ 121.559935609897067, 25.03819625258734 ] ], [ [ 121.559935609897067, 25.03819625258734 ], [ 121.559935609897053, 25.038196252587333 ] ] ] } },
{ "type": "Feature", "properties": { "z": 2.5, "countyname": "臺北市", "townname": "松山區" }, "geometry": { "type": "MultiLineString", "coordinates": [ [ [ 121.558329765358749, 25.04539877041568 ], [ 121.558432047031545, 25.045762871614748 ], [ 121.558763342862818, 25.046842393535048 ], [ 121.5593905215391, 25.045800779281926 ] ], [ [ 121.560433999364662, 25.046260309241887 ], [ 121.56065323762472, 25.046936556013183 ], [ 121.561107876931274, 25.047188428835614 ], [ 121.562280143965495, 25.047477863271531 ], [ 121.563438557805924, 25.047529275055219 ] ], [ [ 121.567719678915395, 25.048865725863873 ], [ 121.567927959933968, 25.049283924810055 ], [ 121.568141479136628, 25.049509338520412 ], [ 121.569313746170849, 25.0499886533587 ], [ 121.57048601320507, 25.050014467793197 ], [ 121.571658280239291, 25.049700485675892 ], [ 121.572351678907665, 25.049439715710179 ] ], [ [ 121.573821335888312, 25.049440742940057 ], [ 121.574002814307747, 25.049475936873201 ], [ 121.575175081341968, 25.049446475803951 ], [ 121.575270881098149, 25.049422290817191 ] ] ] } },
{ "type": "Feature", "properties": { "z": 2.5, "countyname": "臺北市", "townname": "信義區" }, "geometry": { "type": "LineString", "coordinates": [ [ 121.575175081341968, 25.038301152190598 ], [ 121.574535820870366, 25.038720765224138 ], [ 121.57434864425862, 25.039894449622569 ], [ 121.575175081341968, 25.040439116552633 ], [ 121.575464033280852, 25.039894449622569 ], [ 121.575346553066566, 25.038720765224134 ], [ 121.575175081341968, 25.038301152190598 ] ] } },
{ "type": "Feature", "properties": { "z": 2.5, "countyname": "臺北市", "townname": "南港區" }, "geometry": { "type": "LineString", "coordinates": [ [ 121.609170825334473, 25.039718444140441 ], [ 121.610343092368709, 25.039453627116234 ], [ 121.611515359402915, 25.039188810092025 ], [ 121.61268762643715, 25.039407170632249 ], [ 121.612822341750444, 25.039894449622569 ], [ 121.612980693195709, 25.041068134021007 ], [ 121.612687626437136, 25.041387088933053 ], [ 121.611515359402915, 25.041493763011129 ], [ 121.610343092368694, 25.041623837553193 ], [ 121.609170825334473, 25.041873202452528 ], [ 121.608555570741828, 25.042241818419441 ], [ 121.607998558300253, 25.042402066409512 ], [ 121.606826291266003, 25.042660398336693 ], [ 121.605654024231796, 25.042708273230268 ], [ 121.604481757197576, 25.042773718234091 ], [ 121.603309490163355, 25.043028882693445 ], [ 121.602722977098168, 25.043415502817876 ], [ 121.60213722312912, 25.043741736595855 ], [ 121.600964956094899, 25.044141908193382 ], [ 121.599792689060678, 25.044283976352922 ], [ 121.598620422026457, 25.044531467801637 ], [ 121.598456798363785, 25.044589187216314 ], [ 121.597448154992222, 25.045748393263693 ], [ 121.597435557151783, 25.045762871614748 ], [ 121.596275887958001, 25.046422187533796 ], [ 121.59510362092378, 25.04646429521409 ], [ 121.594651032694685, 25.046936556013183 ], [ 121.594536996810533, 25.048110240411621 ], [ 121.595005459406636, 25.049283924810055 ], [ 121.594935840155927, 25.05045760920849 ], [ 121.59510362092378, 25.050697434123006 ], [ 121.595245647151017, 25.05045760920849 ], [ 121.596275887958001, 25.049700447085346 ], [ 121.597448154992236, 25.049974608621351 ], [ 121.598079562158034, 25.05045760920849 ], [ 121.598620422026457, 25.050855563465628 ], [ 121.599792689060678, 25.051237043832167 ], [ 121.600964956094899, 25.051501681654823 ], [ 121.601308771276436, 25.051631293606928 ], [ 121.600964956094899, 25.051789637303571 ], [ 121.599792689060678, 25.052330500633275 ], [ 121.598916433762568, 25.052804978005362 ], [ 121.598620422026457, 25.052954078189565 ], [ 121.597448154992236, 25.053257319948862 ], [ 121.596275887958001, 25.053451010059547 ], [ 121.595691365232611, 25.052804978005362 ], [ 121.59510362092378, 25.052326489472208 ], [ 121.594219520336694, 25.052804978005362 ], [ 121.593931353889559, 25.053101130367637 ], [ 121.593696269487481, 25.053978662403797 ], [ 121.592759086855338, 25.055017170108329 ], [ 121.591586819821103, 25.054775128244227 ], [ 121.590624810303197, 25.053978662403797 ], [ 121.591586819821103, 25.052851587109831 ], [ 121.591832795301741, 25.052804978005362 ], [ 121.591586819821103, 25.052363798744686 ], [ 121.590414552786868, 25.052164486867014 ], [ 121.590215413153871, 25.051631293606928 ], [ 121.590281944588128, 25.05045760920849 ], [ 121.590414552786882, 25.050411423298161 ], [ 121.591586819821103, 25.050176192507475 ], [ 121.592065458645067, 25.05045760920849 ], [ 121.592759086855338, 25.051004043724721 ], [ 121.593077299692837, 25.05045760920849 ], [ 121.593098060249304, 25.049283924810055 ], [ 121.593437209904579, 25.048110240411621 ], [ 121.593702889011027, 25.046936556013183 ], [ 121.593901454145097, 25.045762871614748 ], [ 121.593876138057198, 25.044589187216314 ], [ 121.593929547670911, 25.043415502817876 ], [ 121.593931353889545, 25.043408745445461 ], [ 121.595103620923766, 25.043077218539956 ], [ 121.596275887958001, 25.042745691634455 ], [ 121.597448154992222, 25.042429559782047 ], [ 121.598137293655313, 25.042241818419438 ], [ 121.598620422026471, 25.04211691121986 ], [ 121.599792689060678, 25.041844640569181 ], [ 121.600964956094899, 25.041572163309894 ], [ 121.60213722312912, 25.041307346285688 ], [ 121.603196145428029, 25.041068134021007 ], [ 121.603309490163355, 25.041042529261482 ], [ 121.604481757197576, 25.040777712237276 ], [ 121.605654024231796, 25.040512895213066 ], [ 121.606826291266017, 25.040248078188856 ], [ 121.607998558300253, 25.039983261164647 ], [ 121.608391700861034, 25.039894449622569 ], [ 121.609170825334473, 25.039718444140441 ] ] } },
{ "type": "Feature", "properties": { "z": 2.5, "countyname": "臺北市", "townname": "南港區" }, "geometry": { "type": "MultiLineString", "coordinates": [ [ [ 121.620893495676711, 25.039337874519365 ], [ 121.621478723396734, 25.039894449622569 ], [ 121.621647340565232, 25.040304332020252 ] ], [ [ 121.620499753994579, 25.041780404067818 ], [ 121.620293036930818, 25.041068134021007 ], [ 121.620372479676377, 25.039894449622569 ], [ 121.620893495676711, 25.039337874519365 ] ] ] } },
{ "type": "Feature", "properties": { "z": 2.5, "countyname": "臺北市", "townname": "中正區" }, "geometry": { "type": "LineString", "coordinates": [ [ 121.508355860391177, 25.040755762260744 ], [ 121.508238105604235, 25.041068134021007 ], [ 121.508355860391205, 25.042083990475039 ], [ 121.508672067030076, 25.041068134021007 ], [ 121.508355860391191, 25.040755762260744 ] ] } },
{ "type": "Feature", "properties": { "z": 2.5, "countyname": "臺北市", "townname": "中山區" }, "geometry": { "type": "LineString", "coordinates": [ [ 121.532419382215949, 25.045595990528096 ], [ 121.532371171583634, 25.045762871614748 ], [ 121.532973468109901, 25.045840155455959 ], [ 121.533434997267108, 25.045762871614748 ], [ 121.533299202438698, 25.045363387865901 ] ] } },
{ "type": "Feature", "properties": { "z": 2.5, "countyname": "臺北市", "townname": "中正區" }, "geometry": { "type": "LineString", "coordinates": [ [ 121.532886542483396, 25.043391865460841 ], [ 121.532869521991074, 25.043415502817876 ], [ 121.532710239767582, 25.044589187216314 ], [ 121.532419382215949, 25.045595990528096 ] ] } },
{ "type": "Feature", "properties": { "z": 2.5, "countyname": "臺北市", "townname": "大安區" }, "geometry": { "type": "MultiLineString", "coordinates": [ [ [ 121.534145735144122, 25.040238216751721 ], [ 121.534145735144122, 25.040238216751725 ] ], [ [ 121.534145735144122, 25.040238216751725 ], [ 121.533577894484935, 25.041068134021007 ], [ 121.533930356446177, 25.042241818419441 ], [ 121.532973468109901, 25.043271146739517 ], [ 121.532886542493131, 25.043391865447315 ] ], [ [ 121.533299202424033, 25.045363387822768 ], [ 121.533036031672268, 25.044589187216314 ], [ 121.534145735144122, 25.043901365942737 ], [ 121.535263145619723, 25.043415502817876 ], [ 121.534774931304767, 25.042241818419441 ], [ 121.535318002178357, 25.041783521996923 ], [ 121.535851316955998, 25.041068134021007 ], [ 121.535318002178343, 25.040558798166664 ], [ 121.534145735144122, 25.040238216751725 ] ], [ [ 121.534145735144122, 25.040238216751725 ], [ 121.534145735144108, 25.040238216751721 ] ] ] } },
{ "type": "Feature", "properties": { "z": 2.5, "countyname": "臺北市", "townname": "大安區" }, "geometry": { "type": "MultiLineString", "coordinates": [ [ [ 121.55641880879439, 25.040872606864472 ], [ 121.55641880879439, 25.040872606864475 ] ], [ [ 121.55641880879439, 25.040872606864475 ], [ 121.556033829237478, 25.041068134021007 ], [ 121.556418808794376, 25.041340072024884 ], [ 121.556631113833134, 25.041068134021007 ], [ 121.55641880879439, 25.040872606864475 ] ], [ [ 121.55641880879439, 25.040872606864475 ], [ 121.556418808794376, 25.040872606864468 ] ] ] } },
{ "type": "Feature", "properties": { "z": 2.5, "countyname": "臺北市", "townname": "南港區" }, "geometry": { "type": "MultiLineString", "coordinates": [ [ [ 121.617376694574034, 25.040496411655486 ], [ 121.618548961608269, 25.040420986066824 ], [ 121.619140222017421, 25.041068134021007 ], [ 121.619123643924141, 25.042241818419441 ], [ 121.618548961608269, 25.042905037338016 ], [ 121.617376694574034, 25.042884243966764 ], [ 121.616852377872746, 25.043415502817876 ], [ 121.617376694574034, 25.044185477346897 ], [ 121.617699548945978, 25.04458918721631 ], [ 121.617376694574034, 25.045019209945906 ], [ 121.616770701214449, 25.045762871614748 ], [ 121.616637225786206, 25.046936556013183 ], [ 121.616660689043556, 25.047769623284299 ] ], [ [ 121.616461012704917, 25.048388995312013 ], [ 121.616204427539813, 25.048730776002817 ], [ 121.615252006977215, 25.049283924810055 ], [ 121.615032160505592, 25.049510338390323 ], [ 121.614896577876848, 25.049283924810055 ], [ 121.614444392680923, 25.048110240411621 ], [ 121.614044910662841, 25.046936556013183 ], [ 121.613859893471371, 25.046025808779895 ], [ 121.613728489226517, 25.045762871614745 ], [ 121.613859893471371, 25.045631308491696 ], [ 121.615032160505592, 25.045136188187158 ], [ 121.615364652380606, 25.044589187216314 ], [ 121.61555292123748, 25.043415502817876 ], [ 121.615934611872476, 25.042241818419438 ], [ 121.616204427539827, 25.041915478872667 ], [ 121.616736807907657, 25.041068134021007 ], [ 121.617376694574034, 25.040496411655486 ] ] ] } },
{ "type": "Feature", "properties": { "z": 2.5, "countyname": "臺北市", "townname": "大安區" }, "geometry": { "type": "MultiLineString", "coordinates": [ [ [ 121.536490269212578, 25.042191320847234 ], [ 121.536490269212578, 25.042191320847238 ] ], [ [ 121.536490269212578, 25.042191320847238 ], [ 121.536399348416154, 25.042241818419441 ], [ 121.536162153546996, 25.043415502817876 ], [ 121.536490269212564, 25.043432176176207 ], [ 121.536569582496, 25.043415502817876 ], [ 121.536621220724342, 25.042241818419441 ], [ 121.536490269212578, 25.042191320847238 ] ], [ [ 121.536490269212578, 25.042191320847238 ], [ 121.536490269212564, 25.042191320847234 ] ] ] } },
{ "type": "Feature", "properties": { "z": 2.5, "countyname": "臺北市", "townname": "大安區" }, "geometry": { "type": "LineString", "coordinates": [ [ 121.550557473623257, 25.042053098363347 ], [ 121.550446159458673, 25.042241818419441 ], [ 121.550557473623257, 25.04273880664504 ], [ 121.55093045084682, 25.042241818419441 ], [ 121.550557473623257, 25.042053098363347 ] ] } },
{ "type": "Feature", "properties": { "z": 2.5, "countyname": "臺北市", "townname": "信義區" }, "geometry": { "type": "LineString", "coordinates": [ [ 121.578691882444645, 25.041852578169717 ], [ 121.578318061721831, 25.042241818419441 ], [ 121.578029941733291, 25.043415502817876 ], [ 121.57869188244463, 25.044236192447915 ], [ 121.579169678610683, 25.044589187216314 ], [ 121.579864149478865, 25.045750839974382 ], [ 121.580160347229636, 25.044589187216314 ], [ 121.58021578474164, 25.043415502817876 ], [ 121.579864149478865, 25.042949163081435 ], [ 121.579308790505152, 25.042241818419441 ], [ 121.578691882444645, 25.041852578169717 ] ] } },
{ "type": "Feature", "properties": { "z": 2.5, "countyname": "臺北市", "townname": "中正區" }, "geometry": { "type": "LineString", "coordinates": [ [ 121.509528127425412, 25.043063397498344 ], [ 121.5090259194954, 25.043415502817876 ], [ 121.509429583007133, 25.044589187216314 ], [ 121.509528127425412, 25.044950531093654 ], [ 121.509660009666447, 25.044589187216314 ], [ 121.510121808034299, 25.043415502817876 ], [ 121.509528127425412, 25.043063397498347 ] ] } },
{ "type": "Feature", "properties": { "z": 2.5, "countyname": "臺北市", "townname": "中山區" }, "geometry": { "type": "LineString", "coordinates": [ [ 121.538710205502795, 25.044684555733074 ], [ 121.53883480328102, 25.044940950292233 ], [ 121.53939991462606, 25.045762871614748 ], [ 121.540007070315241, 25.046420569997181 ], [ 121.541179337349462, 25.046078876241033 ], [ 121.541867864975231, 25.045762871614748 ], [ 121.541179337349462, 25.04482892540987 ], [ 121.540007070315241, 25.044709740596492 ], [ 121.539883826359173, 25.044652962714935 ] ] } },
{ "type": "Feature", "properties": { "z": 2.5, "countyname": "臺北市", "townname": "大安區" }, "geometry": { "type": "MultiLineString", "coordinates": [ [ [ 121.53883480328102, 25.042434409285065 ], [ 121.537926486791008, 25.043415502817876 ], [ 121.538663860114895, 25.044589187216314 ], [ 121.5387102054938, 25.044684555714543 ] ], [ [ 121.539883824604189, 25.044652961906426 ], [ 121.539745393143022, 25.044589187216314 ], [ 121.539310065217293, 25.043415502817876 ], [ 121.53883480328102, 25.042434409285065 ] ] ] } },
{ "type": "Feature", "properties": { "z": 2.5, "countyname": "臺北市", "townname": "大安區" }, "geometry": { "type": "MultiLineString", "coordinates": [ [ [ 121.541179337349476, 25.04330892252672 ], [ 121.541179337349462, 25.043308922526727 ] ], [ [ 121.541179337349462, 25.043308922526727 ], [ 121.541044345816246, 25.043415502817876 ], [ 121.541179337349462, 25.043953837669171 ], [ 121.541260125355819, 25.043415502817876 ], [ 121.541179337349462, 25.043308922526727 ] ], [ [ 121.541179337349462, 25.043308922526727 ], [ 121.541179337349462, 25.04330892252672 ] ] ] } },
{ "type": "Feature", "properties": { "z": 2.5, "countyname": "臺北市", "townname": "大安區" }, "geometry": { "type": "MultiLineString", "coordinates": [ [ [ 121.551729740657493, 25.043061816652386 ], [ 121.551729740657478, 25.043061816652394 ] ], [ [ 121.551729740657478, 25.043061816652394 ], [ 121.551255725901186, 25.043415502817876 ], [ 121.551729740657478, 25.0435365057082 ], [ 121.551833376353059, 25.043415502817876 ], [ 121.551729740657478, 25.043061816652394 ] ], [ [ 121.551729740657478, 25.043061816652394 ], [ 121.551729740657478, 25.043061816652386 ] ] ] } },
{ "type": "Feature", "properties": { "z": 2.5, "countyname": "臺北市", "townname": "大安區" }, "geometry": { "type": "MultiLineString", "coordinates": [ [ [ 121.55641880879439, 25.043248959302055 ], [ 121.55641880879439, 25.043248959302058 ] ], [ [ 121.55641880879439, 25.043248959302058 ], [ 121.556280955339943, 25.043415502817876 ], [ 121.556418808794376, 25.044105537272678 ], [ 121.55668121665154, 25.043415502817876 ], [ 121.55641880879439, 25.043248959302058 ] ], [ [ 121.55641880879439, 25.043248959302058 ], [ 121.556418808794376, 25.043248959302051 ] ] ] } },
{ "type": "Feature", "properties": { "z": 2.5, "countyname": "臺北市", "townname": "大安區" }, "geometry": { "type": "MultiLineString", "coordinates": [ [ [ 121.555246541760141, 25.044552723456675 ], [ 121.555178148198266, 25.044589187216314 ], [ 121.555172740237708, 25.044629117026435 ] ], [ [ 121.55557130268744, 25.044740934916948 ], [ 121.555546110778167, 25.044589187216314 ], [ 121.555246541760155, 25.044552723456675 ] ] ] } },
{ "type": "Feature", "properties": { "z": 2.5, "countyname": "臺北市", "townname": "松山區" }, "geometry": { "type": "LineString", "coordinates": [ [ 121.555172740106812, 25.044629117992891 ], [ 121.555019188290501, 25.045762871614748 ], [ 121.555246541760155, 25.046817320840226 ], [ 121.555740956240413, 25.045762871614748 ], [ 121.555571302851604, 25.044740935905825 ] ] } },
{ "type": "Feature", "properties": { "z": 2.5, "countyname": "臺北市", "townname": "中山區" }, "geometry": { "type": "LineString", "coordinates": [ [ 121.535318002178343, 25.045420300538833 ], [ 121.534841335088544, 25.045762871614748 ], [ 121.534397858234783, 25.046936556013186 ], [ 121.535139206615625, 25.048110240411621 ], [ 121.535318002178343, 25.048306968771406 ], [ 121.536490269212564, 25.048508223167058 ], [ 121.537218967333018, 25.049283924810055 ], [ 121.536898258767877, 25.05045760920849 ], [ 121.537662536246799, 25.050862200925245 ], [ 121.538495798148958, 25.051631293606928 ], [ 121.53883480328102, 25.051874412224411 ], [ 121.539136339622544, 25.051631293606928 ], [ 121.540007070315241, 25.050658571946443 ], [ 121.54024483095121, 25.05045760920849 ], [ 121.541179337349462, 25.049548715504205 ], [ 121.541306652477971, 25.049283924810055 ], [ 121.541179337349462, 25.049120871003886 ], [ 121.540007070315241, 25.049154128315813 ], [ 121.539303255118867, 25.048110240411621 ], [ 121.539140239440613, 25.046936556013183 ], [ 121.53883480328102, 25.046667790790952 ], [ 121.537747313215078, 25.045762871614748 ], [ 121.537662536246799, 25.045727474992006 ], [ 121.537093060017497, 25.045762871614748 ], [ 121.536490269212564, 25.045933395954069 ], [ 121.536099681722774, 25.045762871614748 ], [ 121.535318002178343, 25.045420300538833 ] ] } },
{ "type": "Feature", "properties": { "z": 2.5, "countyname": "臺北市", "townname": "松山區" }, "geometry": { "type": "LineString", "coordinates": [ [ 121.54586840548636, 25.045639776607775 ], [ 121.545640611979508, 25.045762871614748 ], [ 121.54586840548636, 25.045901428086172 ], [ 121.546680941990374, 25.046936556013183 ], [ 121.547040672520581, 25.047253589872383 ], [ 121.547851321446004, 25.048110240411621 ], [ 121.547284824661546, 25.049283924810055 ], [ 121.548212939554816, 25.050248778248616 ], [ 121.548417960904658, 25.05045760920849 ], [ 121.549385206589022, 25.051592855124813 ], [ 121.549803803117911, 25.05045760920849 ], [ 121.549970700676283, 25.049283924810055 ], [ 121.550557473623257, 25.048953559116399 ], [ 121.550942700089138, 25.048110240411621 ], [ 121.550557473623257, 25.047727151671477 ], [ 121.549715589182824, 25.048110240411624 ], [ 121.549385206589037, 25.048698237279702 ], [ 121.549080584598727, 25.048110240411624 ], [ 121.548366977656201, 25.046936556013183 ], [ 121.548212939554816, 25.046278384542724 ], [ 121.547848602597909, 25.045762871614748 ], [ 121.547040672520581, 25.045569361497705 ], [ 121.54586840548636, 25.045639776607775 ] ] } },
{ "type": "Feature", "properties": { "z": 2.5, "countyname": "臺北市", "townname": "南港區" }, "geometry": { "type": "LineString", "coordinates": [ [ 121.582208683547307, 25.045249518558315 ], [ 121.581623720901902, 25.045762871614748 ], [ 121.582208683547321, 25.046848767693149 ], [ 121.582545151339232, 25.045762871614748 ], [ 121.582208683547307, 25.045249518558315 ] ] } },
{ "type": "Feature", "properties": { "z": 2.5, "countyname": "臺北市", "townname": "萬華區" }, "geometry": { "type": "LineString", "coordinates": [ [ 121.50718359335697, 25.046837901374111 ], [ 121.506973154100777, 25.046936556013183 ], [ 121.507183593356956, 25.047044987888167 ], [ 121.508355860391191, 25.047483665480417 ], [ 121.508809573312178, 25.046936556013183 ], [ 121.508355860391191, 25.046466768892827 ], [ 121.507183593356956, 25.046837901374111 ] ] } },
{ "type": "Feature", "properties": { "z": 2.5, "countyname": "臺北市", "townname": "中正區" }, "geometry": { "type": "LineString", "coordinates": [ [ 121.515389462596531, 25.046792138378592 ], [ 121.515195657399985, 25.046936556013183 ], [ 121.51421719556231, 25.04775945932122 ], [ 121.513389890660534, 25.048110240411624 ], [ 121.51421719556231, 25.048759163368572 ], [ 121.515389462596531, 25.048695221396809 ], [ 121.515715198857137, 25.048110240411621 ], [ 121.515694276994864, 25.046936556013183 ], [ 121.515389462596531, 25.046792138378592 ] ] } },
{ "type": "Feature", "properties": { "z": 2.5, "countyname": "臺北市", "townname": "信義區" }, "geometry": { "type": "LineString", "coordinates": [ [ 121.578691882444645, 25.046454213470316 ], [ 121.578570952260577, 25.046936556013183 ], [ 121.578691882444645, 25.047520313123709 ], [ 121.579864149478865, 25.047488991348906 ], [ 121.580498037501158, 25.046936556013183 ], [ 121.579864149478865, 25.045768085685427 ], [ 121.578691882444645, 25.046454213470316 ] ] } },
{ "type": "Feature", "properties": { "z": 2.5, "countyname": "臺北市", "townname": "信義區" }, "geometry": { "type": "LineString", "coordinates": [ [ 121.577519615410409, 25.047808291404571 ], [ 121.576689652269025, 25.048110240411621 ], [ 121.577519615410409, 25.049178439630584 ], [ 121.578397329549546, 25.048110240411621 ], [ 121.577519615410409, 25.047808291404571 ] ] } },
{ "type": "Feature", "properties": { "z": 2.5, "countyname": "臺北市", "townname": "大同區" }, "geometry": { "type": "LineString", "coordinates": [ [ 121.516561729630752, 25.049112770338404 ], [ 121.516203044126954, 25.049283924810055 ], [ 121.516561729630752, 25.049402163268233 ], [ 121.516669476080295, 25.049283924810055 ], [ 121.516561729630752, 25.0491127703384 ] ] } },
{ "type": "Feature", "properties": { "z": 2.5, "countyname": "臺北市", "townname": "松山區" }, "geometry": { "type": "LineString", "coordinates": [ [ 121.544696138452139, 25.049026560968713 ], [ 121.544387266161579, 25.049283924810055 ], [ 121.544696138452139, 25.049548712747111 ], [ 121.545515025793293, 25.05045760920849 ], [ 121.54586840548636, 25.051009872703794 ], [ 121.5464026149521, 25.05045760920849 ], [ 121.546682215712408, 25.049283924810055 ], [ 121.54586840548636, 25.049062068954164 ], [ 121.544696138452139, 25.049026560968713 ] ] } },
{ "type": "Feature", "properties": { "z": 2.5, "countyname": "臺北市", "townname": "松山區" }, "geometry": { "type": "LineString", "coordinates": [ [ 121.551729740657478, 25.049108808538033 ], [ 121.551169754499668, 25.049283924810055 ], [ 121.551729740657478, 25.049832902399075 ], [ 121.551931970360926, 25.049283924810055 ], [ 121.551729740657478, 25.049108808538033 ] ] } },
{ "type": "Feature", "properties": { "z": 2.5, "countyname": "臺北市", "townname": "松山區" }, "geometry": { "type": "LineString", "coordinates": [ [ 121.561107876931274, 25.048861279853735 ], [ 121.560372803941775, 25.049283924810055 ], [ 121.561107876931274, 25.049691248550054 ], [ 121.561730385917087, 25.049283924810055 ], [ 121.561107876931274, 25.048861279853735 ] ] } },
{ "type": "Feature", "properties": { "z": 2.5, "countyname": "臺北市", "townname": "信義區" }, "geometry": { "type": "MultiLineString", "coordinates": [ [ [ 121.579864149478865, 25.048803138009617 ], [ 121.579202308329485, 25.049283924810059 ], [ 121.578953270096818, 25.049484702284524 ] ], [ [ 121.580034812078225, 25.048883745186718 ], [ 121.579864149478865, 25.048803138009621 ] ] ] } },
{ "type": "Feature", "properties": { "z": 2.5, "countyname": "臺北市", "townname": "南港區" }, "geometry": { "type": "LineString", "coordinates": [ [ 121.579692440895784, 25.050557935389598 ], [ 121.579864149478865, 25.050491496881467 ], [ 121.579946868400697, 25.05045760920849 ], [ 121.580882077758389, 25.049283924810055 ], [ 121.580034812078225, 25.048883745186718 ] ] } },
{ "type": "Feature", "properties": { "z": 2.5, "countyname": "臺北市", "townname": "松山區" }, "geometry": { "type": "LineString", "coordinates": [ [ 121.578953270096818, 25.049484702284524 ], [ 121.578691882444645, 25.049695436002384 ], [ 121.578108885010053, 25.05045760920849 ], [ 121.578691882444645, 25.050945077427574 ], [ 121.579692440895784, 25.050557935389598 ] ] } },
{ "type": "Feature", "properties": { "z": 2.5, "countyname": "臺北市", "townname": "南港區" }, "geometry": { "type": "LineString", "coordinates": [ [ 121.589242285752661, 25.049006787544702 ], [ 121.589472875256774, 25.049283924810055 ], [ 121.589242285752661, 25.049791678015271 ], [ 121.589011696248548, 25.049283924810055 ], [ 121.589242285752661, 25.049006787544702 ] ] } },
{ "type": "Feature", "properties": { "z": 2.5, "countyname": "臺北市", "townname": "南港區" }, "geometry": { "type": "LineString", "coordinates": [ [ 121.623649103357536, 25.056794796076932 ], [ 121.623238029745167, 25.057109068356684 ], [ 121.622065762710932, 25.057404366307019 ], [ 121.620893495676711, 25.057324107311327 ], [ 121.61972122864249, 25.057029508022534 ], [ 121.619147793657632, 25.056326031200669 ], [ 121.619721228642504, 25.056001188985221 ], [ 121.620149222125875, 25.055152346802235 ], [ 121.620059997015616, 25.053978662403797 ], [ 121.620205376907109, 25.053175070743308 ] ] } },
{ "type": "Feature", "properties": { "z": 2.5, "countyname": "臺北市", "townname": "大同區" }, "geometry": { "type": "LineString", "coordinates": [ [ 121.513044928528089, 25.05030559770853 ], [ 121.512818993629992, 25.05045760920849 ], [ 121.513044928528089, 25.050530640826327 ], [ 121.51341672425599, 25.05045760920849 ], [ 121.513044928528089, 25.05030559770853 ] ] } },
{ "type": "Feature", "properties": { "z": 2.5, "countyname": "臺北市", "townname": "松山區" }, "geometry": { "type": "LineString", "coordinates": [ [ 121.552902007691728, 25.049995081661077 ], [ 121.552043052296114, 25.050457609208493 ], [ 121.552902007691713, 25.0508757784865 ], [ 121.554074274725934, 25.051416527853924 ], [ 121.554974501222432, 25.05045760920849 ], [ 121.554074274725934, 25.049941429295149 ], [ 121.552902007691713, 25.049995081661077 ] ] } },
{ "type": "Feature", "properties": { "z": 2.5, "countyname": "臺北市", "townname": "松山區" }, "geometry": { "type": "LineString", "coordinates": [ [ 121.556418808794376, 25.04953210586503 ], [ 121.55562479744809, 25.05045760920849 ], [ 121.556418808794376, 25.050962188429953 ], [ 121.556768453134794, 25.05045760920849 ], [ 121.556418808794376, 25.04953210586503 ] ] } },
{ "type": "Feature", "properties": { "z": 2.5, "countyname": "臺北市", "townname": "大同區" }, "geometry": { "type": "LineString", "coordinates": [ [ 121.511872661493854, 25.051603885326298 ], [ 121.511846610773418, 25.051631293606928 ], [ 121.511872661493854, 25.051643620612737 ], [ 121.511880400113384, 25.051631293606928 ], [ 121.511872661493854, 25.051603885326298 ] ] } },
{ "type": "Feature", "properties": { "z": 2.5, "countyname": "臺北市", "townname": "大同區" }, "geometry": { "type": "LineString", "coordinates": [ [ 121.518906263699208, 25.051187717500749 ], [ 121.517974946031416, 25.051631293606928 ], [ 121.518906263699208, 25.051754404426759 ], [ 121.519045624611365, 25.051631293606928 ], [ 121.518906263699208, 25.051187717500749 ] ] } },
{ "type": "Feature", "properties": { "z": 2.5, "countyname": "臺北市", "townname": "松山區" }, "geometry": { "type": "LineString", "coordinates": [ [ 121.547040672520581, 25.051274497176752 ], [ 121.546669339539136, 25.051631293606928 ], [ 121.547040672520581, 25.051953098656007 ], [ 121.547532064721352, 25.051631293606928 ], [ 121.547040672520581, 25.051274497176756 ] ] } },
{ "type": "Feature", "properties": { "z": 2.5, "countyname": "臺北市", "townname": "南港區" }, "geometry": { "type": "MultiLineString", "coordinates": [ [ [ 121.616204427539813, 25.051118583575175 ], [ 121.616885503351341, 25.051052354307345 ] ], [ [ 121.61782863088925, 25.051895865768014 ], [ 121.617581978475329, 25.052804978005362 ], [ 121.618130882634986, 25.053978662403797 ], [ 121.617376694574034, 25.054904870844457 ], [ 121.616204427539799, 25.054463056001282 ], [ 121.615587767913937, 25.055152346802235 ], [ 121.615032160505592, 25.055782410249464 ], [ 121.614513797278576, 25.056326031200669 ], [ 121.613859893471371, 25.057245664652381 ], [ 121.613157824968312, 25.057499715599107 ], [ 121.61268762643715, 25.057928833619815 ], [ 121.612474753074181, 25.057499715599107 ], [ 121.611637828767471, 25.056326031200669 ], [ 121.611515359402915, 25.056248070581546 ], [ 121.61141855648998, 25.056326031200669 ], [ 121.610343092368694, 25.056708153750009 ], [ 121.609773004010307, 25.056326031200669 ], [ 121.609472410406113, 25.055152346802235 ], [ 121.609884735651363, 25.053978662403797 ], [ 121.610343092368694, 25.053593465563214 ], [ 121.610628738605172, 25.053978662403797 ], [ 121.611515359402915, 25.054544076184403 ], [ 121.61268762643715, 25.054440623957376 ], [ 121.613859893471371, 25.054210138518535 ], [ 121.615032160505592, 25.054001549003285 ], [ 121.615061307952161, 25.053978662403797 ], [ 121.615032160505592, 25.053827411202494 ], [ 121.614917291884225, 25.052804978005362 ], [ 121.615032160505578, 25.052681400720822 ], [ 121.615767967265583, 25.051631293606928 ], [ 121.616204427539813, 25.051118583575175 ] ] ] } },
{ "type": "Feature", "properties": { "z": 2.5, "countyname": "臺北市", "townname": "中山區" }, "geometry": { "type": "LineString", "coordinates": [ [ 121.527112132938768, 25.052653492025762 ], [ 121.526261367030713, 25.052804978005362 ], [ 121.527112132938768, 25.053543172752114 ], [ 121.52729496493167, 25.052804978005362 ], [ 121.527112132938768, 25.052653492025762 ] ] } },
{ "type": "Feature", "properties": { "z": 2.5, "countyname": "臺北市", "townname": "中山區" }, "geometry": { "type": "LineString", "coordinates": [ [ 121.541179337349462, 25.051998908409786 ], [ 121.540813596918539, 25.052804978005362 ], [ 121.540007070315241, 25.053693979839139 ], [ 121.539244613819818, 25.053978662403797 ], [ 121.540007070315241, 25.054721314042865 ], [ 121.541179337349462, 25.054246860359854 ], [ 121.541337356653756, 25.053978662403797 ], [ 121.541679542694681, 25.052804978005362 ], [ 121.541179337349462, 25.051998908409789 ] ] } },
{ "type": "Feature", "properties": { "z": 2.5, "countyname": "臺北市", "townname": "松山區" }, "geometry": { "type": "LineString", "coordinates": [ [ 121.551729740657478, 25.052701390945703 ], [ 121.551666936429044, 25.052804978005362 ], [ 121.551729740657478, 25.052859786285392 ], [ 121.551789310202679, 25.052804978005362 ], [ 121.551729740657478, 25.052701390945707 ] ] } },
{ "type": "Feature", "properties": { "z": 2.5, "countyname": "臺北市", "townname": "松山區" }, "geometry": { "type": "LineString", "coordinates": [ [ 121.554074274725934, 25.052486301684002 ], [ 121.553991543416785, 25.052804978005362 ], [ 121.553907646214569, 25.053978662403797 ], [ 121.554074274725934, 25.054558156134057 ], [ 121.554589779237077, 25.053978662403797 ], [ 121.554119384164849, 25.052804978005362 ], [ 121.554074274725934, 25.052486301684006 ] ] } },
{ "type": "Feature", "properties": { "z": 2.5, "countyname": "臺北市", "townname": "南港區" }, "geometry": { "type": "LineString", "coordinates": [ [ 121.603309490163355, 25.052689751181532 ], [ 121.604481757197576, 25.052149032070876 ], [ 121.605654024231796, 25.051962887352857 ], [ 121.606826291266017, 25.052192311306701 ], [ 121.607498033768991, 25.052804978005362 ], [ 121.607279744061202, 25.053978662403797 ], [ 121.607998558300238, 25.054948192681834 ], [ 121.608283261614403, 25.055152346802235 ], [ 121.607998558300253, 25.055365457579143 ], [ 121.607221841300174, 25.056326031200669 ], [ 121.606826291266003, 25.056859492174329 ], [ 121.606489389629715, 25.057499715599107 ], [ 121.605654024231796, 25.058110946906194 ], [ 121.604751278129768, 25.057499715599107 ], [ 121.604510248944862, 25.056326031200669 ], [ 121.604481757197576, 25.056114012128674 ], [ 121.604187347764338, 25.055152346802235 ], [ 121.604481757197576, 25.05481062515647 ], [ 121.605124796784608, 25.053978662403797 ], [ 121.604481757197576, 25.05356444006344 ], [ 121.603309490163355, 25.052987698998429 ], [ 121.60320821444239, 25.052804978005362 ], [ 121.603309490163355, 25.052689751181532 ] ] } },
{ "type": "Feature", "properties": { "z": 2.5, "countyname": "臺北市", "townname": "大同區" }, "geometry": { "type": "LineString", "coordinates": [ [ 121.517733996664987, 25.05314853539976 ], [ 121.517002700603328, 25.053978662403797 ], [ 121.517733996664987, 25.05434356062803 ], [ 121.518227017966694, 25.053978662403797 ], [ 121.517733996664987, 25.05314853539976 ] ] } },
{ "type": "Feature", "properties": { "z": 2.5, "countyname": "臺北市", "townname": "中山區" }, "geometry": { "type": "LineString", "coordinates": [ [ 121.528284399972989, 25.053637108623303 ], [ 121.52735813531153, 25.053978662403797 ], [ 121.528284399973003, 25.054347411037021 ], [ 121.529456667007224, 25.054182595118586 ], [ 121.529656649123254, 25.053978662403797 ], [ 121.529456667007224, 25.053321738051757 ], [ 121.528284399973003, 25.053637108623303 ] ] } },
{ "type": "Feature", "properties": { "z": 2.5, "countyname": "臺北市", "townname": "松山區" }, "geometry": { "type": "LineString", "coordinates": [ [ 121.56345241099973, 25.053093367614153 ], [ 121.564490786928019, 25.053978662403797 ], [ 121.56345241099973, 25.055084341412723 ], [ 121.562446771760222, 25.055152346802235 ], [ 121.562280143965495, 25.055206148113157 ], [ 121.56209733919134, 25.055152346802235 ], [ 121.562280143965495, 25.055104126939334 ], [ 121.562505401649133, 25.053978662403797 ], [ 121.56345241099973, 25.053093367614153 ] ] } },
{ "type": "Feature", "properties": { "z": 2.5, "countyname": "臺北市", "townname": "中山區" }, "geometry": { "type": "LineString", "coordinates": [ [ 121.534145735144122, 25.055121074324898 ], [ 121.534084669772994, 25.055152346802235 ], [ 121.533945578340322, 25.056326031200669 ], [ 121.534145735144122, 25.056910541480338 ], [ 121.534484470252522, 25.057499715599107 ], [ 121.535318002178343, 25.058387254370171 ], [ 121.536490269212564, 25.057894138006038 ], [ 121.536706079599142, 25.057499715599107 ], [ 121.536490269212564, 25.05719572816631 ], [ 121.535908174343959, 25.056326031200665 ], [ 121.53590088546423, 25.055152346802235 ], [ 121.535318002178343, 25.054810212931947 ], [ 121.534145735144122, 25.055121074324894 ] ] } },
{ "type": "Feature", "properties": { "z": 2.5, "countyname": "臺北市", "townname": "內湖區" }, "geometry": { "type": "LineString", "coordinates": [ [ 121.57986414947888, 25.054889912984578 ], [ 121.581036416513086, 25.054777103417614 ], [ 121.581414340053215, 25.055152346802235 ], [ 121.581036416513086, 25.055527590186855 ], [ 121.579864149478865, 25.055401656976493 ], [ 121.579546455908968, 25.055152346802235 ], [ 121.57986414947888, 25.054889912984578 ] ] } },
{ "type": "Feature", "properties": { "z": 2.5, "countyname": "臺北市", "townname": "南港區" }, "geometry": { "type": "LineString", "coordinates": [ [ 121.596275887958001, 25.054724196649556 ], [ 121.596514946813471, 25.055152346802235 ], [ 121.596275887958001, 25.055522947288882 ], [ 121.595985907155821, 25.055152346802231 ], [ 121.596275887958001, 25.054724196649556 ] ] } },
{ "type": "Feature", "properties": { "z": 2.5, "countyname": "臺北市", "townname": "大同區" }, "geometry": { "type": "LineString", "coordinates": [ [ 121.516561729630752, 25.05536976596601 ], [ 121.516249170413715, 25.056326031200669 ], [ 121.516561729630752, 25.057250848475729 ], [ 121.517071117024045, 25.056326031200669 ], [ 121.516561729630752, 25.05536976596601 ] ] } },
{ "type": "Feature", "properties": { "z": 2.5, "countyname": "臺北市", "townname": "中山區" }, "geometry": { "type": "LineString", "coordinates": [ [ 121.537662536246785, 25.055919024297459 ], [ 121.537070307711261, 25.056326031200669 ], [ 121.537662536246799, 25.056792293635155 ], [ 121.538034155840322, 25.056326031200669 ], [ 121.537662536246799, 25.055919024297463 ] ] } },
{ "type": "Feature", "properties": { "z": 2.5, "countyname": "臺北市", "townname": "內湖區" }, "geometry": { "type": "LineString", "coordinates": [ [ 121.576347348376189, 25.056062430351663 ], [ 121.577519615410409, 25.055790954567044 ], [ 121.577971395418103, 25.056326031200669 ], [ 121.577519615410409, 25.056932634229952 ], [ 121.577263465235205, 25.057499715599107 ], [ 121.576347348376189, 25.058628030847519 ], [ 121.575883605097218, 25.058673399997542 ], [ 121.575359539158612, 25.059847084395976 ], [ 121.575773986907151, 25.061020768794414 ], [ 121.575175081341968, 25.061836687483499 ], [ 121.574627357666671, 25.061020768794414 ], [ 121.574842440016198, 25.05984708439598 ], [ 121.574002814307761, 25.058743209749167 ], [ 121.573546732576375, 25.058673399997542 ], [ 121.574002814307747, 25.05862176169266 ], [ 121.575175081341953, 25.058563764889531 ], [ 121.575612954369845, 25.057499715599107 ], [ 121.576085146868863, 25.056326031200669 ], [ 121.576347348376189, 25.056062430351663 ] ] } },
{ "type": "Feature", "properties": { "z": 2.5, "countyname": "臺北市", "townname": "內湖區" }, "geometry": { "type": "LineString", "coordinates": [ [ 121.583380950581542, 25.055708785851117 ], [ 121.584553217615763, 25.055811241150916 ], [ 121.585151732494637, 25.056326031200669 ], [ 121.585725484649984, 25.05696427453746 ], [ 121.586319567237695, 25.057499715599107 ], [ 121.586897751684191, 25.058113083322816 ], [ 121.58807001871844, 25.058652156145683 ], [ 121.588094532913573, 25.058673399997542 ], [ 121.589242285752661, 25.059619133055662 ], [ 121.589776577918968, 25.059847084395976 ], [ 121.589242285752661, 25.060055280062375 ], [ 121.58807001871844, 25.060323372836059 ], [ 121.587731891168133, 25.061020768794414 ], [ 121.586897751684205, 25.061932082793994 ], [ 121.585725484649984, 25.061427570477292 ], [ 121.585230308786024, 25.061020768794418 ], [ 121.584553217615763, 25.059990033500995 ], [ 121.584385597351684, 25.05984708439598 ], [ 121.583600059953284, 25.058673399997542 ], [ 121.583380950581542, 25.05857000156664 ], [ 121.582703616042224, 25.057499715599107 ], [ 121.582731088336402, 25.056326031200669 ], [ 121.583380950581542, 25.055708785851117 ] ] } },
{ "type": "Feature", "properties": { "z": 2.5, "countyname": "臺北市", "townname": "南港區" }, "geometry": { "type": "LineString", "coordinates": [ [ 121.603309490163355, 25.056122494830134 ], [ 121.604176275001308, 25.056326031200669 ], [ 121.603309490163369, 25.056726873048071 ], [ 121.603061074117363, 25.056326031200669 ], [ 121.603309490163355, 25.056122494830134 ] ] } },
{ "type": "Feature", "properties": { "z": 2.5, "countyname": "臺北市", "townname": "南港區" }, "geometry": { "type": "LineString", "coordinates": [ [ 121.617376694574034, 25.055673526844 ], [ 121.61809380267978, 25.056326031200669 ], [ 121.618548961608269, 25.057104054999417 ], [ 121.619067984469865, 25.057499715599107 ], [ 121.619721228642504, 25.058537211671776 ], [ 121.619859794964071, 25.058673399997542 ], [ 121.61972122864249, 25.058731972821207 ], [ 121.618548961608269, 25.059108628657413 ], [ 121.618237208373102, 25.058673399997542 ], [ 121.618157575841025, 25.057499715599107 ], [ 121.617376694574034, 25.057039949562689 ], [ 121.616621997783668, 25.057499715599107 ], [ 121.616204427539799, 25.057728806694222 ], [ 121.615464309718661, 25.057499715599107 ], [ 121.616204427539813, 25.056875210074896 ], [ 121.616484113460899, 25.056326031200669 ], [ 121.617376694574034, 25.055673526844 ] ] } },
{ "type": "Feature", "properties": { "z": 2.5, "countyname": "臺北市", "townname": "中山區" }, "geometry": { "type": "LineString", "coordinates": [ [ 121.528284399973003, 25.057271325861159 ], [ 121.527669062412031, 25.057499715599103 ], [ 121.527112132938768, 25.05765795710612 ], [ 121.526083188246602, 25.058673399997538 ], [ 121.527112132938768, 25.059653995235905 ], [ 121.528138907406245, 25.058673399997542 ], [ 121.528284399973018, 25.058143544073275 ], [ 121.528557769881971, 25.057499715599107 ], [ 121.528284399973003, 25.057271325861162 ] ] } },
{ "type": "Feature", "properties": { "z": 2.5, "countyname": "臺北市", "townname": "中山區" }, "geometry": { "type": "LineString", "coordinates": [ [ 121.541179337349462, 25.057179234746599 ], [ 121.540730502724983, 25.057499715599107 ], [ 121.540725052359647, 25.058673399997542 ], [ 121.541179337349462, 25.059001887087888 ], [ 121.542351604383683, 25.058784998149498 ], [ 121.543523871417918, 25.058764737289309 ], [ 121.54363876490406, 25.058673399997542 ], [ 121.543651573547479, 25.057499715599107 ], [ 121.543523871417918, 25.057485257049283 ], [ 121.542351604383683, 25.057272727682825 ], [ 121.541179337349462, 25.057179234746599 ] ] } },
{ "type": "Feature", "properties": { "z": 2.5, "countyname": "臺北市", "townname": "南港區" }, "geometry": { "type": "LineString", "coordinates": [ [ 121.600964956094899, 25.057355507120938 ], [ 121.60213722312912, 25.057470081869262 ], [ 121.60219300564232, 25.057499715599107 ], [ 121.60213722312912, 25.057539540632213 ], [ 121.600964956094899, 25.057615999748382 ], [ 121.600875606029533, 25.057499715599107 ], [ 121.600964956094899, 25.057355507120938 ] ] } },
{ "type": "Feature", "properties": { "z": 2.5, "countyname": "臺北市", "townname": "大同區" }, "geometry": { "type": "LineString", "coordinates": [ [ 121.513044928528089, 25.058254761247213 ], [ 121.512920761779242, 25.058673399997542 ], [ 121.512936264008459, 25.059847084395976 ], [ 121.511872661493854, 25.060534571480847 ], [ 121.510700394459633, 25.060944654301842 ], [ 121.510665762476748, 25.061020768794414 ], [ 121.510700394459633, 25.061041804980732 ], [ 121.511872661493854, 25.061682089825112 ], [ 121.513044928528075, 25.061968080477723 ], [ 121.51421719556231, 25.061120515533677 ], [ 121.514338197424067, 25.061020768794414 ], [ 121.51421719556231, 25.060968023852784 ], [ 121.513148341083124, 25.059847084395976 ], [ 121.5133913671946, 25.058673399997542 ], [ 121.513044928528089, 25.058254761247213 ] ] } },
{ "type": "Feature", "properties": { "z": 2.5, "countyname": "臺北市", "townname": "中山區" }, "geometry": { "type": "LineString", "coordinates": [ [ 121.521250797767649, 25.058541839695359 ], [ 121.52104558761684, 25.058673399997542 ], [ 121.521250797767649, 25.058829399843919 ], [ 121.522423064801885, 25.058722911171049 ], [ 121.523595331836106, 25.058726682815841 ], [ 121.523703757996088, 25.058673399997542 ], [ 121.523595331836106, 25.0586459358517 ], [ 121.522423064801885, 25.058626563833524 ], [ 121.521250797767649, 25.058541839695362 ] ] } },
{ "type": "Feature", "properties": { "z": 2.5, "countyname": "臺北市", "townname": "中山區" }, "geometry": { "type": "LineString", "coordinates": [ [ 121.532973468109901, 25.058592232334675 ], [ 121.532618587350385, 25.058673399997542 ], [ 121.532973468109901, 25.058797200190007 ], [ 121.533059766004001, 25.058673399997542 ], [ 121.532973468109901, 25.058592232334675 ] ] } },
{ "type": "Feature", "properties": { "z": 2.5, "countyname": "臺北市", "townname": "松山區" }, "geometry": { "type": "LineString", "coordinates": [ [ 121.564624678033951, 25.058594315505232 ], [ 121.564044492728996, 25.058673399997542 ], [ 121.56345241099973, 25.058818238007976 ], [ 121.562280143965495, 25.059067358599421 ], [ 121.561107876931274, 25.059748130769417 ], [ 121.560873631677552, 25.059847084395976 ], [ 121.561107876931274, 25.060028889127121 ], [ 121.562280143965495, 25.059890736813998 ], [ 121.56345241099973, 25.060173060202267 ], [ 121.564624678033951, 25.060347952224095 ], [ 121.564964334150659, 25.059847084395976 ], [ 121.564697247935371, 25.058673399997542 ], [ 121.564624678033951, 25.058594315505232 ] ] } },
{ "type": "Feature", "properties": { "z": 2.5, "countyname": "臺北市", "townname": "內湖區" }, "geometry": { "type": "LineString", "coordinates": [ [ 121.579864149478865, 25.058417208311599 ], [ 121.580120031782712, 25.058673399997538 ], [ 121.581036416513086, 25.059502931867748 ], [ 121.581391548454221, 25.059847084395976 ], [ 121.581036416513086, 25.060220555574428 ], [ 121.580113686345953, 25.061020768794414 ], [ 121.579864149478865, 25.06140330406684 ], [ 121.578691882444645, 25.061193208250415 ], [ 121.578512433252087, 25.06102076879441 ], [ 121.577984600374037, 25.059847084395976 ], [ 121.578691882444645, 25.059214426966268 ], [ 121.579608267175004, 25.058673399997538 ], [ 121.579864149478865, 25.058417208311599 ] ] } },
{ "type": "Feature", "properties": { "z": 2.5, "countyname": "臺北市", "townname": "松山區" }, "geometry": { "type": "LineString", "coordinates": [ [ 121.552902007691713, 25.059112997133383 ], [ 121.553907387199473, 25.059847084395976 ], [ 121.552902007691713, 25.060359785066296 ], [ 121.552609627473714, 25.059847084395976 ], [ 121.552902007691713, 25.059112997133383 ] ] } },
{ "type": "Feature", "properties": { "z": 2.5, "countyname": "臺北市", "townname": "內湖區" }, "geometry": { "type": "LineString", "coordinates": [ [ 121.591586819821103, 25.059815319962055 ], [ 121.591630678905886, 25.059847084395976 ], [ 121.591586819821089, 25.059912749549444 ], [ 121.591444832364203, 25.059847084395976 ], [ 121.591586819821103, 25.059815319962055 ] ] } },
{ "type": "Feature", "properties": { "z": 2.5, "countyname": "臺北市", "townname": "南港區" }, "geometry": { "type": "LineString", "coordinates": [ [ 121.617376694574034, 25.05926676822504 ], [ 121.618096529995711, 25.059847084395976 ], [ 121.617376694574034, 25.06049993011554 ], [ 121.616690431879647, 25.059847084395976 ], [ 121.617376694574034, 25.05926676822504 ] ] } },
{ "type": "Feature", "properties": { "z": 2.5, "countyname": "臺北市", "townname": "中山區" }, "geometry": { "type": "LineString", "coordinates": [ [ 121.527112132938768, 25.060324807556142 ], [ 121.52660983959224, 25.061020768794414 ], [ 121.526848543691031, 25.062194453192848 ], [ 121.527112132938768, 25.06241384718162 ], [ 121.527232296582724, 25.062194453192848 ], [ 121.527486422716237, 25.061020768794414 ], [ 121.527112132938768, 25.060324807556142 ] ] } },
{ "type": "Feature", "properties": { "z": 2.5, "countyname": "臺北市", "townname": "松山區" }, "geometry": { "type": "LineString", "coordinates": [ [ 121.556418808794376, 25.061001901182305 ], [ 121.556663701952672, 25.061020768794414 ], [ 121.556418808794376, 25.061057053832606 ], [ 121.556397770617806, 25.06102076879441 ], [ 121.556418808794376, 25.061001901182305 ] ] } },
{ "type": "Feature", "properties": { "z": 2.5, "countyname": "臺北市", "townname": "內湖區" }, "geometry": { "type": "LineString", "coordinates": [ [ 121.583380950581542, 25.0605551730374 ], [ 121.583795236972136, 25.061020768794414 ], [ 121.583380950581542, 25.06133693489662 ], [ 121.583001097049234, 25.061020768794414 ], [ 121.583380950581542, 25.0605551730374 ] ] } },
{ "type": "Feature", "properties": { "z": 2.5, "countyname": "臺北市", "townname": "南港區" }, "geometry": { "type": "LineString", "coordinates": [ [ 121.61268762643715, 25.060518159370499 ], [ 121.612980693195709, 25.061020768794414 ], [ 121.612687626437136, 25.061435986776043 ], [ 121.612394559678592, 25.061020768794414 ], [ 121.61268762643715, 25.060518159370499 ] ] } },
{ "type": "Feature", "properties": { "z": 2.5, "countyname": "臺北市", "townname": "中山區" }, "geometry": { "type": "MultiLineString", "coordinates": [ [ [ 121.522423064801899, 25.061988201035675 ], [ 121.522302957065946, 25.062194453192848 ], [ 121.522423064801885, 25.062328317032595 ], [ 121.523595331836106, 25.062226645444984 ], [ 121.523696667308954, 25.062194453192848 ], [ 121.523595331836106, 25.062128961661955 ], [ 121.522423064801899, 25.061988201035675 ] ], [ [ 121.522423064801899, 25.061988201035675 ], [ 121.522423064801885, 25.061988201035675 ] ] ] } },
{ "type": "Feature", "properties": { "z": 2.5, "countyname": "臺北市", "townname": "中山區" }, "geometry": { "type": "LineString", "coordinates": [ [ 121.532973468109901, 25.062070331108846 ], [ 121.532881403568382, 25.062194453192848 ], [ 121.532973468109901, 25.06251862258031 ], [ 121.533297246024077, 25.062194453192848 ], [ 121.532973468109901, 25.062070331108849 ] ] } },
{ "type": "Feature", "properties": { "z": 2.5, "countyname": "臺北市", "townname": "中山區" }, "geometry": { "type": "LineString", "coordinates": [ [ 121.544305255136592, 25.065576196199036 ], [ 121.54416068622794, 25.065715506388155 ], [ 121.543523871417918, 25.066305912769685 ], [ 121.542686850203765, 25.065715506388155 ], [ 121.543523871417918, 25.065107156251209 ], [ 121.54406826361884, 25.064541821989721 ], [ 121.543545358508283, 25.063368137591283 ], [ 121.544264399083005, 25.062197391838108 ] ] } },
{ "type": "Feature", "properties": { "z": 2.5, "countyname": "臺北市", "townname": "松山區" }, "geometry": { "type": "MultiLineString", "coordinates": [ [ [ 121.544696138452139, 25.061810335070945 ], [ 121.545112480295188, 25.062194453192848 ], [ 121.545590331892242, 25.063368137591283 ], [ 121.545486639279829, 25.064541821989721 ], [ 121.544696138452139, 25.065199531332983 ], [ 121.544305255136592, 25.065576196199036 ] ], [ [ 121.544264399083005, 25.062197391838108 ], [ 121.544266203919946, 25.062194453192848 ], [ 121.544696138452139, 25.061810335070945 ] ] ] } },
{ "type": "Feature", "properties": { "z": 2.5, "countyname": "臺北市", "townname": "內湖區" }, "geometry": { "type": "LineString", "coordinates": [ [ 121.576347348376189, 25.062059149008576 ], [ 121.576442757776263, 25.062194453192845 ], [ 121.576373563155897, 25.063368137591283 ], [ 121.576347348376189, 25.063381860263906 ], [ 121.575175081341968, 25.063760611189132 ], [ 121.574915569334607, 25.063368137591283 ], [ 121.575175081341968, 25.062848553005619 ], [ 121.576087710761001, 25.062194453192848 ], [ 121.576347348376189, 25.062059149008576 ] ] } },
{ "type": "Feature", "properties": { "z": 2.5, "countyname": "臺北市", "townname": "大同區" }, "geometry": { "type": "LineString", "coordinates": [ [ 121.513044928528089, 25.062626253169498 ], [ 121.512657717499039, 25.063368137591283 ], [ 121.512744053505529, 25.064541821989721 ], [ 121.513044928528089, 25.064710962720305 ], [ 121.513359489055318, 25.064541821989721 ], [ 121.51421719556231, 25.063857079270143 ], [ 121.514803329079427, 25.063368137591283 ], [ 121.51421719556231, 25.062970314128926 ], [ 121.513044928528089, 25.062626253169498 ] ] } },
{ "type": "Feature", "properties": { "z": 2.5, "countyname": "臺北市", "townname": "中山區" }, "geometry": { "type": "LineString", "coordinates": [ [ 121.525939865904547, 25.062946941015738 ], [ 121.525546019772449, 25.063368137591283 ], [ 121.525939865904547, 25.063580089180753 ], [ 121.526300100328214, 25.063368137591283 ], [ 121.525939865904547, 25.062946941015738 ] ] } },
{ "type": "Feature", "properties": { "z": 2.5, "countyname": "臺北市", "townname": "松山區" }, "geometry": { "type": "LineString", "coordinates": [ [ 121.548212939554816, 25.063296355215105 ], [ 121.54826124201756, 25.063368137591283 ], [ 121.54821293955483, 25.063406465211191 ], [ 121.54817357811649, 25.063368137591283 ], [ 121.548212939554816, 25.063296355215105 ] ] } },
{ "type": "Feature", "properties": { "z": 2.5, "countyname": "臺北市", "townname": "內湖區" }, "geometry": { "type": "LineString", "coordinates": [ [ 121.585725484649984, 25.06299387558861 ], [ 121.586897751684205, 25.062724717658142 ], [ 121.58807001871844, 25.06314673747907 ], [ 121.5883315388906, 25.063368137591283 ], [ 121.588070018718454, 25.063850394930164 ], [ 121.586897751684205, 25.064044586997746 ], [ 121.585901565199663, 25.064541821989721 ], [ 121.585725484649984, 25.064738733079214 ], [ 121.585500920966041, 25.064541821989717 ], [ 121.585094839501309, 25.063368137591283 ], [ 121.585725484649984, 25.06299387558861 ] ] } },
{ "type": "Feature", "properties": { "z": 2.5, "countyname": "臺北市", "townname": "南港區" }, "geometry": { "type": "LineString", "coordinates": [ [ 121.613859893471371, 25.063168203286839 ], [ 121.614863736205891, 25.063368137591283 ], [ 121.613859893471371, 25.063958447973629 ], [ 121.613559992275484, 25.063368137591283 ], [ 121.613859893471371, 25.063168203286839 ] ] } },
{ "type": "Feature", "properties": { "z": 2.5, "countyname": "臺北市", "townname": "內湖區" }, "geometry": { "type": "LineString", "coordinates": [ [ 121.589242285752661, 25.064305249861022 ], [ 121.58952679664047, 25.064541821989721 ], [ 121.590414552786882, 25.065016806592897 ], [ 121.591277725951429, 25.065715506388155 ], [ 121.590848844203094, 25.066889190786586 ], [ 121.590414552786882, 25.067821314046707 ], [ 121.589719153535057, 25.06688919078659 ], [ 121.589604797501906, 25.065715506388155 ], [ 121.589242285752675, 25.064926029139372 ], [ 121.588796693897876, 25.064541821989721 ], [ 121.589242285752661, 25.064305249861022 ] ] } },
{ "type": "Feature", "properties": { "z": 2.5, "countyname": "臺北市", "townname": "中山區" }, "geometry": { "type": "LineString", "coordinates": [ [ 121.527112132938768, 25.065434820170079 ], [ 121.526776817218007, 25.065715506388155 ], [ 121.527112132938768, 25.06612611791072 ], [ 121.527629966287805, 25.065715506388155 ], [ 121.527112132938768, 25.065434820170083 ] ] } },
{ "type": "Feature", "properties": { "z": 2.5, "countyname": "臺北市", "townname": "大同區" }, "geometry": { "type": "LineString", "coordinates": [ [ 121.511872661493854, 25.066008922657687 ], [ 121.511284778022628, 25.066889190786593 ], [ 121.511872661493868, 25.067838988604311 ], [ 121.513044928528089, 25.066916245380302 ], [ 121.513151226089562, 25.06688919078659 ], [ 121.513044928528089, 25.066868494604872 ], [ 121.511872661493854, 25.066008922657687 ] ] } },
{ "type": "Feature", "properties": { "z": 2.5, "countyname": "臺北市", "townname": "中山區" }, "geometry": { "type": "LineString", "coordinates": [ [ 121.524767598870326, 25.066842283848739 ], [ 121.524678132924677, 25.06688919078659 ], [ 121.524767598870326, 25.066947317351097 ], [ 121.524814449162449, 25.06688919078659 ], [ 121.524767598870326, 25.066842283848739 ] ] } },
{ "type": "Feature", "properties": { "z": 2.5, "countyname": "臺北市", "townname": "中山區" }, "geometry": { "type": "LineString", "coordinates": [ [ 121.534145735144122, 25.065801806881336 ], [ 121.534897673524071, 25.06688919078659 ], [ 121.534145735144122, 25.067726845871395 ], [ 121.533042749039623, 25.06688919078659 ], [ 121.534145735144122, 25.065801806881336 ] ] } },
{ "type": "Feature", "properties": { "z": 2.5, "countyname": "臺北市", "townname": "內湖區" }, "geometry": { "type": "LineString", "coordinates": [ [ 121.599792689060678, 25.066092706749252 ], [ 121.600518783140586, 25.06688919078659 ], [ 121.600054820527433, 25.068062875185028 ], [ 121.599792689060678, 25.068518323962699 ], [ 121.598620422026457, 25.068552410410579 ], [ 121.597705076599041, 25.068062875185028 ], [ 121.598620422026457, 25.067539887933361 ], [ 121.598858976582335, 25.06688919078659 ], [ 121.599792689060678, 25.066092706749252 ] ] } },
{ "type": "Feature", "properties": { "z": 2.5, "countyname": "臺北市", "townname": "內湖區" }, "geometry": { "type": "MultiLineString", "coordinates": [ [ [ 121.611515359402929, 25.066648401219695 ], [ 121.611755858187635, 25.06688919078659 ], [ 121.61268762643715, 25.067335963828349 ], [ 121.613859893471371, 25.067928385874808 ], [ 121.614916845048995, 25.06688919078659 ], [ 121.615032160505592, 25.06676297464012 ], [ 121.616204427539813, 25.066535132339606 ], [ 121.616487184922846, 25.06688919078659 ], [ 121.617376694574034, 25.067611501285786 ], [ 121.617567903142671, 25.067476346617994 ] ], [ [ 121.618975409104095, 25.068086728974272 ], [ 121.619319547362622, 25.069236559583462 ], [ 121.61972122864249, 25.070376443415196 ], [ 121.619774416497648, 25.070410243981897 ], [ 121.61972122864249, 25.070444044548601 ], [ 121.619164004863947, 25.071583928380335 ], [ 121.619444104991686, 25.072757612778769 ], [ 121.61972122864249, 25.073511921029013 ], [ 121.620053562931687, 25.073931297177204 ], [ 121.619721228642476, 25.074289735174251 ], [ 121.618548961608269, 25.07398195881332 ], [ 121.618349460316793, 25.073931297177204 ], [ 121.617730128797163, 25.072757612778769 ], [ 121.617727286902124, 25.071583928380335 ], [ 121.617376694574034, 25.07055121667311 ], [ 121.616204427539813, 25.071538986150603 ], [ 121.615032160505592, 25.070680035622196 ], [ 121.613859893471371, 25.070851517583865 ], [ 121.613507110445369, 25.071583928380335 ], [ 121.612906342253211, 25.072757612778769 ], [ 121.61268762643715, 25.072926099691266 ], [ 121.611515359402915, 25.072946037584384 ], [ 121.610343092368694, 25.073732853877832 ], [ 121.609170825334473, 25.073419196486501 ], [ 121.607998558300253, 25.07296353824476 ], [ 121.607697816805299, 25.073931297177204 ], [ 121.606826291266017, 25.074664445818851 ], [ 121.605654024231796, 25.074683914755035 ], [ 121.604481757197576, 25.074633040951273 ], [ 121.603344336892704, 25.075104981575645 ], [ 121.603309490163355, 25.075171831258569 ], [ 121.60213722312912, 25.076086901444615 ], [ 121.601253194855104, 25.075104981575642 ], [ 121.60213722312912, 25.074829452036361 ], [ 121.602791780625552, 25.073931297177207 ], [ 121.602439119692505, 25.072757612778769 ], [ 121.603309490163355, 25.072131353788794 ], [ 121.604481757197576, 25.071602416875816 ], [ 121.604592942273143, 25.071583928380335 ], [ 121.605616093907145, 25.070410243981897 ], [ 121.605654024231796, 25.070382896318669 ], [ 121.605672810190228, 25.070410243981897 ], [ 121.606826291266017, 25.070835598303447 ], [ 121.607627092674846, 25.070410243981897 ], [ 121.607998558300253, 25.070038329224964 ], [ 121.609170825334473, 25.069597820065244 ], [ 121.609964029618936, 25.070410243981897 ], [ 121.610343092368694, 25.070992965664189 ], [ 121.610720951725853, 25.070410243981897 ], [ 121.610930126261678, 25.069236559583462 ], [ 121.611515359402915, 25.068399895731616 ], [ 121.611747419326875, 25.068062875185028 ], [ 121.611515359402915, 25.067348406711371 ], [ 121.611274860618209, 25.06688919078659 ], [ 121.611515359402929, 25.066648401219695 ] ] ] } },
{ "type": "Feature", "properties": { "z": 2.5, "countyname": "臺北市", "townname": "內湖區" }, "geometry": { "type": "LineString", "coordinates": [ [ 121.584553217615749, 25.06769693806147 ], [ 121.585725484649984, 25.067249210115609 ], [ 121.586577287044335, 25.068062875185028 ], [ 121.586897751684205, 25.068565706273802 ], [ 121.587680299438063, 25.069236559583462 ], [ 121.586897751684205, 25.069791174454895 ], [ 121.585725484649984, 25.069970496089329 ], [ 121.584553217615763, 25.069768243778704 ], [ 121.583380950581528, 25.069769963324291 ], [ 121.582799915226758, 25.069236559583462 ], [ 121.583380950581542, 25.068479682750162 ], [ 121.583973188363714, 25.068062875185028 ], [ 121.584553217615749, 25.06769693806147 ] ] } },
{ "type": "Feature", "properties": { "z": 2.5, "countyname": "臺北市", "townname": "內湖區" }, "geometry": { "type": "LineString", "coordinates": [ [ 121.58807001871844, 25.067943302079257 ], [ 121.589117863376103, 25.068062875185028 ], [ 121.58807001871844, 25.068234408606241 ], [ 121.587950314338727, 25.068062875185031 ], [ 121.58807001871844, 25.067943302079257 ] ] } },
{ "type": "Feature", "properties": { "z": 2.5, "countyname": "臺北市", "townname": "內湖區" }, "geometry": { "type": "LineString", "coordinates": [ [ 121.592759086855338, 25.067635773487087 ], [ 121.593139478832811, 25.068062875185028 ], [ 121.593931353889559, 25.068571053105934 ], [ 121.594977130200547, 25.068062875185028 ], [ 121.59510362092378, 25.067723122750682 ], [ 121.595166840547677, 25.068062875185028 ], [ 121.59510362092378, 25.068540181060591 ], [ 121.594964414925087, 25.069236559583462 ], [ 121.594623812892223, 25.070410243981897 ], [ 121.593931353889559, 25.071146183822655 ], [ 121.59343291031135, 25.071583928380335 ], [ 121.592873829853559, 25.072757612778773 ], [ 121.592759086855352, 25.072872494510403 ], [ 121.592415893962965, 25.072757612778769 ], [ 121.591586819821089, 25.072035967335513 ], [ 121.590836999530893, 25.071583928380335 ], [ 121.590414552786882, 25.071128635436718 ], [ 121.590184344706429, 25.070410243981897 ], [ 121.590144096449222, 25.069236559583462 ], [ 121.590414552786882, 25.068661517577624 ], [ 121.590697960408008, 25.069236559583462 ], [ 121.591586819821103, 25.069472019641172 ], [ 121.591760099529338, 25.069236559583462 ], [ 121.591646496394233, 25.068062875185028 ], [ 121.592759086855338, 25.067635773487087 ] ] } },
{ "type": "Feature", "properties": { "z": 2.5, "countyname": "臺北市", "townname": "內湖區" }, "geometry": { "type": "LineString", "coordinates": [ [ 121.616204427539799, 25.069000245177413 ], [ 121.615990428767503, 25.069236559583462 ], [ 121.616204427539813, 25.069654747470626 ], [ 121.616447299665907, 25.069236559583462 ], [ 121.616204427539813, 25.069000245177413 ] ] } },
{ "type": "Feature", "properties": { "z": 2.5, "countyname": "臺北市", "townname": "大同區" }, "geometry": { "type": "LineString", "coordinates": [ [ 121.515389462596531, 25.070348644894555 ], [ 121.515270371544091, 25.070410243981897 ], [ 121.515389462596531, 25.070454143579248 ], [ 121.51552117490067, 25.070410243981897 ], [ 121.515389462596531, 25.070348644894555 ] ] } },
{ "type": "Feature", "properties": { "z": 2.5, "countyname": "臺北市", "townname": "中山區" }, "geometry": { "type": "LineString", "coordinates": [ [ 121.521250797767649, 25.069744887037476 ], [ 121.520842961406004, 25.070410243981897 ], [ 121.521250797767649, 25.071508714734975 ], [ 121.522203930736168, 25.070410243981897 ], [ 121.521250797767649, 25.069744887037476 ] ] } },
{ "type": "Feature", "properties": { "z": 2.5, "countyname": "臺北市", "townname": "內湖區" }, "geometry": { "type": "LineString", "coordinates": [ [ 121.579864149478865, 25.070290625159533 ], [ 121.580265204236028, 25.070410243981897 ], [ 121.579864149478865, 25.070573849356798 ], [ 121.579700046129474, 25.0704102439819 ], [ 121.579864149478865, 25.070290625159533 ] ] } },
{ "type": "Feature", "properties": { "z": 2.5, "countyname": "臺北市", "townname": "內湖區" }, "geometry": { "type": "LineString", "coordinates": [ [ 121.577519615410409, 25.070943409729377 ], [ 121.577892554335421, 25.071583928380335 ], [ 121.578691882444645, 25.072266734234841 ], [ 121.579108744999573, 25.072757612778769 ], [ 121.579864149478865, 25.073286235559408 ], [ 121.581036416513086, 25.073056429015708 ], [ 121.582208683547307, 25.073386360117382 ], [ 121.582361576523624, 25.073931297177204 ], [ 121.582208683547307, 25.074773143821307 ], [ 121.581036416513086, 25.074179542021074 ], [ 121.580237361260913, 25.075104981575645 ], [ 121.580942284426143, 25.076278665974076 ], [ 121.581036416513086, 25.077282702717511 ], [ 121.582208683547307, 25.076671326012789 ], [ 121.583380950581542, 25.076807857609172 ], [ 121.5843979664659, 25.076278665974076 ], [ 121.584553217615763, 25.07608378247058 ], [ 121.585725484649984, 25.076116428426829 ], [ 121.585747109349029, 25.076278665974076 ], [ 121.58572548464997, 25.076319442524021 ], [ 121.584816495032811, 25.077452350372518 ], [ 121.584553217615749, 25.077742789085192 ], [ 121.583589687573706, 25.078626034770949 ], [ 121.583380950581542, 25.078760460921945 ], [ 121.583136186091949, 25.078626034770949 ], [ 121.582208683547307, 25.078200185667562 ], [ 121.581877307870954, 25.078626034770949 ], [ 121.582208683547307, 25.078964627492674 ], [ 121.582850244273033, 25.079799719169383 ], [ 121.582208683547307, 25.08079604011948 ], [ 121.581643438101423, 25.079799719169383 ], [ 121.581036416513086, 25.07920030929699 ], [ 121.579868929669217, 25.079799719169383 ], [ 121.580079357372782, 25.080973403567821 ], [ 121.580362270185574, 25.082147087966256 ], [ 121.579864149478865, 25.082892383950377 ], [ 121.578691882444645, 25.083122519995126 ], [ 121.577519615410409, 25.082215908026321 ], [ 121.577484111508937, 25.082147087966256 ], [ 121.576703341003835, 25.080973403567821 ], [ 121.576634520350495, 25.079799719169383 ], [ 121.576347348376189, 25.079446589989821 ], [ 121.57623105247184, 25.079799719169383 ], [ 121.575175081341968, 25.080715538182485 ], [ 121.574306794799156, 25.079799719169383 ], [ 121.575175081341968, 25.078865265927675 ], [ 121.575761331994926, 25.078626034770949 ], [ 121.575175081341968, 25.078176525364668 ], [ 121.574253228530935, 25.077452350372514 ], [ 121.574178152963171, 25.076278665974076 ], [ 121.574224381788881, 25.075104981575642 ], [ 121.575175081341968, 25.074514727664305 ], [ 121.576230316062805, 25.073931297177204 ], [ 121.575175081341968, 25.073389319938219 ], [ 121.574697160301795, 25.072757612778769 ], [ 121.575175081341968, 25.071622911022398 ], [ 121.576347348376189, 25.072209929651663 ], [ 121.577164926492998, 25.071583928380335 ], [ 121.577519615410409, 25.070943409729377 ] ] } },
{ "type": "Feature", "properties": { "z": 2.5, "countyname": "臺北市", "townname": "大同區" }, "geometry": { "type": "LineString", "coordinates": [ [ 121.518906263699208, 25.072239445710522 ], [ 121.519257103969068, 25.072757612778769 ], [ 121.519565736800132, 25.073931297177204 ], [ 121.518906263699208, 25.074868054378626 ], [ 121.518155489105865, 25.073931297177204 ], [ 121.518597153068526, 25.072757612778769 ], [ 121.518906263699208, 25.072239445710522 ] ] } },
{ "type": "Feature", "properties": { "z": 2.5, "countyname": "臺北市", "townname": "中山區" }, "geometry": { "type": "LineString", "coordinates": [ [ 121.550580978074692, 25.072168699083623 ], [ 121.550649594948084, 25.072757612778769 ], [ 121.550762436047322, 25.073931297177204 ], [ 121.550853930533876, 25.075104981575645 ], [ 121.550929612311307, 25.07627866597408 ], [ 121.551104549152257, 25.077452350372511 ], [ 121.551729740657478, 25.078026018520234 ], [ 121.552442067792683, 25.078626034770949 ], [ 121.552902007691713, 25.079178515375077 ], [ 121.553420481362707, 25.079799719169383 ], [ 121.553098679815292, 25.080973403567821 ], [ 121.553612935494542, 25.082147087966256 ], [ 121.554074274725934, 25.082712962873053 ], [ 121.554612125924024, 25.08332077236469 ], [ 121.554842439595376, 25.084494456763128 ], [ 121.55407427472592, 25.085067291586522 ], [ 121.552902007691699, 25.084565495132903 ], [ 121.552831055109252, 25.084494456763128 ], [ 121.551729740657493, 25.083906690138392 ], [ 121.550557473623257, 25.083651499056 ], [ 121.549646119197007, 25.084494456763128 ], [ 121.549416805071019, 25.085668141161563 ], [ 121.549385206589037, 25.085723357655624 ], [ 121.549338177591309, 25.085668141161566 ], [ 121.549150587891049, 25.084494456763128 ], [ 121.548212939554816, 25.083914112710247 ], [ 121.547040672520581, 25.084110048761158 ], [ 121.546157585397907, 25.08332077236469 ], [ 121.54586840548636, 25.083058224758339 ], [ 121.545013083959589, 25.082147087966256 ], [ 121.544696138452139, 25.081214981593558 ], [ 121.54448153491839, 25.080973403567821 ], [ 121.544696138452139, 25.080741155637554 ], [ 121.545083110569919, 25.079799719169383 ], [ 121.544696138452139, 25.078667840630189 ], [ 121.544658084897478, 25.078626034770949 ], [ 121.544696138452139, 25.078587935206514 ], [ 121.54586840548636, 25.077854473791739 ], [ 121.547040672520581, 25.077990288381248 ], [ 121.548131254805284, 25.078626034770949 ], [ 121.548212939554816, 25.078670779974132 ], [ 121.548247714537837, 25.078626034770949 ], [ 121.548607433600324, 25.077452350372514 ], [ 121.548928838574923, 25.076278665974076 ], [ 121.548896674931441, 25.075104981575642 ], [ 121.549385206589037, 25.074244310053913 ], [ 121.549541908480037, 25.073931297177204 ], [ 121.550141892573066, 25.072757612778769 ], [ 121.550469842804773, 25.072133686741374 ] ] } },
{ "type": "Feature", "properties": { "z": 2.5, "countyname": "臺北市", "townname": "松山區" }, "geometry": { "type": "MultiLineString", "coordinates": [ [ [ 121.550557473623257, 25.071966968916406 ], [ 121.550580978074692, 25.072168699083623 ] ], [ [ 121.550469842804773, 25.072133686741374 ], [ 121.550557473623257, 25.071966968916406 ] ] ] } },
{ "type": "Feature", "properties": { "z": 2.5, "countyname": "臺北市", "townname": "內湖區" }, "geometry": { "type": "LineString", "coordinates": [ [ 121.577519615410409, 25.072497762562758 ], [ 121.577374751332016, 25.072757612778769 ], [ 121.576496037528486, 25.073931297177204 ], [ 121.577519615410409, 25.074182811166821 ], [ 121.577783271176145, 25.073931297177204 ], [ 121.57770224374849, 25.072757612778769 ], [ 121.577519615410409, 25.072497762562755 ] ] } },
{ "type": "Feature", "properties": { "z": 2.5, "countyname": "臺北市", "townname": "士林區" }, "geometry": { "type": "LineString", "coordinates": [ [ 121.510383344052769, 25.078863639033269 ], [ 121.510114435534092, 25.079799719169383 ], [ 121.510700394459633, 25.080709150233272 ], [ 121.510964899382259, 25.080973403567821 ], [ 121.511081423382649, 25.082147087966259 ], [ 121.5114069931019, 25.08332077236469 ], [ 121.510700394459633, 25.084102520559668 ], [ 121.510375841775399, 25.084494456763128 ], [ 121.510363575943799, 25.085668141161563 ], [ 121.509528127425412, 25.086364294438457 ], [ 121.508355860391191, 25.086125500455179 ], [ 121.508037891517546, 25.085668141161563 ], [ 121.508355860391191, 25.085081298962344 ], [ 121.508589267297509, 25.084494456763128 ], [ 121.508426715776267, 25.08332077236469 ], [ 121.509528127425412, 25.082490741520957 ], [ 121.510150929159366, 25.082147087966256 ], [ 121.510074002400842, 25.080973403567821 ], [ 121.509528127425412, 25.080736367048448 ], [ 121.508355860391191, 25.080884786686088 ], [ 121.507183593356942, 25.079988701304991 ], [ 121.506955857949038, 25.079799719169383 ], [ 121.506011326322735, 25.079015916573578 ], [ 121.505541494128906, 25.078626034770949 ], [ 121.504967562195773, 25.078149767670414 ] ] } },
{ "type": "Feature", "properties": { "z": 2.5, "countyname": "臺北市", "townname": "大同區" }, "geometry": { "type": "MultiLineString", "coordinates": [ [ [ 121.508355860391191, 25.073908410107045 ], [ 121.508376812149692, 25.073931297177204 ], [ 121.509268774460068, 25.075104981575642 ], [ 121.509528127425412, 25.075539731211787 ], [ 121.509838642695811, 25.076278665974076 ], [ 121.510078938744499, 25.077452350372518 ], [ 121.510451600826684, 25.078626034770949 ], [ 121.510383344052769, 25.078863639033269 ] ], [ [ 121.504967562195773, 25.078149767670414 ], [ 121.504839059288514, 25.078043131842161 ], [ 121.504736215753169, 25.07795778898257 ] ], [ [ 121.506195466947872, 25.074243925505794 ], [ 121.507183593356956, 25.074090466594324 ], [ 121.508208489878569, 25.073931297177204 ], [ 121.508355860391191, 25.073908410107045 ] ] ] } },
{ "type": "Feature", "properties": { "z": 2.5, "countyname": "臺北市", "townname": "大同區" }, "geometry": { "type": "LineString", "coordinates": [ [ 121.513044928528089, 25.076009997867562 ], [ 121.513414601384198, 25.076278665974073 ], [ 121.513044928528089, 25.076679623663271 ], [ 121.512803562542658, 25.076278665974076 ], [ 121.513044928528089, 25.076009997867562 ] ] } },
{ "type": "Feature", "properties": { "z": 2.5, "countyname": "臺北市", "townname": "內湖區" }, "geometry": { "type": "LineString", "coordinates": [ [ 121.57048601320507, 25.077311034885764 ], [ 121.570681466295142, 25.077452350372514 ], [ 121.57048601320507, 25.077653017837186 ], [ 121.570321196255705, 25.077452350372514 ], [ 121.57048601320507, 25.077311034885764 ] ] } },
{ "type": "Feature", "properties": { "z": 2.5, "countyname": "臺北市", "townname": "內湖區" }, "geometry": { "type": "LineString", "coordinates": [ [ 121.590414552786868, 25.077208789302681 ], [ 121.590899231458124, 25.077452350372514 ], [ 121.591586819821103, 25.077780632656946 ], [ 121.592556091540501, 25.078626034770949 ], [ 121.592759086855338, 25.078731453162561 ], [ 121.593931353889559, 25.078848484662011 ], [ 121.59510362092378, 25.078648569806184 ], [ 121.595209339110397, 25.078626034770949 ], [ 121.596275887958001, 25.078429884195355 ], [ 121.596470631739678, 25.078626034770949 ], [ 121.596275887958001, 25.07887040327839 ], [ 121.595773081568268, 25.079799719169383 ], [ 121.59510362092378, 25.080472109086223 ], [ 121.594277020805222, 25.080973403567821 ], [ 121.593931353889559, 25.081281715806991 ], [ 121.59357804957591, 25.082147087966256 ], [ 121.593931353889559, 25.082565505165189 ], [ 121.59510362092378, 25.082803967388227 ], [ 121.596193011591495, 25.082147087966256 ], [ 121.596144130786755, 25.080973403567821 ], [ 121.596275887958001, 25.080842348453267 ], [ 121.596385152275374, 25.080973403567825 ], [ 121.596360850052406, 25.082147087966256 ], [ 121.597076064822915, 25.08332077236469 ], [ 121.597448154992236, 25.084155941569399 ], [ 121.598620422026457, 25.083709543113741 ], [ 121.599792689060678, 25.083570694370945 ], [ 121.600755020461762, 25.084494456763128 ], [ 121.599792689060678, 25.085261355473865 ], [ 121.598620422026457, 25.085080518885782 ], [ 121.597448154992207, 25.084818807766812 ], [ 121.596582169381833, 25.085668141161563 ], [ 121.596275887958001, 25.086536070380721 ], [ 121.59510362092378, 25.086529992967129 ], [ 121.594733457237027, 25.085668141161563 ], [ 121.593931353889559, 25.085354413331284 ], [ 121.593324914292481, 25.085668141161563 ], [ 121.592759086855338, 25.086025424036933 ], [ 121.591586819821103, 25.086515441810313 ], [ 121.590620499706787, 25.086841825560001 ], [ 121.590414552786868, 25.087185440053997 ], [ 121.589242285752661, 25.087270780496006 ], [ 121.58807001871844, 25.087689615327545 ], [ 121.587407693596887, 25.088015509958435 ], [ 121.586897751684205, 25.089125394655841 ], [ 121.586565283059755, 25.088015509958435 ], [ 121.586897751684205, 25.087595647695945 ], [ 121.587304518722348, 25.086841825559997 ], [ 121.58807001871844, 25.085860979502574 ], [ 121.589242285752661, 25.086044965190123 ], [ 121.589332640165892, 25.085668141161563 ], [ 121.590414552786882, 25.084700935311663 ], [ 121.591586819821103, 25.084558832707351 ], [ 121.591642995902561, 25.084494456763128 ], [ 121.591586819821103, 25.084406120145029 ], [ 121.590767962095512, 25.08332077236469 ], [ 121.590414552786882, 25.082953373456618 ], [ 121.589242285752661, 25.082934043352267 ], [ 121.58807001871844, 25.082155399550285 ], [ 121.588061305881979, 25.082147087966256 ], [ 121.58807001871844, 25.082141591762731 ], [ 121.589242285752661, 25.081740368963295 ], [ 121.589451599177465, 25.080973403567821 ], [ 121.589482976189231, 25.079799719169383 ], [ 121.589242285752661, 25.079356972628446 ], [ 121.588134404006951, 25.07979971916938 ], [ 121.58807001871844, 25.079839428883961 ], [ 121.588019195300845, 25.079799719169383 ], [ 121.58723031816308, 25.078626034770949 ], [ 121.58807001871844, 25.078039703626079 ], [ 121.589242285752661, 25.078084546999818 ], [ 121.590171285846154, 25.077452350372514 ], [ 121.590414552786868, 25.077208789302681 ] ] } },
{ "type": "Feature", "properties": { "z": 2.5, "countyname": "臺北市", "townname": "中山區" }, "geometry": { "type": "LineString", "coordinates": [ [ 121.542351604383668, 25.078572665212416 ], [ 121.542404909492078, 25.078626034770949 ], [ 121.542386133129881, 25.079799719169383 ], [ 121.542351604383683, 25.07983142103441 ], [ 121.542310155685783, 25.079799719169383 ], [ 121.542298299275259, 25.078626034770949 ], [ 121.542351604383668, 25.078572665212416 ] ] } },
{ "type": "Feature", "properties": { "z": 2.5, "countyname": "臺北市", "townname": "中山區" }, "geometry": { "type": "LineString", "coordinates": [ [ 121.550557473623257, 25.07819477027623 ], [ 121.550331587629188, 25.078626034770949 ], [ 121.549385206589037, 25.079364107732832 ], [ 121.54887704993115, 25.079799719169383 ], [ 121.549385206589022, 25.080633729683761 ], [ 121.550557473623257, 25.080270160142891 ], [ 121.550700315928893, 25.079799719169383 ], [ 121.550940860400459, 25.078626034770949 ], [ 121.550557473623257, 25.07819477027623 ] ] } },
{ "type": "Feature", "properties": { "z": 2.5, "countyname": "臺北市", "townname": "內湖區" }, "geometry": { "type": "LineString", "coordinates": [ [ 121.569313746170849, 25.078220249257875 ], [ 121.569782434033428, 25.078626034770949 ], [ 121.57048601320507, 25.078983813191179 ], [ 121.571542883546755, 25.078626034770949 ], [ 121.571658280239291, 25.078513608734237 ], [ 121.571816420578287, 25.078626034770949 ], [ 121.572588435190568, 25.079799719169383 ], [ 121.572830547273526, 25.080015822291369 ], [ 121.573993943882471, 25.080973403567821 ], [ 121.574002814307747, 25.080976163659784 ], [ 121.574823401231697, 25.082147087966256 ], [ 121.575175081341968, 25.082616671100151 ], [ 121.576347348376189, 25.083243851099077 ], [ 121.576491196331887, 25.083320772364686 ], [ 121.576347348376189, 25.083469637883049 ], [ 121.575175081341968, 25.084024873629229 ], [ 121.574147854749086, 25.08332077236469 ], [ 121.574002814307747, 25.083223138315631 ], [ 121.573541110969899, 25.08332077236469 ], [ 121.572830547273526, 25.084074315016398 ], [ 121.571795245248808, 25.08332077236469 ], [ 121.571658280239291, 25.083295496517309 ], [ 121.571357260646693, 25.08332077236469 ], [ 121.57048601320507, 25.083640420610219 ], [ 121.569313746170849, 25.083884818097122 ], [ 121.568859089165784, 25.084494456763128 ], [ 121.568141479136628, 25.085383069561363 ], [ 121.566969212102393, 25.085290180749045 ], [ 121.566239350044981, 25.084494456763128 ], [ 121.566499954275585, 25.08332077236469 ], [ 121.565796945068172, 25.082947267377069 ], [ 121.565067959625637, 25.082147087966256 ], [ 121.565796945068172, 25.08124654227818 ], [ 121.566153900419565, 25.080973403567821 ], [ 121.565796945068158, 25.080365203964316 ], [ 121.56544668358444, 25.079799719169387 ], [ 121.565796945068172, 25.07930742656357 ], [ 121.566969212102393, 25.079172373826346 ], [ 121.568141479136614, 25.079303618120296 ], [ 121.568704521185779, 25.078626034770949 ], [ 121.569313746170849, 25.078220249257875 ] ] } },
{ "type": "Feature", "properties": { "z": 2.5, "countyname": "臺北市", "townname": "內湖區" }, "geometry": { "type": "LineString", "coordinates": [ [ 121.578691882444645, 25.078388232647175 ], [ 121.578553201732575, 25.078626034770949 ], [ 121.578691882444645, 25.078674602454949 ], [ 121.578737796656199, 25.078626034770949 ], [ 121.578691882444645, 25.078388232647175 ] ] } },
{ "type": "Feature", "properties": { "z": 2.5, "countyname": "臺北市", "townname": "士林區" }, "geometry": { "type": "LineString", "coordinates": [ [ 121.521250797767649, 25.079551725673721 ], [ 121.521498491781529, 25.079799719169383 ], [ 121.522423064801885, 25.08021449305598 ], [ 121.523158492713975, 25.07979971916938 ], [ 121.523595331836106, 25.079362351873957 ], [ 121.524032170958236, 25.07979971916938 ], [ 121.523923030984122, 25.080973403567818 ], [ 121.524197499250434, 25.082147087966256 ], [ 121.523978017049032, 25.08332077236469 ], [ 121.524137320038392, 25.084494456763128 ], [ 121.523595331836106, 25.085111206259118 ], [ 121.523219159461291, 25.085668141161563 ], [ 121.522423064801885, 25.086474089647837 ], [ 121.521783622379189, 25.085668141161563 ], [ 121.521250797767649, 25.085156597127984 ], [ 121.520501191852787, 25.084494456763128 ], [ 121.520078530733429, 25.084014329926166 ], [ 121.518906263699208, 25.084444799543366 ], [ 121.518843900423747, 25.084494456763128 ], [ 121.518906263699208, 25.085443852332098 ], [ 121.51893617871859, 25.085668141161563 ], [ 121.518906263699208, 25.085697603444665 ], [ 121.517733996664987, 25.086685579596683 ], [ 121.516561729630752, 25.086244312861115 ], [ 121.515786893938127, 25.086841825559997 ], [ 121.515389462596531, 25.087153405961804 ], [ 121.514906584760681, 25.086841825559997 ], [ 121.515389462596531, 25.086191501263272 ], [ 121.515740856591066, 25.085668141161563 ], [ 121.516561729630752, 25.085125379883785 ], [ 121.516757303807566, 25.084494456763128 ], [ 121.51705013546335, 25.08332077236469 ], [ 121.517159368830761, 25.082147087966256 ], [ 121.517733996664987, 25.081571765361215 ], [ 121.518755811861993, 25.082147087966256 ], [ 121.518906263699208, 25.082220077254892 ], [ 121.519064785370162, 25.082147087966256 ], [ 121.519334413868265, 25.080973403567821 ], [ 121.520078530733429, 25.080212296364348 ], [ 121.520989730301736, 25.079799719169383 ], [ 121.521250797767649, 25.079551725673721 ] ] } },
{ "type": "Feature", "properties": { "z": 2.5, "countyname": "臺北市", "townname": "中山區" }, "geometry": { "type": "MultiLineString", "coordinates": [ [ [ 121.557591075828611, 25.079780203566518 ], [ 121.558763342862832, 25.07896116064682 ], [ 121.559935609897067, 25.079243454217494 ], [ 121.560654571454918, 25.079799719169383 ], [ 121.559935609897053, 25.080628492002393 ], [ 121.558934284850693, 25.080973403567821 ], [ 121.559935609897053, 25.081789821027829 ], [ 121.5600984084342, 25.082147087966256 ], [ 121.559935609897053, 25.082526323063561 ], [ 121.559437956992127, 25.08332077236469 ], [ 121.559388176734515, 25.084494456763128 ], [ 121.558763342862832, 25.084787877862738 ], [ 121.558568531063045, 25.084898730347838 ] ], [ [ 121.557562168542432, 25.085462881196335 ], [ 121.556816367372377, 25.085668141161563 ], [ 121.556418808794376, 25.086062828916361 ], [ 121.555981813222871, 25.085668141161563 ], [ 121.555501222034309, 25.084494456763128 ], [ 121.555657383898961, 25.08332077236469 ], [ 121.556249178772759, 25.082147087966256 ], [ 121.556418808794376, 25.081740562828646 ], [ 121.556563079730338, 25.082147087966252 ], [ 121.557591075828611, 25.08241435073549 ], [ 121.558298164594206, 25.082147087966256 ], [ 121.557591075828611, 25.081254675540308 ], [ 121.556954071538854, 25.080973403567821 ], [ 121.557571457511585, 25.079799719169383 ], [ 121.557591075828611, 25.079780203566518 ] ] ] } },
{ "type": "Feature", "properties": { "z": 2.5, "countyname": "臺北市", "townname": "內湖區" }, "geometry": { "type": "LineString", "coordinates": [ [ 121.558568531063045, 25.084898730347838 ], [ 121.557591075828611, 25.085454925311048 ], [ 121.557562168542432, 25.085462881196335 ] ] } },
{ "type": "Feature", "properties": { "z": 2.5, "countyname": "臺北市", "townname": "內湖區" }, "geometry": { "type": "LineString", "coordinates": [ [ 121.598620422026457, 25.07946293210837 ], [ 121.599792689060664, 25.079705498116908 ], [ 121.599882609551187, 25.07979971916938 ], [ 121.599792689060678, 25.080370857580789 ], [ 121.598620422026457, 25.080966477062233 ], [ 121.598481771536328, 25.079799719169383 ], [ 121.598620422026457, 25.07946293210837 ] ] } },
{ "type": "Feature", "properties": { "z": 2.5, "countyname": "臺北市", "townname": "內湖區" }, "geometry": { "type": "LineString", "coordinates": [ [ 121.569313746170849, 25.080878908200049 ], [ 121.569251356318262, 25.080973403567821 ], [ 121.569299742189529, 25.082147087966256 ], [ 121.569313746170849, 25.082230637445694 ], [ 121.57048601320507, 25.083143816563673 ], [ 121.570795566215139, 25.082147087966256 ], [ 121.571658280239291, 25.081109866495328 ], [ 121.571966805640756, 25.080973403567821 ], [ 121.571658280239291, 25.08063094844352 ], [ 121.57048601320507, 25.080723905392556 ], [ 121.569313746170849, 25.080878908200049 ] ] } },
{ "type": "Feature", "properties": { "z": 2.5, "countyname": "臺北市", "townname": "內湖區" }, "geometry": { "type": "LineString", "coordinates": [ [ 121.628240645661378, 25.085862199469318 ], [ 121.627927097882065, 25.086187775698967 ], [ 121.626990262384595, 25.085668141161563 ], [ 121.62675483084783, 25.085537554353067 ], [ 121.625582563813609, 25.084887333007174 ], [ 121.624874257523246, 25.084494456763128 ], [ 121.624410296779388, 25.084237111661285 ], [ 121.623238029745167, 25.083586890315388 ], [ 121.622758252661868, 25.083320772364686 ], [ 121.622710503196515, 25.082147087966256 ], [ 121.623238029745167, 25.081867575491696 ], [ 121.624410296779388, 25.081246444175328 ], [ 121.624925608911866, 25.080973403567821 ], [ 121.625001759016456, 25.08093648119948 ] ] } },
{ "type": "Feature", "properties": { "z": 2.5, "countyname": "臺北市", "townname": "中山區" }, "geometry": { "type": "LineString", "coordinates": [ [ 121.550557473623257, 25.081608356641841 ], [ 121.550386851541347, 25.082147087966256 ], [ 121.550557473623257, 25.08236072057543 ], [ 121.551729740657478, 25.082337946178075 ], [ 121.551901599427282, 25.082147087966256 ], [ 121.551729740657478, 25.081809613117809 ], [ 121.550557473623257, 25.081608356641841 ] ] } },
{ "type": "Feature", "properties": { "z": 2.5, "countyname": "臺北市", "townname": "內湖區" }, "geometry": { "type": "LineString", "coordinates": [ [ 121.581036416513086, 25.083277071494145 ], [ 121.581102858723, 25.083320772364694 ], [ 121.581036416513086, 25.083368798090461 ], [ 121.580938578763579, 25.08332077236469 ], [ 121.581036416513086, 25.083277071494145 ] ] } },
{ "type": "Feature", "properties": { "z": 2.5, "countyname": "臺北市", "townname": "中山區" }, "geometry": { "type": "MultiLineString", "coordinates": [ [ [ 121.561107876931274, 25.08385352376434 ], [ 121.561240164997486, 25.083980014282126 ] ], [ [ 121.559893702035325, 25.084870070707108 ], [ 121.559935609897053, 25.084801502800698 ], [ 121.560178918617794, 25.084494456763128 ], [ 121.561107876931274, 25.08385352376434 ] ] ] } },
{ "type": "Feature", "properties": { "z": 2.5, "countyname": "臺北市", "townname": "內湖區" }, "geometry": { "type": "LineString", "coordinates": [ [ 121.561240164997486, 25.083980014282126 ], [ 121.561778186362062, 25.084494456763128 ], [ 121.561605042279993, 25.085668141161563 ], [ 121.561107876931274, 25.086400189768899 ], [ 121.559935609897053, 25.08645537078992 ], [ 121.55940593118153, 25.085668141161563 ], [ 121.559893702035325, 25.084870070707108 ] ] } },
{ "type": "Feature", "properties": { "z": 2.5, "countyname": "臺北市", "townname": "士林區" }, "geometry": { "type": "LineString", "coordinates": [ [ 121.525939865904547, 25.085244660967494 ], [ 121.526470294513857, 25.085668141161563 ], [ 121.526908160538099, 25.086841825559997 ], [ 121.527112132938768, 25.087257955830989 ], [ 121.527724703509705, 25.088015509958435 ], [ 121.527883247714712, 25.089189194356869 ], [ 121.527759915181647, 25.090362878755304 ], [ 121.527112132938768, 25.091212567443883 ], [ 121.526863400787491, 25.091536563153742 ], [ 121.527112132938768, 25.091732541764195 ], [ 121.528223101277916, 25.092710247552176 ], [ 121.527112132938768, 25.093575118381342 ], [ 121.526818815902985, 25.093883931950611 ], [ 121.527112132938768, 25.094247382710879 ], [ 121.528284399973003, 25.094323486870277 ], [ 121.528797583121346, 25.095057616349049 ], [ 121.529066851182847, 25.096231300747483 ], [ 121.528284399973003, 25.097014698003175 ], [ 121.527405199697327, 25.097404985145921 ], [ 121.527112132938782, 25.097868389496824 ], [ 121.526817433477333, 25.097404985145921 ], [ 121.527112132938768, 25.096936256054416 ], [ 121.527346405272681, 25.096231300747483 ], [ 121.527112132938768, 25.095908895368122 ], [ 121.526145329831635, 25.096231300747483 ], [ 121.525939865904533, 25.096345065787041 ], [ 121.525499421241989, 25.097404985145921 ], [ 121.524767598870326, 25.098229762436933 ], [ 121.523595331836106, 25.097921100686367 ], [ 121.522423064801885, 25.098462416802189 ], [ 121.521626115995133, 25.097404985145921 ], [ 121.521250797767649, 25.096964091197304 ], [ 121.520711733783557, 25.096231300747483 ], [ 121.521250797767649, 25.095327731346828 ], [ 121.521431342644675, 25.095057616349049 ], [ 121.521250797767649, 25.094702680915823 ], [ 121.520794260833782, 25.093883931950611 ], [ 121.521250797767649, 25.093304665527867 ], [ 121.522112894726789, 25.093883931950611 ], [ 121.522423064801885, 25.094037989074717 ], [ 121.523595331836106, 25.093988350959584 ], [ 121.523875312578326, 25.093883931950611 ], [ 121.524767598870326, 25.0932903840053 ], [ 121.525033557949868, 25.092710247552176 ], [ 121.524767598870326, 25.091848806539534 ], [ 121.524532629146364, 25.091536563153742 ], [ 121.523595331836106, 25.090951106337478 ], [ 121.522668069567302, 25.090362878755304 ], [ 121.522426586346114, 25.089189194356869 ], [ 121.522503334988528, 25.088015509958435 ], [ 121.523595331836106, 25.087193930879529 ], [ 121.524767598870326, 25.086873554277222 ], [ 121.524781881049051, 25.086841825559997 ], [ 121.525360197399323, 25.085668141161563 ], [ 121.525939865904547, 25.085244660967494 ] ] } },
{ "type": "Feature", "properties": { "z": 2.5, "countyname": "臺北市", "townname": "內湖區" }, "geometry": { "type": "LineString", "coordinates": [ [ 121.56345241099973, 25.085171632528599 ], [ 121.563927683652437, 25.085668141161563 ], [ 121.564624678033951, 25.086437827257399 ], [ 121.565065943575036, 25.086841825559997 ], [ 121.564624678033951, 25.087182965611227 ], [ 121.56345241099973, 25.087442041515118 ], [ 121.562802336999013, 25.088015509958435 ], [ 121.562280143965509, 25.088554992991604 ], [ 121.561787426130792, 25.088015509958435 ], [ 121.562280143965495, 25.087411992130157 ], [ 121.562772864782417, 25.086841825559997 ], [ 121.563023416491774, 25.085668141161563 ], [ 121.56345241099973, 25.085171632528599 ] ] } },
{ "type": "Feature", "properties": { "z": 2.5, "countyname": "臺北市", "townname": "士林區" }, "geometry": { "type": "LineString", "coordinates": [ [ 121.510700394459633, 25.0867311449231 ], [ 121.510831979896309, 25.086841825559997 ], [ 121.510700394459633, 25.086895559623468 ], [ 121.510632794312656, 25.086841825559997 ], [ 121.510700394459633, 25.0867311449231 ] ] } },
{ "type": "Feature", "properties": { "z": 2.5, "countyname": "臺北市", "townname": "內湖區" }, "geometry": { "type": "LineString", "coordinates": [ [ 121.600964956094899, 25.085833884792653 ], [ 121.601355833919882, 25.086841825559993 ], [ 121.601575340391307, 25.088015509958435 ], [ 121.601728108094349, 25.089189194356869 ], [ 121.601711668487837, 25.090362878755304 ], [ 121.601665982727269, 25.091536563153742 ], [ 121.601763933681482, 25.092710247552176 ], [ 121.60213722312912, 25.092903951085841 ], [ 121.602634284555165, 25.093883931950611 ], [ 121.602581917468441, 25.095057616349049 ], [ 121.602506504925742, 25.096231300747487 ], [ 121.60213722312912, 25.097323327699502 ], [ 121.601431239793385, 25.096231300747483 ], [ 121.601198610731814, 25.095057616349049 ], [ 121.600988215445682, 25.093883931950611 ], [ 121.600964956094899, 25.093830337629445 ], [ 121.599792689060678, 25.093055698032124 ], [ 121.599208957517547, 25.092710247552176 ], [ 121.598620422026457, 25.092361954111027 ], [ 121.597448154992222, 25.091668210189919 ], [ 121.596275887958001, 25.092427918290436 ], [ 121.595782809076084, 25.092710247552176 ], [ 121.59510362092378, 25.093178405547615 ], [ 121.594191967372666, 25.092710247552176 ], [ 121.594186346423953, 25.091536563153742 ], [ 121.594180725475255, 25.090362878755304 ], [ 121.594175104526542, 25.089189194356869 ], [ 121.595103620923794, 25.088761483516024 ], [ 121.596275887958001, 25.08852734119041 ], [ 121.597448154992222, 25.088405659621788 ], [ 121.598620422026457, 25.0883311050769 ], [ 121.599210825863565, 25.088015509958435 ], [ 121.599792689060678, 25.087697289310757 ], [ 121.60065381461078, 25.086841825559997 ], [ 121.600964956094899, 25.085833884792653 ] ] } },
{ "type": "Feature", "properties": { "z": 2.5, "countyname": "臺北市", "townname": "士林區" }, "geometry": { "type": "LineString", "coordinates": [ [ 121.509528127425412, 25.087778774761521 ], [ 121.509721954925581, 25.088015509958435 ], [ 121.510412693411027, 25.089189194356869 ], [ 121.509528127425412, 25.090111939614655 ], [ 121.508355860391191, 25.09009508780407 ], [ 121.507318679807369, 25.090362878755304 ], [ 121.508081640110561, 25.091536563153742 ], [ 121.507183593356956, 25.092182433734205 ], [ 121.506011326322749, 25.091655945115768 ], [ 121.505301512521797, 25.092710247552176 ], [ 121.504839059288514, 25.093173259928257 ], [ 121.503666792254293, 25.092728699849118 ], [ 121.503639746717454, 25.09271024755218 ], [ 121.503666792254293, 25.092674127589504 ], [ 121.504371861604113, 25.091536563153745 ], [ 121.504172515799354, 25.090362878755304 ], [ 121.504370596645657, 25.089189194356869 ], [ 121.504839059288514, 25.0888376473394 ], [ 121.506011326322735, 25.088113054201965 ], [ 121.507183593356956, 25.088648561049599 ], [ 121.508355860391191, 25.088135058352599 ], [ 121.508929076756033, 25.088015509958435 ], [ 121.509528127425412, 25.087778774761521 ] ] } },
{ "type": "Feature", "properties": { "z": 2.5, "countyname": "臺北市", "townname": "士林區" }, "geometry": { "type": "LineString", "coordinates": [ [ 121.517733996664987, 25.08716406337172 ], [ 121.518906263699208, 25.08771747910464 ], [ 121.519224073336716, 25.088015509958435 ], [ 121.519643119285831, 25.089189194356869 ], [ 121.518906263699208, 25.089887294918519 ], [ 121.517733996664987, 25.089718287210928 ], [ 121.517266245653147, 25.089189194356869 ], [ 121.517193207815765, 25.088015509958435 ], [ 121.517733996664987, 25.08716406337172 ] ] } },
{ "type": "Feature", "properties": { "z": 2.5, "countyname": "臺北市", "townname": "士林區" }, "geometry": { "type": "LineString", "coordinates": [ [ 121.521250797767649, 25.087108454160891 ], [ 121.521971581886518, 25.088015509958435 ], [ 121.521250797767649, 25.088729344480836 ], [ 121.520949583695156, 25.088015509958431 ], [ 121.521250797767649, 25.087108454160891 ] ] } },
{ "type": "Feature", "properties": { "z": 2.5, "countyname": "臺北市", "townname": "士林區" }, "geometry": { "type": "MultiLineString", "coordinates": [ [ [ 121.489764313629351, 25.096166560842093 ], [ 121.489755659515126, 25.096231300747483 ], [ 121.4895995878436, 25.096350605094791 ], [ 121.489591414844185, 25.09635685270111 ] ], [ [ 121.488128016201415, 25.097475504268136 ], [ 121.487255053775144, 25.098142814430624 ], [ 121.487140079576122, 25.098078510714423 ] ] ] } },
{ "type": "Feature", "properties": { "z": 2.5, "countyname": "臺北市", "townname": "士林區" }, "geometry": { "type": "LineString", "coordinates": [ [ 121.506011326322735, 25.08975121345005 ], [ 121.505377441661537, 25.090362878755304 ], [ 121.506011326322749, 25.091417181191716 ], [ 121.507125014913726, 25.090362878755304 ], [ 121.506011326322735, 25.08975121345005 ] ] } },
{ "type": "Feature", "properties": { "z": 2.5, "countyname": "臺北市", "townname": "士林區" }, "geometry": { "type": "LineString", "coordinates": [ [ 121.515389462596531, 25.090207902077196 ], [ 121.516561729630737, 25.090173787497118 ], [ 121.516786657625417, 25.090362878755304 ], [ 121.516561729630752, 25.090505832461353 ], [ 121.515389462596531, 25.090570950764672 ], [ 121.515029442186929, 25.090362878755304 ], [ 121.515389462596531, 25.090207902077196 ] ] } },
{ "type": "Feature", "properties": { "z": 2.5, "countyname": "臺北市", "townname": "士林區" }, "geometry": { "type": "MultiLineString", "coordinates": [ [ [ 121.525939865904562, 25.090320074996512 ], [ 121.525939865904562, 25.090320074996516 ] ], [ [ 121.525939865904562, 25.090320074996516 ], [ 121.52586762050737, 25.090362878755304 ], [ 121.525939865904547, 25.090427752751925 ], [ 121.526029542354735, 25.090362878755304 ], [ 121.525939865904562, 25.090320074996516 ] ], [ [ 121.525939865904562, 25.090320074996516 ], [ 121.525939865904547, 25.090320074996512 ] ] ] } },
{ "type": "Feature", "properties": { "z": 2.5, "countyname": "臺北市", "townname": "內湖區" }, "geometry": { "type": "LineString", "coordinates": [ [ 121.586897751684205, 25.089664850383581 ], [ 121.586932032003958, 25.090362878755307 ], [ 121.586897751684205, 25.090848152602423 ], [ 121.586863515344817, 25.090362878755304 ], [ 121.586897751684205, 25.089664850383581 ] ] } },
{ "type": "Feature", "properties": { "z": 2.5, "countyname": "臺北市", "townname": "士林區" }, "geometry": { "type": "LineString", "coordinates": [ [ 121.502494525220058, 25.091057067798719 ], [ 121.503073703135883, 25.091536563153742 ], [ 121.502494525220072, 25.092030370303664 ], [ 121.501661158779214, 25.091536563153742 ], [ 121.502494525220058, 25.091057067798719 ] ] } },
{ "type": "Feature", "properties": { "z": 2.5, "countyname": "臺北市", "townname": "士林區" }, "geometry": { "type": "LineString", "coordinates": [ [ 121.517733996664987, 25.091001732107518 ], [ 121.518823207886356, 25.091536563153742 ], [ 121.517733996664987, 25.091891762209592 ], [ 121.517349003271931, 25.091536563153742 ], [ 121.517733996664987, 25.091001732107518 ] ] } },
{ "type": "Feature", "properties": { "z": 2.5, "countyname": "臺北市", "townname": "士林區" }, "geometry": { "type": "LineString", "coordinates": [ [ 121.521250797767649, 25.090917458191782 ], [ 121.521760210641901, 25.091536563153742 ], [ 121.521250797767649, 25.09220761508832 ], [ 121.520406887608289, 25.091536563153742 ], [ 121.521250797767649, 25.090917458191782 ] ] } },
{ "type": "Feature", "properties": { "z": 2.5, "countyname": "臺北市", "townname": "士林區" }, "geometry": { "type": "LineString", "coordinates": [ [ 121.522423064801885, 25.096129955373627 ], [ 121.522265580610807, 25.096231300747483 ], [ 121.522423064801885, 25.096358428790577 ], [ 121.522552945576777, 25.096231300747483 ], [ 121.522423064801885, 25.096129955373627 ] ] } },
{ "type": "Feature", "properties": { "z": 2.5, "countyname": "臺北市", "townname": "士林區" }, "geometry": { "type": "LineString", "coordinates": [ [ 121.520078530733429, 25.097098482697398 ], [ 121.520557163615223, 25.097404985145921 ], [ 121.520078530733429, 25.097855372590107 ], [ 121.519774034311951, 25.097404985145921 ], [ 121.520078530733429, 25.097098482697398 ] ] } },
{ "type": "Feature", "properties": { "z": 2.5, "countyname": "臺北市", "townname": "士林區" }, "geometry": { "type": "LineString", "coordinates": [ [ 121.531801201075666, 25.098197994344304 ], [ 121.532199540251156, 25.098578669544356 ], [ 121.532229332370193, 25.09975235394279 ], [ 121.531801201075666, 25.100189658018987 ], [ 121.531482783742931, 25.09975235394279 ], [ 121.531173175194851, 25.098578669544356 ], [ 121.531801201075666, 25.098197994344304 ] ] } },
{ "type": "Feature", "properties": { "z": 2.5, "countyname": "臺北市", "townname": "士林區" }, "geometry": { "type": "LineString", "coordinates": [ [ 121.534145735144122, 25.09790099849311 ], [ 121.5345818008403, 25.098578669544356 ], [ 121.534228219767854, 25.09975235394279 ], [ 121.534145735144122, 25.099854437258458 ], [ 121.534004312510078, 25.09975235394279 ], [ 121.533881765328317, 25.098578669544356 ], [ 121.534145735144122, 25.09790099849311 ] ] } },
{ "type": "Feature", "properties": { "z": 2.5, "countyname": "臺北市", "townname": "內湖區" }, "geometry": { "type": "LineString", "coordinates": [ [ 121.603309490163355, 25.098519186977946 ], [ 121.603354904363897, 25.098578669544356 ], [ 121.603309490163355, 25.098959275831678 ], [ 121.603194370495103, 25.098578669544356 ], [ 121.603309490163355, 25.098519186977946 ] ] } },
{ "type": "Feature", "properties": { "z": 2.5, "countyname": "臺北市", "townname": "北投區" }, "geometry": { "type": "MultiLineString", "coordinates": [ [ [ 121.524509993665404, 25.116512763122753 ], [ 121.523902581399483, 25.11618393552089 ], [ 121.524263200489344, 25.115010251122452 ], [ 121.523595331836106, 25.114908291553594 ], [ 121.522423064801885, 25.114257905047953 ], [ 121.521250797767649, 25.113883471536564 ], [ 121.521194678226323, 25.113836566724018 ], [ 121.521250797767649, 25.113812255765684 ], [ 121.522423064801885, 25.113303339536113 ], [ 121.523290337596976, 25.112662882325584 ], [ 121.523595331836106, 25.112462323196624 ], [ 121.524052144268396, 25.112662882325584 ], [ 121.524581920377656, 25.113836566724018 ], [ 121.524767598870326, 25.114685973214716 ], [ 121.525049989602707, 25.114658920676057 ] ], [ [ 121.525361575710875, 25.111652224173106 ], [ 121.52524847382972, 25.111489197927149 ], [ 121.525224170244897, 25.111452646761588 ] ] ] } },
{ "type": "Feature", "properties": { "z": 2.5, "countyname": "臺北市", "townname": "士林區" }, "geometry": { "type": "MultiLineString", "coordinates": [ [ [ 121.522423064801885, 25.100727830673481 ], [ 121.523595331836106, 25.100548988779927 ], [ 121.523774614386028, 25.100926038341232 ], [ 121.524767598870326, 25.101305950894318 ], [ 121.525939865904547, 25.10206132345424 ], [ 121.525996139384418, 25.102099722739663 ], [ 121.526512023373186, 25.103273407138097 ], [ 121.527112132938768, 25.104256971423695 ], [ 121.528284399973003, 25.103711083753307 ], [ 121.528737988494811, 25.104447091536535 ], [ 121.529456667007224, 25.104966527212696 ], [ 121.530628934041445, 25.104966708007055 ], [ 121.531801201075666, 25.105507000955878 ], [ 121.532901379090845, 25.10562077593497 ], [ 121.532320143168192, 25.106794460333404 ], [ 121.532973468109901, 25.107184117444515 ], [ 121.533697775962665, 25.107968144731842 ], [ 121.53369223813192, 25.109141829130277 ], [ 121.534145735144122, 25.109528877566969 ], [ 121.535318002178343, 25.109877672909391 ], [ 121.536490269212564, 25.109826570017976 ], [ 121.536893012432245, 25.110315513528711 ], [ 121.536490269212564, 25.111103983658587 ], [ 121.535318002178343, 25.110514862148264 ], [ 121.534145735144122, 25.111279992355268 ], [ 121.533467893426277, 25.110315513528711 ], [ 121.532973468109901, 25.109748280614699 ], [ 121.531801201075666, 25.109725760906315 ], [ 121.530628934041445, 25.109913960993069 ], [ 121.530498820178295, 25.110315513528711 ], [ 121.530628934041445, 25.110608709209195 ], [ 121.531361054646155, 25.111489197927149 ], [ 121.530628934041445, 25.11196058324337 ], [ 121.530348439269247, 25.112662882325584 ], [ 121.52955187380303, 25.113836566724018 ], [ 121.530628934041445, 25.114435857549456 ], [ 121.530899900417324, 25.113836566724018 ], [ 121.531801201075666, 25.1131861602858 ], [ 121.532973468109901, 25.113019270083548 ], [ 121.53343705723691, 25.113836566724018 ], [ 121.532973468109901, 25.114426963457095 ], [ 121.532488938265288, 25.115010251122456 ], [ 121.532973468109887, 25.116113756394867 ], [ 121.533027099730987, 25.116183935520887 ], [ 121.533758343821106, 25.117357619919328 ], [ 121.534145735144122, 25.117870512673175 ], [ 121.534919245539456, 25.118531304317763 ], [ 121.534145735144122, 25.119569250824625 ], [ 121.533652425774093, 25.119704988716197 ], [ 121.533686088776605, 25.120878673114635 ], [ 121.532973468109901, 25.121219448143798 ], [ 121.532210616573579, 25.12205235751307 ], [ 121.53182116375595, 25.123226041911501 ], [ 121.531801201075666, 25.123246521993114 ], [ 121.531779754732113, 25.123226041911504 ], [ 121.531508134317107, 25.12205235751307 ], [ 121.530628934041459, 25.121182452824137 ], [ 121.529456667007224, 25.120978706570238 ], [ 121.529299939292258, 25.120878673114635 ], [ 121.528435457233272, 25.119704988716197 ], [ 121.528284399973003, 25.119578801644995 ], [ 121.528200318228016, 25.119704988716197 ], [ 121.527594931231192, 25.120878673114635 ], [ 121.527112132938768, 25.121509418750275 ], [ 121.526634516130599, 25.120878673114635 ], [ 121.525939865904547, 25.120369968376863 ], [ 121.525404547999699, 25.119704988716197 ], [ 121.524767598870326, 25.118996839489277 ], [ 121.524157049030563, 25.118531304317763 ], [ 121.524767598870326, 25.117922851207094 ], [ 121.525939865904547, 25.117680693471176 ], [ 121.527112132938768, 25.117468330399543 ], [ 121.528284399973003, 25.117827727858867 ], [ 121.529456667007224, 25.117382232124925 ], [ 121.530628934041445, 25.117687844150158 ], [ 121.531084172135067, 25.117357619919328 ], [ 121.530672651093809, 25.11618393552089 ], [ 121.530628934041445, 25.116027746553264 ], [ 121.529456667007224, 25.115132329083394 ], [ 121.528467835821928, 25.116183935520887 ], [ 121.528284399973018, 25.116331215435128 ], [ 121.527112132938768, 25.117145709539543 ], [ 121.525939865904533, 25.116767976607633 ], [ 121.524767598870326, 25.116652219808952 ], [ 121.524509993665404, 25.116512763122753 ] ], [ [ 121.525049989602707, 25.114658920676057 ], [ 121.525939865904533, 25.114573672081473 ], [ 121.526208746506356, 25.113836566724018 ], [ 121.527112132938768, 25.113071773544455 ], [ 121.527564704207691, 25.112662882325584 ], [ 121.527112132938768, 25.112284047818147 ], [ 121.525939865904547, 25.112485777765524 ], [ 121.525361575710875, 25.111652224173106 ] ], [ [ 121.525224170244897, 25.111452646761588 ], [ 121.524767598870326, 25.110765990203582 ], [ 121.523595331836106, 25.110741305207728 ], [ 121.523083474720309, 25.110315513528711 ], [ 121.522779040099991, 25.109141829130277 ], [ 121.523595331836106, 25.108267194819948 ], [ 121.524767598870326, 25.10801637343647 ], [ 121.524871489117643, 25.107968144731842 ], [ 121.524767598870326, 25.107912054808569 ], [ 121.523597267900726, 25.106794460333404 ], [ 121.524604290786058, 25.10562077593497 ], [ 121.524767598870326, 25.105465800951002 ], [ 121.52541835419234, 25.10562077593497 ], [ 121.525939865904547, 25.10567228936052 ], [ 121.527112132938768, 25.106599446801621 ], [ 121.528284399973003, 25.106458610152359 ], [ 121.528629267488625, 25.10562077593497 ], [ 121.528284399973003, 25.105087817687675 ], [ 121.527112132938768, 25.104617762456442 ], [ 121.525939865904547, 25.105324969514768 ], [ 121.525628412379191, 25.104447091536535 ], [ 121.524767598870326, 25.104090983556858 ], [ 121.523719270551808, 25.104447091536535 ], [ 121.52359533183612, 25.104578229380206 ], [ 121.522800081119641, 25.10562077593497 ], [ 121.522423064801885, 25.105978861895036 ], [ 121.522052367793194, 25.10562077593497 ], [ 121.521250797767649, 25.105351742195268 ], [ 121.520430210843699, 25.104447091536535 ], [ 121.520078530733429, 25.103995355860079 ], [ 121.519345128844989, 25.103273407138097 ], [ 121.520078530733429, 25.102396568808302 ], [ 121.521250797767649, 25.102150372813302 ], [ 121.52135885639531, 25.102099722739663 ], [ 121.522119098292961, 25.100926038341225 ], [ 121.522423064801885, 25.100727830673481 ] ] ] } },
{ "type": "Feature", "properties": { "z": 2.5, "countyname": "臺北市", "townname": "士林區" }, "geometry": { "type": "LineString", "coordinates": [ [ 121.529456667007224, 25.101551373456196 ], [ 121.530200934482693, 25.102099722739663 ], [ 121.529456667007224, 25.102648072023129 ], [ 121.528643130986538, 25.102099722739663 ], [ 121.529456667007224, 25.101551373456196 ] ] } },
{ "type": "Feature", "properties": { "z": 2.5, "countyname": "臺北市", "townname": "北投區" }, "geometry": { "type": "MultiLineString", "coordinates": [ [ [ 121.463378583026028, 25.113998971967778 ], [ 121.463809713090669, 25.114237116065532 ], [ 121.464524858174656, 25.115010251122456 ], [ 121.464782960181111, 25.11618393552089 ], [ 121.463809713090669, 25.117277271157587 ], [ 121.463663883476698, 25.117357619919328 ], [ 121.463056270938822, 25.118531304317763 ], [ 121.463022997087478, 25.119704988716197 ], [ 121.462732709619516, 25.120878673114635 ], [ 121.462637446056448, 25.121147379315349 ], [ 121.462309893374481, 25.12205235751307 ], [ 121.461885083723303, 25.123226041911504 ], [ 121.461545198790361, 25.123380572440883 ] ], [ [ 121.460336195305914, 25.122954345566811 ], [ 121.460292911987992, 25.122936864799723 ], [ 121.459120644953771, 25.122439498530373 ], [ 121.459077442077628, 25.12241967670786 ] ] ] } },
{ "type": "Feature", "properties": { "z": 2.5, "countyname": "臺北市", "townname": "士林區" }, "geometry": { "type": "LineString", "coordinates": [ [ 121.457323466133019, 25.10710143797013 ], [ 121.45794837791955, 25.107259930496028 ], [ 121.459120644953785, 25.107743560668148 ], [ 121.45946912456138, 25.107968144731842 ], [ 121.460292911987992, 25.10878090158841 ], [ 121.460966584191041, 25.109141829130277 ], [ 121.461465179022213, 25.110247017539251 ], [ 121.461496080311107, 25.110315513528711 ], [ 121.462025576431159, 25.111489197927153 ], [ 121.462555072551211, 25.112662882325584 ], [ 121.462637446056448, 25.112845471950468 ], [ 121.463084568671263, 25.113836566724014 ], [ 121.463378583026028, 25.113998971967778 ] ] } },
{ "type": "Feature", "properties": { "z": 2.5, "countyname": "臺北市", "townname": "北投區" }, "geometry": { "type": "MultiLineString", "coordinates": [ [ [ 121.517733996665001, 25.10634468682542 ], [ 121.518124071613101, 25.106794460333404 ], [ 121.518906263699208, 25.107659974591435 ], [ 121.520078530733429, 25.107292007387763 ], [ 121.521250797767649, 25.107135518316504 ], [ 121.521273106670236, 25.107157190104694 ] ], [ [ 121.521129067440725, 25.108770682477118 ], [ 121.520745347114669, 25.109141829130277 ], [ 121.521250797767649, 25.109944457105303 ], [ 121.521708789778586, 25.110315513528711 ], [ 121.521450690544057, 25.111489197927149 ], [ 121.521250797767664, 25.111730970981665 ], [ 121.521029778760635, 25.111489197927149 ], [ 121.520078530733429, 25.110931792526387 ], [ 121.519204198506173, 25.110315513528711 ], [ 121.518906263699208, 25.109995747602238 ], [ 121.517733996664987, 25.109504561031684 ], [ 121.517646809738835, 25.109141829130277 ], [ 121.516820442188163, 25.107968144731842 ], [ 121.517403492460716, 25.106794460333408 ], [ 121.517733996665001, 25.10634468682542 ] ] ] } },
{ "type": "Feature", "properties": { "z": 2.5, "countyname": "臺北市", "townname": "士林區" }, "geometry": { "type": "LineString", "coordinates": [ [ 121.521273106670236, 25.107157190104694 ], [ 121.522107902009523, 25.107968144731842 ], [ 121.521250797767649, 25.108652940985831 ], [ 121.521129067440725, 25.108770682477118 ] ] } },
{ "type": "Feature", "properties": { "z": 2.5, "countyname": "臺北市", "townname": "士林區" }, "geometry": { "type": "LineString", "coordinates": [ [ 121.529456667007224, 25.106730006999531 ], [ 121.52915417919904, 25.106794460333404 ], [ 121.529456667007224, 25.10682960808278 ], [ 121.530628934041431, 25.107754574465844 ], [ 121.530847951572667, 25.107968144731842 ], [ 121.531801201075666, 25.108316878012118 ], [ 121.532064844775505, 25.107968144731842 ], [ 121.531801201075666, 25.107470932136035 ], [ 121.531134831136882, 25.106794460333404 ], [ 121.530628934041445, 25.106494406259213 ], [ 121.529456667007224, 25.106730006999534 ] ] } },
{ "type": "Feature", "properties": { "z": 2.5, "countyname": "臺北市", "townname": "士林區" }, "geometry": { "type": "LineString", "coordinates": [ [ 121.527112132938768, 25.107071402866392 ], [ 121.526566165311138, 25.107968144731842 ], [ 121.527112132938768, 25.108542615609061 ], [ 121.527366070805172, 25.107968144731842 ], [ 121.527112132938768, 25.107071402866396 ] ] } },
{ "type": "Feature", "properties": { "z": 2.5, "countyname": "臺北市", "townname": "北投區" }, "geometry": { "type": "LineString", "coordinates": [ [ 121.469977609124271, 25.110717670239179 ], [ 121.469799710198117, 25.111489197927149 ], [ 121.469671048261802, 25.111838296784363 ], [ 121.46942535012235, 25.112662882325584 ], [ 121.46906507342122, 25.113836566724018 ], [ 121.468799737269507, 25.115010251122456 ], [ 121.468498781227566, 25.115600923915963 ], [ 121.468205447982427, 25.115010251122452 ], [ 121.467959063772739, 25.113836566724018 ], [ 121.467849406938981, 25.112662882325584 ], [ 121.467787385343598, 25.111489197927149 ], [ 121.467780481467756, 25.111286049359954 ] ] } },
{ "type": "Feature", "properties": { "z": 2.5, "countyname": "臺北市", "townname": "士林區" }, "geometry": { "type": "MultiLineString", "coordinates": [ [ [ 121.468498781227566, 25.108351067291295 ], [ 121.469671048261787, 25.108608516242978 ], [ 121.470235433564497, 25.109141829130273 ], [ 121.470070338456026, 25.110315513528715 ], [ 121.469977609124271, 25.110717670239179 ] ], [ [ 121.467780481467756, 25.111286049359954 ], [ 121.467747498420039, 25.110315513528711 ], [ 121.467460569490981, 25.109141829130277 ], [ 121.468498781227566, 25.108351067291295 ] ] ] } },
{ "type": "Feature", "properties": { "z": 2.5, "countyname": "臺北市", "townname": "士林區" }, "geometry": { "type": "LineString", "coordinates": [ [ 121.529456667007224, 25.109054572203156 ], [ 121.529305511917457, 25.109141829130277 ], [ 121.529456667007224, 25.109288341958184 ], [ 121.529893575623575, 25.109141829130277 ], [ 121.529456667007224, 25.109054572203156 ] ] } },
{ "type": "Feature", "properties": { "z": 2.5, "countyname": "臺北市", "townname": "北投區" }, "geometry": { "type": "LineString", "coordinates": [ [ 121.515389462596517, 25.110308832665151 ], [ 121.51539761259599, 25.110315513528711 ], [ 121.516561729630752, 25.111159089188494 ], [ 121.516832188828488, 25.111489197927149 ], [ 121.516712459735373, 25.112662882325584 ], [ 121.516561729630752, 25.112734495752463 ], [ 121.516458256982986, 25.112662882325584 ], [ 121.515389462596531, 25.111703365240103 ], [ 121.51421719556231, 25.11245450692255 ], [ 121.513889883147854, 25.112662882325584 ], [ 121.513854569792727, 25.113836566724018 ], [ 121.513044928528089, 25.114094298539307 ], [ 121.512586154342145, 25.113836566724018 ], [ 121.511872661493854, 25.11360653222048 ], [ 121.511597372765749, 25.113836566724018 ], [ 121.511872661493854, 25.114270799487745 ], [ 121.51237321926881, 25.115010251122456 ], [ 121.512828108490481, 25.11618393552089 ], [ 121.513044928528089, 25.116269876271673 ], [ 121.51421719556231, 25.117167988012262 ], [ 121.514395450658085, 25.117357619919328 ], [ 121.514217195562296, 25.117492109625505 ], [ 121.513044928528089, 25.118308145806431 ], [ 121.511872661493854, 25.118270026518484 ], [ 121.511226951323565, 25.117357619919328 ], [ 121.511247628923542, 25.11618393552089 ], [ 121.510700394459633, 25.11575306463666 ], [ 121.510273263696533, 25.11618393552089 ], [ 121.509528127425412, 25.116770570968974 ], [ 121.508513763379625, 25.117357619919328 ], [ 121.509528127425412, 25.118521847697615 ], [ 121.509537572625561, 25.118531304317763 ], [ 121.51005087054773, 25.119704988716197 ], [ 121.509528127425412, 25.120473635587047 ], [ 121.508675408642176, 25.120878673114639 ], [ 121.508355860391191, 25.121271336183998 ], [ 121.50718359335697, 25.121303875477388 ], [ 121.506972959297812, 25.120878673114635 ], [ 121.507183593356956, 25.120623224222324 ], [ 121.508187026790949, 25.119704988716197 ], [ 121.507183593356956, 25.119193867606299 ], [ 121.506049955390935, 25.119704988716201 ], [ 121.506011326322721, 25.119735655077072 ], [ 121.505970137771342, 25.119704988716197 ], [ 121.505818289301033, 25.118531304317763 ], [ 121.506011326322735, 25.118277662930055 ], [ 121.506341821563666, 25.117357619919328 ], [ 121.507183593356956, 25.116302410798276 ], [ 121.507605072732019, 25.11618393552089 ], [ 121.507183593356956, 25.115389527694418 ], [ 121.507087451350358, 25.115010251122456 ], [ 121.507183593356956, 25.114913992872516 ], [ 121.508355860391191, 25.114222354858732 ], [ 121.509528127425412, 25.114220107123213 ], [ 121.510011363621729, 25.113836566724018 ], [ 121.510700394459633, 25.112757763216049 ], [ 121.51077693872918, 25.112662882325584 ], [ 121.510700394459633, 25.112178846104669 ], [ 121.510522690305066, 25.111489197927149 ], [ 121.510700394459633, 25.111311278914101 ], [ 121.511163592455986, 25.111489197927146 ], [ 121.511872661493854, 25.111644381257602 ], [ 121.513044928528089, 25.111966766364286 ], [ 121.51336914051852, 25.111489197927149 ], [ 121.51421719556231, 25.110392116737646 ], [ 121.515352761423969, 25.110315513528711 ], [ 121.515389462596517, 25.110308832665151 ] ] } },
{ "type": "Feature", "properties": { "z": 2.5, "countyname": "臺北市", "townname": "士林區" }, "geometry": { "type": "LineString", "coordinates": [ [ 121.525939865904562, 25.109897268857331 ], [ 121.525339060811945, 25.110315513528711 ], [ 121.525939865904547, 25.110682804522046 ], [ 121.527112132938768, 25.110835695303795 ], [ 121.528284399973003, 25.110740809758589 ], [ 121.528597073625946, 25.110315513528711 ], [ 121.528284399973003, 25.109993869681411 ], [ 121.527112132938768, 25.109613971616643 ], [ 121.525939865904547, 25.109897268857331 ] ] } },
{ "type": "Feature", "properties": { "z": 2.5, "countyname": "臺北市", "townname": "士林區" }, "geometry": { "type": "LineString", "coordinates": [ [ 121.536490269212564, 25.111842332486205 ], [ 121.537662536246799, 25.111760916731928 ], [ 121.538781120609258, 25.112662882325584 ], [ 121.537662536246799, 25.113554948732052 ], [ 121.53649026921255, 25.11318340490914 ], [ 121.536197202454019, 25.112662882325584 ], [ 121.536490269212564, 25.111842332486205 ] ] } },
{ "type": "Feature", "properties": { "z": 2.5, "countyname": "臺北市", "townname": "北投區" }, "geometry": { "type": "LineString", "coordinates": [ [ 121.517733996664987, 25.113349405465584 ], [ 121.517914447070922, 25.113836566724018 ], [ 121.517733996664987, 25.114298172525373 ], [ 121.517454882280816, 25.113836566724014 ], [ 121.517733996664987, 25.113349405465584 ] ] } },
{ "type": "Feature", "properties": { "z": 2.5, "countyname": "臺北市", "townname": "北投區" }, "geometry": { "type": "LineString", "coordinates": [ [ 121.515389462596531, 25.114315709960351 ], [ 121.516009441858031, 25.115010251122456 ], [ 121.516561729630752, 25.115362356441985 ], [ 121.517733996664987, 25.115176101753828 ], [ 121.518906263699208, 25.116099476944044 ], [ 121.519335292100322, 25.116183935520887 ], [ 121.518906263699208, 25.116254644878804 ], [ 121.517733996664987, 25.116947625783101 ], [ 121.517386888980667, 25.117357619919328 ], [ 121.517733996664973, 25.117959834560018 ], [ 121.518594850750105, 25.118531304317763 ], [ 121.518906263699193, 25.119377931518404 ], [ 121.519604313335279, 25.118531304317763 ], [ 121.520078530733429, 25.118168690835677 ], [ 121.521250797767649, 25.117480872152086 ], [ 121.521493406797418, 25.117357619919328 ], [ 121.521250797767649, 25.116974210529943 ], [ 121.520468277174871, 25.11618393552089 ], [ 121.521250797767649, 25.115822302159984 ], [ 121.52167374540457, 25.116183935520887 ], [ 121.522423064801885, 25.116756646081118 ], [ 121.522870063559694, 25.117357619919328 ], [ 121.522984633495582, 25.118531304317763 ], [ 121.522484123691171, 25.119704988716197 ], [ 121.522423064801885, 25.119755927212811 ], [ 121.521250797767649, 25.119735808313219 ], [ 121.520078530733429, 25.120233371842531 ], [ 121.518906263699208, 25.119832069037006 ], [ 121.518582936627581, 25.119704988716197 ], [ 121.517733996664987, 25.119389937482484 ], [ 121.516561729630752, 25.11954322092139 ], [ 121.51645235624099, 25.119704988716197 ], [ 121.515389462596531, 25.120390184361781 ], [ 121.51421719556231, 25.120839106386725 ], [ 121.513499215954226, 25.119704988716197 ], [ 121.51421719556231, 25.118986141013576 ], [ 121.515389462596531, 25.118602490560654 ], [ 121.5154963324525, 25.118531304317763 ], [ 121.515681353778817, 25.117357619919328 ], [ 121.515389462596531, 25.116693108540424 ], [ 121.514860100717669, 25.11618393552089 ], [ 121.51476948333503, 25.115010251122456 ], [ 121.515389462596531, 25.114315709960351 ] ] } },
{ "type": "Feature", "properties": { "z": 2.5, "countyname": "臺北市", "townname": "北投區" }, "geometry": { "type": "LineString", "coordinates": [ [ 121.520078530733429, 25.114526086817921 ], [ 121.520509486283743, 25.11501025112246 ], [ 121.520078530733429, 25.115859799168646 ], [ 121.519773280615709, 25.115010251122456 ], [ 121.520078530733429, 25.114526086817921 ] ] } },
{ "type": "Feature", "properties": { "z": 2.5, "countyname": "臺北市", "townname": "士林區" }, "geometry": { "type": "LineString", "coordinates": [ [ 121.552902007691713, 25.116383550570941 ], [ 121.553056178798215, 25.117357619919328 ], [ 121.553184655951142, 25.118531304317763 ], [ 121.552902007691713, 25.118815994800126 ], [ 121.552371369551977, 25.118531304317763 ], [ 121.552372904553678, 25.117357619919328 ], [ 121.552902007691713, 25.116383550570941 ] ] } },
{ "type": "Feature", "properties": { "z": 2.5, "countyname": "臺北市", "townname": "北投區" }, "geometry": { "type": "LineString", "coordinates": [ [ 121.46615424715911, 25.118192975963058 ], [ 121.467326514193346, 25.117684936576239 ], [ 121.46812551100976, 25.118531304317763 ], [ 121.467395390262183, 25.119704988716197 ], [ 121.468498781227566, 25.120812694183211 ], [ 121.469671048261787, 25.120326145060801 ], [ 121.470843315296008, 25.120852092454928 ], [ 121.470861330321924, 25.120878673114635 ], [ 121.470843315296008, 25.12093242383396 ], [ 121.470177982104715, 25.12205235751307 ], [ 121.469822526933527, 25.123226041911504 ], [ 121.469671048261787, 25.123347329906039 ], [ 121.469094954329563, 25.123226041911504 ], [ 121.469298817477039, 25.12205235751307 ], [ 121.468498781227581, 25.120998017908668 ], [ 121.468283062381857, 25.12205235751307 ], [ 121.467326514193346, 25.123046679370983 ], [ 121.466319940990303, 25.12205235751307 ], [ 121.466238261456667, 25.120878673114635 ], [ 121.46615424715911, 25.12053969799031 ], [ 121.465777454162165, 25.119704988716201 ], [ 121.465904355438042, 25.118531304317763 ], [ 121.46615424715911, 25.118192975963058 ] ] } },
{ "type": "Feature", "properties": { "z": 2.5, "countyname": "臺北市", "townname": "北投區" }, "geometry": { "type": "LineString", "coordinates": [ [ 121.504839059288514, 25.120393166333677 ], [ 121.505239986717285, 25.120878673114635 ], [ 121.504839059288514, 25.121172094214245 ], [ 121.504545992529955, 25.120878673114635 ], [ 121.504839059288514, 25.120393166333677 ] ] } },
{ "type": "Feature", "properties": { "z": 2.5, "countyname": "臺北市", "townname": "北投區" }, "geometry": { "type": "MultiLineString", "coordinates": [ [ [ 121.524767598870326, 25.121616950007304 ], [ 121.52569316166128, 25.1219622703636 ] ], [ [ 121.525810752053417, 25.122303188828706 ], [ 121.525355010932216, 25.123226041911504 ], [ 121.524767598870326, 25.123543763711144 ], [ 121.524473572156197, 25.123226041911504 ], [ 121.524341154507567, 25.12205235751307 ], [ 121.524767598870326, 25.121616950007304 ] ] ] } },
{ "type": "Feature", "properties": { "z": 2.5, "countyname": "臺北市", "townname": "士林區" }, "geometry": { "type": "LineString", "coordinates": [ [ 121.52569316166128, 25.1219622703636 ], [ 121.525934622414965, 25.12205235751307 ], [ 121.525810752053417, 25.122303188828706 ] ] } },
{ "type": "Feature", "properties": { "z": 2.5, "countyname": "臺北市", "townname": "士林區" }, "geometry": { "type": "LineString", "coordinates": [ [ 121.527112132938768, 25.122729792207743 ], [ 121.527425319031522, 25.123226041911504 ], [ 121.527112132938768, 25.123747575951011 ], [ 121.526591228713954, 25.123226041911504 ], [ 121.527112132938768, 25.122729792207743 ] ] } },
{ "type": "Feature", "properties": { "z": 2.5, "countyname": "臺北市", "townname": "北投區" }, "geometry": { "type": "LineString", "coordinates": [ [ 121.46615424715911, 25.124134977324612 ], [ 121.467326514193346, 25.123717058005372 ], [ 121.467936310889954, 25.124399726309942 ], [ 121.467326514193346, 25.125514262700083 ], [ 121.46615424715911, 25.124658584097116 ], [ 121.46589602983957, 25.124399726309942 ], [ 121.46615424715911, 25.124134977324612 ] ] } },
{ "type": "Feature", "properties": { "z": 2.5, "countyname": "臺北市", "townname": "北投區" }, "geometry": { "type": "LineString", "coordinates": [ [ 121.502494525220072, 25.123375840342923 ], [ 121.503301608336216, 25.124399726309942 ], [ 121.503666792254307, 25.125330905738526 ], [ 121.503911330108167, 25.125573410708377 ], [ 121.503888180168914, 25.126747095106811 ], [ 121.503666792254293, 25.127172514521906 ], [ 121.50321194796318, 25.127920779505249 ], [ 121.502494525220072, 25.12832976340944 ], [ 121.501322258185837, 25.128854698525782 ], [ 121.500573272366537, 25.127920779505249 ], [ 121.500149991151616, 25.127117940314466 ], [ 121.499841259433339, 25.126747095106811 ], [ 121.500149991151616, 25.126417096981147 ], [ 121.50050419389936, 25.125573410708377 ], [ 121.501322258185837, 25.124723712273525 ], [ 121.501820167698384, 25.124399726309942 ], [ 121.502494525220072, 25.123375840342923 ] ] } },
{ "type": "Feature", "properties": { "z": 2.5, "countyname": "臺北市", "townname": "士林區" }, "geometry": { "type": "LineString", "coordinates": [ [ 121.532973468109901, 25.123641868864702 ], [ 121.534124561790335, 25.124399726309942 ], [ 121.532973468109901, 25.125149512114206 ], [ 121.532209897319589, 25.124399726309942 ], [ 121.532973468109901, 25.123641868864702 ] ] } },
{ "type": "Feature", "properties": { "z": 2.5, "countyname": "臺北市", "townname": "北投區" }, "geometry": { "type": "LineString", "coordinates": [ [ 121.469671048261787, 25.12519773523325 ], [ 121.470013146336754, 25.125573410708377 ], [ 121.469671048261787, 25.126068168488306 ], [ 121.469348508586933, 25.125573410708377 ], [ 121.469671048261787, 25.12519773523325 ] ] } },
{ "type": "Feature", "properties": { "z": 2.5, "countyname": "臺北市", "townname": "北投區" }, "geometry": { "type": "LineString", "coordinates": [ [ 121.474360116398699, 25.125549821364753 ], [ 121.474378122585222, 25.12557341070838 ], [ 121.475274017805745, 25.126747095106811 ], [ 121.475532383432906, 25.127085571860263 ], [ 121.476169913026283, 25.127920779505249 ], [ 121.476704650467127, 25.12862132235578 ], [ 121.47706580824682, 25.129094463903684 ], [ 121.477876917501362, 25.130157072851315 ], [ 121.477961703467358, 25.130268148302118 ], [ 121.478857598687895, 25.131441832700556 ], [ 121.479049184535583, 25.131692823346828 ], [ 121.479753493908433, 25.132615517098991 ], [ 121.479049184535583, 25.132967359998489 ], [ 121.477876917501362, 25.133210448830486 ], [ 121.476704650467127, 25.133360142165227 ], [ 121.475532383432906, 25.133621311625028 ], [ 121.475243695019998, 25.133789201497425 ], [ 121.474360116398685, 25.134455969936283 ], [ 121.473187849364464, 25.134058200472349 ], [ 121.472902392943084, 25.133789201497429 ], [ 121.473187849364464, 25.132739788162706 ], [ 121.47322152481307, 25.132615517098991 ], [ 121.473772226706615, 25.131441832700556 ], [ 121.473507339376312, 25.130268148302118 ], [ 121.473187849364464, 25.12910852475477 ], [ 121.473178770976986, 25.129094463903684 ], [ 121.473174764971517, 25.127920779505249 ], [ 121.473187849364464, 25.12784916133991 ], [ 121.47345171042592, 25.126747095106811 ], [ 121.474325586178963, 25.12557341070838 ], [ 121.474360116398699, 25.125549821364753 ] ] } },
{ "type": "Feature", "properties": { "z": 2.5, "countyname": "臺北市", "townname": "北投區" }, "geometry": { "type": "LineString", "coordinates": [ [ 121.508355860391205, 25.125241386237786 ], [ 121.508864008692129, 25.125573410708373 ], [ 121.508355860391191, 25.125850231513216 ], [ 121.50807175548708, 25.125573410708377 ], [ 121.508355860391205, 25.125241386237786 ] ] } },
{ "type": "Feature", "properties": { "z": 2.5, "countyname": "臺北市", "townname": "北投區" }, "geometry": { "type": "LineString", "coordinates": [ [ 121.527112132938782, 25.125330108563759 ], [ 121.528284399972989, 25.125138161250728 ], [ 121.529052307225768, 25.125573410708377 ], [ 121.528518457092986, 25.126747095106811 ], [ 121.528284399973003, 25.126859237896543 ], [ 121.528143472530218, 25.126747095106811 ], [ 121.527112132938768, 25.125757470761688 ], [ 121.527018140555867, 25.125573410708377 ], [ 121.527112132938782, 25.125330108563759 ] ] } },
{ "type": "Feature", "properties": { "z": 2.5, "countyname": "臺北市", "townname": "北投區" }, "geometry": { "type": "LineString", "coordinates": [ [ 121.467326514193346, 25.126946813311967 ], [ 121.468498781227566, 25.126836035997439 ], [ 121.469404018994112, 25.127920779505249 ], [ 121.468498781227566, 25.128771260470717 ], [ 121.467326514193346, 25.12851815664817 ], [ 121.466401027077652, 25.127920779505249 ], [ 121.467326514193346, 25.126946813311967 ] ] } },
{ "type": "Feature", "properties": { "z": 2.5, "countyname": "臺北市", "townname": "北投區" }, "geometry": { "type": "LineString", "coordinates": [ [ 121.497805457083174, 25.130145362038132 ], [ 121.498977724117395, 25.129974727202509 ], [ 121.500149991151616, 25.129890555994741 ], [ 121.501322258185837, 25.129401076304195 ], [ 121.502206071035829, 25.130268148302118 ], [ 121.502494525220072, 25.130545365769347 ], [ 121.503666792254293, 25.130749029563908 ], [ 121.504345752262097, 25.131441832700556 ], [ 121.503666792254293, 25.132322121599515 ], [ 121.503583184069953, 25.132615517098991 ], [ 121.503666662126179, 25.133789201497425 ], [ 121.503306121847586, 25.134962885895863 ], [ 121.503666792254293, 25.135161944874749 ], [ 121.504263829115288, 25.134962885895863 ], [ 121.503675154751321, 25.133789201497425 ], [ 121.504839059288514, 25.133717474897342 ], [ 121.504885405022719, 25.133789201497425 ], [ 121.505681217208448, 25.134962885895863 ], [ 121.505606725859778, 25.136136570294298 ], [ 121.504839059288514, 25.136962215099267 ], [ 121.50448309072361, 25.137310254692736 ], [ 121.503666792254293, 25.138003429427545 ], [ 121.503218849401378, 25.13848393909117 ], [ 121.502494525220072, 25.139239076861553 ], [ 121.502215817324839, 25.139657623489605 ], [ 121.501322258185837, 25.140467941576773 ], [ 121.500971456643811, 25.140831307888043 ], [ 121.501226359542542, 25.142004992286477 ], [ 121.500149991151616, 25.142941180325529 ], [ 121.4990669976074, 25.142004992286477 ], [ 121.498977724117395, 25.141852284567911 ], [ 121.498341649975416, 25.140831307888043 ], [ 121.498977724117395, 25.140146675073741 ], [ 121.499435389808639, 25.139657623489605 ], [ 121.498977724117395, 25.139355889308273 ], [ 121.497991384205918, 25.13848393909117 ], [ 121.498601641719617, 25.137310254692736 ], [ 121.498199738467662, 25.136136570294298 ], [ 121.497810828967289, 25.134962885895863 ], [ 121.497805457083174, 25.134951732566257 ], [ 121.497180806690238, 25.133789201497425 ], [ 121.49724852334046, 25.132615517098991 ], [ 121.497509434664053, 25.131441832700556 ], [ 121.497674684370253, 25.130268148302118 ], [ 121.497805457083174, 25.130145362038132 ] ] } },
{ "type": "Feature", "properties": { "z": 2.5, "countyname": "臺北市", "townname": "北投區" }, "geometry": { "type": "LineString", "coordinates": [ [ 121.470843315296008, 25.130419965144199 ], [ 121.470975975076982, 25.131441832700556 ], [ 121.470843315296008, 25.131760239402283 ], [ 121.470733303392038, 25.131441832700553 ], [ 121.470843315296008, 25.130419965144199 ] ] } },
{ "type": "Feature", "properties": { "z": 2.5, "countyname": "臺北市", "townname": "北投區" }, "geometry": { "type": "MultiLineString", "coordinates": [ [ [ 121.498977724117395, 25.130595206820026 ], [ 121.498977724117381, 25.130595206820033 ] ], [ [ 121.498977724117381, 25.130595206820033 ], [ 121.498039865629238, 25.131441832700553 ], [ 121.498977724117395, 25.131789854306483 ], [ 121.499666218318751, 25.131441832700556 ], [ 121.498977724117381, 25.130595206820033 ] ], [ [ 121.498977724117381, 25.130595206820033 ], [ 121.498977724117381, 25.130595206820026 ] ] ] } },
{ "type": "Feature", "properties": { "z": 2.5, "countyname": "臺北市", "townname": "北投區" }, "geometry": { "type": "LineString", "coordinates": [ [ 121.480221451569818, 25.133228573842345 ], [ 121.480649389128956, 25.133789201497425 ], [ 121.480221451569804, 25.134012084974852 ], [ 121.479979464867924, 25.133789201497422 ], [ 121.480221451569818, 25.133228573842345 ] ] } },
{ "type": "Feature", "properties": { "z": 2.5, "countyname": "臺北市", "townname": "北投區" }, "geometry": { "type": "LineString", "coordinates": [ [ 121.500149991151616, 25.13338221485764 ], [ 121.499830648005513, 25.133789201497425 ], [ 121.500149991151616, 25.134638073675458 ], [ 121.500509575006404, 25.133789201497425 ], [ 121.500149991151616, 25.13338221485764 ] ] } },
{ "type": "Feature", "properties": { "z": 2.5, "countyname": "臺北市", "townname": "北投區" }, "geometry": { "type": "LineString", "coordinates": [ [ 121.501322258185837, 25.134541380472651 ], [ 121.50042198607251, 25.134962885895863 ], [ 121.500149991151616, 25.135276872784576 ], [ 121.499801592929245, 25.136136570294298 ], [ 121.500149991151616, 25.136459176685825 ], [ 121.501322258185837, 25.136708997106041 ], [ 121.501909222689079, 25.136136570294298 ], [ 121.501761985817183, 25.134962885895863 ], [ 121.501322258185837, 25.134541380472651 ] ] } },
{ "type": "Feature", "properties": { "z": 2.5, "countyname": "臺北市", "townname": "士林區" }, "geometry": { "type": "LineString", "coordinates": [ [ 121.543523871417918, 25.134825573342223 ], [ 121.543983950444911, 25.134962885895863 ], [ 121.544085247509187, 25.136136570294298 ], [ 121.54376822072247, 25.137310254692736 ], [ 121.543967774339805, 25.138483939091167 ], [ 121.543523871417904, 25.138928378727059 ], [ 121.542351604383683, 25.138784903661662 ], [ 121.541853204285445, 25.138483939091167 ], [ 121.541179337349462, 25.13826120812832 ], [ 121.540339563921322, 25.137310254692736 ], [ 121.541179337349462, 25.136394623490517 ], [ 121.542351604383683, 25.136420956867262 ], [ 121.543124282246993, 25.136136570294298 ], [ 121.54340490259429, 25.134962885895863 ], [ 121.543523871417918, 25.134825573342223 ] ] } },
{ "type": "Feature", "properties": { "z": 2.5, "countyname": "臺北市", "townname": "北投區" }, "geometry": { "type": "LineString", "coordinates": [ [ 121.490771854877821, 25.135942828040502 ], [ 121.491082139096093, 25.136136570294298 ], [ 121.490775303899525, 25.137310254692736 ], [ 121.491944121912042, 25.138007051057425 ], [ 121.49235121836854, 25.13848393909117 ], [ 121.491944121912042, 25.139454222226885 ], [ 121.490771854877821, 25.138956922372277 ], [ 121.489599587843614, 25.138712728883256 ], [ 121.489397478085394, 25.138483939091174 ], [ 121.488427320809379, 25.137381486726888 ], [ 121.488309856726701, 25.137310254692736 ], [ 121.488427320809379, 25.137076069672492 ], [ 121.4895995878436, 25.136509448856501 ], [ 121.490371026579865, 25.136136570294298 ], [ 121.490771854877821, 25.135942828040502 ] ] } },
{ "type": "Feature", "properties": { "z": 2.5, "countyname": "臺北市", "townname": "北投區" }, "geometry": { "type": "LineString", "coordinates": [ [ 121.496633190048939, 25.135685294689591 ], [ 121.497238072516154, 25.136136570294298 ], [ 121.496633190048939, 25.136556613287393 ], [ 121.49589544758291, 25.136136570294298 ], [ 121.496633190048939, 25.135685294689591 ] ] } },
{ "type": "Feature", "properties": { "z": 2.5, "countyname": "臺北市", "townname": "士林區" }, "geometry": { "type": "LineString", "coordinates": [ [ 121.54586840548636, 25.135776530532681 ], [ 121.547040672520581, 25.135740835869978 ], [ 121.547435929048277, 25.136136570294298 ], [ 121.54788638189747, 25.137310254692736 ], [ 121.547040672520581, 25.137676857179663 ], [ 121.546207173189373, 25.137310254692736 ], [ 121.54586840548636, 25.136732922685145 ], [ 121.545470601318115, 25.136136570294298 ], [ 121.54586840548636, 25.135776530532681 ] ] } },
{ "type": "Feature", "properties": { "z": 2.5, "countyname": "臺北市", "townname": "北投區" }, "geometry": { "type": "LineString", "coordinates": [ [ 121.483738252672481, 25.137040981241611 ], [ 121.484910519706702, 25.136935457076707 ], [ 121.485238283682335, 25.137310254692732 ], [ 121.486082786740923, 25.137918467642372 ], [ 121.487255053775144, 25.137727232434983 ], [ 121.487856297310429, 25.13848393909117 ], [ 121.487255053775144, 25.13900042166118 ], [ 121.486082786740923, 25.138985221891843 ], [ 121.484910519706688, 25.138907553489997 ], [ 121.484230322447999, 25.13848393909117 ], [ 121.483738252672481, 25.137659344627803 ], [ 121.483366891936981, 25.137310254692732 ], [ 121.483738252672481, 25.137040981241611 ] ] } },
{ "type": "Feature", "properties": { "z": 2.5, "countyname": "臺北市", "townname": "北投區" }, "geometry": { "type": "LineString", "coordinates": [ [ 121.494288655980498, 25.136813721729585 ], [ 121.495460923014718, 25.136662622426417 ], [ 121.495798328810224, 25.137310254692732 ], [ 121.495460923014718, 25.13786309783481 ], [ 121.494288655980498, 25.137870896900726 ], [ 121.493715910731495, 25.137310254692736 ], [ 121.494288655980498, 25.136813721729585 ] ] } },
{ "type": "Feature", "properties": { "z": 2.5, "countyname": "臺北市", "townname": "北投區" }, "geometry": { "type": "LineString", "coordinates": [ [ 121.511872661493854, 25.137004124411263 ], [ 121.512266531350562, 25.137310254692736 ], [ 121.51187266149384, 25.137511496476229 ], [ 121.511025425057426, 25.137310254692736 ], [ 121.511872661493854, 25.137004124411263 ] ] } },
{ "type": "Feature", "properties": { "z": 2.5, "countyname": "臺北市", "townname": "北投區" }, "geometry": { "type": "LineString", "coordinates": [ [ 121.500149991151616, 25.137945965753946 ], [ 121.499805972055015, 25.13848393909117 ], [ 121.500149991151616, 25.138994048878985 ], [ 121.501322258185837, 25.138524790287814 ], [ 121.501392854542331, 25.13848393909117 ], [ 121.501322258185837, 25.138360320099096 ], [ 121.500149991151616, 25.137945965753946 ] ] } },
{ "type": "Feature", "properties": { "z": 2.5, "countyname": "臺北市", "townname": "士林區" }, "geometry": { "type": "LineString", "coordinates": [ [ 121.54586840548636, 25.137722364913504 ], [ 121.546166610843102, 25.13848393909117 ], [ 121.54586840548636, 25.138791536377056 ], [ 121.545575338727801, 25.13848393909117 ], [ 121.54586840548636, 25.137722364913504 ] ] } },
{ "type": "Feature", "properties": { "z": 2.5, "countyname": "臺北市", "townname": "北投區" }, "geometry": { "type": "LineString", "coordinates": [ [ 121.488427320809379, 25.140781220250002 ], [ 121.4895995878436, 25.140313335352158 ], [ 121.490084582177488, 25.140831307888043 ], [ 121.4895995878436, 25.141226314164683 ], [ 121.488427320809379, 25.140914450575266 ], [ 121.488377293658147, 25.140831307888043 ], [ 121.488427320809379, 25.140781220250002 ] ] } },
{ "type": "Feature", "properties": { "z": 2.5, "countyname": "臺北市", "townname": "北投區" }, "geometry": { "type": "LineString", "coordinates": [ [ 121.496633190048939, 25.144173953574946 ], [ 121.496837008349132, 25.144352361083349 ], [ 121.49780545708316, 25.145480360726207 ], [ 121.497913073045737, 25.145526045481784 ], [ 121.497805457083174, 25.146054785237418 ], [ 121.497496376527295, 25.146699729880218 ], [ 121.496633190048939, 25.146954664070275 ], [ 121.496303962691144, 25.146699729880218 ], [ 121.495460923014718, 25.146046929825769 ], [ 121.494288655980498, 25.146285367526417 ], [ 121.493622076695175, 25.145526045481784 ], [ 121.494288655980498, 25.144463529986677 ], [ 121.495460923014718, 25.144850087523878 ], [ 121.496043003322171, 25.144352361083349 ], [ 121.496633190048939, 25.144173953574946 ] ] } },
{ "type": "Feature", "properties": { "z": 2.5, "countyname": "臺北市", "townname": "北投區" }, "geometry": { "type": "MultiLineString", "coordinates": [ [ [ 121.548212939554801, 25.148467704060245 ], [ 121.549385206589037, 25.148922423229877 ], [ 121.549406602243366, 25.14894948492049 ] ], [ [ 121.549447957141311, 25.149210310712192 ], [ 121.549385206589037, 25.149496222500687 ], [ 121.549221063525849, 25.150220783075525 ], [ 121.548212939554816, 25.150743723675955 ], [ 121.547896752389633, 25.150220783075525 ], [ 121.548044618334686, 25.149047098677091 ], [ 121.548212939554801, 25.148467704060245 ] ] ] } },
{ "type": "Feature", "properties": { "z": 2.5, "countyname": "臺北市", "townname": "士林區" }, "geometry": { "type": "LineString", "coordinates": [ [ 121.549406602243366, 25.14894948492049 ], [ 121.549483778138395, 25.149047098677091 ], [ 121.549447957141311, 25.149210310712192 ] ] } },
{ "type": "Feature", "properties": { "z": 2.5, "countyname": "臺北市", "townname": "北投區" }, "geometry": { "type": "LineString", "coordinates": [ [ 121.53883480328102, 25.17048750129026 ], [ 121.539136011384088, 25.17134710224737 ], [ 121.53883480328102, 25.171542060802402 ], [ 121.538036743828144, 25.17134710224737 ], [ 121.53883480328102, 25.17048750129026 ] ] } },
{ "type": "Feature", "properties": { "z": 3.5, "countyname": "臺北市", "townname": "文山區" }, "geometry": { "type": "LineString", "coordinates": [ [ 121.58807001871844, 24.968292346913252 ], [ 121.588072135959479, 24.968299701317992 ], [ 121.58807001871844, 24.968302786160326 ], [ 121.588068168248867, 24.968299701317989 ], [ 121.58807001871844, 24.968292346913252 ] ] } },
{ "type": "Feature", "properties": { "z": 3.5, "countyname": "臺北市", "townname": "文山區" }, "geometry": { "type": "LineString", "coordinates": [ [ 121.555246541760155, 24.979437930428624 ], [ 121.556418808794376, 24.979414822320575 ], [ 121.556843403354392, 24.980036545302347 ], [ 121.556418808794376, 24.980501815883088 ], [ 121.555246541760155, 24.980310043488529 ], [ 121.554839090479902, 24.980036545302347 ], [ 121.555246541760155, 24.979437930428624 ] ] } },
{ "type": "Feature", "properties": { "z": 3.5, "countyname": "臺北市", "townname": "文山區" }, "geometry": { "type": "LineString", "coordinates": [ [ 121.557591075828611, 24.980619964597494 ], [ 121.558552817341166, 24.981210229700785 ], [ 121.557591075828611, 24.981905787533826 ], [ 121.556958999877395, 24.981210229700785 ], [ 121.557591075828611, 24.980619964597494 ] ] } },
{ "type": "Feature", "properties": { "z": 3.5, "countyname": "臺北市", "townname": "文山區" }, "geometry": { "type": "LineString", "coordinates": [ [ 121.559935609897053, 24.980932174063849 ], [ 121.561107876931274, 24.980692825269461 ], [ 121.56199901870437, 24.981210229700785 ], [ 121.562280143965495, 24.981456137834332 ], [ 121.56345241099973, 24.981770255951169 ], [ 121.564624678033951, 24.981837706195531 ], [ 121.565796945068186, 24.982374796096575 ], [ 121.566969212102379, 24.982018533525981 ], [ 121.567315114932143, 24.98238391409922 ], [ 121.568141479136628, 24.983101855462401 ], [ 121.568654949851421, 24.983557598497654 ], [ 121.568141479136628, 24.98408612031152 ], [ 121.566969212102393, 24.984291501667261 ], [ 121.565796945068172, 24.984077989976516 ], [ 121.56541164820122, 24.983557598497654 ], [ 121.564624678033951, 24.982926436594767 ], [ 121.56345241099973, 24.982958017819048 ], [ 121.562777915680797, 24.983557598497654 ], [ 121.56345241099973, 24.984370760034349 ], [ 121.56385391878085, 24.984731282896092 ], [ 121.563452410999744, 24.984997165092807 ], [ 121.562280143965495, 24.985360032892125 ], [ 121.561126996993252, 24.985904967294527 ], [ 121.561107876931274, 24.986004179183563 ], [ 121.560687277507711, 24.987078651692961 ], [ 121.559935609897053, 24.98795540533245 ], [ 121.559527641480145, 24.987078651692961 ], [ 121.559892315195057, 24.985904967294527 ], [ 121.559932341913054, 24.984731282896092 ], [ 121.559935609897053, 24.98472782609457 ], [ 121.561107876931288, 24.984226849913771 ], [ 121.561753258696257, 24.983557598497654 ], [ 121.561297975472471, 24.98238391409922 ], [ 121.561107876931274, 24.982164161695128 ], [ 121.559935609897053, 24.98227344724264 ], [ 121.559250103912817, 24.981210229700785 ], [ 121.559935609897053, 24.980932174063849 ] ] } },
{ "type": "Feature", "properties": { "z": 3.5, "countyname": "臺北市", "townname": "文山區" }, "geometry": { "type": "LineString", "coordinates": [ [ 121.548212939554816, 24.98578786331187 ], [ 121.548323417456402, 24.985904967294527 ], [ 121.548212939554816, 24.986210650929056 ], [ 121.547846866989644, 24.985904967294527 ], [ 121.548212939554816, 24.98578786331187 ] ] } },
{ "type": "Feature", "properties": { "z": 3.5, "countyname": "臺北市", "townname": "文山區" }, "geometry": { "type": "LineString", "coordinates": [ [ 121.57048601320507, 24.985361263327288 ], [ 121.571113113229927, 24.985904967294527 ], [ 121.57054637448627, 24.987078651692961 ], [ 121.57048601320507, 24.987148445571755 ], [ 121.569912292681082, 24.988252336091399 ], [ 121.569313746170849, 24.9893445658373 ], [ 121.568141479136628, 24.988969233628239 ], [ 121.567118983898297, 24.988252336091399 ], [ 121.567517088823379, 24.987078651692961 ], [ 121.568141479136628, 24.986224619367711 ], [ 121.569313746170849, 24.986674985753929 ], [ 121.569740463164067, 24.985904967294527 ], [ 121.57048601320507, 24.985361263327288 ] ] } },
{ "type": "Feature", "properties": { "z": 3.5, "countyname": "臺北市", "townname": "文山區" }, "geometry": { "type": "LineString", "coordinates": [ [ 121.547040672520581, 24.98678387898843 ], [ 121.547282654391779, 24.987078651692965 ], [ 121.547040672520581, 24.987296866353812 ], [ 121.546941128989332, 24.987078651692961 ], [ 121.547040672520581, 24.98678387898843 ] ] } },
{ "type": "Feature", "properties": { "z": 3.5, "countyname": "臺北市", "townname": "文山區" }, "geometry": { "type": "MultiLineString", "coordinates": [ [ [ 121.550557473623257, 24.986243313910947 ], [ 121.550930422787275, 24.986597580914822 ] ], [ [ 121.551555863060202, 24.987380998605726 ], [ 121.551729740657478, 24.987822773295967 ], [ 121.552072816686234, 24.988252336091399 ], [ 121.551729740657478, 24.988455871547135 ], [ 121.550671744817876, 24.989426020489834 ], [ 121.550557473623257, 24.989980119657901 ], [ 121.550387399119188, 24.990599704888268 ], [ 121.5493941260697, 24.991773389286706 ], [ 121.549385206589037, 24.991783928841073 ], [ 121.549377031178565, 24.991773389286706 ], [ 121.548794771107325, 24.990599704888268 ], [ 121.548450444707825, 24.989426020489834 ], [ 121.549385206589037, 24.988589174475923 ], [ 121.550052652260305, 24.988252336091399 ], [ 121.549986510982365, 24.987078651692961 ], [ 121.550557473623257, 24.986243313910947 ] ] ] } },
{ "type": "Feature", "properties": { "z": 3.5, "countyname": "臺北市", "townname": "文山區" }, "geometry": { "type": "LineString", "coordinates": [ [ 121.574002814307732, 24.986970178387196 ], [ 121.574168678945114, 24.987078651692961 ], [ 121.575175081341968, 24.987666748614064 ], [ 121.575825959570082, 24.987078651692961 ], [ 121.576347348376189, 24.986566635719822 ], [ 121.577519615410409, 24.986112498620091 ], [ 121.578691882444645, 24.986601168560377 ], [ 121.579323318010509, 24.987078651692961 ], [ 121.579694841669053, 24.988252336091399 ], [ 121.578691882444645, 24.988453149419612 ], [ 121.577519615410409, 24.98883857025649 ], [ 121.576347348376189, 24.988890506860713 ], [ 121.575175081341968, 24.988813018762116 ], [ 121.574002814307747, 24.98928773782723 ], [ 121.572881906088639, 24.988252336091399 ], [ 121.573839803663603, 24.987078651692961 ], [ 121.574002814307732, 24.986970178387196 ] ] } },
{ "type": "Feature", "properties": { "z": 3.5, "countyname": "臺北市", "townname": "文山區" }, "geometry": { "type": "LineString", "coordinates": [ [ 121.564624678033965, 24.987812978609327 ], [ 121.565207835552883, 24.988252336091403 ], [ 121.564624678033951, 24.988665226837973 ], [ 121.564229424917457, 24.988252336091399 ], [ 121.564624678033965, 24.987812978609327 ] ] } },
{ "type": "Feature", "properties": { "z": 3.5, "countyname": "臺北市", "townname": "文山區" }, "geometry": { "type": "LineString", "coordinates": [ [ 121.541179337349462, 24.988599102644123 ], [ 121.542351604383683, 24.988995640368735 ], [ 121.542772684267007, 24.989426020489837 ], [ 121.542728926164912, 24.990599704888268 ], [ 121.542351604383683, 24.991200560465934 ], [ 121.541986399602493, 24.991773389286706 ], [ 121.542201026306813, 24.992947073685141 ], [ 121.541669705212485, 24.994120758083575 ], [ 121.542351604383683, 24.994646760514975 ], [ 121.542870322359477, 24.995294442482013 ], [ 121.542351604383668, 24.995829455770622 ], [ 121.541181249346096, 24.996468126880448 ], [ 121.541179337349462, 24.99647047959439 ], [ 121.541177446713519, 24.996468126880448 ], [ 121.540202448154275, 24.995294442482013 ], [ 121.540812990377262, 24.994120758083575 ], [ 121.540007070315241, 24.992967255040167 ], [ 121.539987911011892, 24.992947073685141 ], [ 121.539280781256053, 24.991773389286706 ], [ 121.540007070315241, 24.990702382617865 ], [ 121.540102999693872, 24.990599704888268 ], [ 121.540580906285811, 24.989426020489834 ], [ 121.541179337349462, 24.988599102644123 ] ] } },
{ "type": "Feature", "properties": { "z": 3.5, "countyname": "臺北市", "townname": "文山區" }, "geometry": { "type": "LineString", "coordinates": [ [ 121.558763342862832, 24.989190776420369 ], [ 121.559935609897053, 24.988358956398844 ], [ 121.560523629465237, 24.989426020489834 ], [ 121.559935609897053, 24.989977097989613 ], [ 121.558763342862832, 24.989493238514331 ], [ 121.558694709500287, 24.98942602048983 ], [ 121.558763342862832, 24.989190776420369 ] ] } },
{ "type": "Feature", "properties": { "z": 3.5, "countyname": "臺北市", "townname": "文山區" }, "geometry": { "type": "LineString", "coordinates": [ [ 121.56345241099973, 24.989272224219793 ], [ 121.563614873246891, 24.989426020489834 ], [ 121.56345241099973, 24.989538352427939 ], [ 121.563296578867764, 24.989426020489837 ], [ 121.56345241099973, 24.989272224219793 ] ] } },
{ "type": "Feature", "properties": { "z": 3.5, "countyname": "臺北市", "townname": "文山區" }, "geometry": { "type": "LineString", "coordinates": [ [ 121.574002814307747, 24.989871715391224 ], [ 121.574232496868731, 24.990599704888268 ], [ 121.574002814307747, 24.990998082428604 ], [ 121.573663879379268, 24.990599704888268 ], [ 121.574002814307747, 24.989871715391224 ] ] } },
{ "type": "Feature", "properties": { "z": 3.5, "countyname": "臺北市", "townname": "文山區" }, "geometry": { "type": "LineString", "coordinates": [ [ 121.543523871417918, 24.991286833702187 ], [ 121.544107478994789, 24.991773389286706 ], [ 121.544183841589174, 24.992947073685141 ], [ 121.544696138452139, 24.993255706628418 ], [ 121.545409181080274, 24.994120758083575 ], [ 121.54586840548636, 24.99450377686696 ], [ 121.547040672520581, 24.995204716632777 ], [ 121.54714161437478, 24.995294442482013 ], [ 121.547040672520581, 24.995599108436512 ], [ 121.546517751890505, 24.996468126880448 ], [ 121.54586840548636, 24.996868811426033 ], [ 121.545392726348609, 24.997641811278882 ], [ 121.54586840548636, 24.998617509665355 ], [ 121.546488265900223, 24.99881549567732 ], [ 121.547040672520581, 24.9990229167305 ], [ 121.548212939554816, 24.999144141659333 ], [ 121.549259972409061, 24.999989180075755 ], [ 121.549385206589037, 25.000134216695862 ], [ 121.550557473623243, 25.0006928866073 ], [ 121.551369973076959, 25.001162864474193 ], [ 121.550557473623243, 25.001624387732967 ], [ 121.549385206589037, 25.001585723082673 ], [ 121.548649770126531, 25.001162864474193 ], [ 121.548212939554816, 25.000769622224663 ], [ 121.547040672520581, 25.000532051067005 ], [ 121.54586840548636, 25.000006899020335 ], [ 121.545848530959162, 24.999989180075755 ], [ 121.544696138452153, 24.999242264141511 ], [ 121.543862098628423, 24.99881549567732 ], [ 121.544175563270542, 24.997641811278886 ], [ 121.544368918340751, 24.996468126880444 ], [ 121.544144621102021, 24.995294442482013 ], [ 121.543981912369631, 24.994120758083575 ], [ 121.543523871417918, 24.993437069700473 ], [ 121.542578825035051, 24.992947073685141 ], [ 121.542808660325676, 24.991773389286706 ], [ 121.543523871417918, 24.991286833702187 ] ] } },
{ "type": "Feature", "properties": { "z": 3.5, "countyname": "臺北市", "townname": "文山區" }, "geometry": { "type": "LineString", "coordinates": [ [ 121.556418808794362, 24.992796052699088 ], [ 121.557591075828611, 24.992752263694889 ], [ 121.557989763462132, 24.992947073685141 ], [ 121.558763342862832, 24.993629963415277 ], [ 121.55914718414013, 24.994120758083575 ], [ 121.558763342862832, 24.994347456718899 ], [ 121.557974328787353, 24.995294442482013 ], [ 121.557591075828611, 24.996165474313781 ], [ 121.55726973372667, 24.996468126880448 ], [ 121.556418808794376, 24.997269561280891 ], [ 121.556023571449728, 24.997641811278882 ], [ 121.555246541760141, 24.998052465731167 ], [ 121.554074274725934, 24.998211130552058 ], [ 121.553369369141961, 24.99881549567732 ], [ 121.552902007691713, 24.999437075917193 ], [ 121.551729740657478, 24.999101978176309 ], [ 121.551610054541271, 24.99881549567732 ], [ 121.551512919970264, 24.997641811278882 ], [ 121.551729740657493, 24.99705614077984 ], [ 121.552023524703301, 24.996468126880448 ], [ 121.552511336268992, 24.995294442482017 ], [ 121.552902007691713, 24.994464340839748 ], [ 121.553552868237674, 24.994120758083575 ], [ 121.554074274725934, 24.993845512826457 ], [ 121.555246541760155, 24.99322668481317 ], [ 121.555776218666736, 24.992947073685141 ], [ 121.556418808794362, 24.992796052699088 ] ] } },
{ "type": "Feature", "properties": { "z": 3.5, "countyname": "臺北市", "townname": "文山區" }, "geometry": { "type": "LineString", "coordinates": [ [ 121.572830547273526, 24.992387349466323 ], [ 121.574002814307747, 24.992126771377716 ], [ 121.574709514922731, 24.992947073685141 ], [ 121.574002814307747, 24.99367659989009 ], [ 121.572830547273526, 24.993549641613669 ], [ 121.571890698934695, 24.992947073685141 ], [ 121.572830547273526, 24.992387349466323 ] ] } },
{ "type": "Feature", "properties": { "z": 3.5, "countyname": "臺北市", "townname": "文山區" }, "geometry": { "type": "LineString", "coordinates": [ [ 121.53883480328102, 24.994034031139723 ], [ 121.538925659363812, 24.994120758083575 ], [ 121.53883480328102, 24.994346799689243 ], [ 121.538636965749845, 24.994120758083575 ], [ 121.53883480328102, 24.994034031139723 ] ] } },
{ "type": "Feature", "properties": { "z": 3.5, "countyname": "臺北市", "townname": "文山區" }, "geometry": { "type": "LineString", "coordinates": [ [ 121.548212939554801, 24.997124049256801 ], [ 121.548417101549546, 24.997641811278886 ], [ 121.548212939554816, 24.998098706787289 ], [ 121.547990102089798, 24.997641811278882 ], [ 121.548212939554801, 24.997124049256801 ] ] } },
{ "type": "Feature", "properties": { "z": 3.5, "countyname": "臺北市", "townname": "文山區" }, "geometry": { "type": "LineString", "coordinates": [ [ 121.540007070315241, 24.9984579980486 ], [ 121.540312795290987, 24.99881549567732 ], [ 121.540635564419674, 24.999989180075755 ], [ 121.540298164719118, 25.001162864474193 ], [ 121.540007070315241, 25.001423981416064 ], [ 121.539318354652281, 25.001162864474193 ], [ 121.53883480328102, 25.000805882459513 ], [ 121.538401257002334, 24.999989180075755 ], [ 121.53883480328102, 24.999149151715553 ], [ 121.539338763064961, 24.99881549567732 ], [ 121.540007070315241, 24.9984579980486 ] ] } },
{ "type": "Feature", "properties": { "z": 3.5, "countyname": "臺北市", "townname": "文山區" }, "geometry": { "type": "LineString", "coordinates": [ [ 121.556418808794376, 24.997967705620486 ], [ 121.557591075828611, 24.998138995747382 ], [ 121.558763342862832, 24.998357569482391 ], [ 121.559218490638429, 24.99881549567732 ], [ 121.558763342862832, 24.999254341636409 ], [ 121.557591075828611, 24.999415005398017 ], [ 121.557000389707412, 24.999989180075755 ], [ 121.557481433278724, 25.001162864474193 ], [ 121.556418808794376, 25.001404025081811 ], [ 121.555246541760155, 25.002277192013469 ], [ 121.554074274725949, 25.001515068235015 ], [ 121.552902007691713, 25.001473529670164 ], [ 121.552343904576034, 25.001162864474193 ], [ 121.552902007691713, 25.000813129052585 ], [ 121.554074274725934, 25.000701308747775 ], [ 121.554546990204855, 24.999989180075755 ], [ 121.555246541760155, 24.999271606188536 ], [ 121.555931220248667, 24.99881549567732 ], [ 121.556418808794376, 24.997967705620486 ] ] } },
{ "type": "Feature", "properties": { "z": 3.5, "countyname": "臺北市", "townname": "文山區" }, "geometry": { "type": "LineString", "coordinates": [ [ 121.537662536246799, 25.00085204060003 ], [ 121.538347216640702, 25.001162864474193 ], [ 121.53883480328102, 25.001437439917474 ], [ 121.539299967259808, 25.002336548872627 ], [ 121.53883480328102, 25.003079954799162 ], [ 121.537662536246799, 25.003503209624405 ], [ 121.536866873582369, 25.002336548872627 ], [ 121.537353888191859, 25.001162864474193 ], [ 121.537662536246799, 25.00085204060003 ] ] } },
{ "type": "Feature", "properties": { "z": 3.5, "countyname": "臺北市", "townname": "文山區" }, "geometry": { "type": "LineString", "coordinates": [ [ 121.570486013205056, 25.000818867688828 ], [ 121.570797504632893, 25.001162864474193 ], [ 121.570486013205056, 25.001469727029523 ], [ 121.570156111954745, 25.001162864474193 ], [ 121.570486013205056, 25.000818867688828 ] ] } },
{ "type": "Feature", "properties": { "z": 3.5, "countyname": "臺北市", "townname": "文山區" }, "geometry": { "type": "LineString", "coordinates": [ [ 121.551729740657478, 25.002162224519921 ], [ 121.551805508739548, 25.002336548872627 ], [ 121.551729740657464, 25.002377198517109 ], [ 121.551673859587282, 25.002336548872627 ], [ 121.551729740657478, 25.002162224519921 ] ] } },
{ "type": "Feature", "properties": { "z": 3.5, "countyname": "臺北市", "townname": "文山區" }, "geometry": { "type": "LineString", "coordinates": [ [ 121.541179337349462, 25.003481076355516 ], [ 121.541208922221969, 25.003510233271065 ], [ 121.541179337349462, 25.003539088224002 ], [ 121.54115568017923, 25.003510233271065 ], [ 121.541179337349462, 25.003481076355516 ] ] } },
{ "type": "Feature", "properties": { "z": 3.5, "countyname": "臺北市", "townname": "文山區" }, "geometry": { "type": "LineString", "coordinates": [ [ 121.550557473623257, 25.002871466715348 ], [ 121.551098094033222, 25.003510233271058 ], [ 121.550557473623243, 25.004051507334168 ], [ 121.549999549211108, 25.003510233271061 ], [ 121.550557473623257, 25.002871466715348 ] ] } },
{ "type": "Feature", "properties": { "z": 3.5, "countyname": "臺北市", "townname": "文山區" }, "geometry": { "type": "LineString", "coordinates": [ [ 121.536490269212564, 25.003881242131282 ], [ 121.537529149171789, 25.004683917669499 ], [ 121.536490269212564, 25.005108863251721 ], [ 121.535952403807173, 25.004683917669496 ], [ 121.536490269212564, 25.003881242131282 ] ] } },
{ "type": "Feature", "properties": { "z": 3.5, "countyname": "臺北市", "townname": "文山區" }, "geometry": { "type": "LineString", "coordinates": [ [ 121.556418808794376, 25.005800121578005 ], [ 121.55661755246372, 25.005857602067938 ], [ 121.556418808794376, 25.005922197626649 ], [ 121.556297167435091, 25.00585760206793 ], [ 121.556418808794376, 25.005800121578005 ] ] } },
{ "type": "Feature", "properties": { "z": 3.5, "countyname": "臺北市", "townname": "文山區" }, "geometry": { "type": "LineString", "coordinates": [ [ 121.537662536246799, 25.006639126605048 ], [ 121.538323343287729, 25.007031286466368 ], [ 121.537662536246785, 25.007469543252217 ], [ 121.53723856592535, 25.007031286466368 ], [ 121.537662536246799, 25.006639126605048 ] ] } },
{ "type": "Feature", "properties": { "z": 3.5, "countyname": "臺北市", "townname": "文山區" }, "geometry": { "type": "LineString", "coordinates": [ [ 121.558763342862832, 25.006979933119329 ], [ 121.558797463367156, 25.007031286466368 ], [ 121.558763342862832, 25.007065448225099 ], [ 121.558640764094235, 25.007031286466365 ], [ 121.558763342862832, 25.006979933119329 ] ] } },
{ "type": "Feature", "properties": { "z": 3.5, "countyname": "臺北市", "townname": "中正區" }, "geometry": { "type": "MultiLineString", "coordinates": [ [ [ 121.535704622452698, 25.010969476139685 ], [ 121.535909698045884, 25.011726024060113 ], [ 121.536490269212564, 25.012303519202788 ], [ 121.536510039690342, 25.012315279618871 ] ], [ [ 121.532745477527683, 25.036585878287443 ], [ 121.532655987255481, 25.036373396427262 ], [ 121.532728349321033, 25.035798290322557 ] ], [ [ 121.532714516612018, 25.03516223569218 ], [ 121.531801201075666, 25.034778293614298 ], [ 121.530628934041445, 25.034284537690059 ], [ 121.52945666700721, 25.034334849104866 ], [ 121.528417689590881, 25.035199712028827 ], [ 121.528284399973003, 25.03558454696735 ], [ 121.527675169748264, 25.036373396427262 ], [ 121.527112132938768, 25.037354491283391 ], [ 121.526919055388291, 25.036373396427262 ], [ 121.525959546366749, 25.035199712028827 ], [ 121.525939865904547, 25.034933693243353 ], [ 121.525925757904602, 25.034770262078819 ] ], [ [ 121.522237479194359, 25.030846042418876 ], [ 121.521661229403676, 25.030504974435082 ], [ 121.521250797767649, 25.029507542202545 ], [ 121.520078530733429, 25.02941266043058 ], [ 121.518906263699222, 25.029820879458665 ], [ 121.518322923842618, 25.030504974435082 ], [ 121.518906263699208, 25.030987303566803 ], [ 121.519878945651868, 25.031678658833521 ], [ 121.520078530733429, 25.031994214869222 ], [ 121.520955293862286, 25.032852343231955 ], [ 121.520078530733429, 25.033270813130951 ], [ 121.519501841430795, 25.032852343231955 ], [ 121.518906263699208, 25.032423252661534 ], [ 121.517733996664987, 25.032199232546361 ], [ 121.516655807956909, 25.032852343231955 ], [ 121.516561729630752, 25.032999760335422 ], [ 121.516440381845811, 25.032852343231955 ], [ 121.515389462596531, 25.032272989181351 ], [ 121.514217195562296, 25.031875591732877 ], [ 121.514019555216521, 25.031678658833521 ], [ 121.51421719556231, 25.031371684154951 ], [ 121.514873735148086, 25.030504974435086 ], [ 121.514217195562296, 25.029857708856564 ], [ 121.513972587976085, 25.029331290036648 ], [ 121.51421719556231, 25.029148660712639 ], [ 121.515389462596531, 25.028861520697596 ], [ 121.516212870438324, 25.029331290036648 ], [ 121.516561729630752, 25.029566197394029 ], [ 121.517733996664987, 25.029571627449577 ], [ 121.518046355958802, 25.029331290036648 ], [ 121.518906263699208, 25.028695376495815 ], [ 121.520078530733429, 25.029117557901703 ], [ 121.520308463253301, 25.028157605638214 ], [ 121.520610788996038, 25.026983921239776 ], [ 121.521250797767649, 25.026317080382952 ], [ 121.521729981926853, 25.025810236841341 ], [ 121.521777225939758, 25.024636552442907 ], [ 121.521250797767649, 25.024232617821486 ], [ 121.520590146704237, 25.023462868044469 ], [ 121.521250797767649, 25.022748655152039 ], [ 121.522423064801885, 25.022853530294231 ], [ 121.523134463770347, 25.022289183646038 ], [ 121.523595331836106, 25.021849051996622 ], [ 121.524767598870326, 25.022233999027705 ], [ 121.525939865904533, 25.021972217832431 ], [ 121.526577033336935, 25.0211154992476 ], [ 121.527112132938768, 25.020207045417564 ], [ 121.527652180417789, 25.019941814849162 ], [ 121.528284399973003, 25.019638681594152 ], [ 121.529456667007224, 25.019390221208234 ], [ 121.529652044846259, 25.018768130450727 ], [ 121.52989034388915, 25.017594446052289 ], [ 121.529939349539077, 25.016420761653855 ], [ 121.530628934041445, 25.015442691321827 ], [ 121.53082431188048, 25.01524707725542 ], [ 121.531801201075666, 25.014554281257073 ], [ 121.532406422759365, 25.014073392856982 ], [ 121.532935149252722, 25.012899708458548 ], [ 121.532973468109901, 25.012870333533627 ], [ 121.533840269939105, 25.011726024060113 ], [ 121.534145735144122, 25.011242584388398 ], [ 121.535047877911012, 25.010583847880884 ] ] ] } },
{ "type": "Feature", "properties": { "z": 3.5, "countyname": "臺北市", "townname": "大安區" }, "geometry": { "type": "MultiLineString", "coordinates": [ [ [ 121.53651004026014, 25.012315279957821 ], [ 121.5374925251147, 25.012899708458548 ], [ 121.536490269212564, 25.013375365225809 ], [ 121.535318002178343, 25.013964949145617 ], [ 121.535209689425727, 25.014073392856982 ], [ 121.534145735144122, 25.014968199546974 ], [ 121.53386719421384, 25.01524707725542 ], [ 121.533775695137635, 25.016420761653855 ], [ 121.533770698999092, 25.017594446052289 ], [ 121.533705851456745, 25.018768130450727 ], [ 121.533798243023639, 25.019941814849162 ], [ 121.533513113164886, 25.0211154992476 ], [ 121.532973468109901, 25.022251599029907 ], [ 121.531801201075652, 25.021365312796995 ], [ 121.531535879919261, 25.0211154992476 ], [ 121.53096268271301, 25.019941814849162 ], [ 121.530628934041445, 25.019650876657828 ], [ 121.529866761490396, 25.019941814849162 ], [ 121.529456667007224, 25.020119633286864 ], [ 121.528786021743358, 25.0211154992476 ], [ 121.529456667007224, 25.022116242681598 ], [ 121.529717409511619, 25.022289183646034 ], [ 121.530628934041445, 25.023443754127758 ], [ 121.531801201075666, 25.022848207196159 ], [ 121.532557768024489, 25.023462868044469 ], [ 121.532390507222132, 25.024636552442907 ], [ 121.532973468109901, 25.025548659342615 ], [ 121.534145735144122, 25.025100933541999 ], [ 121.535318002178343, 25.025425275701402 ], [ 121.535684611017544, 25.025810236841341 ], [ 121.535318002178329, 25.026271312412675 ], [ 121.534145735144122, 25.026060628572246 ], [ 121.533351400833737, 25.026983921239772 ], [ 121.532973468109901, 25.027383063884386 ], [ 121.53180120107568, 25.02705083720581 ], [ 121.531771198851871, 25.026983921239776 ], [ 121.530628934041445, 25.026218192825752 ], [ 121.529470680068926, 25.026983921239776 ], [ 121.530628934041445, 25.027695942433404 ], [ 121.53133088612401, 25.028157605638214 ], [ 121.530628934041445, 25.028948885812238 ], [ 121.529751774081134, 25.029331290036648 ], [ 121.530628934041445, 25.029674055920356 ], [ 121.531220211465467, 25.030504974435082 ], [ 121.530628934041445, 25.031221767210486 ], [ 121.530250862294778, 25.031678658833521 ], [ 121.530628934041445, 25.032160518254791 ], [ 121.531801201075666, 25.032655396341987 ], [ 121.532199625444647, 25.032852343231955 ], [ 121.532973468109901, 25.033219541612642 ], [ 121.534145735144122, 25.033864997028001 ], [ 121.53436487073165, 25.034026027630389 ], [ 121.534145735144136, 25.034305213127674 ], [ 121.533165018710463, 25.035199712028827 ], [ 121.533395679985432, 25.036373396427262 ], [ 121.532973468109901, 25.037127209337456 ], [ 121.53274547714561, 25.036585877380283 ] ], [ [ 121.532728348773034, 25.035798294677843 ], [ 121.532803664747831, 25.035199712028827 ], [ 121.532714515734838, 25.035162235323433 ] ], [ [ 121.525925757795008, 25.034770260809189 ], [ 121.52586151275537, 25.034026027630386 ], [ 121.525939865904547, 25.033957403291922 ], [ 121.527112132938768, 25.033047957298361 ], [ 121.527396761134739, 25.032852343231955 ], [ 121.527112132938768, 25.032466955597108 ], [ 121.52673646523597, 25.031678658833517 ], [ 121.526314702351812, 25.030504974435082 ], [ 121.525939865904547, 25.029973386878687 ], [ 121.525209057023645, 25.029331290036648 ], [ 121.525939865904547, 25.028628964111864 ], [ 121.527112132938754, 25.028969110578117 ], [ 121.528284399973003, 25.029321853779891 ], [ 121.529050570720131, 25.028157605638214 ], [ 121.529434820547493, 25.026983921239776 ], [ 121.529111308380479, 25.025810236841338 ], [ 121.528284399973003, 25.025348713020954 ], [ 121.527112132938768, 25.025091510676145 ], [ 121.526154882179483, 25.024636552442907 ], [ 121.525939865904547, 25.024284887741967 ], [ 121.524767598870326, 25.024613748282139 ], [ 121.524739690867307, 25.024636552442907 ], [ 121.524184023328402, 25.025810236841341 ], [ 121.524767598870326, 25.026409626198635 ], [ 121.525683346904501, 25.026983921239776 ], [ 121.524767598870326, 25.027555841599685 ], [ 121.523595331836106, 25.027445587010682 ], [ 121.522926728632044, 25.028157605638214 ], [ 121.523595331836106, 25.029257312194797 ], [ 121.52377708748358, 25.029331290036648 ], [ 121.523595331836106, 25.029387361667908 ], [ 121.522812681343254, 25.030504974435082 ], [ 121.52242306480187, 25.030955885945062 ], [ 121.522237479194359, 25.030846042418876 ] ] ] } },
{ "type": "Feature", "properties": { "z": 3.5, "countyname": "臺北市", "townname": "文山區" }, "geometry": { "type": "MultiLineString", "coordinates": [ [ [ 121.535318002178329, 25.010411851851909 ], [ 121.53559155028853, 25.010552339661679 ], [ 121.535704622531, 25.010969476428542 ] ], [ [ 121.535047877911012, 25.010583847880884 ], [ 121.535091028566441, 25.010552339661675 ], [ 121.535318002178329, 25.010411851851909 ] ] ] } },
{ "type": "Feature", "properties": { "z": 3.5, "countyname": "臺北市", "townname": "大安區" }, "geometry": { "type": "LineString", "coordinates": [ [ 121.541179337349462, 25.011063188791692 ], [ 121.541830295303242, 25.011726024060113 ], [ 121.541179337349462, 25.012489359560007 ], [ 121.540375270298085, 25.012899708458548 ], [ 121.540007070315241, 25.013186352677177 ], [ 121.539623143677503, 25.012899708458548 ], [ 121.540007070315241, 25.012258994817675 ], [ 121.540206316824694, 25.011726024060113 ], [ 121.541179337349462, 25.011063188791692 ] ] } },
{ "type": "Feature", "properties": { "z": 3.5, "countyname": "臺北市", "townname": "大安區" }, "geometry": { "type": "LineString", "coordinates": [ [ 121.542351604383683, 25.01387466294684 ], [ 121.542777687818415, 25.014073392856986 ], [ 121.542351604383683, 25.014261853992501 ], [ 121.542121682520587, 25.014073392856982 ], [ 121.542351604383683, 25.01387466294684 ] ] } },
{ "type": "Feature", "properties": { "z": 3.5, "countyname": "臺北市", "townname": "萬華區" }, "geometry": { "type": "LineString", "coordinates": [ [ 121.501322258185837, 25.016988333860922 ], [ 121.501746862867648, 25.017594446052289 ], [ 121.501322258185837, 25.018318375120646 ], [ 121.500932315811639, 25.018768130450727 ], [ 121.500149991151602, 25.019226990560533 ], [ 121.498977724117395, 25.019635030562632 ], [ 121.498615590940901, 25.019941814849162 ], [ 121.497805457083174, 25.020539421854426 ], [ 121.496633190048939, 25.020964837766051 ], [ 121.495604255156337, 25.019941814849162 ], [ 121.496633190048939, 25.019233673520183 ], [ 121.497805457083174, 25.019379718234692 ], [ 121.498347944020423, 25.018768130450727 ], [ 121.498977724117395, 25.018140556742807 ], [ 121.500149991151602, 25.018255357309378 ], [ 121.500872513198445, 25.017594446052289 ], [ 121.501322258185837, 25.016988333860922 ] ] } },
{ "type": "Feature", "properties": { "z": 3.5, "countyname": "臺北市", "townname": "中正區" }, "geometry": { "type": "LineString", "coordinates": [ [ 121.528284399973003, 25.016459556839418 ], [ 121.528914921905638, 25.017594446052289 ], [ 121.528284399973003, 25.018147897414327 ], [ 121.527286575438922, 25.017594446052289 ], [ 121.528284399973003, 25.016459556839418 ] ] } },
{ "type": "Feature", "properties": { "z": 3.5, "countyname": "臺北市", "townname": "信義區" }, "geometry": { "type": "LineString", "coordinates": [ [ 121.557810783224667, 25.019531927025341 ], [ 121.557906209095307, 25.019941814849162 ], [ 121.557591075828611, 25.020224686444244 ], [ 121.556864062196809, 25.0211154992476 ], [ 121.556418808794376, 25.021768823284045 ], [ 121.555254580718113, 25.021914920872192 ] ] } },
{ "type": "Feature", "properties": { "z": 3.5, "countyname": "臺北市", "townname": "大安區" }, "geometry": { "type": "MultiLineString", "coordinates": [ [ [ 121.550557473623257, 25.016988021109118 ], [ 121.551288038616548, 25.017594446052289 ], [ 121.551729740657478, 25.018487079563684 ], [ 121.552301774994746, 25.018768130450727 ], [ 121.552902007691713, 25.018999179264416 ], [ 121.554074274725934, 25.019143312557926 ], [ 121.554886066453108, 25.019941814849162 ], [ 121.555246541760155, 25.020170291441705 ], [ 121.555735455329142, 25.019941814849162 ], [ 121.55547415032396, 25.018768130450727 ], [ 121.556418808794376, 25.018563173856109 ], [ 121.557591075828626, 25.018746788785066 ], [ 121.557632963955854, 25.018768130450727 ], [ 121.557810783392171, 25.019531927744854 ] ], [ [ 121.555254580429192, 25.021914920908451 ], [ 121.555246541760155, 25.021915929671408 ], [ 121.554074274725949, 25.021465785488875 ], [ 121.553810545646854, 25.0211154992476 ], [ 121.552902007691713, 25.02046881600409 ], [ 121.552040154967273, 25.019941814849162 ], [ 121.551729740657478, 25.019229871912049 ], [ 121.551062069456421, 25.018768130450727 ], [ 121.550557473623257, 25.018620512603629 ], [ 121.54997134010614, 25.017594446052289 ], [ 121.550557473623257, 25.016988021109118 ] ] ] } },
{ "type": "Feature", "properties": { "z": 3.5, "countyname": "臺北市", "townname": "中山區" }, "geometry": { "type": "MultiLineString", "coordinates": [ [ [ 121.54418527024805, 25.057072897648595 ], [ 121.543523871417918, 25.057023944969352 ], [ 121.542351604383683, 25.056982920392379 ], [ 121.541179337349462, 25.056919554132055 ], [ 121.540366819059642, 25.057499715599107 ], [ 121.540344141386299, 25.058673399997538 ], [ 121.541179337349448, 25.059277318458321 ], [ 121.542351604383683, 25.059111714308894 ], [ 121.543523871417918, 25.059094794063107 ], [ 121.544053944428583, 25.058673399997542 ], [ 121.544206001331048, 25.05848572470261 ] ], [ [ 121.54422627707963, 25.059896566235661 ], [ 121.543523871417918, 25.0608052317701 ], [ 121.542480439378323, 25.061020768794414 ], [ 121.542351604383697, 25.061051888485075 ], [ 121.542253652163382, 25.06102076879441 ], [ 121.541179337349462, 25.060725819047214 ], [ 121.540007070315241, 25.060417400675636 ], [ 121.539679281391159, 25.061020768794414 ], [ 121.53883480328102, 25.061824470501424 ], [ 121.53815358062694, 25.061020768794414 ], [ 121.537662536246799, 25.060483888414989 ], [ 121.536919359730675, 25.059847084395976 ], [ 121.536496271293728, 25.058673399997542 ], [ 121.537137700372313, 25.057499715599107 ], [ 121.537662536246785, 25.057111532375124 ], [ 121.538288594890105, 25.056326031200669 ], [ 121.537662536246799, 25.055640356402883 ], [ 121.536664822993913, 25.056326031200665 ], [ 121.536490269212564, 25.056587753300715 ], [ 121.536315096597903, 25.056326031200669 ], [ 121.53630565342732, 25.055152346802238 ], [ 121.535318002178343, 25.054572627066761 ], [ 121.534145735144122, 25.054794670918866 ], [ 121.533447305968664, 25.055152346802235 ], [ 121.53360568185937, 25.056326031200669 ], [ 121.533796666014837, 25.057499715599107 ], [ 121.534145735144122, 25.057885207686756 ], [ 121.5348619747501, 25.058673399997542 ], [ 121.535318002178343, 25.059036067583758 ], [ 121.535891784838142, 25.059847084395972 ], [ 121.535983607445104, 25.061020768794414 ], [ 121.535318002178343, 25.061951027158873 ], [ 121.534145735144122, 25.061857341710379 ], [ 121.532973468109901, 25.061419784958407 ], [ 121.532398876759714, 25.062194453192848 ], [ 121.531801201075666, 25.062782227843467 ], [ 121.530662433166654, 25.062194453192848 ], [ 121.530628934041445, 25.062177389763239 ], [ 121.530372310769408, 25.062194453192848 ], [ 121.530127299089571, 25.063368137591283 ], [ 121.530628934041459, 25.064398093256212 ], [ 121.530707176462286, 25.064541821989721 ], [ 121.53119362263881, 25.065715506388155 ], [ 121.531166597756766, 25.06688919078659 ], [ 121.530628934041431, 25.06731739215304 ], [ 121.529657651896855, 25.06688919078659 ], [ 121.529961424604281, 25.065715506388155 ], [ 121.529456667007224, 25.06506496049569 ], [ 121.528284399973003, 25.065622315417091 ], [ 121.527112132938768, 25.065036248057677 ], [ 121.52630067166281, 25.065715506388155 ], [ 121.527112132938754, 25.066709182882882 ], [ 121.527275611516501, 25.06688919078659 ], [ 121.527112132938768, 25.067190589186957 ], [ 121.526797784465927, 25.068062875185028 ], [ 121.525939865904547, 25.068906667544596 ], [ 121.524767598870326, 25.068830350201971 ], [ 121.523595331836106, 25.068268694590326 ], [ 121.523386358636643, 25.068062875185028 ], [ 121.52242306480187, 25.067137630636026 ], [ 121.522134452235889, 25.06688919078659 ], [ 121.521933499769332, 25.065715506388155 ], [ 121.521771290009767, 25.064541821989721 ], [ 121.521250797767649, 25.064155893145475 ], [ 121.520078530733429, 25.063495809195846 ], [ 121.519129500759632, 25.063407509764229 ] ], [ [ 121.519859563680711, 25.061518907684974 ], [ 121.520078530733429, 25.06141466521354 ], [ 121.520342819815141, 25.061020768794414 ], [ 121.520746353226443, 25.05984708439598 ], [ 121.521250797767649, 25.059182461620217 ], [ 121.522423064801885, 25.059127877067759 ], [ 121.523595331836106, 25.059362044651941 ], [ 121.524767598870326, 25.058759807472466 ], [ 121.525939865904547, 25.059033443347623 ], [ 121.526780706023047, 25.059847084395976 ], [ 121.525939865904547, 25.060794880666556 ], [ 121.525525984973413, 25.061020768794414 ], [ 121.525939865904562, 25.061642647179763 ], [ 121.526189149713119, 25.062194453192848 ], [ 121.525939865904547, 25.06240088833761 ], [ 121.525349287284669, 25.062194453192848 ], [ 121.524767598870326, 25.061815432991686 ], [ 121.523595331836106, 25.061026219406862 ], [ 121.52242306480187, 25.061464445018032 ], [ 121.521997955894918, 25.062194453192848 ], [ 121.522423064801885, 25.062668250406254 ], [ 121.523595331836106, 25.062768696550382 ], [ 121.524767598870326, 25.062681724318612 ], [ 121.525035425081768, 25.063368137591283 ], [ 121.525939865904547, 25.063854869983317 ], [ 121.526767119727751, 25.063368137591286 ], [ 121.527112132938768, 25.062962682447978 ], [ 121.527532897551382, 25.062194453192848 ], [ 121.528284399973003, 25.061058314552554 ], [ 121.528450631324844, 25.061020768794414 ], [ 121.528855966074119, 25.059847084395976 ], [ 121.529456667007224, 25.059018890648513 ], [ 121.530628934041445, 25.059266953368301 ], [ 121.531801201075666, 25.059099895829505 ], [ 121.532973468109901, 25.059648047747302 ], [ 121.533652869705506, 25.058673399997542 ], [ 121.532973468109901, 25.058034387420978 ], [ 121.531801201075666, 25.05810001431146 ], [ 121.531091870902799, 25.057499715599107 ], [ 121.530628934041445, 25.056772981815676 ], [ 121.529456667007224, 25.057426453579865 ], [ 121.528284399973003, 25.056387010444006 ], [ 121.527112132938768, 25.0569945745411 ], [ 121.525939865904547, 25.057295382923368 ], [ 121.525808248796565, 25.057499715599107 ], [ 121.524767598870326, 25.058595726673008 ], [ 121.523595331836106, 25.058318444350959 ], [ 121.522423064801885, 25.058243477596299 ], [ 121.521250797767649, 25.058244089953572 ], [ 121.520644336287006, 25.058632892628971 ] ], [ [ 121.519489277748107, 25.049157337648371 ], [ 121.520078530733429, 25.049144695451947 ], [ 121.521250797767649, 25.048802341767516 ], [ 121.522234606845615, 25.048110240411621 ], [ 121.522404933200491, 25.047953717742029 ] ], [ [ 121.522450463511589, 25.047951214652976 ], [ 121.522758188332574, 25.048110240411624 ], [ 121.523226438222892, 25.049283924810055 ], [ 121.523595331836106, 25.049588507710308 ], [ 121.524767598870326, 25.049604908219319 ], [ 121.525256866905238, 25.049283924810055 ], [ 121.525939865904547, 25.048900301515268 ], [ 121.527112132938768, 25.048604160427665 ], [ 121.528032688920945, 25.048110240411621 ], [ 121.528284399973003, 25.047760247347416 ], [ 121.52847830885014, 25.048110240411621 ], [ 121.528448126374869, 25.049283924810055 ], [ 121.528584775888319, 25.05045760920849 ], [ 121.529456667007224, 25.050705248917506 ], [ 121.529870955202767, 25.05045760920849 ], [ 121.530628934041445, 25.0499640980305 ], [ 121.531509757757874, 25.05045760920849 ], [ 121.531801201075666, 25.050748149707779 ], [ 121.532493491120633, 25.05045760920849 ], [ 121.531801201075666, 25.050049411577419 ], [ 121.531437280093073, 25.049283924810055 ], [ 121.530996809978134, 25.048110240411621 ], [ 121.531801201075666, 25.047140761180604 ], [ 121.53200067420461, 25.046936556013183 ], [ 121.532973468109901, 25.046193888320552 ], [ 121.533872842335413, 25.046936556013183 ], [ 121.534145735144122, 25.047186846931861 ], [ 121.534842669342339, 25.048110240411621 ], [ 121.535318002178343, 25.048633248073305 ], [ 121.536490269212564, 25.048881733228331 ], [ 121.536868090056842, 25.049283924810055 ], [ 121.536490269212564, 25.05005177616712 ], [ 121.535813914169481, 25.05045760920849 ], [ 121.536490269212564, 25.050881970352247 ], [ 121.537662536246799, 25.051363451361691 ], [ 121.537952725900212, 25.051631293606924 ], [ 121.53883480328102, 25.052263878228963 ], [ 121.5396193884132, 25.051631293606928 ], [ 121.540007070315241, 25.051198201507777 ], [ 121.540789928181496, 25.051631293606928 ], [ 121.540535961442075, 25.052804978005362 ], [ 121.540007070315241, 25.053387953420799 ], [ 121.53883480328102, 25.053668055030418 ], [ 121.538182272946059, 25.053978662403797 ], [ 121.53883480328102, 25.054174276470203 ], [ 121.539824865954159, 25.055152346802235 ], [ 121.539704867030352, 25.056326031200669 ], [ 121.540007070315241, 25.056830486066307 ], [ 121.540295428467473, 25.056326031200669 ], [ 121.540702899874589, 25.055152346802235 ], [ 121.541179337349462, 25.054935432352554 ], [ 121.541743055745727, 25.053978662403797 ], [ 121.542059251191787, 25.052804978005366 ], [ 121.542351604383683, 25.052001077992756 ], [ 121.542517373401751, 25.051631293606928 ], [ 121.542351604383683, 25.05144840329141 ], [ 121.541179337349462, 25.051088326398787 ], [ 121.540883271037188, 25.05045760920849 ], [ 121.541179337349462, 25.050169657400154 ], [ 121.541605210165315, 25.049283924810055 ], [ 121.541179337349462, 25.048738505075697 ], [ 121.540007070315241, 25.0486909279286 ], [ 121.539615556344103, 25.048110240411621 ], [ 121.539876839847608, 25.046936556013179 ], [ 121.540007070315241, 25.04685903558547 ], [ 121.541179337349462, 25.046344183443093 ], [ 121.542351604383683, 25.045907260305771 ], [ 121.543523871417918, 25.046199775311141 ], [ 121.543872805751349, 25.045924075859222 ] ], [ [ 121.54386482201194, 25.045569175036952 ], [ 121.543523871417918, 25.045257674512932 ], [ 121.542351604383683, 25.04541294632622 ], [ 121.541975313070949, 25.044670623705223 ] ] ] } },
{ "type": "Feature", "properties": { "z": 3.5, "countyname": "臺北市", "townname": "中正區" }, "geometry": { "type": "MultiLineString", "coordinates": [ [ [ 121.516551764798635, 25.04861783106557 ], [ 121.516123158033395, 25.048110240411621 ], [ 121.516314967575894, 25.046936556013179 ], [ 121.515389462596531, 25.046498062160353 ], [ 121.514801013771901, 25.046936556013183 ], [ 121.51421719556231, 25.047427557212689 ], [ 121.513044928528089, 25.047868689860749 ], [ 121.512353314244251, 25.046936556013183 ], [ 121.511872661493854, 25.046172254751472 ], [ 121.51080956730874, 25.046936556013183 ], [ 121.510946794301688, 25.048110240411621 ], [ 121.510775189664088, 25.048348747080684 ] ], [ [ 121.506755015381856, 25.037404122929789 ], [ 121.506969261071049, 25.037547080825696 ], [ 121.50680717380196, 25.037723829334031 ] ], [ [ 121.508362780633632, 25.042804147046212 ], [ 121.508681175802536, 25.042241818419441 ], [ 121.509528127425412, 25.04119665123789 ], [ 121.510700394459633, 25.041602685819011 ], [ 121.511872661493854, 25.041522052546021 ], [ 121.513044928528089, 25.041492328557911 ], [ 121.514217195562296, 25.041830365786879 ], [ 121.514512684876507, 25.042241818419441 ], [ 121.514888485734716, 25.043415502817876 ], [ 121.515389462596531, 25.043917085400615 ], [ 121.516561729630752, 25.043963963142762 ], [ 121.517733996664987, 25.044295536189431 ], [ 121.518110662334792, 25.044589187216314 ], [ 121.51841096168269, 25.045762871614748 ], [ 121.517733996664987, 25.046411423664871 ], [ 121.516904480406822, 25.046936556013183 ], [ 121.517733996664987, 25.047262732923219 ], [ 121.518466969328571, 25.048110240411621 ], [ 121.51857458619277, 25.048369819038946 ] ], [ [ 121.522404933200491, 25.047953717742029 ], [ 121.52242306480187, 25.047937055572195 ], [ 121.522450463511589, 25.047951214652976 ] ] ] } },
{ "type": "Feature", "properties": { "z": 3.5, "countyname": "臺北市", "townname": "信義區" }, "geometry": { "type": "MultiLineString", "coordinates": [ [ [ 121.552910625216683, 25.024030835323291 ], [ 121.553799481383194, 25.024636552442907 ], [ 121.55407427472592, 25.02554813839614 ], [ 121.555246541760155, 25.025101483178151 ], [ 121.555917496561563, 25.025810236841341 ], [ 121.556418808794376, 25.026035053892411 ], [ 121.557203062919129, 25.026983921239776 ], [ 121.557289353367366, 25.028157605638214 ], [ 121.557591075828611, 25.028440176854499 ], [ 121.558044477106009, 25.029331290036652 ], [ 121.558763342862846, 25.03035885199504 ], [ 121.559935609897053, 25.030178747273808 ], [ 121.560780244592877, 25.029331290036648 ], [ 121.56110787693126, 25.028930280901449 ], [ 121.562280143965495, 25.028531593926711 ], [ 121.562749192105116, 25.028157605638214 ], [ 121.562280143965495, 25.027216855534085 ], [ 121.562172755901685, 25.026983921239776 ], [ 121.562280143965495, 25.026883454643016 ], [ 121.56345241099973, 25.025839590796437 ], [ 121.564624678033951, 25.026435497636609 ], [ 121.565588870408334, 25.025810236841341 ], [ 121.565796945068172, 25.025651097551286 ], [ 121.566246861282352, 25.025810236841338 ], [ 121.566969212102393, 25.026231309970974 ], [ 121.568141479136628, 25.02693074578011 ], [ 121.568233160771996, 25.026983921239776 ], [ 121.569313746170849, 25.027272760527552 ], [ 121.570127064631478, 25.028157605638214 ], [ 121.569313746170849, 25.029087741575506 ], [ 121.568141479136628, 25.028426217038731 ], [ 121.566969212102393, 25.028272295582148 ], [ 121.565796945068172, 25.028483900402694 ], [ 121.564626829898273, 25.029331290036648 ], [ 121.564624678033951, 25.029333399974828 ], [ 121.564615038445723, 25.029331290036644 ], [ 121.56345241099973, 25.029025174082673 ], [ 121.563219917180248, 25.029331290036648 ], [ 121.56246487798866, 25.030504974435079 ], [ 121.562280143965495, 25.030689931816397 ], [ 121.561107876931274, 25.031310050864342 ], [ 121.560739714100279, 25.031678658833521 ], [ 121.559935609897053, 25.032806946224863 ], [ 121.559890267712277, 25.032852343231955 ], [ 121.559935609897053, 25.032933192935698 ], [ 121.560440555634912, 25.034026027630389 ], [ 121.559935609897053, 25.034848798871934 ], [ 121.558763342862818, 25.034405525894737 ], [ 121.55807410162258, 25.035199712028827 ], [ 121.558763342862832, 25.035858110237218 ], [ 121.559708151019819, 25.036373396427262 ], [ 121.558763342862832, 25.0371349844158 ], [ 121.557646504580177, 25.037547080825696 ], [ 121.557688528743796, 25.038720765224134 ], [ 121.558060448115384, 25.039894449622569 ], [ 121.558435730546037, 25.041068134021007 ], [ 121.557622623487248, 25.041932466321107 ] ], [ [ 121.564154893331491, 25.047772888431528 ], [ 121.564624678033951, 25.047283373671426 ], [ 121.56537151795763, 25.048110240411621 ], [ 121.565741772551206, 25.048310549159179 ] ] ] } },
{ "type": "Feature", "properties": { "z": 3.5, "countyname": "臺北市", "townname": "大同區" }, "geometry": { "type": "MultiLineString", "coordinates": [ [ [ 121.519129500759632, 25.063407509764229 ], [ 121.518906263699208, 25.063386739392275 ], [ 121.518882784915618, 25.063368137591286 ], [ 121.518736222587648, 25.062194453192848 ], [ 121.518906263699193, 25.061972740098831 ], [ 121.519859563680711, 25.061518907684974 ] ], [ [ 121.520644336287006, 25.058632892628971 ], [ 121.520581152157177, 25.058673399997542 ], [ 121.520078530733414, 25.059028760254385 ], [ 121.519132498371405, 25.059847084395972 ], [ 121.518906263699208, 25.060136463266897 ], [ 121.518458279017551, 25.059847084395976 ], [ 121.518376341150784, 25.058673399997545 ], [ 121.517733996664987, 25.058233268348129 ], [ 121.5168058589732, 25.057499715599107 ], [ 121.517471429120462, 25.056326031200669 ], [ 121.517041615395499, 25.055152346802235 ], [ 121.517733996664987, 25.054742886006522 ], [ 121.518766554486291, 25.053978662403797 ], [ 121.517967494508497, 25.052804978005362 ], [ 121.518906263699208, 25.05205456830636 ], [ 121.519385408816461, 25.051631293606928 ], [ 121.519060001998994, 25.05045760920849 ], [ 121.518906263699208, 25.04967330883823 ], [ 121.518697547439984, 25.05045760920849 ], [ 121.517733996664987, 25.051193034934535 ], [ 121.516561729630752, 25.051511049522677 ], [ 121.516302931058846, 25.051631293606928 ], [ 121.515389462596531, 25.05230711820786 ], [ 121.514956412949203, 25.052804978005362 ], [ 121.515170947699261, 25.053978662403797 ], [ 121.515389462596531, 25.054067141586859 ], [ 121.516302247986076, 25.055152346802235 ], [ 121.516003539608803, 25.056326031200669 ], [ 121.515389462596531, 25.057497813899232 ], [ 121.515386320996114, 25.057499715599107 ], [ 121.51421719556231, 25.058527340326144 ], [ 121.513293232723669, 25.057499715599107 ], [ 121.51421719556231, 25.056487229826388 ], [ 121.514320028337636, 25.056326031200669 ], [ 121.51421719556231, 25.055628610855457 ], [ 121.513044928528103, 25.055508205603122 ], [ 121.512673651920323, 25.056326031200669 ], [ 121.512655943104193, 25.057499715599107 ], [ 121.51254390104404, 25.058673399997542 ], [ 121.512352753604432, 25.059847084395976 ], [ 121.511872661493854, 25.060157404389614 ], [ 121.51112622497989, 25.059847084395976 ], [ 121.510700394459633, 25.058786235571379 ], [ 121.510589352439439, 25.058673399997542 ], [ 121.509528127425412, 25.058390500513745 ], [ 121.508968540605679, 25.057499715599107 ], [ 121.508640320550114, 25.056326031200669 ], [ 121.509528127425412, 25.055244873043645 ], [ 121.509610607693261, 25.055152346802235 ], [ 121.509528127425412, 25.055022949926236 ], [ 121.508355860391205, 25.05456488464624 ], [ 121.508178404192975, 25.053978662403793 ], [ 121.508070200592641, 25.052804978005362 ], [ 121.508355860391177, 25.052492213121624 ], [ 121.509528127425412, 25.051765907478522 ], [ 121.51051373999691, 25.051631293606928 ], [ 121.510700394459633, 25.051603000475321 ], [ 121.510726558508395, 25.051631293606928 ], [ 121.511872661493854, 25.052173620956005 ], [ 121.512213122517593, 25.051631293606928 ], [ 121.513044928528089, 25.050845113049355 ], [ 121.51421719556231, 25.050691847736424 ], [ 121.514412573401344, 25.05045760920849 ], [ 121.515389462596531, 25.049369440142495 ], [ 121.516561729630752, 25.049735929049358 ], [ 121.516973624818775, 25.049283924810055 ], [ 121.516561729630752, 25.04862963222239 ], [ 121.516551764798635, 25.04861783106557 ] ], [ [ 121.510775189664088, 25.048348747080684 ], [ 121.510700394459619, 25.048452702051407 ], [ 121.509528127425412, 25.048878617292274 ], [ 121.508572019234975, 25.048408852307531 ] ], [ [ 121.51857458619277, 25.048369819038946 ], [ 121.518906263699208, 25.049169845990807 ], [ 121.519489277748107, 25.049157337648371 ] ] ] } },
{ "type": "Feature", "properties": { "z": 3.5, "countyname": "臺北市", "townname": "大安區" }, "geometry": { "type": "MultiLineString", "coordinates": [ [ [ 121.543523871417904, 25.019788568532391 ], [ 121.543731034207752, 25.019941814849162 ], [ 121.544392080434591, 25.0211154992476 ], [ 121.544570680242174, 25.022289183646034 ], [ 121.544579835622073, 25.023462868044469 ], [ 121.544696138452139, 25.023759531035875 ], [ 121.54586840548636, 25.023960550218579 ], [ 121.547040672520581, 25.024023178010498 ], [ 121.548098596250483, 25.024636552442907 ], [ 121.548212939554816, 25.024681085706401 ], [ 121.549385206589037, 25.025123611844649 ], [ 121.550002631224856, 25.024636552442907 ], [ 121.550557473623257, 25.024099449565981 ], [ 121.55117498663239, 25.024636552442907 ], [ 121.551729740657478, 25.024815313867038 ], [ 121.551986806752453, 25.024636552442907 ], [ 121.552902007691713, 25.024024962851904 ], [ 121.552910624589472, 25.024030834895868 ] ], [ [ 121.557622623493899, 25.041932466314027 ], [ 121.557591075828611, 25.041966001462701 ], [ 121.557198504841693, 25.042241818419441 ], [ 121.556418808794376, 25.042814839834154 ], [ 121.555921620615962, 25.043415502817876 ], [ 121.555246541760155, 25.044157675603163 ], [ 121.554609181000544, 25.044497481995769 ] ], [ [ 121.549517066392198, 25.044881851999431 ], [ 121.549721163780632, 25.044589187216314 ], [ 121.549385206589037, 25.044270915006191 ], [ 121.548212939554816, 25.044298547146763 ], [ 121.547829017452003, 25.044589187216314 ], [ 121.547077509667631, 25.045176159439421 ] ], [ [ 121.541975312953525, 25.044670623473589 ], [ 121.541934032039691, 25.044589187216314 ], [ 121.541571976506631, 25.043415502817876 ], [ 121.541179337349462, 25.042897510140733 ], [ 121.540523262713876, 25.043415502817876 ], [ 121.540007070315241, 25.044054715513102 ], [ 121.539660210938919, 25.043415502817876 ], [ 121.539571586521376, 25.042241818419441 ], [ 121.540007070315241, 25.041890864753999 ], [ 121.540436908642505, 25.041068134021007 ], [ 121.541179337349462, 25.040581310470859 ], [ 121.542122103586593, 25.041068134021007 ], [ 121.542351604383697, 25.041824083823499 ], [ 121.542821434152074, 25.041068134021007 ], [ 121.543523871417918, 25.040753587508121 ], [ 121.544696138452139, 25.04080392234852 ], [ 121.545429075371075, 25.041068134021007 ], [ 121.54586840548636, 25.041373326428609 ], [ 121.54601885821873, 25.041068134021007 ], [ 121.547040672520581, 25.040303251655676 ], [ 121.547538827963763, 25.039894449622569 ], [ 121.547040672520581, 25.039434351068532 ], [ 121.54586840548636, 25.039111586929934 ], [ 121.544696138452139, 25.039207285256225 ], [ 121.543938848530999, 25.038720765224134 ], [ 121.544696138452139, 25.038026198395716 ], [ 121.54586840548636, 25.038324474305902 ], [ 121.546605273493981, 25.037547080825696 ], [ 121.54586840548636, 25.037090026584675 ], [ 121.544696138452139, 25.036709118206463 ], [ 121.543523871417918, 25.036978423505342 ], [ 121.542705211088844, 25.036373396427262 ], [ 121.542852402268778, 25.035199712028827 ], [ 121.543523871417918, 25.034337555333618 ], [ 121.544138701529548, 25.034026027630389 ], [ 121.543523871417918, 25.033753427889238 ], [ 121.542351604383683, 25.033754016456353 ], [ 121.541179337349462, 25.033106509934292 ], [ 121.540007070315241, 25.033087935354526 ], [ 121.539544861708933, 25.034026027630389 ], [ 121.53883480328102, 25.034609343337031 ], [ 121.538252191997827, 25.034026027630389 ], [ 121.537965127758071, 25.032852343231955 ], [ 121.538834803281034, 25.032285332253565 ], [ 121.540007070315241, 25.03263160103597 ], [ 121.541179337349462, 25.032532280338891 ], [ 121.542351604383683, 25.03232374051111 ], [ 121.543435133810021, 25.031678658833521 ], [ 121.542943250664436, 25.030504974435082 ], [ 121.542351604383683, 25.029788713854256 ], [ 121.541179337349448, 25.029575259001174 ], [ 121.540691597165207, 25.029331290036648 ], [ 121.540007070315241, 25.028671699539895 ], [ 121.538834803281034, 25.028226775080967 ], [ 121.538796094856806, 25.028157605638214 ], [ 121.538834803281006, 25.028067946825704 ], [ 121.539181225260052, 25.026983921239776 ], [ 121.53883480328102, 25.025825939623509 ], [ 121.538827118193041, 25.025810236841341 ], [ 121.53883480328102, 25.025801596399688 ], [ 121.538871036763183, 25.025810236841341 ], [ 121.540007070315241, 25.025987877127765 ], [ 121.541179337349462, 25.026365704700474 ], [ 121.541617685484567, 25.025810236841341 ], [ 121.542351604383683, 25.025202783689984 ], [ 121.542722779979755, 25.024636552442907 ], [ 121.542351604383683, 25.024091678915973 ], [ 121.541179337349448, 25.02382840262371 ], [ 121.540860248747236, 25.023462868044465 ], [ 121.540620486571044, 25.022289183646031 ], [ 121.540007070315241, 25.021296313910039 ], [ 121.539847025257444, 25.021115499247603 ], [ 121.540007070315241, 25.020901777971403 ], [ 121.541179337349462, 25.020502690230334 ], [ 121.542351604383683, 25.020403333197066 ], [ 121.542894234747976, 25.019941814849162 ], [ 121.543523871417904, 25.019788568532391 ] ] ] } },
{ "type": "Feature", "properties": { "z": 3.5, "countyname": "臺北市", "townname": "松山區" }, "geometry": { "type": "MultiLineString", "coordinates": [ [ [ 121.554609181000544, 25.044497481995769 ], [ 121.554437173321176, 25.044589187216314 ], [ 121.554304873781433, 25.045762871614748 ], [ 121.554644114071223, 25.046936556013179 ], [ 121.555246541760155, 25.047303690671093 ], [ 121.556418808794376, 25.047279397678672 ], [ 121.557591075828611, 25.047273386432902 ], [ 121.558763342862832, 25.047323103676927 ], [ 121.559935609897067, 25.047947318000347 ], [ 121.561107876931274, 25.047692174480474 ], [ 121.562280143965495, 25.048062988919334 ], [ 121.562440134661657, 25.048110240411621 ], [ 121.562280143965495, 25.048663464435169 ], [ 121.561107876931274, 25.048450856663212 ], [ 121.559935609897053, 25.048204842229634 ], [ 121.559161969971797, 25.049283924810055 ], [ 121.559935609897053, 25.049796398022544 ], [ 121.561107876931274, 25.050086793573001 ], [ 121.562280143965495, 25.049342273873179 ], [ 121.562474671890186, 25.049283924810055 ], [ 121.56345241099973, 25.048730927911446 ], [ 121.563831138436839, 25.048110240411621 ], [ 121.564154893331491, 25.047772888431528 ] ], [ [ 121.565741772551206, 25.048310549159179 ], [ 121.565796945068172, 25.048340397641727 ], [ 121.56678846023938, 25.049283924810055 ], [ 121.566779417777482, 25.05045760920849 ], [ 121.565796945068172, 25.05162707683365 ], [ 121.564624678033951, 25.051030452373499 ], [ 121.563638199654221, 25.05045760920849 ], [ 121.56345241099973, 25.050087411801162 ], [ 121.563325737213205, 25.05045760920849 ], [ 121.562280143965495, 25.051110241850342 ], [ 121.561416598544284, 25.051631293606924 ], [ 121.561778091458947, 25.052804978005362 ], [ 121.561107876931274, 25.053806745984335 ], [ 121.560227264249946, 25.052804978005362 ], [ 121.560542458273773, 25.051631293606928 ], [ 121.559935609897039, 25.051027170510867 ], [ 121.559408657500555, 25.051631293606928 ], [ 121.558763342862832, 25.05187332393027 ], [ 121.557591075828611, 25.05259259506872 ], [ 121.557278308696823, 25.052804978005362 ], [ 121.556418808794376, 25.053206190041664 ], [ 121.555246541760155, 25.053784229474534 ], [ 121.554507051586626, 25.052804978005362 ], [ 121.555246541760155, 25.051911706078386 ], [ 121.556156570098949, 25.051631293606928 ], [ 121.556418808794376, 25.051532826854974 ], [ 121.557163872698737, 25.05045760920849 ], [ 121.5570865268962, 25.049283924810055 ], [ 121.556418808794376, 25.048944864360703 ], [ 121.556075690655902, 25.049283924810055 ], [ 121.555246541760155, 25.0501771776967 ], [ 121.554074274725934, 25.049571127493788 ], [ 121.552902007691713, 25.049686729962797 ], [ 121.552352570482981, 25.049283924810055 ], [ 121.551729740657478, 25.048744599304037 ], [ 121.551229758563096, 25.048110240411621 ], [ 121.550557473623257, 25.047441686162536 ], [ 121.549385206589037, 25.047738421348669 ], [ 121.548870837478489, 25.046936556013183 ], [ 121.548638188365004, 25.045762871614748 ], [ 121.549385206589037, 25.045070931933225 ], [ 121.549517065819316, 25.044881852820918 ] ], [ [ 121.547077509163231, 25.045176159833385 ], [ 121.547040672520581, 25.045204931439585 ], [ 121.54586840548636, 25.045312612079783 ], [ 121.545035177551398, 25.045762871614748 ], [ 121.54586840548636, 25.046269686423273 ], [ 121.546391873041514, 25.046936556013183 ], [ 121.547040672520581, 25.047508349023303 ], [ 121.54761024270681, 25.048110240411621 ], [ 121.547040672520581, 25.049033548855782 ], [ 121.54586840548636, 25.048790117942008 ], [ 121.544696138452139, 25.048759809599893 ], [ 121.54406712753655, 25.049283924810055 ], [ 121.544696138452139, 25.04982315901076 ], [ 121.545267758276381, 25.05045760920849 ], [ 121.54586840548636, 25.051396303576421 ], [ 121.546171278332366, 25.051631293606931 ], [ 121.547040672520581, 25.052384729076962 ], [ 121.547456401896298, 25.052804978005362 ], [ 121.547758117133696, 25.053978662403797 ], [ 121.547040672520581, 25.054637543945827 ], [ 121.546498714112744, 25.055152346802235 ], [ 121.546845294681546, 25.056326031200669 ], [ 121.54586840548636, 25.057257805310229 ], [ 121.544696138452139, 25.057110708975426 ], [ 121.54418527024805, 25.057072897648595 ] ], [ [ 121.544206001331048, 25.05848572470261 ], [ 121.544696138452139, 25.057880775981015 ], [ 121.545868405486374, 25.058436518877372 ], [ 121.547040672520581, 25.058433102628939 ], [ 121.547403389605194, 25.058673399997545 ], [ 121.548212939554816, 25.059478951887108 ], [ 121.548426185599013, 25.059847084395976 ], [ 121.548638284420633, 25.061020768794414 ], [ 121.548212939554816, 25.061478901518331 ], [ 121.547040672520581, 25.061042208950266 ], [ 121.547009827107999, 25.061020768794414 ], [ 121.546046112186289, 25.059847084395976 ], [ 121.54586840548636, 25.059043564485226 ], [ 121.544696138452139, 25.059304853245134 ], [ 121.544264526933986, 25.059847084395976 ], [ 121.54422627707963, 25.059896566235661 ] ], [ [ 121.543872805751349, 25.045924075859222 ], [ 121.544076831168155, 25.045762871614748 ], [ 121.54386482201194, 25.045569175036952 ] ] ] } },
{ "type": "Feature", "properties": { "z": 3.5, "countyname": "臺北市", "townname": "萬華區" }, "geometry": { "type": "MultiLineString", "coordinates": [ [ [ 121.508572019234975, 25.048408852307531 ], [ 121.508355860391191, 25.048302646904244 ], [ 121.507183593356956, 25.048762160672265 ], [ 121.506011326322735, 25.048615470934767 ], [ 121.505491505036872, 25.048110240411624 ], [ 121.504839059288514, 25.04729440033994 ], [ 121.503729844214035, 25.046936556013183 ], [ 121.503666792254293, 25.046901965727407 ], [ 121.503045763195615, 25.045762871614748 ], [ 121.503666792254293, 25.045011881437851 ], [ 121.504109739295046, 25.044589187216314 ], [ 121.503666792254293, 25.044288868213275 ], [ 121.502664077905081, 25.043415502817876 ], [ 121.502494525220072, 25.04234278121287 ], [ 121.502464087941817, 25.042241818419445 ], [ 121.502494525220072, 25.042213681240465 ], [ 121.502534478761646, 25.042241818419438 ], [ 121.503666792254293, 25.042606644355743 ], [ 121.50400137615415, 25.042241818419441 ], [ 121.5039848050193, 25.041068134021007 ], [ 121.503666792254293, 25.040584484849319 ], [ 121.502494525220087, 25.040415590378398 ], [ 121.501322258185837, 25.040422252184605 ], [ 121.500149991151616, 25.040659244799897 ], [ 121.498977724117395, 25.039989952438781 ], [ 121.498896286782312, 25.039894449622569 ], [ 121.497805457083174, 25.039341134492048 ], [ 121.497253306989577, 25.038720765224134 ], [ 121.497298054765551, 25.037547080825696 ], [ 121.496872594918813, 25.036373396427262 ], [ 121.496633190048939, 25.035842730660377 ], [ 121.49579962276205, 25.035199712028827 ], [ 121.496633190048939, 25.034767225175958 ], [ 121.497518053714259, 25.034026027630389 ], [ 121.497805457083174, 25.033814327241412 ], [ 121.498164812860523, 25.034026027630389 ], [ 121.498977724117395, 25.03435833339632 ], [ 121.499957376405845, 25.035199712028827 ], [ 121.500149991151616, 25.03598706519654 ], [ 121.500733233162293, 25.035199712028827 ], [ 121.501322258185837, 25.035004863686549 ], [ 121.501613998001346, 25.035199712028827 ], [ 121.502494525220072, 25.03571544302779 ], [ 121.503377645599883, 25.035199712028827 ], [ 121.503666792254293, 25.034968447293537 ], [ 121.503857706993401, 25.035199712028827 ], [ 121.503666792254293, 25.035654233313437 ], [ 121.503328244803939, 25.036373396427262 ], [ 121.502494525220072, 25.037002198964633 ], [ 121.501322258185837, 25.037287408324268 ], [ 121.500149991151616, 25.036932069332725 ], [ 121.498977724117395, 25.036946223929927 ], [ 121.498266372013518, 25.037547080825696 ], [ 121.498977724117395, 25.038466471985213 ], [ 121.500149991151616, 25.037659486597548 ], [ 121.501322258185837, 25.038235592424297 ], [ 121.502494525220072, 25.038496841008506 ], [ 121.503666792254279, 25.038336814012876 ], [ 121.504542965982807, 25.037547080825696 ], [ 121.504839059288514, 25.037418595567591 ], [ 121.506011326322735, 25.036907887866647 ], [ 121.506755015381856, 25.037404122929789 ] ], [ [ 121.50680717380196, 25.037723829334031 ], [ 121.506011326322735, 25.03859166340645 ], [ 121.505388100121834, 25.038720765224134 ], [ 121.505817466760092, 25.039894449622569 ], [ 121.506011326322735, 25.039925726604231 ], [ 121.507183593356956, 25.039930820714766 ], [ 121.507777812259846, 25.041068134021007 ], [ 121.508030544979846, 25.042241818419441 ], [ 121.508355860391191, 25.042816369123706 ], [ 121.508362780633632, 25.042804147046212 ] ] ] } },
{ "type": "Feature", "properties": { "z": 3.5, "countyname": "臺北市", "townname": "萬華區" }, "geometry": { "type": "LineString", "coordinates": [ [ 121.498977724117395, 25.021040142975536 ], [ 121.499260064489462, 25.0211154992476 ], [ 121.498977724117395, 25.021176204742169 ], [ 121.498941578275932, 25.0211154992476 ], [ 121.498977724117395, 25.021040142975536 ] ] } },
{ "type": "Feature", "properties": { "z": 3.5, "countyname": "臺北市", "townname": "萬華區" }, "geometry": { "type": "LineString", "coordinates": [ [ 121.502494525220072, 25.020971443312895 ], [ 121.502649871453897, 25.0211154992476 ], [ 121.502494525220058, 25.021259318554673 ], [ 121.502286069520764, 25.0211154992476 ], [ 121.502494525220072, 25.020971443312895 ] ] } },
{ "type": "Feature", "properties": { "z": 3.5, "countyname": "臺北市", "townname": "大安區" }, "geometry": { "type": "LineString", "coordinates": [ [ 121.551729740657478, 25.020474947825583 ], [ 121.552035364596335, 25.021115499247596 ], [ 121.551729740657493, 25.021559349334783 ], [ 121.551299473067175, 25.022289183646034 ], [ 121.550557473623257, 25.023237966108692 ], [ 121.549629470554962, 25.022289183646034 ], [ 121.550557473623257, 25.021455228285152 ], [ 121.551185806046576, 25.0211154992476 ], [ 121.551729740657478, 25.020474947825583 ] ] } },
{ "type": "Feature", "properties": { "z": 3.5, "countyname": "臺北市", "townname": "萬華區" }, "geometry": { "type": "LineString", "coordinates": [ [ 121.497805457083174, 25.021670392185275 ], [ 121.498575132267263, 25.022289183646034 ], [ 121.497805457083174, 25.02343162195837 ], [ 121.497230803611401, 25.022289183646034 ], [ 121.497805457083174, 25.021670392185275 ] ] } },
{ "type": "Feature", "properties": { "z": 3.5, "countyname": "臺北市", "townname": "萬華區" }, "geometry": { "type": "LineString", "coordinates": [ [ 121.500149991151616, 25.022431044967831 ], [ 121.501322258185837, 25.022633574849671 ], [ 121.502494525220072, 25.023307994196461 ], [ 121.502997697855747, 25.023462868044469 ], [ 121.502494525220072, 25.023595534408695 ], [ 121.501322258185837, 25.024092433186897 ], [ 121.500149991151616, 25.024566249987675 ], [ 121.499566069878014, 25.023462868044469 ], [ 121.500149991151616, 25.022431044967831 ] ] } },
{ "type": "Feature", "properties": { "z": 3.5, "countyname": "臺北市", "townname": "中正區" }, "geometry": { "type": "LineString", "coordinates": [ [ 121.523595331836106, 25.023248883469744 ], [ 121.523457008573303, 25.023462868044469 ], [ 121.523595331836106, 25.023628801518864 ], [ 121.523733655098908, 25.023462868044469 ], [ 121.523595331836106, 25.023248883469741 ] ] } },
{ "type": "Feature", "properties": { "z": 3.5, "countyname": "臺北市", "townname": "大安區" }, "geometry": { "type": "LineString", "coordinates": [ [ 121.527112132938768, 25.023138402557596 ], [ 121.526608464491545, 25.023462868044469 ], [ 121.527112132938768, 25.023795520559801 ], [ 121.527449797374658, 25.023462868044469 ], [ 121.527112132938768, 25.023138402557596 ] ] } },
{ "type": "Feature", "properties": { "z": 3.5, "countyname": "臺北市", "townname": "信義區" }, "geometry": { "type": "LineString", "coordinates": [ [ 121.555246541760155, 25.022780661864374 ], [ 121.556114798222254, 25.023462868044469 ], [ 121.555246541760155, 25.024289778015611 ], [ 121.554167158909195, 25.023462868044469 ], [ 121.555246541760155, 25.022780661864374 ] ] } },
{ "type": "Feature", "properties": { "z": 3.5, "countyname": "臺北市", "townname": "南港區" }, "geometry": { "type": "LineString", "coordinates": [ [ 121.606826291266017, 25.023226278977571 ], [ 121.607998558300253, 25.023170595298829 ], [ 121.609170825334473, 25.023114911620091 ], [ 121.610343092368694, 25.023059227941346 ], [ 121.611515359402929, 25.023003544262604 ], [ 121.61268762643715, 25.022947860583859 ], [ 121.613859893471371, 25.02289217690512 ], [ 121.614541572356501, 25.023462868044469 ], [ 121.615032160505578, 25.024460112321098 ], [ 121.615080044201889, 25.024636552442907 ], [ 121.615398567827356, 25.025810236841341 ], [ 121.615717091452851, 25.026983921239776 ], [ 121.616035615078331, 25.028157605638214 ], [ 121.615563188156713, 25.029331290036648 ], [ 121.615032160505592, 25.030015242416777 ], [ 121.61465192753775, 25.030504974435082 ], [ 121.613859893471371, 25.031525097556152 ], [ 121.613740666918773, 25.031678658833521 ], [ 121.61268762643715, 25.032016612648551 ], [ 121.611515359402915, 25.032227726717949 ], [ 121.611014352815047, 25.031678658833517 ], [ 121.610343092368694, 25.030979088448461 ], [ 121.610020614439208, 25.030504974435082 ], [ 121.609595190343327, 25.029331290036648 ], [ 121.609170825334473, 25.028756424729444 ], [ 121.608879801328811, 25.028157605638214 ], [ 121.608591465333603, 25.026983921239776 ], [ 121.607998558300253, 25.026279709504653 ], [ 121.607781648888448, 25.025810236841341 ], [ 121.607703593667125, 25.024636552442907 ], [ 121.606826291266017, 25.023523276383578 ], [ 121.606803675389656, 25.023462868044472 ], [ 121.606826291266017, 25.023226278977571 ] ] } },
{ "type": "Feature", "properties": { "z": 3.5, "countyname": "臺北市", "townname": "萬華區" }, "geometry": { "type": "LineString", "coordinates": [ [ 121.495460923014718, 25.024238284908648 ], [ 121.496167299074827, 25.024636552442907 ], [ 121.496633190048939, 25.024735054747801 ], [ 121.496762135687746, 25.024636552442907 ], [ 121.497805457083174, 25.023502173600576 ], [ 121.498718738283856, 25.024636552442907 ], [ 121.497805457083174, 25.02522515191221 ], [ 121.497308131387172, 25.025810236841341 ], [ 121.496633190048939, 25.02651283411987 ], [ 121.496156614179696, 25.026983921239776 ], [ 121.495818482346451, 25.028157605638214 ], [ 121.495460923014718, 25.029084625111519 ], [ 121.495177888171966, 25.029331290036648 ], [ 121.494288655980498, 25.029775218158985 ], [ 121.493572931916319, 25.029331290036648 ], [ 121.493351297223043, 25.028157605638214 ], [ 121.493116388946277, 25.02791733719209 ], [ 121.492497208882597, 25.026983921239776 ], [ 121.493116388946277, 25.026585793642354 ], [ 121.493701133965018, 25.025810236841341 ], [ 121.494288655980498, 25.024817119212802 ], [ 121.494937488357664, 25.024636552442907 ], [ 121.495460923014718, 25.024238284908648 ] ] } },
{ "type": "Feature", "properties": { "z": 3.5, "countyname": "臺北市", "townname": "萬華區" }, "geometry": { "type": "LineString", "coordinates": [ [ 121.504839059288514, 25.024408930645681 ], [ 121.505236476198974, 25.024636552442907 ], [ 121.505500239068851, 25.025810236841341 ], [ 121.504839059288514, 25.026420304528504 ], [ 121.504046117527011, 25.025810236841341 ], [ 121.504400971273313, 25.02463655244291 ], [ 121.504839059288514, 25.024408930645681 ] ] } },
{ "type": "Feature", "properties": { "z": 3.5, "countyname": "臺北市", "townname": "中正區" }, "geometry": { "type": "LineString", "coordinates": [ [ 121.508692508818427, 25.02531932379356 ], [ 121.508826260237441, 25.025810236841341 ], [ 121.508355860391205, 25.026274370680238 ], [ 121.507596169304179, 25.026310681272388 ] ] } },
{ "type": "Feature", "properties": { "z": 3.5, "countyname": "臺北市", "townname": "萬華區" }, "geometry": { "type": "MultiLineString", "coordinates": [ [ [ 121.508355860391191, 25.024605748131457 ], [ 121.508506484760943, 25.024636552442907 ], [ 121.508692508818427, 25.02531932379356 ] ], [ [ 121.507596169304179, 25.026310681272388 ], [ 121.507183593356956, 25.026330400967943 ], [ 121.5067102288249, 25.025810236841341 ], [ 121.507183593356956, 25.025405437960217 ], [ 121.508314515474368, 25.024636552442907 ], [ 121.508355860391191, 25.024605748131457 ] ] ] } },
{ "type": "Feature", "properties": { "z": 3.5, "countyname": "臺北市", "townname": "中正區" }, "geometry": { "type": "LineString", "coordinates": [ [ 121.517733996664987, 25.024004152022105 ], [ 121.518491499596038, 25.024636552442907 ], [ 121.517733996664987, 25.025397711741117 ], [ 121.51680379931986, 25.024636552442907 ], [ 121.517733996664987, 25.024004152022105 ] ] } },
{ "type": "Feature", "properties": { "z": 3.5, "countyname": "臺北市", "townname": "大安區" }, "geometry": { "type": "LineString", "coordinates": [ [ 121.530628934041445, 25.023545381879025 ], [ 121.530492829053401, 25.024636552442907 ], [ 121.530628934041445, 25.024871863233891 ], [ 121.530842527221907, 25.024636552442907 ], [ 121.530628934041445, 25.023545381879025 ] ] } },
{ "type": "Feature", "properties": { "z": 3.5, "countyname": "臺北市", "townname": "信義區" }, "geometry": { "type": "LineString", "coordinates": [ [ 121.56345241099973, 25.023658482110875 ], [ 121.564271063210327, 25.024636552442907 ], [ 121.56345241099973, 25.025798598192555 ], [ 121.562866277482613, 25.024636552442907 ], [ 121.56345241099973, 25.023658482110875 ] ] } },
{ "type": "Feature", "properties": { "z": 3.5, "countyname": "臺北市", "townname": "信義區" }, "geometry": { "type": "LineString", "coordinates": [ [ 121.569313746170849, 25.023594588717792 ], [ 121.570069079388233, 25.024636552442907 ], [ 121.570037773362117, 25.025810236841341 ], [ 121.569313746170849, 25.02664578222964 ], [ 121.56863358884948, 25.025810236841341 ], [ 121.569070470159772, 25.024636552442907 ], [ 121.569313746170849, 25.023594588717792 ] ] } },
{ "type": "Feature", "properties": { "z": 3.5, "countyname": "臺北市", "townname": "萬華區" }, "geometry": { "type": "LineString", "coordinates": [ [ 121.495460923014718, 25.024809498306773 ], [ 121.494922743778389, 25.025810236841341 ], [ 121.495460923014718, 25.026339463508798 ], [ 121.495983288224437, 25.025810236841341 ], [ 121.495460923014718, 25.024809498306773 ] ] } },
{ "type": "Feature", "properties": { "z": 3.5, "countyname": "臺北市", "townname": "萬華區" }, "geometry": { "type": "LineString", "coordinates": [ [ 121.500149991151616, 25.024772152786326 ], [ 121.50060557702912, 25.025810236841341 ], [ 121.500149991151616, 25.026306380473606 ], [ 121.499508730844198, 25.025810236841341 ], [ 121.500149991151616, 25.024772152786326 ] ] } },
{ "type": "Feature", "properties": { "z": 3.5, "countyname": "臺北市", "townname": "大安區" }, "geometry": { "type": "LineString", "coordinates": [ [ 121.54586840548636, 25.025142064546202 ], [ 121.545176469077461, 25.025810236841345 ], [ 121.544696138452139, 25.026415457889101 ], [ 121.544428499233902, 25.026983921239776 ], [ 121.544696138452139, 25.02737570774454 ], [ 121.545486964508683, 25.026983921239776 ], [ 121.54586840548636, 25.026703117772254 ], [ 121.546104948238707, 25.026983921239776 ], [ 121.547040672520581, 25.027468664809682 ], [ 121.548212939554816, 25.027462790750629 ], [ 121.549067164066287, 25.028157605638214 ], [ 121.548212939554816, 25.029204708389472 ], [ 121.547040672520581, 25.028724477913507 ], [ 121.546199019715118, 25.029331290036648 ], [ 121.54592608322082, 25.030504974435082 ], [ 121.54586840548636, 25.030874114729379 ], [ 121.545680826598485, 25.031678658833521 ], [ 121.54586840548636, 25.031795603573958 ], [ 121.546922609094395, 25.032852343231955 ], [ 121.546632589042375, 25.034026027630389 ], [ 121.547040672520581, 25.034200449371255 ], [ 121.547300705651594, 25.034026027630389 ], [ 121.547188714343534, 25.032852343231955 ], [ 121.548212939554816, 25.032061761277173 ], [ 121.549385206589037, 25.032198120290417 ], [ 121.550557473623257, 25.03197207993313 ], [ 121.551729740657478, 25.031803383945942 ], [ 121.551845713593821, 25.031678658833521 ], [ 121.551729740657478, 25.03144415712994 ], [ 121.550557473623257, 25.031481967654972 ], [ 121.549385206589037, 25.031094555703891 ], [ 121.548475802281558, 25.030504974435082 ], [ 121.549385206589037, 25.029670508125367 ], [ 121.549823988634884, 25.029331290036648 ], [ 121.549692426873222, 25.028157605638214 ], [ 121.550557473623257, 25.027399787455913 ], [ 121.550969667497924, 25.026983921239776 ], [ 121.550557473623272, 25.026332709617133 ], [ 121.549385206589037, 25.026527011349728 ], [ 121.548212939554816, 25.026397079040557 ], [ 121.547040672520581, 25.026322658567864 ], [ 121.546465266830282, 25.025810236841338 ], [ 121.54586840548636, 25.025142064546202 ] ] } },
{ "type": "Feature", "properties": { "z": 3.5, "countyname": "臺北市", "townname": "大安區" }, "geometry": { "type": "LineString", "coordinates": [ [ 121.552902007691713, 25.025518732540384 ], [ 121.552697460562513, 25.025810236841341 ], [ 121.552693521492372, 25.026983921239776 ], [ 121.552179278884481, 25.028157605638214 ], [ 121.551729740657478, 25.02890596375093 ], [ 121.551299005828454, 25.029331290036648 ], [ 121.551729740657478, 25.029801155062206 ], [ 121.552902007691713, 25.029594645297287 ], [ 121.553177117484182, 25.029331290036648 ], [ 121.554074274725934, 25.028701868788062 ], [ 121.555246541760155, 25.028490353079697 ], [ 121.555520817198271, 25.028157605638214 ], [ 121.555246541760155, 25.027927891047604 ], [ 121.55470718913169, 25.026983921239776 ], [ 121.554074274725934, 25.02588317027541 ], [ 121.553827663375358, 25.025810236841341 ], [ 121.552902007691713, 25.02551873254038 ] ] } },
{ "type": "Feature", "properties": { "z": 3.5, "countyname": "臺北市", "townname": "中正區" }, "geometry": { "type": "LineString", "coordinates": [ [ 121.50655825745136, 25.027312590605934 ], [ 121.507126820968736, 25.028157605638214 ], [ 121.506832854159853, 25.029331290036648 ], [ 121.506011326322735, 25.029964535364066 ], [ 121.504839059288514, 25.029605012458614 ], [ 121.504641661290663, 25.029378015688021 ] ] } },
{ "type": "Feature", "properties": { "z": 3.5, "countyname": "臺北市", "townname": "萬華區" }, "geometry": { "type": "MultiLineString", "coordinates": [ [ [ 121.506011326322735, 25.026694365680488 ], [ 121.506337114153624, 25.026983921239779 ], [ 121.50655825745136, 25.027312590605934 ] ], [ [ 121.504641661290663, 25.029378015688021 ], [ 121.50460102833361, 25.029331290036648 ], [ 121.504839059288514, 25.02910083980699 ], [ 121.505407882783842, 25.028157605638214 ], [ 121.505759189949842, 25.026983921239776 ], [ 121.506011326322735, 25.026694365680488 ] ] ] } },
{ "type": "Feature", "properties": { "z": 3.5, "countyname": "臺北市", "townname": "中正區" }, "geometry": { "type": "LineString", "coordinates": [ [ 121.510700394459633, 25.026490538415867 ], [ 121.511341756925873, 25.026983921239776 ], [ 121.510700394459633, 25.027737952820885 ], [ 121.51014749318017, 25.026983921239776 ], [ 121.510700394459633, 25.026490538415867 ] ] } },
{ "type": "Feature", "properties": { "z": 3.5, "countyname": "臺北市", "townname": "萬華區" }, "geometry": { "type": "MultiLineString", "coordinates": [ [ [ 121.487255053775144, 25.028009993776493 ], [ 121.488427320809379, 25.027569017884982 ], [ 121.489599587843614, 25.027693084799498 ], [ 121.489795144511746, 25.028157605638214 ], [ 121.490771854877821, 25.029078965853213 ], [ 121.491020837523976, 25.029331290036648 ], [ 121.490771854877821, 25.029708983962102 ], [ 121.4895995878436, 25.029958260468309 ], [ 121.488427320809379, 25.029760802368116 ], [ 121.487255053775129, 25.029620466266596 ], [ 121.486082786740909, 25.029438138365517 ], [ 121.486038763681677, 25.029427878880092 ] ], [ [ 121.486402694165662, 25.028691555657588 ], [ 121.486954940754799, 25.028157605638214 ], [ 121.487255053775144, 25.028009993776493 ] ] ] } },
{ "type": "Feature", "properties": { "z": 3.5, "countyname": "臺北市", "townname": "萬華區" }, "geometry": { "type": "LineString", "coordinates": [ [ 121.500149991151602, 25.028129992101277 ], [ 121.501322258185823, 25.027722869587421 ], [ 121.502494525220072, 25.027749322714875 ], [ 121.502883060836737, 25.02815760563821 ], [ 121.502494525220072, 25.028915897581083 ], [ 121.501322258185837, 25.028346714827002 ], [ 121.500598048880391, 25.029331290036648 ], [ 121.500326706603644, 25.030504974435082 ], [ 121.500149991151616, 25.030909475793131 ], [ 121.500036075744163, 25.030504974435082 ], [ 121.499847825891734, 25.029331290036648 ], [ 121.500128461925485, 25.02815760563821 ], [ 121.500149991151602, 25.028129992101277 ] ] } },
{ "type": "Feature", "properties": { "z": 3.5, "countyname": "臺北市", "townname": "大安區" }, "geometry": { "type": "MultiLineString", "coordinates": [ [ [ 121.544696138452139, 25.029400523034759 ], [ 121.544696138452139, 25.02940052303477 ] ], [ [ 121.544696138452139, 25.02940052303477 ], [ 121.544411737575757, 25.030504974435082 ], [ 121.544696138452139, 25.030913904350225 ], [ 121.545703711893182, 25.030504974435082 ], [ 121.544696138452139, 25.02940052303477 ] ], [ [ 121.544696138452139, 25.02940052303477 ], [ 121.544696138452125, 25.029400523034759 ] ] ] } },
{ "type": "Feature", "properties": { "z": 3.5, "countyname": "臺北市", "townname": "大安區" }, "geometry": { "type": "LineString", "coordinates": [ [ 121.556418808794376, 25.030300899590159 ], [ 121.556182530536915, 25.030504974435082 ], [ 121.555246541760155, 25.031636730255229 ], [ 121.555213114789908, 25.031678658833521 ], [ 121.555246541760155, 25.031712126219634 ], [ 121.556418808794376, 25.03276546442288 ], [ 121.557194581072949, 25.031678658833521 ], [ 121.556614186633411, 25.030504974435082 ], [ 121.556418808794376, 25.030300899590159 ] ] } },
{ "type": "Feature", "properties": { "z": 3.5, "countyname": "臺北市", "townname": "萬華區" }, "geometry": { "type": "LineString", "coordinates": [ [ 121.490771854877821, 25.031197306508631 ], [ 121.491169626154559, 25.031678658833521 ], [ 121.490771854877821, 25.032038691454645 ], [ 121.490453755838956, 25.031678658833521 ], [ 121.490771854877821, 25.031197306508631 ] ] } },
{ "type": "Feature", "properties": { "z": 3.5, "countyname": "臺北市", "townname": "萬華區" }, "geometry": { "type": "LineString", "coordinates": [ [ 121.491944121912042, 25.032321052931284 ], [ 121.492698244188304, 25.032852343231955 ], [ 121.493116388946277, 25.033139570058285 ], [ 121.493857881694353, 25.034026027630389 ], [ 121.493116388946277, 25.034873826076943 ], [ 121.492510115770386, 25.034026027630389 ], [ 121.491944121912042, 25.033304181766113 ], [ 121.491456367829059, 25.032852343231959 ], [ 121.491944121912042, 25.032321052931284 ] ] } },
{ "type": "Feature", "properties": { "z": 3.5, "countyname": "臺北市", "townname": "萬華區" }, "geometry": { "type": "LineString", "coordinates": [ [ 121.502494525220072, 25.032709223342636 ], [ 121.502616503097997, 25.032852343231955 ], [ 121.502494525220072, 25.03304320641028 ], [ 121.50206387682519, 25.032852343231955 ], [ 121.502494525220072, 25.032709223342636 ] ] } },
{ "type": "Feature", "properties": { "z": 3.5, "countyname": "臺北市", "townname": "中正區" }, "geometry": { "type": "MultiLineString", "coordinates": [ [ [ 121.504839059288514, 25.032148139119712 ], [ 121.506011326322735, 25.032316688290514 ], [ 121.507183593356956, 25.032831608034098 ], [ 121.507200550693966, 25.032852343231955 ], [ 121.508001204767112, 25.034026027630389 ], [ 121.508355860391191, 25.034486052801121 ], [ 121.508860171537208, 25.035199712028827 ], [ 121.508355860391191, 25.035948425891021 ], [ 121.507183593356956, 25.036124291933373 ], [ 121.506473933705138, 25.035199712028827 ], [ 121.506174591220642, 25.034026027630389 ], [ 121.506011326322735, 25.033723009062165 ], [ 121.505343334389408, 25.033537984734625 ] ], [ [ 121.50470677432989, 25.032356616768418 ], [ 121.504839059288514, 25.032148139119712 ] ] ] } },
{ "type": "Feature", "properties": { "z": 3.5, "countyname": "臺北市", "townname": "萬華區" }, "geometry": { "type": "LineString", "coordinates": [ [ 121.505343334389408, 25.033537984734625 ], [ 121.504839059288514, 25.03339830765653 ], [ 121.504392221882071, 25.032852343231955 ], [ 121.50470677432989, 25.032356616768418 ] ] } },
{ "type": "Feature", "properties": { "z": 3.5, "countyname": "臺北市", "townname": "信義區" }, "geometry": { "type": "LineString", "coordinates": [ [ 121.56345241099973, 25.032645428796474 ], [ 121.563617110269192, 25.032852343231955 ], [ 121.56345241099973, 25.033483925858505 ], [ 121.563164976933919, 25.032852343231955 ], [ 121.56345241099973, 25.032645428796474 ] ] } },
{ "type": "Feature", "properties": { "z": 3.5, "countyname": "臺北市", "townname": "大安區" }, "geometry": { "type": "LineString", "coordinates": [ [ 121.549385206589022, 25.033733269956898 ], [ 121.548981237888867, 25.034026027630389 ], [ 121.549385206589037, 25.034676159598213 ], [ 121.549732120685903, 25.035199712028827 ], [ 121.549385206589037, 25.036019206742136 ], [ 121.549239408318911, 25.036373396427262 ], [ 121.548835753254068, 25.037547080825696 ], [ 121.549385206589037, 25.03806079655104 ], [ 121.550111669061522, 25.038720765224134 ], [ 121.550243023325038, 25.039894449622569 ], [ 121.550557473623257, 25.040308719249886 ], [ 121.551175881413243, 25.039894449622569 ], [ 121.551001712300859, 25.038720765224134 ], [ 121.551584179790979, 25.0375470808257 ], [ 121.551729740657478, 25.03742619959673 ], [ 121.551873676830994, 25.037547080825696 ], [ 121.552902007691713, 25.03820716355289 ], [ 121.554074274725934, 25.037887643971931 ], [ 121.554891383341683, 25.037547080825696 ], [ 121.554074274725934, 25.037206517679465 ], [ 121.552902007691728, 25.036484829610487 ], [ 121.552809124365723, 25.036373396427265 ], [ 121.552902007691728, 25.036280400797917 ], [ 121.554074274725934, 25.035277145689744 ], [ 121.555246541760155, 25.035245185146156 ], [ 121.55529941974585, 25.035199712028827 ], [ 121.555246541760155, 25.035127696835325 ], [ 121.554074274725934, 25.035077027838447 ], [ 121.553250056113427, 25.034026027630389 ], [ 121.552902007691713, 25.033730280788081 ], [ 121.551729740657478, 25.033988013617662 ], [ 121.55147966572477, 25.034026027630389 ], [ 121.550557473623257, 25.034215830782173 ], [ 121.550241123101927, 25.034026027630389 ], [ 121.549385206589037, 25.033733269956898 ] ] } },
{ "type": "Feature", "properties": { "z": 3.5, "countyname": "臺北市", "townname": "信義區" }, "geometry": { "type": "LineString", "coordinates": [ [ 121.564624678033951, 25.033455117781646 ], [ 121.565796945068172, 25.033530680453232 ], [ 121.566969212102393, 25.033270237140012 ], [ 121.567526411618019, 25.034026027630389 ], [ 121.568141479136628, 25.034846667456399 ], [ 121.568590368168444, 25.035199712028827 ], [ 121.568141479136642, 25.035703689671461 ], [ 121.56732344451855, 25.036373396427262 ], [ 121.566969212102407, 25.036679701276075 ], [ 121.566541291179405, 25.036373396427262 ], [ 121.565796945068172, 25.035962700691353 ], [ 121.565060559757825, 25.035199712028827 ], [ 121.564624678033951, 25.034800649056127 ], [ 121.56360365888753, 25.034026027630389 ], [ 121.564624678033951, 25.033455117781646 ] ] } },
{ "type": "Feature", "properties": { "z": 3.5, "countyname": "臺北市", "townname": "信義區" }, "geometry": { "type": "LineString", "coordinates": [ [ 121.575175081341968, 25.033706449711637 ], [ 121.57545518286932, 25.034026027630389 ], [ 121.576347348376189, 25.034623655497015 ], [ 121.577237896908258, 25.035199712028827 ], [ 121.577519615410409, 25.035556063213843 ], [ 121.578691882444645, 25.035472459857417 ], [ 121.579726758597687, 25.036373396427262 ], [ 121.57958092923954, 25.037547080825696 ], [ 121.57986414947888, 25.038177013473646 ], [ 121.580141201316479, 25.038720765224134 ], [ 121.580339454223463, 25.039894449622569 ], [ 121.579864149478865, 25.040788300809311 ], [ 121.57891776113199, 25.041068134021007 ], [ 121.578691882444645, 25.041151766883718 ], [ 121.577645012668768, 25.042241818419441 ], [ 121.577519615410409, 25.042682936347592 ], [ 121.577425088055705, 25.042241818419441 ], [ 121.577039868680018, 25.041068134021007 ], [ 121.576347348376189, 25.040669385544373 ], [ 121.575716487332002, 25.039894449622569 ], [ 121.575632494583601, 25.038720765224134 ], [ 121.576347348376189, 25.03797513499741 ], [ 121.576774885621319, 25.037547080825696 ], [ 121.576830897709314, 25.036373396427262 ], [ 121.576347348376189, 25.035977283763295 ], [ 121.57594383771152, 25.036373396427262 ], [ 121.575235251789437, 25.037547080825696 ], [ 121.575175081341968, 25.037601417073024 ], [ 121.575120304433497, 25.037547080825696 ], [ 121.574375555017085, 25.036373396427262 ], [ 121.574002814307747, 25.036007775233109 ], [ 121.573498337599233, 25.035199712028827 ], [ 121.574002814307747, 25.034674868590326 ], [ 121.574930631521482, 25.034026027630393 ], [ 121.575175081341968, 25.033706449711637 ] ] } },
{ "type": "Feature", "properties": { "z": 3.5, "countyname": "臺北市", "townname": "中正區" }, "geometry": { "type": "LineString", "coordinates": [ [ 121.525113953600993, 25.035168664536609 ], [ 121.525583994304313, 25.035199712028827 ], [ 121.52519666663359, 25.036373396427262 ], [ 121.524767598870326, 25.037018630829181 ], [ 121.523890949480204, 25.036373396427262 ], [ 121.524543466764456, 25.035444929036888 ] ] } },
{ "type": "Feature", "properties": { "z": 3.5, "countyname": "臺北市", "townname": "大安區" }, "geometry": { "type": "MultiLineString", "coordinates": [ [ [ 121.524767598870326, 25.035145786845955 ], [ 121.525113953172422, 25.035168664508301 ] ], [ [ 121.524543467365717, 25.035444928181342 ], [ 121.524715802742875, 25.035199712028827 ], [ 121.524767598870326, 25.035145786845955 ] ] ] } },
{ "type": "Feature", "properties": { "z": 3.5, "countyname": "臺北市", "townname": "大安區" }, "geometry": { "type": "LineString", "coordinates": [ [ 121.544696138452139, 25.034704783065507 ], [ 121.544470102370539, 25.035199712028827 ], [ 121.544696138452125, 25.035842036429703 ], [ 121.544954006395244, 25.035199712028827 ], [ 121.544696138452139, 25.034704783065507 ] ] } },
{ "type": "Feature", "properties": { "z": 3.5, "countyname": "臺北市", "townname": "大安區" }, "geometry": { "type": "LineString", "coordinates": [ [ 121.548212939554816, 25.035108661470385 ], [ 121.548155525641135, 25.035199712028827 ], [ 121.548212939554816, 25.035271628992529 ], [ 121.548407193257859, 25.035199712028827 ], [ 121.548212939554816, 25.035108661470389 ] ] } },
{ "type": "Feature", "properties": { "z": 3.5, "countyname": "臺北市", "townname": "信義區" }, "geometry": { "type": "LineString", "coordinates": [ [ 121.562280143965495, 25.034687285212584 ], [ 121.562795431620998, 25.035199712028827 ], [ 121.562280143965495, 25.035596814995795 ], [ 121.561748672622116, 25.035199712028827 ], [ 121.562280143965495, 25.034687285212584 ] ] } },
{ "type": "Feature", "properties": { "z": 3.5, "countyname": "臺北市", "townname": "信義區" }, "geometry": { "type": "LineString", "coordinates": [ [ 121.561107876931274, 25.035641788613457 ], [ 121.561699905860493, 25.036373396427262 ], [ 121.561107876931274, 25.037396877815013 ], [ 121.560201656405098, 25.036373396427262 ], [ 121.561107876931274, 25.035641788613457 ] ] } },
{ "type": "Feature", "properties": { "z": 3.5, "countyname": "臺北市", "townname": "大安區" }, "geometry": { "type": "LineString", "coordinates": [ [ 121.536490269212564, 25.037406676522725 ], [ 121.536780670505578, 25.037547080825696 ], [ 121.537656819940054, 25.038720765224134 ], [ 121.537245814635355, 25.039894449622569 ], [ 121.536490269212564, 25.040951806119057 ], [ 121.535370718796997, 25.039894449622569 ], [ 121.535929619245891, 25.038720765224134 ], [ 121.536004817837068, 25.037547080825693 ], [ 121.536490269212564, 25.037406676522725 ] ] } },
{ "type": "Feature", "properties": { "z": 3.5, "countyname": "臺北市", "townname": "大安區" }, "geometry": { "type": "LineString", "coordinates": [ [ 121.53883480328102, 25.03720865429667 ], [ 121.539831935969332, 25.037547080825696 ], [ 121.53883480328102, 25.03855234175683 ], [ 121.538254015777525, 25.037547080825696 ], [ 121.53883480328102, 25.03720865429667 ] ] } },
{ "type": "Feature", "properties": { "z": 3.5, "countyname": "臺北市", "townname": "中正區" }, "geometry": { "type": "LineString", "coordinates": [ [ 121.518906263699208, 25.038369376536728 ], [ 121.51911310739159, 25.038720765224134 ], [ 121.518906263699208, 25.039308935299378 ], [ 121.518423100803872, 25.038720765224134 ], [ 121.518906263699208, 25.038369376536728 ] ] } },
{ "type": "Feature", "properties": { "z": 3.5, "countyname": "臺北市", "townname": "中正區" }, "geometry": { "type": "LineString", "coordinates": [ [ 121.525939865904562, 25.038305815507361 ], [ 121.527112132938768, 25.037620972437487 ], [ 121.52768658910054, 25.038720765224134 ], [ 121.527112132938768, 25.039255266054436 ], [ 121.525939865904547, 25.039284008218644 ], [ 121.525502295919921, 25.038720765224134 ], [ 121.525939865904562, 25.038305815507361 ] ] } },
{ "type": "Feature", "properties": { "z": 3.5, "countyname": "臺北市", "townname": "信義區" }, "geometry": { "type": "LineString", "coordinates": [ [ 121.562280143965495, 25.03818999688805 ], [ 121.562557625280576, 25.038720765224134 ], [ 121.563202360166585, 25.039894449622569 ], [ 121.56274336409902, 25.041068134021007 ], [ 121.56345241099973, 25.041241375350097 ], [ 121.564624678033951, 25.041489366106866 ], [ 121.565166396213542, 25.041068134021007 ], [ 121.565001664680608, 25.039894449622569 ], [ 121.565796945068172, 25.039554863820353 ], [ 121.566969212102393, 25.039135438340658 ], [ 121.567733412037825, 25.039894449622569 ], [ 121.567672679082349, 25.041068134021007 ], [ 121.568141479136628, 25.041291317063219 ], [ 121.569313746170849, 25.041072008101711 ], [ 121.57048601320507, 25.042117302210329 ], [ 121.57061889674587, 25.042241818419441 ], [ 121.571658280239291, 25.04298491299166 ], [ 121.572080414491808, 25.043415502817879 ], [ 121.571658280239291, 25.044013817004046 ], [ 121.570486013205084, 25.043517287346784 ], [ 121.570297674389678, 25.043415502817879 ], [ 121.569313746170849, 25.04319282436521 ], [ 121.568343816018867, 25.043415502817876 ], [ 121.568141479136614, 25.043573756827186 ], [ 121.568034769214378, 25.043415502817876 ], [ 121.567124132983082, 25.042241818419441 ], [ 121.566969212102393, 25.041887636170689 ], [ 121.566650841196889, 25.042241818419441 ], [ 121.565796945068158, 25.042700286775112 ], [ 121.564624678033951, 25.042786047272472 ], [ 121.564056247962611, 25.043415502817876 ], [ 121.56345241099973, 25.044240398550468 ], [ 121.562821613346998, 25.043415502817876 ], [ 121.562400322745418, 25.042241818419441 ], [ 121.562280143965495, 25.041652135887933 ], [ 121.562110414772619, 25.041068134021007 ], [ 121.561604372104853, 25.039894449622569 ], [ 121.561709272037319, 25.038720765224138 ], [ 121.562280143965495, 25.03818999688805 ] ] } },
{ "type": "Feature", "properties": { "z": 3.5, "countyname": "臺北市", "townname": "信義區" }, "geometry": { "type": "LineString", "coordinates": [ [ 121.584553217615763, 25.03778334797752 ], [ 121.585725484649984, 25.038127881406329 ], [ 121.586875804316037, 25.038720765224134 ], [ 121.586897751684205, 25.038923566954765 ], [ 121.587027067166687, 25.039894449622569 ], [ 121.586897751684205, 25.040067157913768 ], [ 121.585725484649984, 25.040790348032196 ], [ 121.584553217615763, 25.040697503575899 ], [ 121.583824076714677, 25.039894449622569 ], [ 121.583877051139709, 25.038720765224134 ], [ 121.584553217615763, 25.03778334797752 ] ] } },
{ "type": "Feature", "properties": { "z": 3.5, "countyname": "臺北市", "townname": "中正區" }, "geometry": { "type": "LineString", "coordinates": [ [ 121.521250797767649, 25.0398549758903 ], [ 121.522423064801885, 25.038958914434929 ], [ 121.523451450661753, 25.039894449622569 ], [ 121.522423064801885, 25.040481291821788 ], [ 121.521250797767649, 25.040068414863523 ], [ 121.521182121840155, 25.039894449622569 ], [ 121.521250797767649, 25.0398549758903 ] ] } },
{ "type": "Feature", "properties": { "z": 3.5, "countyname": "臺北市", "townname": "中正區" }, "geometry": { "type": "MultiLineString", "coordinates": [ [ [ 121.531801201075666, 25.039347483816169 ], [ 121.532808882779833, 25.039694945909527 ] ], [ [ 121.532876534281129, 25.042973796258295 ], [ 121.532558475748033, 25.043415502817876 ], [ 121.531801201075666, 25.044361317451383 ], [ 121.531275448328174, 25.044589187216314 ], [ 121.530628934041445, 25.044879113112582 ], [ 121.529669551584732, 25.044589187216314 ], [ 121.530258365624292, 25.043415502817876 ], [ 121.530406563372864, 25.042241818419441 ], [ 121.530628934041445, 25.041978703306544 ], [ 121.531107037081384, 25.041068134021007 ], [ 121.530689188568559, 25.039894449622569 ], [ 121.531801201075666, 25.039347483816169 ] ] ] } },
{ "type": "Feature", "properties": { "z": 3.5, "countyname": "臺北市", "townname": "大安區" }, "geometry": { "type": "LineString", "coordinates": [ [ 121.532808881979435, 25.039694945633542 ], [ 121.532973468109901, 25.039751697126789 ], [ 121.533137306363855, 25.039894449622569 ], [ 121.533199334045491, 25.041068134021007 ], [ 121.533528788447256, 25.042241818419441 ], [ 121.532973468109901, 25.042839178558854 ], [ 121.532876534296449, 25.042973796237018 ] ] } },
{ "type": "Feature", "properties": { "z": 3.5, "countyname": "臺北市", "townname": "信義區" }, "geometry": { "type": "LineString", "coordinates": [ [ 121.571658280239291, 25.038951067546311 ], [ 121.572011849189622, 25.039894449622569 ], [ 121.571658280239291, 25.040407235329944 ], [ 121.571307514441074, 25.039894449622565 ], [ 121.571658280239291, 25.038951067546311 ] ] } },
{ "type": "Feature", "properties": { "z": 3.5, "countyname": "臺北市", "townname": "南港區" }, "geometry": { "type": "MultiLineString", "coordinates": [ [ [ 121.620893495676725, 25.039801673598028 ], [ 121.62099104783276, 25.039894449622569 ], [ 121.62114274121393, 25.04086389783242 ] ], [ [ 121.620833664727343, 25.041283713142779 ], [ 121.62073540405548, 25.041068134021007 ], [ 121.620806647032282, 25.039894449622569 ], [ 121.620893495676725, 25.039801673598028 ] ] ] } },
{ "type": "Feature", "properties": { "z": 3.5, "countyname": "臺北市", "townname": "中正區" }, "geometry": { "type": "LineString", "coordinates": [ [ 121.525939865904547, 25.040794587935896 ], [ 121.526486656241417, 25.04106813402101 ], [ 121.526287369774664, 25.042241818419441 ], [ 121.525939865904547, 25.043204225960878 ], [ 121.525885556097336, 25.043415502817876 ], [ 121.525430651370144, 25.044589187216314 ], [ 121.525939865904547, 25.045043932539567 ], [ 121.526704439789555, 25.044589187216314 ], [ 121.526609044817363, 25.043415502817876 ], [ 121.527112132938768, 25.043339193066569 ], [ 121.527303509935095, 25.043415502817876 ], [ 121.527399147906877, 25.044589187216314 ], [ 121.527112132938768, 25.045143447540745 ], [ 121.526791226763336, 25.045762871614748 ], [ 121.525939865904547, 25.046387413663364 ], [ 121.524767598870326, 25.046709362075429 ], [ 121.524197586235914, 25.045762871614748 ], [ 121.523595331836091, 25.045113529757433 ], [ 121.522423064801885, 25.04485624018217 ], [ 121.521250797767649, 25.044872507624795 ], [ 121.521022686745368, 25.044589187216314 ], [ 121.520698378491161, 25.043415502817876 ], [ 121.521250797767649, 25.042841604200213 ], [ 121.522423064801885, 25.042367505316086 ], [ 121.523595331836106, 25.043127751199261 ], [ 121.524767598870326, 25.042536561802379 ], [ 121.525473827859997, 25.042241818419438 ], [ 121.525727691704631, 25.041068134021007 ], [ 121.525939865904547, 25.040794587935896 ] ] } },
{ "type": "Feature", "properties": { "z": 3.5, "countyname": "臺北市", "townname": "大安區" }, "geometry": { "type": "LineString", "coordinates": [ [ 121.551729740657478, 25.040536317020329 ], [ 121.551391943454163, 25.041068134021007 ], [ 121.550557473623257, 25.041539178181271 ], [ 121.550143030067346, 25.042241818419441 ], [ 121.550362095784223, 25.043415502817876 ], [ 121.550557473623257, 25.043623934793182 ], [ 121.551729740657478, 25.043892994795009 ], [ 121.552138699592675, 25.043415502817876 ], [ 121.551821924557814, 25.042241818419441 ], [ 121.551969825349602, 25.041068134021007 ], [ 121.551729740657478, 25.040536317020326 ] ] } },
{ "type": "Feature", "properties": { "z": 3.5, "countyname": "臺北市", "townname": "大安區" }, "geometry": { "type": "LineString", "coordinates": [ [ 121.556418808794376, 25.040593133366784 ], [ 121.55548356509405, 25.041068134021007 ], [ 121.556418808794376, 25.041728762099673 ], [ 121.556934568518443, 25.041068134021007 ], [ 121.556418808794376, 25.040593133366784 ] ] } },
{ "type": "Feature", "properties": { "z": 3.5, "countyname": "臺北市", "townname": "信義區" }, "geometry": { "type": "LineString", "coordinates": [ [ 121.575175081341968, 25.040914985908469 ], [ 121.575409750456572, 25.041068134021007 ], [ 121.575175081341968, 25.041223041238663 ], [ 121.574824259586435, 25.041068134021007 ], [ 121.575175081341968, 25.040914985908469 ] ] } },
{ "type": "Feature", "properties": { "z": 3.5, "countyname": "臺北市", "townname": "南港區" }, "geometry": { "type": "LineString", "coordinates": [ [ 121.618548961608269, 25.04091295566462 ], [ 121.618690738798307, 25.041068134021007 ], [ 121.618548961608269, 25.041522139862437 ], [ 121.618000132169797, 25.041068134021007 ], [ 121.618548961608269, 25.04091295566462 ] ] } },
{ "type": "Feature", "properties": { "z": 3.5, "countyname": "臺北市", "townname": "中正區" }, "geometry": { "type": "LineString", "coordinates": [ [ 121.520078530733429, 25.041376404375413 ], [ 121.52061498922707, 25.042241818419441 ], [ 121.520078530733429, 25.042758299417169 ], [ 121.519438199147658, 25.042241818419441 ], [ 121.520078530733429, 25.041376404375413 ] ] } },
{ "type": "Feature", "properties": { "z": 3.5, "countyname": "臺北市", "townname": "中正區" }, "geometry": { "type": "LineString", "coordinates": [ [ 121.531801201075666, 25.042132946002997 ], [ 121.531403346083522, 25.042241818419441 ], [ 121.531801201075666, 25.04235333736203 ], [ 121.531984081239415, 25.042241818419441 ], [ 121.531801201075666, 25.042132946002997 ] ] } },
{ "type": "Feature", "properties": { "z": 3.5, "countyname": "臺北市", "townname": "南港區" }, "geometry": { "type": "LineString", "coordinates": [ [ 121.617376694574034, 25.041890334696461 ], [ 121.617651595168994, 25.042241818419441 ], [ 121.617376694574034, 25.042327149067322 ], [ 121.6171871991708, 25.042241818419441 ], [ 121.617376694574034, 25.041890334696461 ] ] } },
{ "type": "Feature", "properties": { "z": 3.5, "countyname": "臺北市", "townname": "中正區" }, "geometry": { "type": "MultiLineString", "coordinates": [ [ [ 121.509528127425412, 25.04282866061866 ], [ 121.50869111420873, 25.043415502817876 ], [ 121.50910902664728, 25.044589187216314 ], [ 121.509240404806462, 25.045762871614748 ], [ 121.509177764655149, 25.045787151385156 ] ], [ [ 121.509369277813207, 25.046417962288618 ], [ 121.509528127425412, 25.046027573488086 ], [ 121.509657041372577, 25.045762871614748 ], [ 121.510089011043277, 25.044589187216314 ], [ 121.510517595106904, 25.043415502817876 ], [ 121.509528127425412, 25.04282866061866 ] ] ] } },
{ "type": "Feature", "properties": { "z": 3.5, "countyname": "臺北市", "townname": "萬華區" }, "geometry": { "type": "LineString", "coordinates": [ [ 121.509177764655149, 25.045787151385156 ], [ 121.508355860391191, 25.046105727352906 ], [ 121.507183593356956, 25.046530750014295 ], [ 121.506317972506622, 25.046936556013183 ], [ 121.507183593356956, 25.047382579694933 ], [ 121.508355860391191, 25.047904130912517 ], [ 121.509158261483009, 25.046936556013183 ], [ 121.509369277813207, 25.046417962288618 ] ] } },
{ "type": "Feature", "properties": { "z": 3.5, "countyname": "臺北市", "townname": "中正區" }, "geometry": { "type": "MultiLineString", "coordinates": [ [ [ 121.511872661493868, 25.043181375852541 ], [ 121.511872661493854, 25.043181375852544 ] ], [ [ 121.511872661493854, 25.043181375852544 ], [ 121.511199481397469, 25.043415502817876 ], [ 121.511872661493854, 25.043676937266625 ], [ 121.512130007060108, 25.043415502817876 ], [ 121.511872661493854, 25.043181375852544 ] ], [ [ 121.511872661493854, 25.043181375852544 ], [ 121.511872661493854, 25.043181375852541 ] ] ] } },
{ "type": "Feature", "properties": { "z": 3.5, "countyname": "臺北市", "townname": "信義區" }, "geometry": { "type": "LineString", "coordinates": [ [ 121.557643144959229, 25.043152095125592 ], [ 121.557751851193899, 25.043415502817876 ], [ 121.557666275896736, 25.043698965607238 ] ] } },
{ "type": "Feature", "properties": { "z": 3.5, "countyname": "臺北市", "townname": "大安區" }, "geometry": { "type": "MultiLineString", "coordinates": [ [ [ 121.557591075828597, 25.043025925641555 ], [ 121.557643144923944, 25.043152095040082 ] ], [ [ 121.557666275894618, 25.043698965614258 ], [ 121.557591075828611, 25.043948061102995 ], [ 121.5573652202212, 25.043415502817876 ], [ 121.557591075828597, 25.043025925641555 ] ] ] } },
{ "type": "Feature", "properties": { "z": 3.5, "countyname": "臺北市", "townname": "信義區" }, "geometry": { "type": "LineString", "coordinates": [ [ 121.576347348376189, 25.042929734603419 ], [ 121.577319157436477, 25.043415502817876 ], [ 121.577519615410409, 25.043837355582284 ], [ 121.578073941853773, 25.044589187216317 ], [ 121.578470767793405, 25.045762871614748 ], [ 121.578270570303388, 25.046936556013183 ], [ 121.577519615410409, 25.047559224149889 ], [ 121.576786948514012, 25.046936556013183 ], [ 121.576877073283583, 25.045762871614748 ], [ 121.57723429175833, 25.044589187216314 ], [ 121.576347348376189, 25.043963243549655 ], [ 121.575830106812859, 25.043415502817876 ], [ 121.576347348376189, 25.042929734603419 ] ] } },
{ "type": "Feature", "properties": { "z": 3.5, "countyname": "臺北市", "townname": "信義區" }, "geometry": { "type": "LineString", "coordinates": [ [ 121.580821151681192, 25.0452157140938 ], [ 121.580689266442164, 25.044589187216314 ], [ 121.581036416513086, 25.043720750712893 ], [ 121.582163911223006, 25.044001297152356 ] ] } },
{ "type": "Feature", "properties": { "z": 3.5, "countyname": "臺北市", "townname": "南港區" }, "geometry": { "type": "MultiLineString", "coordinates": [ [ [ 121.583380950581528, 25.043248612557431 ], [ 121.583516985697102, 25.043415502817876 ], [ 121.584553217615777, 25.044065276024735 ], [ 121.585083450643751, 25.04458918721631 ], [ 121.585725484649998, 25.045590824028793 ], [ 121.586897751684205, 25.044981753730767 ], [ 121.58807001871844, 25.045746090763707 ], [ 121.588087446869949, 25.045762871614752 ], [ 121.588154122157619, 25.046936556013179 ], [ 121.58807001871844, 25.047017494047228 ], [ 121.5879517164134, 25.046936556013183 ], [ 121.586897751684205, 25.046508993271924 ], [ 121.585725484649984, 25.04610603942913 ], [ 121.584553217615763, 25.045833592867094 ], [ 121.583380950581542, 25.046402581261418 ], [ 121.582854276881463, 25.045762871614748 ], [ 121.582208683547293, 25.044777881909148 ], [ 121.581086293845601, 25.045762871614748 ], [ 121.581156380683211, 25.046936556013183 ], [ 121.581036416513086, 25.047020179663186 ], [ 121.580985712894787, 25.046936556013183 ], [ 121.580936329502023, 25.045762871614748 ], [ 121.580821151681192, 25.0452157140938 ] ], [ [ 121.582163911223006, 25.044001297152356 ], [ 121.582208683547293, 25.044012437529382 ], [ 121.582862639187397, 25.043415502817876 ], [ 121.583380950581528, 25.043248612557431 ] ] ] } },
{ "type": "Feature", "properties": { "z": 3.5, "countyname": "臺北市", "townname": "南港區" }, "geometry": { "type": "LineString", "coordinates": [ [ 121.616204427539813, 25.043200172862679 ], [ 121.616302562732045, 25.043415502817876 ], [ 121.61709958856774, 25.044589187216314 ], [ 121.616204427539813, 25.04563817834012 ], [ 121.615685766040173, 25.044589187216317 ], [ 121.616105753778939, 25.043415502817879 ], [ 121.616204427539813, 25.043200172862679 ] ] } },
{ "type": "Feature", "properties": { "z": 3.5, "countyname": "臺北市", "townname": "中山區" }, "geometry": { "type": "LineString", "coordinates": [ [ 121.534399759254299, 25.045104464582799 ], [ 121.534145735144122, 25.045327072324259 ], [ 121.53403756256823, 25.045191122836798 ] ] } },
{ "type": "Feature", "properties": { "z": 3.5, "countyname": "臺北市", "townname": "大安區" }, "geometry": { "type": "MultiLineString", "coordinates": [ [ [ 121.534145735144136, 25.044225274692646 ], [ 121.534987757109434, 25.044589187216314 ], [ 121.534399758580051, 25.045104465173658 ] ], [ [ 121.534037563220565, 25.045191123656643 ], [ 121.533558613159855, 25.044589187216314 ], [ 121.534145735144136, 25.044225274692646 ] ] ] } },
{ "type": "Feature", "properties": { "z": 3.5, "countyname": "臺北市", "townname": "中山區" }, "geometry": { "type": "LineString", "coordinates": [ [ 121.538427856230527, 25.044692258533946 ], [ 121.53883480328102, 25.045529665196426 ], [ 121.538995144166591, 25.045762871614748 ], [ 121.53883480328102, 25.046019627284878 ], [ 121.538526246176716, 25.045762871614748 ], [ 121.537662536246799, 25.045402249913234 ], [ 121.536490269212564, 25.045207842121897 ], [ 121.535963591586338, 25.044805704343577 ] ] } },
{ "type": "Feature", "properties": { "z": 3.5, "countyname": "臺北市", "townname": "大安區" }, "geometry": { "type": "MultiLineString", "coordinates": [ [ [ 121.536490269212564, 25.044014694199724 ], [ 121.537662536246799, 25.043644365273575 ], [ 121.538377767581153, 25.044589187216314 ], [ 121.538427856225709, 25.044692258524044 ] ], [ [ 121.53596359082043, 25.044805703758772 ], [ 121.535680020301143, 25.044589187216314 ], [ 121.536490269212564, 25.044014694199724 ] ] ] } },
{ "type": "Feature", "properties": { "z": 3.5, "countyname": "臺北市", "townname": "松山區" }, "geometry": { "type": "LineString", "coordinates": [ [ 121.552902007691713, 25.044493727443932 ], [ 121.552782672542165, 25.044589187216314 ], [ 121.552902007691713, 25.044868593864447 ], [ 121.553266888307633, 25.044589187216314 ], [ 121.552902007691713, 25.044493727443932 ] ] } },
{ "type": "Feature", "properties": { "z": 3.5, "countyname": "臺北市", "townname": "信義區" }, "geometry": { "type": "LineString", "coordinates": [ [ 121.574002814307747, 25.04394755731272 ], [ 121.574952010320942, 25.044589187216314 ], [ 121.574889638923722, 25.045762871614748 ], [ 121.574002814307747, 25.046255699405034 ], [ 121.573346055495236, 25.045762871614748 ], [ 121.573239806924107, 25.044589187216314 ], [ 121.574002814307747, 25.04394755731272 ] ] } },
{ "type": "Feature", "properties": { "z": 3.5, "countyname": "臺北市", "townname": "中正區" }, "geometry": { "type": "LineString", "coordinates": [ [ 121.513044928528089, 25.045638335353999 ], [ 121.512747873198563, 25.045762871614748 ], [ 121.513044928528089, 25.045894526532976 ], [ 121.513160222062609, 25.045762871614748 ], [ 121.513044928528089, 25.045638335353999 ] ] } },
{ "type": "Feature", "properties": { "z": 3.5, "countyname": "臺北市", "townname": "松山區" }, "geometry": { "type": "LineString", "coordinates": [ [ 121.551729740657478, 25.045372270302686 ], [ 121.551169904942924, 25.045762871614748 ], [ 121.551729740657478, 25.046930935065497 ], [ 121.552408434311275, 25.045762871614748 ], [ 121.551729740657478, 25.045372270302686 ] ] } },
{ "type": "Feature", "properties": { "z": 3.5, "countyname": "臺北市", "townname": "大安區" }, "geometry": { "type": "MultiLineString", "coordinates": [ [ [ 121.557591075828611, 25.045151151998489 ], [ 121.55760772319897, 25.045191246205707 ] ], [ [ 121.557565801305586, 25.045181520377259 ], [ 121.557591075828611, 25.045151151998489 ] ] ] } },
{ "type": "Feature", "properties": { "z": 3.5, "countyname": "臺北市", "townname": "松山區" }, "geometry": { "type": "LineString", "coordinates": [ [ 121.55760772319897, 25.045191246205707 ], [ 121.557845065711717, 25.045762871614745 ], [ 121.557591075828611, 25.046122894988812 ], [ 121.557081963319177, 25.045762871614748 ], [ 121.557565801305586, 25.045181520377259 ] ] } },
{ "type": "Feature", "properties": { "z": 3.5, "countyname": "臺北市", "townname": "信義區" }, "geometry": { "type": "LineString", "coordinates": [ [ 121.569313746170835, 25.045569541478717 ], [ 121.57048601320507, 25.045126246309515 ], [ 121.571658280239291, 25.045046466200009 ], [ 121.572377834763699, 25.045762871614748 ], [ 121.571658280239291, 25.046515975201821 ], [ 121.57048601320507, 25.046269623070557 ], [ 121.569313746170849, 25.046030051211297 ], [ 121.569126660651904, 25.045762871614748 ], [ 121.569313746170835, 25.045569541478717 ] ] } },
{ "type": "Feature", "properties": { "z": 3.5, "countyname": "臺北市", "townname": "南港區" }, "geometry": { "type": "LineString", "coordinates": [ [ 121.615032160505578, 25.045664470219688 ], [ 121.615609413490603, 25.045762871614748 ], [ 121.616149850284785, 25.046936556013183 ], [ 121.616031973358972, 25.048110240411621 ], [ 121.615032160505592, 25.048405406496936 ], [ 121.614907176583415, 25.048110240411621 ], [ 121.614326982046492, 25.046936556013183 ], [ 121.614813126769278, 25.045762871614748 ], [ 121.615032160505578, 25.045664470219688 ] ] } },
{ "type": "Feature", "properties": { "z": 3.5, "countyname": "臺北市", "townname": "中山區" }, "geometry": { "type": "LineString", "coordinates": [ [ 121.543523871417918, 25.047716541061252 ], [ 121.543353336761484, 25.048110240411621 ], [ 121.543523871417918, 25.048345580807435 ], [ 121.543698274283557, 25.048110240411621 ], [ 121.543523871417918, 25.047716541061252 ] ] } },
{ "type": "Feature", "properties": { "z": 3.5, "countyname": "臺北市", "townname": "信義區" }, "geometry": { "type": "MultiLineString", "coordinates": [ [ [ 121.57986414947888, 25.047914001934895 ], [ 121.580074074128802, 25.048052292805181 ] ], [ [ 121.57997686447878, 25.048246294872886 ], [ 121.579864149478851, 25.048329111034239 ], [ 121.579351043868826, 25.048110240411621 ], [ 121.57986414947888, 25.047914001934895 ] ] ] } },
{ "type": "Feature", "properties": { "z": 3.5, "countyname": "臺北市", "townname": "南港區" }, "geometry": { "type": "LineString", "coordinates": [ [ 121.580074074128802, 25.048052292805181 ], [ 121.580162038221957, 25.048110240411621 ], [ 121.57997686447878, 25.048246294872886 ] ] } },
{ "type": "Feature", "properties": { "z": 3.5, "countyname": "臺北市", "townname": "中正區" }, "geometry": { "type": "MultiLineString", "coordinates": [ [ [ 121.513044928528089, 25.048696271025207 ], [ 121.513923476388157, 25.0492508095262 ] ], [ [ 121.512943116126152, 25.049554738700337 ], [ 121.512656804752879, 25.049283924810055 ], [ 121.513044928528089, 25.048696271025207 ] ] ] } },
{ "type": "Feature", "properties": { "z": 3.5, "countyname": "臺北市", "townname": "大同區" }, "geometry": { "type": "LineString", "coordinates": [ [ 121.513923476388157, 25.0492508095262 ], [ 121.513975940485267, 25.049283924810055 ], [ 121.513044928528089, 25.049651040193126 ], [ 121.512943116126152, 25.049554738700337 ] ] } },
{ "type": "Feature", "properties": { "z": 3.5, "countyname": "臺北市", "townname": "南港區" }, "geometry": { "type": "LineString", "coordinates": [ [ 121.593931353889559, 25.048250789878775 ], [ 121.594690142667702, 25.049283924810055 ], [ 121.594389942175923, 25.05045760920849 ], [ 121.59510362092378, 25.051477737718372 ], [ 121.595707749163978, 25.05045760920849 ], [ 121.596275887957987, 25.050040062968222 ], [ 121.597270545981516, 25.05045760920849 ], [ 121.597448154992222, 25.050679203313987 ], [ 121.598620422026457, 25.05145082196109 ], [ 121.59924585964697, 25.051631293606928 ], [ 121.598620422026457, 25.051944889373416 ], [ 121.597448154992222, 25.052404898391313 ], [ 121.596275887958001, 25.05266729809955 ], [ 121.59510362092378, 25.051745605685621 ], [ 121.593931353889559, 25.052310656031359 ], [ 121.592964042618675, 25.051631293606928 ], [ 121.59354144387919, 25.05045760920849 ], [ 121.593342683732786, 25.049283924810055 ], [ 121.593931353889559, 25.048250789878775 ] ] } },
{ "type": "Feature", "properties": { "z": 3.5, "countyname": "臺北市", "townname": "中山區" }, "geometry": { "type": "LineString", "coordinates": [ [ 121.522423064801885, 25.050311683596593 ], [ 121.522213671378026, 25.05045760920849 ], [ 121.522423064801885, 25.051044011850703 ], [ 121.522537678139258, 25.05045760920849 ], [ 121.522423064801885, 25.050311683596597 ] ] } },
{ "type": "Feature", "properties": { "z": 3.5, "countyname": "臺北市", "townname": "中山區" }, "geometry": { "type": "LineString", "coordinates": [ [ 121.534145735144122, 25.049888179504087 ], [ 121.533324704446059, 25.050457609208486 ], [ 121.534145735144122, 25.05085122668736 ], [ 121.534862194207932, 25.050457609208493 ], [ 121.534145735144122, 25.049888179504091 ] ] } },
{ "type": "Feature", "properties": { "z": 3.5, "countyname": "臺北市", "townname": "松山區" }, "geometry": { "type": "LineString", "coordinates": [ [ 121.547040672520581, 25.049841900918143 ], [ 121.547627886510057, 25.05045760920849 ], [ 121.547040672520595, 25.050795933543924 ], [ 121.546776413024531, 25.05045760920849 ], [ 121.547040672520581, 25.049841900918143 ] ] } },
{ "type": "Feature", "properties": { "z": 3.5, "countyname": "臺北市", "townname": "松山區" }, "geometry": { "type": "LineString", "coordinates": [ [ 121.550557473623257, 25.049564281839434 ], [ 121.551459455026759, 25.05045760920849 ], [ 121.551662347609451, 25.051631293606928 ], [ 121.550901406788952, 25.052804978005362 ], [ 121.551729740657478, 25.0535278521774 ], [ 121.552515411830484, 25.052804978005362 ], [ 121.55182571517922, 25.051631293606928 ], [ 121.552902007691713, 25.05115455800517 ], [ 121.553738024581719, 25.051631293606928 ], [ 121.553280556224564, 25.052804978005362 ], [ 121.553565937231937, 25.053978662403797 ], [ 121.552902007691713, 25.054595274239261 ], [ 121.551729740657493, 25.054228127362251 ], [ 121.550871790947838, 25.055152346802235 ], [ 121.550557473623257, 25.055472784127439 ], [ 121.549385206589037, 25.055344849168591 ], [ 121.549225638638916, 25.055152346802231 ], [ 121.54883236706813, 25.053978662403797 ], [ 121.549385206589037, 25.053435794211861 ], [ 121.550302191077236, 25.052804978005359 ], [ 121.54970868719181, 25.051631293606928 ], [ 121.550103919196033, 25.050457609208486 ], [ 121.550557473623257, 25.049564281839434 ] ] } },
{ "type": "Feature", "properties": { "z": 3.5, "countyname": "臺北市", "townname": "松山區" }, "geometry": { "type": "LineString", "coordinates": [ [ 121.558763342862832, 25.050118003017779 ], [ 121.558681300616939, 25.05045760920849 ], [ 121.558763342862832, 25.050588187544232 ], [ 121.558927297227001, 25.05045760920849 ], [ 121.558763342862832, 25.050118003017776 ] ] } },
{ "type": "Feature", "properties": { "z": 3.5, "countyname": "臺北市", "townname": "松山區" }, "geometry": { "type": "LineString", "coordinates": [ [ 121.571658280239291, 25.05005423562822 ], [ 121.572830547273526, 25.04972064921116 ], [ 121.574002814307747, 25.049990187056206 ], [ 121.575175081341968, 25.049771577791748 ], [ 121.576347348376189, 25.049523467932161 ], [ 121.577519615410409, 25.050052288216687 ], [ 121.577706477373241, 25.05045760920849 ], [ 121.577519615410409, 25.051121236019888 ], [ 121.576347348376189, 25.05158239531173 ], [ 121.575918662646146, 25.051631293606928 ], [ 121.575175081341968, 25.051735389211977 ], [ 121.57485870525322, 25.051631293606928 ], [ 121.574002814307747, 25.051231748188538 ], [ 121.572830547273526, 25.051410323340665 ], [ 121.571658280239291, 25.051008990620808 ], [ 121.570604387747537, 25.05045760920849 ], [ 121.571658280239291, 25.05005423562822 ] ] } },
{ "type": "Feature", "properties": { "z": 3.5, "countyname": "臺北市", "townname": "中山區" }, "geometry": { "type": "LineString", "coordinates": [ [ 121.532973468109901, 25.051415385197238 ], [ 121.532916140426394, 25.051631293606928 ], [ 121.532973468109901, 25.051675713901158 ], [ 121.53302786565169, 25.051631293606928 ], [ 121.532973468109901, 25.051415385197238 ] ] } },
{ "type": "Feature", "properties": { "z": 3.5, "countyname": "臺北市", "townname": "松山區" }, "geometry": { "type": "LineString", "coordinates": [ [ 121.544696138452139, 25.051529587319106 ], [ 121.544587637256498, 25.051631293606928 ], [ 121.544696138452139, 25.051726152805259 ], [ 121.545006876468122, 25.051631293606928 ], [ 121.544696138452139, 25.051529587319106 ] ] } },
{ "type": "Feature", "properties": { "z": 3.5, "countyname": "臺北市", "townname": "松山區" }, "geometry": { "type": "LineString", "coordinates": [ [ 121.548212939554816, 25.051578695412104 ], [ 121.5482522359802, 25.051631293606924 ], [ 121.548212939554816, 25.051652783566315 ], [ 121.548191158862608, 25.051631293606928 ], [ 121.548212939554816, 25.051578695412104 ] ] } },
{ "type": "Feature", "properties": { "z": 3.5, "countyname": "臺北市", "townname": "南港區" }, "geometry": { "type": "LineString", "coordinates": [ [ 121.579898873424298, 25.051015522594341 ], [ 121.580332197093327, 25.051631293606924 ], [ 121.580005336114397, 25.05195466885592 ] ] } },
{ "type": "Feature", "properties": { "z": 3.5, "countyname": "臺北市", "townname": "松山區" }, "geometry": { "type": "MultiLineString", "coordinates": [ [ [ 121.578691882444645, 25.051281547062636 ], [ 121.579864149478865, 25.050966178419152 ], [ 121.579898873424298, 25.051015522594341 ] ], [ [ 121.580005336114397, 25.05195466885592 ], [ 121.579864149478851, 25.052094349840708 ], [ 121.578691882444645, 25.052047647016625 ], [ 121.577819240670919, 25.051631293606928 ], [ 121.578691882444645, 25.051281547062636 ] ] ] } },
{ "type": "Feature", "properties": { "z": 3.5, "countyname": "臺北市", "townname": "南港區" }, "geometry": { "type": "LineString", "coordinates": [ [ 121.617376694574034, 25.051532551125717 ], [ 121.617459210731397, 25.051631293606928 ], [ 121.617376694574048, 25.051855933976746 ], [ 121.617095171804806, 25.052804978005362 ], [ 121.617376694574034, 25.053176513661477 ], [ 121.617852163319469, 25.053978662403797 ], [ 121.617376694574034, 25.054562579318013 ], [ 121.616240793211375, 25.053978662403797 ], [ 121.616204427539813, 25.053953570598907 ], [ 121.615326206515292, 25.052804978005362 ], [ 121.616204427539813, 25.05170957008724 ], [ 121.616777130265419, 25.051631293606928 ], [ 121.617376694574034, 25.051532551125717 ] ] } },
{ "type": "Feature", "properties": { "z": 3.5, "countyname": "臺北市", "townname": "南港區" }, "geometry": { "type": "MultiLineString", "coordinates": [ [ [ 121.623322746574871, 25.055107913411156 ], [ 121.62333388654946, 25.055152346802235 ], [ 121.623238029745167, 25.055275008966742 ], [ 121.622482839730637, 25.056326031200669 ], [ 121.622065762710932, 25.056572744665004 ], [ 121.621502468726604, 25.056583930945333 ] ], [ [ 121.620433825942087, 25.055337361984598 ], [ 121.620446931546198, 25.055152346802231 ], [ 121.620532284415319, 25.053978662403793 ], [ 121.620721905827608, 25.053272745719564 ] ] ] } },
{ "type": "Feature", "properties": { "z": 3.5, "countyname": "臺北市", "townname": "中山區" }, "geometry": { "type": "LineString", "coordinates": [ [ 121.524767598870326, 25.052519726573284 ], [ 121.524110440133612, 25.052804978005362 ], [ 121.52429567938394, 25.053978662403797 ], [ 121.524767598870326, 25.054509238466302 ], [ 121.525284635781645, 25.053978662403797 ], [ 121.525939865904547, 25.053403015816187 ], [ 121.526555846100763, 25.053978662403797 ], [ 121.527112132938768, 25.054667394152048 ], [ 121.528284399973003, 25.054679426053358 ], [ 121.529456667007224, 25.054590460548166 ], [ 121.530056613355313, 25.053978662403797 ], [ 121.529723890497237, 25.052804978005362 ], [ 121.529456667007224, 25.052575777394367 ], [ 121.52914912926947, 25.052804978005362 ], [ 121.528284399972989, 25.05332957939121 ], [ 121.527660628917474, 25.052804978005362 ], [ 121.527112132938768, 25.052350520066561 ], [ 121.525939865904547, 25.052517480548207 ], [ 121.524767598870326, 25.052519726573284 ] ] } },
{ "type": "Feature", "properties": { "z": 3.5, "countyname": "臺北市", "townname": "南港區" }, "geometry": { "type": "LineString", "coordinates": [ [ 121.60448175719759, 25.052520626025178 ], [ 121.605654024231796, 25.052204776344212 ], [ 121.606826291266017, 25.052603149656015 ], [ 121.607047580722195, 25.052804978005359 ], [ 121.606826291266017, 25.053465263991193 ], [ 121.605654024231796, 25.05388803739622 ], [ 121.604481757197576, 25.053134204133212 ], [ 121.603941251938295, 25.052804978005362 ], [ 121.60448175719759, 25.052520626025178 ] ] } },
{ "type": "Feature", "properties": { "z": 3.5, "countyname": "臺北市", "townname": "大同區" }, "geometry": { "type": "LineString", "coordinates": [ [ 121.520078530733429, 25.053919566022575 ], [ 121.519696606972957, 25.053978662403797 ], [ 121.520078530733429, 25.054034607942182 ], [ 121.520217269469683, 25.053978662403797 ], [ 121.520078530733429, 25.053919566022575 ] ] } },
{ "type": "Feature", "properties": { "z": 3.5, "countyname": "臺北市", "townname": "中山區" }, "geometry": { "type": "MultiLineString", "coordinates": [ [ [ 121.536490269212578, 25.053534966173729 ], [ 121.536490269212578, 25.053534966173736 ] ], [ [ 121.536490269212578, 25.053534966173736 ], [ 121.536339369844512, 25.053978662403797 ], [ 121.536490269212564, 25.054503833965608 ], [ 121.537054341866124, 25.053978662403797 ], [ 121.536490269212578, 25.053534966173736 ] ], [ [ 121.536490269212578, 25.053534966173736 ], [ 121.536490269212564, 25.053534966173729 ] ] ] } },
{ "type": "Feature", "properties": { "z": 3.5, "countyname": "臺北市", "townname": "松山區" }, "geometry": { "type": "LineString", "coordinates": [ [ 121.56345241099973, 25.053379025730461 ], [ 121.564155734112646, 25.053978662403797 ], [ 121.56345241099973, 25.054727571908792 ], [ 121.562810973206069, 25.053978662403797 ], [ 121.56345241099973, 25.053379025730461 ] ] } },
{ "type": "Feature", "properties": { "z": 3.5, "countyname": "臺北市", "townname": "南港區" }, "geometry": { "type": "LineString", "coordinates": [ [ 121.591586819821103, 25.053207453987039 ], [ 121.592759086855338, 25.053027056861094 ], [ 121.59340077320428, 25.053978662403797 ], [ 121.592759086855338, 25.054689725748769 ], [ 121.591586819821103, 25.05452364920556 ], [ 121.590928558708299, 25.053978662403797 ], [ 121.591586819821103, 25.053207453987039 ] ] } },
{ "type": "Feature", "properties": { "z": 3.5, "countyname": "臺北市", "townname": "中山區" }, "geometry": { "type": "LineString", "coordinates": [ [ 121.522423064801885, 25.054953510560271 ], [ 121.521836931284767, 25.055152346802235 ], [ 121.522423064801885, 25.055350710051759 ], [ 121.522618442640919, 25.055152346802235 ], [ 121.522423064801885, 25.054953510560267 ] ] } },
{ "type": "Feature", "properties": { "z": 3.5, "countyname": "臺北市", "townname": "中山區" }, "geometry": { "type": "LineString", "coordinates": [ [ 121.543523871417918, 25.0548088851838 ], [ 121.543083997107559, 25.055152346802235 ], [ 121.543523871417918, 25.055584275165671 ], [ 121.543884870349714, 25.055152346802235 ], [ 121.543523871417918, 25.0548088851838 ] ] } },
{ "type": "Feature", "properties": { "z": 3.5, "countyname": "臺北市", "townname": "南港區" }, "geometry": { "type": "LineString", "coordinates": [ [ 121.605654024231796, 25.054279133679792 ], [ 121.606826291266003, 25.054582577360645 ], [ 121.60719234666675, 25.055152346802235 ], [ 121.606826291266017, 25.05562928499258 ], [ 121.606622370989925, 25.056326031200669 ], [ 121.605896570591256, 25.057499715599107 ], [ 121.605654024231796, 25.057677185157562 ], [ 121.605391914044915, 25.057499715599107 ], [ 121.604837041883982, 25.056326031200669 ], [ 121.605068454539648, 25.055152346802235 ], [ 121.605654024231796, 25.054279133679792 ] ] } },
{ "type": "Feature", "properties": { "z": 3.5, "countyname": "臺北市", "townname": "南港區" }, "geometry": { "type": "LineString", "coordinates": [ [ 121.610343092368694, 25.054526463219368 ], [ 121.611326383981989, 25.055152346802235 ], [ 121.610343092368694, 25.055992794886627 ], [ 121.609941347524099, 25.055152346802235 ], [ 121.610343092368694, 25.054526463219368 ] ] } },
{ "type": "Feature", "properties": { "z": 3.5, "countyname": "臺北市", "townname": "南港區" }, "geometry": { "type": "LineString", "coordinates": [ [ 121.61268762643715, 25.05474859832643 ], [ 121.613859893471371, 25.054694470244449 ], [ 121.615032160505592, 25.054950979910213 ], [ 121.615129380831448, 25.055152346802235 ], [ 121.615032160505592, 25.055262595464736 ], [ 121.614018134135605, 25.056326031200669 ], [ 121.613859893471371, 25.056548576790167 ], [ 121.613397733303856, 25.056326031200669 ], [ 121.61268762643715, 25.056006452424011 ], [ 121.611646159443254, 25.055152346802235 ], [ 121.61268762643715, 25.05474859832643 ] ] } },
{ "type": "Feature", "properties": { "z": 3.5, "countyname": "臺北市", "townname": "大同區" }, "geometry": { "type": "LineString", "coordinates": [ [ 121.518906263699208, 25.055939081134326 ], [ 121.518488082074853, 25.056326031200669 ], [ 121.518906263699208, 25.056650230752975 ], [ 121.51905515874661, 25.056326031200669 ], [ 121.518906263699208, 25.05593908113433 ] ] } },
{ "type": "Feature", "properties": { "z": 3.5, "countyname": "臺北市", "townname": "中山區" }, "geometry": { "type": "MultiLineString", "coordinates": [ [ [ 121.53180120107568, 25.055996070916329 ], [ 121.531801201075666, 25.055996070916333 ] ], [ [ 121.531801201075666, 25.055996070916333 ], [ 121.531057323762738, 25.056326031200669 ], [ 121.531801201075666, 25.056808084005333 ], [ 121.532043710663118, 25.056326031200669 ], [ 121.531801201075666, 25.055996070916333 ] ], [ [ 121.531801201075666, 25.055996070916333 ], [ 121.531801201075666, 25.055996070916326 ] ] ] } },
{ "type": "Feature", "properties": { "z": 3.5, "countyname": "臺北市", "townname": "松山區" }, "geometry": { "type": "LineString", "coordinates": [ [ 121.555246541760155, 25.055398008538038 ], [ 121.556418808794362, 25.056104306475298 ], [ 121.557591075828611, 25.055552863392844 ], [ 121.558763342862832, 25.055963029740873 ], [ 121.559935609897053, 25.056021005505695 ], [ 121.560430618756001, 25.056326031200669 ], [ 121.559935609897053, 25.056782478754972 ], [ 121.558763342862832, 25.056673166870457 ], [ 121.557591075828611, 25.05704401973804 ], [ 121.556418808794376, 25.056587664425734 ], [ 121.555609241569456, 25.057499715599107 ], [ 121.555849961913836, 25.058673399997542 ], [ 121.555246541760155, 25.05887918350513 ], [ 121.55503774533922, 25.058673399997538 ], [ 121.554899585225129, 25.057499715599103 ], [ 121.554352133616391, 25.056326031200669 ], [ 121.555246541760155, 25.055398008538038 ] ] } },
{ "type": "Feature", "properties": { "z": 3.5, "countyname": "臺北市", "townname": "松山區" }, "geometry": { "type": "LineString", "coordinates": [ [ 121.552902007691713, 25.056939781751698 ], [ 121.553255890237722, 25.057499715599107 ], [ 121.552902007691699, 25.057909690641416 ], [ 121.552219387894183, 25.057499715599107 ], [ 121.552902007691713, 25.056939781751698 ] ] } },
{ "type": "Feature", "properties": { "z": 3.5, "countyname": "臺北市", "townname": "松山區" }, "geometry": { "type": "LineString", "coordinates": [ [ 121.562280143965495, 25.057185327156091 ], [ 121.56345241099973, 25.056576672660388 ], [ 121.564624678033951, 25.056902834613279 ], [ 121.565796945068172, 25.056648345848984 ], [ 121.566969212102393, 25.056912873399888 ], [ 121.568141479136628, 25.057384505371772 ], [ 121.568381817788364, 25.057499715599111 ], [ 121.568141479136642, 25.057620278401735 ], [ 121.566969212102393, 25.05839548593385 ], [ 121.566580770664913, 25.058673399997542 ], [ 121.566218772172107, 25.059847084395972 ], [ 121.566284686881573, 25.061020768794414 ], [ 121.566011537478801, 25.062194453192848 ], [ 121.566254608871972, 25.063368137591283 ], [ 121.565796945068172, 25.064525230538756 ], [ 121.564791638274357, 25.063368137591283 ], [ 121.564995241993287, 25.062194453192848 ], [ 121.564624678033951, 25.061219811175555 ], [ 121.563452410999744, 25.06156896357178 ], [ 121.562280143965495, 25.061529759278333 ], [ 121.561178374421871, 25.061020768794414 ], [ 121.562280143965495, 25.060278480446403 ], [ 121.56345241099973, 25.060438711079897 ], [ 121.564624678033951, 25.060990452575517 ], [ 121.565400036270262, 25.059847084395976 ], [ 121.565125959640824, 25.058673399997542 ], [ 121.564624678033951, 25.058127118404062 ], [ 121.56345241099973, 25.058364145405868 ], [ 121.562280143965495, 25.057959031576633 ], [ 121.561586717033251, 25.057499715599107 ], [ 121.562280143965495, 25.057185327156091 ] ] } },
{ "type": "Feature", "properties": { "z": 3.5, "countyname": "臺北市", "townname": "內湖區" }, "geometry": { "type": "LineString", "coordinates": [ [ 121.576347348376189, 25.05668776546916 ], [ 121.576896957788023, 25.057499715599107 ], [ 121.576347348376189, 25.058176629983944 ], [ 121.575906760634666, 25.057499715599107 ], [ 121.576347348376189, 25.05668776546916 ] ] } },
{ "type": "Feature", "properties": { "z": 3.5, "countyname": "臺北市", "townname": "內湖區" }, "geometry": { "type": "LineString", "coordinates": [ [ 121.583380950581542, 25.057231539013713 ], [ 121.584553217615763, 25.056570828940476 ], [ 121.585334315490854, 25.057499715599107 ], [ 121.585725484649984, 25.058145006546511 ], [ 121.586197242927582, 25.058673399997542 ], [ 121.586897751684205, 25.058945131549969 ], [ 121.588044035922408, 25.059847084395976 ], [ 121.587493565601292, 25.061020768794414 ], [ 121.586897751684205, 25.061671707365541 ], [ 121.585865953825461, 25.061020768794414 ], [ 121.585725484649984, 25.060638192930455 ], [ 121.585202881469954, 25.059847084395976 ], [ 121.585315875890004, 25.058673399997542 ], [ 121.584553217615763, 25.058165249777666 ], [ 121.583380950581542, 25.057637762305216 ], [ 121.583293587199293, 25.057499715599107 ], [ 121.583380950581542, 25.057231539013713 ] ] } },
{ "type": "Feature", "properties": { "z": 3.5, "countyname": "臺北市", "townname": "松山區" }, "geometry": { "type": "LineString", "coordinates": [ [ 121.561107876931274, 25.057921350677351 ], [ 121.561625952808583, 25.058673399997538 ], [ 121.561107876931274, 25.059132904493215 ], [ 121.560739311418899, 25.058673399997542 ], [ 121.561107876931274, 25.057921350677351 ] ] } },
{ "type": "Feature", "properties": { "z": 3.5, "countyname": "臺北市", "townname": "大同區" }, "geometry": { "type": "LineString", "coordinates": [ [ 121.509528127425412, 25.059584578507017 ], [ 121.509793664995613, 25.05984708439598 ], [ 121.509724622082132, 25.061020768794414 ], [ 121.510700394459633, 25.061613473220373 ], [ 121.511871188891377, 25.062194453192848 ], [ 121.511872661493854, 25.062204999080041 ], [ 121.511969665868278, 25.063368137591283 ], [ 121.511872661493854, 25.063784706573365 ], [ 121.510700394459633, 25.064453334705021 ], [ 121.509528127425412, 25.063438324357438 ], [ 121.508355860391191, 25.063497827604067 ], [ 121.508117421842513, 25.063368137591283 ], [ 121.508355860391191, 25.063281993097949 ], [ 121.509284630653823, 25.062194453192848 ], [ 121.509421567834806, 25.061020768794418 ], [ 121.509467031925638, 25.059847084395976 ], [ 121.509528127425412, 25.059584578507017 ] ] } },
{ "type": "Feature", "properties": { "z": 3.5, "countyname": "臺北市", "townname": "大同區" }, "geometry": { "type": "LineString", "coordinates": [ [ 121.51421719556231, 25.058894462856369 ], [ 121.514978081638489, 25.059847084395976 ], [ 121.51421719556231, 25.060385655611988 ], [ 121.513703649310472, 25.059847084395976 ], [ 121.51421719556231, 25.058894462856369 ] ] } },
{ "type": "Feature", "properties": { "z": 3.5, "countyname": "臺北市", "townname": "內湖區" }, "geometry": { "type": "LineString", "coordinates": [ [ 121.578691882444659, 25.059575111612087 ], [ 121.579864149478865, 25.05916187499891 ], [ 121.580665263371117, 25.059847084395976 ], [ 121.579864149478865, 25.060504853850151 ], [ 121.578691882444659, 25.06042032597118 ], [ 121.578387829311467, 25.059847084395976 ], [ 121.578691882444659, 25.059575111612087 ] ] } },
{ "type": "Feature", "properties": { "z": 3.5, "countyname": "臺北市", "townname": "南港區" }, "geometry": { "type": "LineString", "coordinates": [ [ 121.617376694574034, 25.059722325533098 ], [ 121.617531447884673, 25.059847084395976 ], [ 121.617376694574034, 25.059987435972733 ], [ 121.617229158872505, 25.059847084395976 ], [ 121.617376694574034, 25.059722325533098 ] ] } },
{ "type": "Feature", "properties": { "z": 3.5, "countyname": "臺北市", "townname": "松山區" }, "geometry": { "type": "LineString", "coordinates": [ [ 121.559935609897053, 25.060591474714155 ], [ 121.560669761532921, 25.061020768794414 ], [ 121.559935609897053, 25.061160771614457 ], [ 121.559756197810842, 25.061020768794414 ], [ 121.559935609897053, 25.060591474714155 ] ] } },
{ "type": "Feature", "properties": { "z": 3.5, "countyname": "臺北市", "townname": "內湖區" }, "geometry": { "type": "LineString", "coordinates": [ [ 121.575175081341968, 25.060927267408065 ], [ 121.575211827872948, 25.061020768794414 ], [ 121.575175081341968, 25.061070830412028 ], [ 121.575141475133947, 25.061020768794414 ], [ 121.575175081341968, 25.060927267408065 ] ] } },
{ "type": "Feature", "properties": { "z": 3.5, "countyname": "臺北市", "townname": "大同區" }, "geometry": { "type": "LineString", "coordinates": [ [ 121.515389462596531, 25.061215515402672 ], [ 121.516083687687114, 25.062194453192848 ], [ 121.516561729630752, 25.06254903720879 ], [ 121.517176571425253, 25.063368137591283 ], [ 121.516561729630752, 25.063899960493728 ], [ 121.515836073053762, 25.064541821989721 ], [ 121.516561729630737, 25.065173930312035 ], [ 121.517733996664987, 25.06529340861638 ], [ 121.518193876370788, 25.065715506388155 ], [ 121.517733996664987, 25.066302763433953 ], [ 121.516561729630752, 25.066677127847992 ], [ 121.515389462596531, 25.066173688766611 ], [ 121.51421719556231, 25.066445967212619 ], [ 121.513044928528089, 25.066112535393792 ], [ 121.512580979199527, 25.065715506388155 ], [ 121.513044928528089, 25.065369593942755 ], [ 121.51421719556231, 25.064777106045184 ], [ 121.51444164963668, 25.064541821989721 ], [ 121.515389462596531, 25.063700465014762 ], [ 121.515655383276794, 25.063368137591283 ], [ 121.515389462596531, 25.062994672145216 ], [ 121.514243788723419, 25.062194453192848 ], [ 121.515389462596531, 25.061215515402672 ] ] } },
{ "type": "Feature", "properties": { "z": 3.5, "countyname": "臺北市", "townname": "中山區" }, "geometry": { "type": "LineString", "coordinates": [ [ 121.541179337349462, 25.061275888081525 ], [ 121.54178681137391, 25.062194453192848 ], [ 121.541199552454799, 25.063368137591286 ], [ 121.541575833131844, 25.064541821989721 ], [ 121.541900596915042, 25.065715506388155 ], [ 121.541179337349462, 25.066795786488516 ], [ 121.541025061611066, 25.06688919078659 ], [ 121.540007070315241, 25.067359447712651 ], [ 121.53883480328102, 25.067525195685786 ], [ 121.537662536246799, 25.067360757535905 ], [ 121.536490269212578, 25.067303000492821 ], [ 121.536191478321911, 25.06688919078659 ], [ 121.536490269212564, 25.066422841825432 ], [ 121.537507217574728, 25.065715506388159 ], [ 121.537662536246799, 25.065589406877123 ], [ 121.538621192900351, 25.064541821989717 ], [ 121.538517222670251, 25.063368137591283 ], [ 121.538834803281006, 25.062843915974195 ], [ 121.540007070315241, 25.062638500696362 ], [ 121.54037099036438, 25.062194453192848 ], [ 121.541179337349462, 25.061275888081525 ] ] } },
{ "type": "Feature", "properties": { "z": 3.5, "countyname": "臺北市", "townname": "中山區" }, "geometry": { "type": "LineString", "coordinates": [ [ 121.544282662359464, 25.063985062784006 ], [ 121.544006076476194, 25.063368137591283 ], [ 121.544270261711503, 25.063010525640053 ] ] } },
{ "type": "Feature", "properties": { "z": 3.5, "countyname": "臺北市", "townname": "松山區" }, "geometry": { "type": "MultiLineString", "coordinates": [ [ [ 121.544696138452139, 25.062434041446995 ], [ 121.545232339048468, 25.063368137591283 ], [ 121.54490244541536, 25.064541821989724 ], [ 121.544696138452139, 25.06471347268576 ], [ 121.544532274044144, 25.064541821989721 ], [ 121.544282662359464, 25.063985062784006 ] ], [ [ 121.544270261711503, 25.063010525640053 ], [ 121.544696138452139, 25.062434041446995 ] ] ] } },
{ "type": "Feature", "properties": { "z": 3.5, "countyname": "臺北市", "townname": "內湖區" }, "geometry": { "type": "LineString", "coordinates": [ [ 121.586897751684205, 25.063250950182638 ], [ 121.587196456940731, 25.063368137591286 ], [ 121.586897751684205, 25.063491340726497 ], [ 121.586490179582441, 25.063368137591283 ], [ 121.586897751684205, 25.063250950182638 ] ] } },
{ "type": "Feature", "properties": { "z": 3.5, "countyname": "臺北市", "townname": "中山區" }, "geometry": { "type": "LineString", "coordinates": [ [ 121.534145735144122, 25.063422964467872 ], [ 121.535318002178343, 25.064121386961315 ], [ 121.535784181717545, 25.064541821989721 ], [ 121.535318002178343, 25.064977156451942 ], [ 121.534145735144122, 25.065332082177083 ], [ 121.533559601627019, 25.064541821989721 ], [ 121.534145735144122, 25.063422964467872 ] ] } },
{ "type": "Feature", "properties": { "z": 3.5, "countyname": "臺北市", "townname": "大同區" }, "geometry": { "type": "LineString", "coordinates": [ [ 121.510700394459633, 25.064589196670653 ], [ 121.51151568709345, 25.065715506388155 ], [ 121.510700394459633, 25.066674911689663 ], [ 121.510015166108971, 25.065715506388155 ], [ 121.510700394459633, 25.064589196670653 ] ] } },
{ "type": "Feature", "properties": { "z": 3.5, "countyname": "臺北市", "townname": "中山區" }, "geometry": { "type": "LineString", "coordinates": [ [ 121.543523871417918, 25.065589016554643 ], [ 121.54365627970455, 25.065715506388155 ], [ 121.543523871417918, 25.065838265306692 ], [ 121.543349835665154, 25.065715506388155 ], [ 121.543523871417918, 25.065589016554643 ] ] } },
{ "type": "Feature", "properties": { "z": 3.5, "countyname": "臺北市", "townname": "內湖區" }, "geometry": { "type": "LineString", "coordinates": [ [ 121.590414552786882, 25.065513304947643 ], [ 121.590664352283696, 25.065715506388152 ], [ 121.590414552786882, 25.066420376950166 ], [ 121.590180212250075, 25.065715506388155 ], [ 121.590414552786882, 25.065513304947643 ] ] } },
{ "type": "Feature", "properties": { "z": 3.5, "countyname": "臺北市", "townname": "中山區" }, "geometry": { "type": "LineString", "coordinates": [ [ 121.524767598870326, 25.066520347431428 ], [ 121.524064101241279, 25.06688919078659 ], [ 121.524767598870326, 25.067346257439411 ], [ 121.525135996803044, 25.06688919078659 ], [ 121.524767598870326, 25.066520347431428 ] ] } },
{ "type": "Feature", "properties": { "z": 3.5, "countyname": "臺北市", "townname": "中山區" }, "geometry": { "type": "LineString", "coordinates": [ [ 121.534145735144122, 25.066207033892628 ], [ 121.534617454421209, 25.06688919078659 ], [ 121.534145735144122, 25.067414683382257 ], [ 121.533453790402717, 25.06688919078659 ], [ 121.534145735144122, 25.066207033892628 ] ] } },
{ "type": "Feature", "properties": { "z": 3.5, "countyname": "臺北市", "townname": "內湖區" }, "geometry": { "type": "LineString", "coordinates": [ [ 121.599792689060664, 25.066626148679205 ], [ 121.600032484597037, 25.06688919078659 ], [ 121.599792689060678, 25.067333994378217 ], [ 121.599484326700008, 25.06688919078659 ], [ 121.599792689060664, 25.066626148679205 ] ] } },
{ "type": "Feature", "properties": { "z": 3.5, "countyname": "臺北市", "townname": "大同區" }, "geometry": { "type": "LineString", "coordinates": [ [ 121.510700394459633, 25.067054212634957 ], [ 121.511572653889473, 25.068062875185028 ], [ 121.511207571406388, 25.069236559583459 ], [ 121.510700394459619, 25.069471065528507 ], [ 121.510466171708529, 25.069236559583462 ], [ 121.510042878242317, 25.068062875185028 ], [ 121.510700394459633, 25.067054212634957 ] ] } },
{ "type": "Feature", "properties": { "z": 3.5, "countyname": "臺北市", "townname": "大同區" }, "geometry": { "type": "LineString", "coordinates": [ [ 121.513044928528089, 25.0679044551669 ], [ 121.51421719556231, 25.067559932298035 ], [ 121.514538055791462, 25.068062875185028 ], [ 121.514217195562324, 25.06851732489962 ], [ 121.513044928528089, 25.068178023550907 ], [ 121.512860717412153, 25.068062875185028 ], [ 121.513044928528089, 25.0679044551669 ] ] } },
{ "type": "Feature", "properties": { "z": 3.5, "countyname": "臺北市", "townname": "大同區" }, "geometry": { "type": "LineString", "coordinates": [ [ 121.518906263699208, 25.067938841165201 ], [ 121.519008190715113, 25.068062875185028 ], [ 121.518906263699193, 25.068203910311812 ], [ 121.518758317611301, 25.068062875185028 ], [ 121.518906263699208, 25.067938841165201 ] ] } },
{ "type": "Feature", "properties": { "z": 3.5, "countyname": "臺北市", "townname": "內湖區" }, "geometry": { "type": "LineString", "coordinates": [ [ 121.585725484649998, 25.067557536556709 ], [ 121.586254509023448, 25.068062875185031 ], [ 121.586897751684205, 25.06907216721671 ], [ 121.587089514735098, 25.069236559583462 ], [ 121.586897751684205, 25.069372467761951 ], [ 121.58572548464997, 25.069661713814199 ], [ 121.584572802135412, 25.069236559583462 ], [ 121.584916708748366, 25.068062875185028 ], [ 121.585725484649998, 25.067557536556709 ] ] } },
{ "type": "Feature", "properties": { "z": 3.5, "countyname": "臺北市", "townname": "內湖區" }, "geometry": { "type": "LineString", "coordinates": [ [ 121.61268762643715, 25.067633812522857 ], [ 121.613433586089641, 25.068062875185028 ], [ 121.613859893471371, 25.068353625810445 ], [ 121.614169864476139, 25.068062875185028 ], [ 121.615032160505592, 25.067207162089755 ], [ 121.616204427539813, 25.067123243454468 ], [ 121.617342743084563, 25.068062875185028 ], [ 121.617376694574034, 25.0680986781841 ], [ 121.618548961608269, 25.068407940839332 ], [ 121.619051759842705, 25.069236559583462 ], [ 121.618548961608269, 25.070172193731555 ], [ 121.617376694574034, 25.070043865703706 ], [ 121.61675803128847, 25.069236559583462 ], [ 121.616204427539813, 25.068697903529515 ], [ 121.615716637835519, 25.069236559583462 ], [ 121.616204427539827, 25.070189778817426 ], [ 121.616571586753551, 25.070410243981897 ], [ 121.616204427539799, 25.070739627803206 ], [ 121.615712314180612, 25.070410243981897 ], [ 121.615032160505592, 25.070192480684916 ], [ 121.613859893471371, 25.070256589264424 ], [ 121.613706424310337, 25.070410243981897 ], [ 121.613166161200411, 25.071583928380335 ], [ 121.61268762643715, 25.07230666724173 ], [ 121.611893787041552, 25.071583928380335 ], [ 121.611515359402915, 25.071223846402205 ], [ 121.611037226180372, 25.070410243981893 ], [ 121.611321482190334, 25.069236559583462 ], [ 121.611515359402915, 25.068959387899174 ], [ 121.612132665007493, 25.068062875185028 ], [ 121.61268762643715, 25.067633812522857 ] ] } },
{ "type": "Feature", "properties": { "z": 3.5, "countyname": "臺北市", "townname": "大同區" }, "geometry": { "type": "LineString", "coordinates": [ [ 121.515389462596531, 25.06908345504046 ], [ 121.515482905633519, 25.069236559583459 ], [ 121.515389462596531, 25.06943450633678 ], [ 121.515153868025322, 25.069236559583462 ], [ 121.515389462596531, 25.06908345504046 ] ] } },
{ "type": "Feature", "properties": { "z": 3.5, "countyname": "臺北市", "townname": "中山區" }, "geometry": { "type": "MultiLineString", "coordinates": [ [ [ 121.520078530733429, 25.069213589506784 ], [ 121.521250797767649, 25.069207699946162 ], [ 121.52242306480187, 25.069225816955182 ], [ 121.522433584517117, 25.069236559583466 ], [ 121.522423064801885, 25.069274161194883 ], [ 121.521250797767649, 25.069260848263127 ], [ 121.520546265603414, 25.070410243981897 ], [ 121.520078530733414, 25.070978544081306 ], [ 121.519929858233851, 25.07099371844965 ] ], [ [ 121.519709201314598, 25.069369321941974 ], [ 121.520045904289617, 25.069236559583462 ], [ 121.520078530733429, 25.069213589506784 ] ] ] } },
{ "type": "Feature", "properties": { "z": 3.5, "countyname": "臺北市", "townname": "大同區" }, "geometry": { "type": "LineString", "coordinates": [ [ 121.519929858233851, 25.07099371844965 ], [ 121.518906263699208, 25.071098192380934 ], [ 121.518343009500185, 25.070410243981897 ], [ 121.518906263699208, 25.06968592113909 ], [ 121.519709201314598, 25.069369321941974 ] ] } },
{ "type": "Feature", "properties": { "z": 3.5, "countyname": "臺北市", "townname": "內湖區" }, "geometry": { "type": "LineString", "coordinates": [ [ 121.592759086855338, 25.068334017427425 ], [ 121.593862366321403, 25.069236559583462 ], [ 121.593678195908922, 25.070410243981897 ], [ 121.592759086855338, 25.071239528181138 ], [ 121.591586819821103, 25.071146434498161 ], [ 121.59086132983478, 25.070410243981897 ], [ 121.591586819821103, 25.069885641640095 ], [ 121.592064492129865, 25.069236559583462 ], [ 121.592759086855338, 25.068334017427425 ] ] } },
{ "type": "Feature", "properties": { "z": 3.5, "countyname": "臺北市", "townname": "內湖區" }, "geometry": { "type": "LineString", "coordinates": [ [ 121.609170825334473, 25.069922789631907 ], [ 121.60964674790516, 25.070410243981897 ], [ 121.610343092368694, 25.071480713231395 ], [ 121.610624769770951, 25.071583928380335 ], [ 121.611085475779376, 25.072757612778769 ], [ 121.610343092368694, 25.073307842708498 ], [ 121.609572756231316, 25.072757612778769 ], [ 121.609170825334473, 25.072445495436128 ], [ 121.60803685512046, 25.071583928380335 ], [ 121.608196209689481, 25.070410243981897 ], [ 121.609170825334473, 25.069922789631907 ] ] } },
{ "type": "Feature", "properties": { "z": 3.5, "countyname": "臺北市", "townname": "大同區" }, "geometry": { "type": "LineString", "coordinates": [ [ 121.51421719556231, 25.070942914743355 ], [ 121.515389462596531, 25.071105619377661 ], [ 121.515730975918856, 25.071583928380335 ], [ 121.515389462596531, 25.072178285169421 ], [ 121.514678799830108, 25.072757612778769 ], [ 121.515004466025459, 25.073931297177204 ], [ 121.51421719556231, 25.074568566958881 ], [ 121.513605239540595, 25.073931297177204 ], [ 121.513689603315242, 25.072757612778769 ], [ 121.513975681728297, 25.071583928380335 ], [ 121.51421719556231, 25.070942914743355 ] ] } },
{ "type": "Feature", "properties": { "z": 3.5, "countyname": "臺北市", "townname": "內湖區" }, "geometry": { "type": "LineString", "coordinates": [ [ 121.606826291266003, 25.071119167851144 ], [ 121.60795518421267, 25.071583928380335 ], [ 121.606826291266017, 25.072672609940451 ], [ 121.60676502952758, 25.072757612778769 ], [ 121.606826291266017, 25.072919538897139 ], [ 121.607213523021059, 25.073931297177204 ], [ 121.606826291266032, 25.074257046019234 ], [ 121.605654024231796, 25.074238814453945 ], [ 121.604481757197576, 25.073959350955647 ], [ 121.604211669401252, 25.073931297177204 ], [ 121.603309490163355, 25.073694808790869 ], [ 121.603000200613351, 25.072757612778773 ], [ 121.603309490163355, 25.072535069197976 ], [ 121.604481757197576, 25.072164664653993 ], [ 121.605654024231796, 25.071851763237976 ], [ 121.605999976350404, 25.071583928380335 ], [ 121.606826291266003, 25.071119167851144 ] ] } },
{ "type": "Feature", "properties": { "z": 3.5, "countyname": "臺北市", "townname": "內湖區" }, "geometry": { "type": "LineString", "coordinates": [ [ 121.618548961608269, 25.070904953851493 ], [ 121.618792522344933, 25.071583928380335 ], [ 121.619147304646432, 25.072757612778769 ], [ 121.618548961608269, 25.073560147735115 ], [ 121.618001627045984, 25.072757612778769 ], [ 121.618223573605263, 25.071583928380331 ], [ 121.618548961608269, 25.070904953851493 ] ] } },
{ "type": "Feature", "properties": { "z": 3.5, "countyname": "臺北市", "townname": "內湖區" }, "geometry": { "type": "LineString", "coordinates": [ [ 121.575175081341968, 25.072721942804851 ], [ 121.575418147652343, 25.072757612778769 ], [ 121.575175081341968, 25.072777470840833 ], [ 121.575160057631152, 25.072757612778769 ], [ 121.575175081341968, 25.072721942804851 ] ] } },
{ "type": "Feature", "properties": { "z": 3.5, "countyname": "臺北市", "townname": "大同區" }, "geometry": { "type": "LineString", "coordinates": [ [ 121.518906263699208, 25.073168262220047 ], [ 121.519223874177939, 25.073931297177204 ], [ 121.518906263699208, 25.074382451140554 ], [ 121.518544681281838, 25.073931297177204 ], [ 121.518906263699208, 25.073168262220047 ] ] } },
{ "type": "Feature", "properties": { "z": 3.5, "countyname": "臺北市", "townname": "內湖區" }, "geometry": { "type": "LineString", "coordinates": [ [ 121.578691882444645, 25.072991262766966 ], [ 121.579864149478865, 25.073722111499617 ], [ 121.580378068062842, 25.073931297177204 ], [ 121.579864149478865, 25.074627381137873 ], [ 121.578691882444645, 25.074632205218812 ], [ 121.578249268881933, 25.075104981575642 ], [ 121.578691882444645, 25.075743248452284 ], [ 121.579864149478865, 25.075261984725479 ], [ 121.5805980854431, 25.076278665974076 ], [ 121.579864149478865, 25.077441932031046 ], [ 121.578691882444645, 25.077004014479876 ], [ 121.57850791100141, 25.077452350372514 ], [ 121.57753232632345, 25.078626034770949 ], [ 121.578691882444645, 25.079032125527426 ], [ 121.579075786624685, 25.078626034770949 ], [ 121.579864149478865, 25.077461881753816 ], [ 121.581036416513086, 25.078257194037757 ], [ 121.581292177056739, 25.078626034770949 ], [ 121.581036416513086, 25.078800702715395 ], [ 121.579864149478865, 25.079449042957059 ], [ 121.579493207536515, 25.079799719169383 ], [ 121.579197771981811, 25.080973403567821 ], [ 121.579864149478865, 25.081982177157254 ], [ 121.579912839300547, 25.082147087966256 ], [ 121.57986414947888, 25.082219938438204 ], [ 121.578691882444645, 25.082783513635931 ], [ 121.577914371309021, 25.082147087966256 ], [ 121.577519615410409, 25.081817339366822 ], [ 121.576940669422257, 25.080973403567818 ], [ 121.577379529547684, 25.079799719169383 ], [ 121.577394615701195, 25.078626034770949 ], [ 121.576347348376189, 25.078563031499847 ], [ 121.575175081341982, 25.077674864093233 ], [ 121.574891828121181, 25.077452350372514 ], [ 121.574483445864487, 25.076278665974076 ], [ 121.575175081341968, 25.075156419609655 ], [ 121.575304073698916, 25.075104981575642 ], [ 121.576347348376174, 25.074539006784711 ], [ 121.577519615410409, 25.074554711953542 ], [ 121.578173125382051, 25.073931297177204 ], [ 121.578691882444645, 25.072991262766966 ] ] } },
{ "type": "Feature", "properties": { "z": 3.5, "countyname": "臺北市", "townname": "士林區" }, "geometry": { "type": "LineString", "coordinates": [ [ 121.509950853350276, 25.078857032866118 ], [ 121.509603487129993, 25.079799719169383 ], [ 121.509528127425412, 25.079920108954919 ], [ 121.508355860391177, 25.080051368769933 ], [ 121.508031170867341, 25.079799719169383 ], [ 121.50718359335697, 25.079096372204294 ], [ 121.506616807047237, 25.078626034770949 ], [ 121.506168579751474, 25.078254081404705 ] ] } },
{ "type": "Feature", "properties": { "z": 3.5, "countyname": "臺北市", "townname": "大同區" }, "geometry": { "type": "MultiLineString", "coordinates": [ [ [ 121.508355860391191, 25.074977402934081 ], [ 121.508453195435379, 25.075104981575642 ], [ 121.509206880308369, 25.076278665974076 ], [ 121.509528127425412, 25.076962214067386 ], [ 121.509664634934381, 25.077452350372514 ], [ 121.510035972795563, 25.078626034770952 ], [ 121.509950853350276, 25.078857032866118 ] ], [ [ 121.506168579751474, 25.078254081404705 ], [ 121.506011326322735, 25.078123587472877 ], [ 121.505202443227134, 25.077452350372514 ], [ 121.505215396600519, 25.076963081504022 ] ], [ [ 121.50573047111105, 25.075714591052364 ], [ 121.506011326322735, 25.075395802636518 ], [ 121.507183593356956, 25.075159459421357 ], [ 121.507534377795267, 25.075104981575642 ], [ 121.508355860391191, 25.074977402934081 ] ] ] } },
{ "type": "Feature", "properties": { "z": 3.5, "countyname": "臺北市", "townname": "內湖區" }, "geometry": { "type": "LineString", "coordinates": [ [ 121.583380950581557, 25.077328841655152 ], [ 121.583656046914257, 25.077452350372514 ], [ 121.583380950581542, 25.077708178781602 ], [ 121.582235121967983, 25.077452350372514 ], [ 121.583380950581557, 25.077328841655152 ] ] } },
{ "type": "Feature", "properties": { "z": 3.5, "countyname": "臺北市", "townname": "中山區" }, "geometry": { "type": "LineString", "coordinates": [ [ 121.54586840548636, 25.078207237601347 ], [ 121.546934413245708, 25.078626034770949 ], [ 121.547040672520581, 25.078704288913929 ], [ 121.548212939554816, 25.079348362321635 ], [ 121.548478454976078, 25.079799719169383 ], [ 121.549090669796129, 25.080973403567821 ], [ 121.549249216167567, 25.082147087966256 ], [ 121.548818122106383, 25.08332077236469 ], [ 121.548212939554816, 25.083527216674995 ], [ 121.547040672520581, 25.083853776759845 ], [ 121.546444317023585, 25.08332077236469 ], [ 121.54586840548636, 25.082797899960603 ], [ 121.545257461538668, 25.082147087966256 ], [ 121.545173767506569, 25.080973403567821 ], [ 121.545367115132123, 25.079799719169383 ], [ 121.545217122620116, 25.078626034770949 ], [ 121.54586840548636, 25.078207237601347 ] ] } },
{ "type": "Feature", "properties": { "z": 3.5, "countyname": "臺北市", "townname": "中山區" }, "geometry": { "type": "LineString", "coordinates": [ [ 121.549385206589037, 25.077466557766463 ], [ 121.549893460459728, 25.078626034770952 ], [ 121.549385206589037, 25.079022416802925 ], [ 121.548774316563396, 25.078626034770949 ], [ 121.549385206589037, 25.077466557766463 ] ] } },
{ "type": "Feature", "properties": { "z": 3.5, "countyname": "臺北市", "townname": "中山區" }, "geometry": { "type": "LineString", "coordinates": [ [ 121.551729740657478, 25.078591606196664 ], [ 121.551770613563278, 25.078626034770949 ], [ 121.551729740657478, 25.078800069868525 ], [ 121.551684475179258, 25.078626034770949 ], [ 121.551729740657478, 25.078591606196664 ] ] } },
{ "type": "Feature", "properties": { "z": 3.5, "countyname": "臺北市", "townname": "內湖區" }, "geometry": { "type": "LineString", "coordinates": [ [ 121.58807001871844, 25.078431272461785 ], [ 121.589242285752661, 25.078506011418014 ], [ 121.589732604965093, 25.078626034770949 ], [ 121.590414552786882, 25.078819075708331 ], [ 121.590973239622187, 25.078626034770949 ], [ 121.591586819821117, 25.078369766867585 ], [ 121.591880636488, 25.078626034770952 ], [ 121.592759086855338, 25.079082226702798 ], [ 121.593931353889559, 25.079364183205278 ], [ 121.59510362092378, 25.079416002714982 ], [ 121.595326774471928, 25.07979971916938 ], [ 121.59510362092378, 25.080023849141661 ], [ 121.593931353889559, 25.080519626933356 ], [ 121.59370603467066, 25.080973403567821 ], [ 121.59330888900277, 25.082147087966256 ], [ 121.593931353889573, 25.082884271194146 ], [ 121.594999532979898, 25.08332077236469 ], [ 121.59510362092378, 25.083555654494109 ], [ 121.595324858851242, 25.08332077236469 ], [ 121.596275887958015, 25.082868888069889 ], [ 121.596567561809422, 25.08332077236469 ], [ 121.596857707411516, 25.084494456763128 ], [ 121.596275887958001, 25.085067982346221 ], [ 121.59510362092378, 25.084987336991283 ], [ 121.593931353889559, 25.084804592740969 ], [ 121.592759086855338, 25.08548320168244 ], [ 121.592540104352395, 25.085668141161563 ], [ 121.591586819821103, 25.086236323112953 ], [ 121.590414552786882, 25.086450324472452 ], [ 121.58976540521428, 25.085668141161563 ], [ 121.590414552786882, 25.085087817651623 ], [ 121.591586819821103, 25.084924262299751 ], [ 121.591961879031928, 25.084494456763128 ], [ 121.591586819821117, 25.083904677956713 ], [ 121.591146283051515, 25.08332077236469 ], [ 121.590414552786882, 25.082560076781245 ], [ 121.589667733233156, 25.082147087966256 ], [ 121.589727853223366, 25.080973403567821 ], [ 121.589792259422055, 25.079799719169383 ], [ 121.589242285752675, 25.078788050641151 ], [ 121.58807001871844, 25.079028040999592 ], [ 121.587791094392841, 25.078626034770949 ], [ 121.58807001871844, 25.078431272461785 ] ] } },
{ "type": "Feature", "properties": { "z": 3.5, "countyname": "臺北市", "townname": "中山區" }, "geometry": { "type": "LineString", "coordinates": [ [ 121.558763342862832, 25.079334399472412 ], [ 121.559935609897067, 25.079707159061513 ], [ 121.560055242024006, 25.079799719169383 ], [ 121.559935609897039, 25.079937623422673 ], [ 121.558763342862832, 25.080476682195801 ], [ 121.558107200462345, 25.079799719169383 ], [ 121.558763342862832, 25.079334399472412 ] ] } },
{ "type": "Feature", "properties": { "z": 3.5, "countyname": "臺北市", "townname": "內湖區" }, "geometry": { "type": "LineString", "coordinates": [ [ 121.566969212102393, 25.07961461834098 ], [ 121.567435403012212, 25.079799719169383 ], [ 121.568141479136628, 25.080051577515217 ], [ 121.568562405137868, 25.079799719169383 ], [ 121.569313746170849, 25.078964734510038 ], [ 121.57048601320507, 25.079424345732445 ], [ 121.571578943256753, 25.079799719169383 ], [ 121.57048601320507, 25.08022490904203 ], [ 121.569313746170849, 25.08037260968997 ], [ 121.568917076552452, 25.080973403567821 ], [ 121.568968809888702, 25.082147087966256 ], [ 121.569131419968244, 25.08332077236469 ], [ 121.568141479136628, 25.084467075012977 ], [ 121.568097054179361, 25.084494456763128 ], [ 121.566969212102393, 25.084968629347237 ], [ 121.566534286696182, 25.084494456763128 ], [ 121.566969212102393, 25.083601355115174 ], [ 121.567156812038391, 25.08332077236469 ], [ 121.566969212102393, 25.082645884554058 ], [ 121.565796945068172, 25.082482750661065 ], [ 121.56549114712486, 25.082147087966256 ], [ 121.565796945068158, 25.081769323194536 ], [ 121.566837104369142, 25.080973403567821 ], [ 121.566443197431298, 25.079799719169383 ], [ 121.566969212102393, 25.07961461834098 ] ] } },
{ "type": "Feature", "properties": { "z": 3.5, "countyname": "臺北市", "townname": "內湖區" }, "geometry": { "type": "LineString", "coordinates": [ [ 121.575175081341968, 25.079132252568165 ], [ 121.575929346434734, 25.079799719169383 ], [ 121.575175081341968, 25.080453875607311 ], [ 121.574554876668529, 25.079799719169383 ], [ 121.575175081341968, 25.079132252568165 ] ] } },
{ "type": "Feature", "properties": { "z": 3.5, "countyname": "臺北市", "townname": "內湖區" }, "geometry": { "type": "LineString", "coordinates": [ [ 121.582208683547307, 25.079562501896554 ], [ 121.582390926156066, 25.079799719169383 ], [ 121.582208683547307, 25.080082735447998 ], [ 121.582048119160319, 25.079799719169383 ], [ 121.582208683547307, 25.079562501896554 ] ] } },
{ "type": "Feature", "properties": { "z": 3.5, "countyname": "臺北市", "townname": "士林區" }, "geometry": { "type": "LineString", "coordinates": [ [ 121.520078530733429, 25.080506453178664 ], [ 121.521250797767649, 25.080064723027597 ], [ 121.52242306480187, 25.080491008980374 ], [ 121.523306218439117, 25.080973403567821 ], [ 121.522423064801885, 25.081802622305371 ], [ 121.521250797767649, 25.082011718764022 ], [ 121.520749588734745, 25.082147087966256 ], [ 121.520192679272327, 25.08332077236469 ], [ 121.520078530733429, 25.083381150141268 ], [ 121.518906263699208, 25.084093801313418 ], [ 121.518403090418545, 25.084494456763128 ], [ 121.518280680500396, 25.085668141161563 ], [ 121.517733996664987, 25.086134024265011 ], [ 121.517032209373227, 25.085668141161563 ], [ 121.517145207695776, 25.084494456763128 ], [ 121.517506042931103, 25.083320772364686 ], [ 121.517557794964105, 25.082147087966256 ], [ 121.517733996664987, 25.081970673223477 ], [ 121.518047322203685, 25.082147087966259 ], [ 121.518906263699208, 25.082563789615751 ], [ 121.519811276516847, 25.082147087966256 ], [ 121.519622004165058, 25.080973403567821 ], [ 121.520078530733429, 25.080506453178664 ] ] } },
{ "type": "Feature", "properties": { "z": 3.5, "countyname": "臺北市", "townname": "內湖區" }, "geometry": { "type": "LineString", "coordinates": [ [ 121.572830547273526, 25.080900794266917 ], [ 121.5729187626726, 25.080973403567821 ], [ 121.574002814307747, 25.081310713461633 ], [ 121.57458894782485, 25.082147087966256 ], [ 121.574002814307747, 25.082915695358668 ], [ 121.572830547273526, 25.082906865564805 ], [ 121.571658280239291, 25.082904577856127 ], [ 121.571089234362233, 25.082147087966256 ], [ 121.571658280239291, 25.081462937036637 ], [ 121.572765053432263, 25.080973403567821 ], [ 121.572830547273526, 25.080900794266917 ] ] } },
{ "type": "Feature", "properties": { "z": 3.5, "countyname": "臺北市", "townname": "中山區" }, "geometry": { "type": "LineString", "coordinates": [ [ 121.552902007691713, 25.081607007956716 ], [ 121.553192341772501, 25.082147087966256 ], [ 121.554074274725949, 25.083228859673188 ], [ 121.554155608354208, 25.08332077236469 ], [ 121.554074274725934, 25.083818062465628 ], [ 121.552902007691713, 25.083865956899121 ], [ 121.551729740657478, 25.083514845721897 ], [ 121.551137844200099, 25.08332077236469 ], [ 121.551729740657478, 25.082995231160531 ], [ 121.552493453387456, 25.082147087966259 ], [ 121.552902007691713, 25.081607007956716 ] ] } },
{ "type": "Feature", "properties": { "z": 3.5, "countyname": "臺北市", "townname": "士林區" }, "geometry": { "type": "LineString", "coordinates": [ [ 121.509528127425412, 25.083134502497991 ], [ 121.510700394459633, 25.082730184288263 ], [ 121.510946918324251, 25.08332077236469 ], [ 121.510700394459633, 25.083593515014702 ], [ 121.509954346862585, 25.084494456763128 ], [ 121.509767389510387, 25.085668141161563 ], [ 121.509528127425412, 25.085867510818488 ], [ 121.509006165412799, 25.085668141161563 ], [ 121.50905608111016, 25.084494456763128 ], [ 121.509280956127341, 25.083320772364686 ], [ 121.509528127425412, 25.083134502497991 ] ] } },
{ "type": "Feature", "properties": { "z": 3.5, "countyname": "臺北市", "townname": "中山區" }, "geometry": { "type": "MultiLineString", "coordinates": [ [ [ 121.556418808794376, 25.082560011611381 ], [ 121.557591075828611, 25.082673328343834 ], [ 121.558608813941518, 25.08332077236469 ], [ 121.558418967281966, 25.084494456763128 ], [ 121.558201700343005, 25.084632048875665 ] ], [ [ 121.557661723650654, 25.084974008559819 ], [ 121.557591075828626, 25.085018748837037 ], [ 121.556418808794376, 25.084926272332712 ], [ 121.556140187036661, 25.084494456763128 ], [ 121.555953020678672, 25.08332077236469 ], [ 121.556418808794376, 25.082560011611381 ] ] ] } },
{ "type": "Feature", "properties": { "z": 3.5, "countyname": "臺北市", "townname": "內湖區" }, "geometry": { "type": "LineString", "coordinates": [ [ 121.558201700343005, 25.084632048875665 ], [ 121.557661723650654, 25.084974008559819 ] ] } },
{ "type": "Feature", "properties": { "z": 3.5, "countyname": "臺北市", "townname": "內湖區" }, "geometry": { "type": "LineString", "coordinates": [ [ 121.575175081341968, 25.08292972652275 ], [ 121.575858085796696, 25.08332077236469 ], [ 121.575175081341968, 25.083711818206634 ], [ 121.574604577199864, 25.08332077236469 ], [ 121.575175081341968, 25.08292972652275 ] ] } },
{ "type": "Feature", "properties": { "z": 3.5, "countyname": "臺北市", "townname": "士林區" }, "geometry": { "type": "LineString", "coordinates": [ [ 121.521250797767649, 25.084165075862266 ], [ 121.522423064801885, 25.083601835821934 ], [ 121.523335554945163, 25.084494456763128 ], [ 121.522580682934148, 25.085668141161563 ], [ 121.522423064801885, 25.085827710244967 ], [ 121.522296462118206, 25.085668141161563 ], [ 121.521250797767664, 25.084664239787529 ], [ 121.52105858722426, 25.084494456763125 ], [ 121.521250797767649, 25.084165075862266 ] ] } },
{ "type": "Feature", "properties": { "z": 3.5, "countyname": "臺北市", "townname": "中山區" }, "geometry": { "type": "MultiLineString", "coordinates": [ [ [ 121.561107876931274, 25.084236734386646 ], [ 121.561118838531428, 25.084247215592693 ] ], [ [ 121.560756853041454, 25.0845508452724 ], [ 121.560734338129777, 25.084494456763125 ], [ 121.561107876931274, 25.084236734386646 ] ] ] } },
{ "type": "Feature", "properties": { "z": 3.5, "countyname": "臺北市", "townname": "內湖區" }, "geometry": { "type": "LineString", "coordinates": [ [ 121.561118838531428, 25.084247215592693 ], [ 121.561377411718539, 25.084494456763128 ], [ 121.561107876931274, 25.085429983247632 ], [ 121.560756853041454, 25.0845508452724 ] ] } },
{ "type": "Feature", "properties": { "z": 3.5, "countyname": "臺北市", "townname": "內湖區" }, "geometry": { "type": "LineString", "coordinates": [ [ 121.598620422026457, 25.084234211889871 ], [ 121.599792689060692, 25.083958981330913 ], [ 121.600350521710382, 25.084494456763128 ], [ 121.599792689060692, 25.08493900335008 ], [ 121.598620422026457, 25.084688770701934 ], [ 121.5981356361184, 25.084494456763128 ], [ 121.598620422026457, 25.084234211889871 ] ] } },
{ "type": "Feature", "properties": { "z": 3.5, "countyname": "臺北市", "townname": "內湖區" }, "geometry": { "type": "LineString", "coordinates": [ [ 121.559935609897053, 25.085502420383229 ], [ 121.560615529897447, 25.085668141161563 ], [ 121.559935609897039, 25.08581867720131 ], [ 121.559834323393972, 25.085668141161563 ], [ 121.559935609897053, 25.085502420383229 ] ] } },
{ "type": "Feature", "properties": { "z": 3.5, "countyname": "臺北市", "townname": "士林區" }, "geometry": { "type": "LineString", "coordinates": [ [ 121.525939865904547, 25.085799325476668 ], [ 121.526594603806487, 25.086841825559997 ], [ 121.527112132938768, 25.087897652413819 ], [ 121.527207434463477, 25.088015509958435 ], [ 121.527508986834647, 25.089189194356873 ], [ 121.527265902090889, 25.090362878755304 ], [ 121.527112132938768, 25.090564576024164 ], [ 121.526855149920124, 25.0903628787553 ], [ 121.525939865904547, 25.089926001557895 ], [ 121.525202492189294, 25.090362878755304 ], [ 121.524767598870326, 25.090961687582215 ], [ 121.523595331836106, 25.090556871838885 ], [ 121.523289527633352, 25.090362878755304 ], [ 121.523061001884258, 25.089189194356869 ], [ 121.522815334087838, 25.088015509958435 ], [ 121.523595331836106, 25.087428667759216 ], [ 121.524767598870326, 25.087706601333807 ], [ 121.525156863966416, 25.086841825559997 ], [ 121.525939865904547, 25.085799325476668 ] ] } },
{ "type": "Feature", "properties": { "z": 3.5, "countyname": "臺北市", "townname": "內湖區" }, "geometry": { "type": "LineString", "coordinates": [ [ 121.56345241099973, 25.086204023623818 ], [ 121.563985556942313, 25.086841825559997 ], [ 121.56345241099973, 25.087018487147088 ], [ 121.563252400133265, 25.086841825559997 ], [ 121.56345241099973, 25.086204023623818 ] ] } },
{ "type": "Feature", "properties": { "z": 3.5, "countyname": "臺北市", "townname": "內湖區" }, "geometry": { "type": "LineString", "coordinates": [ [ 121.588070018718426, 25.086403649250549 ], [ 121.588762981160698, 25.086841825559997 ], [ 121.588070018718454, 25.087220561232858 ], [ 121.587728044602699, 25.086841825559997 ], [ 121.588070018718426, 25.086403649250549 ] ] } },
{ "type": "Feature", "properties": { "z": 3.5, "countyname": "臺北市", "townname": "內湖區" }, "geometry": { "type": "LineString", "coordinates": [ [ 121.562280143965495, 25.087966900745496 ], [ 121.562322203025175, 25.088015509958435 ], [ 121.562280143965495, 25.088058961608755 ], [ 121.562240458930489, 25.088015509958435 ], [ 121.562280143965495, 25.087966900745496 ] ] } },
{ "type": "Feature", "properties": { "z": 3.5, "countyname": "臺北市", "townname": "士林區" }, "geometry": { "type": "LineString", "coordinates": [ [ 121.506011326322735, 25.088893855191746 ], [ 121.506459436112365, 25.089189194356869 ], [ 121.506011326322735, 25.089343436579881 ], [ 121.505558383573373, 25.089189194356869 ], [ 121.506011326322735, 25.088893855191746 ] ] } },
{ "type": "Feature", "properties": { "z": 3.5, "countyname": "臺北市", "townname": "士林區" }, "geometry": { "type": "LineString", "coordinates": [ [ 121.508355860391191, 25.088649466128135 ], [ 121.509528127425412, 25.088572395010967 ], [ 121.509931580717335, 25.089189194356866 ], [ 121.509528127425412, 25.089610061333357 ], [ 121.508355860391191, 25.089653020906475 ], [ 121.507615132518922, 25.089189194356869 ], [ 121.508355860391191, 25.088649466128135 ] ] } },
{ "type": "Feature", "properties": { "z": 3.5, "countyname": "臺北市", "townname": "士林區" }, "geometry": { "type": "LineString", "coordinates": [ [ 121.518906263699193, 25.088854047947173 ], [ 121.519040673630712, 25.089189194356869 ], [ 121.518906263699208, 25.089316534978796 ], [ 121.51845908325356, 25.089189194356869 ], [ 121.518906263699193, 25.088854047947173 ] ] } },
{ "type": "Feature", "properties": { "z": 3.5, "countyname": "臺北市", "townname": "內湖區" }, "geometry": { "type": "LineString", "coordinates": [ [ 121.598620422026457, 25.089000884634888 ], [ 121.599005333859068, 25.089189194356869 ], [ 121.598620422026457, 25.089500067516092 ], [ 121.597644886587346, 25.089189194356869 ], [ 121.598620422026457, 25.089000884634888 ] ] } },
{ "type": "Feature", "properties": { "z": 3.5, "countyname": "臺北市", "townname": "內湖區" }, "geometry": { "type": "LineString", "coordinates": [ [ 121.600964956094899, 25.088295483015123 ], [ 121.601186633875713, 25.089189194356869 ], [ 121.601111142875851, 25.090362878755304 ], [ 121.600964956094899, 25.091465802950157 ], [ 121.600663783029518, 25.090362878755304 ], [ 121.600477480805722, 25.089189194356869 ], [ 121.600964956094899, 25.088295483015123 ] ] } },
{ "type": "Feature", "properties": { "z": 3.5, "countyname": "臺北市", "townname": "士林區" }, "geometry": { "type": "LineString", "coordinates": [ [ 121.5048390592885, 25.089995217868875 ], [ 121.504954851887419, 25.090362878755304 ], [ 121.504839059288514, 25.09077837605377 ], [ 121.504695702435185, 25.090362878755304 ], [ 121.5048390592885, 25.089995217868875 ] ] } },
{ "type": "Feature", "properties": { "z": 3.5, "countyname": "臺北市", "townname": "士林區" }, "geometry": { "type": "LineString", "coordinates": [ [ 121.50718359335697, 25.091367511116047 ], [ 121.50730410789069, 25.091536563153742 ], [ 121.507183593356956, 25.091623236583096 ], [ 121.506999156903333, 25.091536563153745 ], [ 121.50718359335697, 25.091367511116047 ] ] } },
{ "type": "Feature", "properties": { "z": 3.5, "countyname": "臺北市", "townname": "士林區" }, "geometry": { "type": "LineString", "coordinates": [ [ 121.521250797767649, 25.091461601025141 ], [ 121.521312478218846, 25.091536563153745 ], [ 121.521250797767649, 25.091617815097283 ], [ 121.521148615899023, 25.091536563153745 ], [ 121.521250797767649, 25.091461601025141 ] ] } },
{ "type": "Feature", "properties": { "z": 3.5, "countyname": "臺北市", "townname": "士林區" }, "geometry": { "type": "LineString", "coordinates": [ [ 121.525939865904562, 25.091025016161666 ], [ 121.526365936484936, 25.091536563153742 ], [ 121.527112132938768, 25.0921244989851 ], [ 121.527777719785774, 25.092710247552176 ], [ 121.527112132938768, 25.093228396114981 ], [ 121.526489492461494, 25.093883931950607 ], [ 121.527112132938768, 25.094655449207469 ], [ 121.527941998072819, 25.095057616349049 ], [ 121.528284399973003, 25.095255036731061 ], [ 121.528806973966624, 25.096231300747487 ], [ 121.528284399973018, 25.096754506574676 ], [ 121.527657943485536, 25.096231300747483 ], [ 121.527112132938754, 25.09548015675426 ], [ 121.525939865904547, 25.095936072980237 ], [ 121.525468779527856, 25.096231300747483 ], [ 121.525203606289693, 25.097404985145921 ], [ 121.524767598870326, 25.097896373537587 ], [ 121.523833178846033, 25.097404985145921 ], [ 121.523595331836106, 25.096901846465745 ], [ 121.523247869749682, 25.096231300747483 ], [ 121.522423064801885, 25.095587709223935 ], [ 121.521932823528033, 25.095057616349049 ], [ 121.522423064801885, 25.094553580646931 ], [ 121.523595331836106, 25.094305032612709 ], [ 121.524724437322575, 25.093883931950614 ], [ 121.524767598870326, 25.093855220932397 ], [ 121.525292503079783, 25.092710247552176 ], [ 121.525263387965552, 25.091536563153742 ], [ 121.525939865904562, 25.091025016161666 ] ] } },
{ "type": "Feature", "properties": { "z": 3.5, "countyname": "臺北市", "townname": "士林區" }, "geometry": { "type": "LineString", "coordinates": [ [ 121.521250797767649, 25.096078001916293 ], [ 121.521422964978768, 25.096231300747483 ], [ 121.521250797767649, 25.096355625364254 ], [ 121.521159340621537, 25.09623130074748 ], [ 121.521250797767649, 25.096078001916293 ] ] } },
{ "type": "Feature", "properties": { "z": 3.5, "countyname": "臺北市", "townname": "士林區" }, "geometry": { "type": "LineString", "coordinates": [ [ 121.522423064801885, 25.097038624533734 ], [ 121.52311403450345, 25.097404985145921 ], [ 121.522423064801885, 25.0977751527981 ], [ 121.522144082546205, 25.097404985145921 ], [ 121.522423064801885, 25.097038624533734 ] ] } },
{ "type": "Feature", "properties": { "z": 3.5, "countyname": "臺北市", "townname": "士林區" }, "geometry": { "type": "LineString", "coordinates": [ [ 121.522423064801885, 25.101823943550723 ], [ 121.523595331836106, 25.101270109620604 ], [ 121.524767598870326, 25.101559225929705 ], [ 121.525578956069964, 25.102099722739663 ], [ 121.525939865904547, 25.103021868363619 ], [ 121.526057546442885, 25.103273407138097 ], [ 121.525939865904547, 25.103623502899076 ], [ 121.524767598870341, 25.103761340923459 ], [ 121.523866129887566, 25.103273407138097 ], [ 121.523595331836106, 25.103036495307304 ], [ 121.523418318477027, 25.103273407138097 ], [ 121.523253202887574, 25.104447091536535 ], [ 121.522423064801885, 25.105389775540054 ], [ 121.521250797767649, 25.105093270578486 ], [ 121.520664664250546, 25.104447091536535 ], [ 121.520078530733429, 25.103694198742442 ], [ 121.519651063590857, 25.103273407138097 ], [ 121.520078530733429, 25.102762337312345 ], [ 121.521250797767649, 25.102556988943803 ], [ 121.522226345381782, 25.102099722739663 ], [ 121.522423064801885, 25.101823943550723 ] ] } },
{ "type": "Feature", "properties": { "z": 3.5, "countyname": "臺北市", "townname": "士林區" }, "geometry": { "type": "LineString", "coordinates": [ [ 121.529456667007224, 25.101968263532843 ], [ 121.529635094908812, 25.102099722739663 ], [ 121.529456667007224, 25.102231181946486 ], [ 121.529261632923607, 25.102099722739663 ], [ 121.529456667007224, 25.101968263532843 ] ] } },
{ "type": "Feature", "properties": { "z": 3.5, "countyname": "臺北市", "townname": "士林區" }, "geometry": { "type": "LineString", "coordinates": [ [ 121.529456667007224, 25.105318369224573 ], [ 121.530628934041445, 25.1053131189874 ], [ 121.531231745361723, 25.10562077593497 ], [ 121.530628934041445, 25.106031709459437 ], [ 121.529456667007238, 25.106133484490424 ], [ 121.529074226571211, 25.10562077593497 ], [ 121.529456667007224, 25.105318369224573 ] ] } },
{ "type": "Feature", "properties": { "z": 3.5, "countyname": "臺北市", "townname": "士林區" }, "geometry": { "type": "LineString", "coordinates": [ [ 121.524767598870326, 25.10611444205982 ], [ 121.525939865904547, 25.106063422381141 ], [ 121.526792350898958, 25.106794460333404 ], [ 121.526002047567061, 25.107968144731842 ], [ 121.527112132938768, 25.109136184163113 ], [ 121.527628450567406, 25.107968144731842 ], [ 121.528284399973003, 25.107048131934587 ], [ 121.529456667007224, 25.107154904268228 ], [ 121.530329994601829, 25.107968144731842 ], [ 121.529456667007224, 25.10874416435421 ], [ 121.528767792703405, 25.109141829130277 ], [ 121.528284399972989, 25.109545183738614 ], [ 121.527112132938754, 25.109146277008602 ], [ 121.525939865904533, 25.10938691101272 ], [ 121.524767598870326, 25.110166757832957 ], [ 121.523595331836106, 25.110157850028973 ], [ 121.523121789122428, 25.109141829130277 ], [ 121.523595331836091, 25.108634441040369 ], [ 121.524767598870326, 25.108463101278936 ], [ 121.525833792923947, 25.107968144731842 ], [ 121.524767598870326, 25.107392510885475 ], [ 121.524141327805083, 25.106794460333404 ], [ 121.524767598870326, 25.10611444205982 ] ] } },
{ "type": "Feature", "properties": { "z": 3.5, "countyname": "臺北市", "townname": "北投區" }, "geometry": { "type": "LineString", "coordinates": [ [ 121.46102424895723, 25.116060865295811 ], [ 121.461098819058506, 25.11618393552089 ], [ 121.461465179022213, 25.11678551364384 ], [ 121.461766813249241, 25.117357619919328 ], [ 121.461580261222281, 25.118531304317763 ], [ 121.461465179022213, 25.119033734155675 ], [ 121.461311427302476, 25.119704988716197 ], [ 121.460951803594909, 25.120878673114635 ], [ 121.460525909264746, 25.122052357513066 ], [ 121.460292911987992, 25.12215448441021 ], [ 121.460060133327715, 25.122052357513066 ], [ 121.459397171488419, 25.121761496505904 ] ] } },
{ "type": "Feature", "properties": { "z": 3.5, "countyname": "臺北市", "townname": "士林區" }, "geometry": { "type": "MultiLineString", "coordinates": [ [ [ 121.457513575444949, 25.109673706698739 ], [ 121.457814509972721, 25.110315513528711 ], [ 121.45794837791955, 25.110632875020769 ], [ 121.458351148407644, 25.111489197927149 ], [ 121.458719506772255, 25.112197931599692 ] ], [ [ 121.459138266742741, 25.112955012920352 ], [ 121.459709476528303, 25.113836566724018 ], [ 121.460292911988006, 25.114857160818023 ], [ 121.46038766602048, 25.115010251122456 ], [ 121.46102424895723, 25.116060865295811 ] ] ] } },
{ "type": "Feature", "properties": { "z": 3.5, "countyname": "臺北市", "townname": "北投區" }, "geometry": { "type": "MultiLineString", "coordinates": [ [ [ 121.520078530733429, 25.107672097760066 ], [ 121.521240292063268, 25.107559363663235 ] ], [ [ 121.521118237086014, 25.10843340343137 ], [ 121.520385811405077, 25.109141829130277 ], [ 121.520748737514978, 25.110315513528711 ], [ 121.520078530733429, 25.11051178978947 ], [ 121.519800068120119, 25.110315513528711 ], [ 121.518906263699208, 25.109356215749287 ], [ 121.51859833272465, 25.109141829130273 ], [ 121.518906263699208, 25.108739628868609 ], [ 121.519436388168884, 25.107968144731842 ], [ 121.520078530733429, 25.107672097760066 ] ] ] } },
{ "type": "Feature", "properties": { "z": 3.5, "countyname": "臺北市", "townname": "士林區" }, "geometry": { "type": "LineString", "coordinates": [ [ 121.521240292063268, 25.107559363663235 ], [ 121.521250797767649, 25.107558344218823 ], [ 121.52167264573157, 25.107968144731842 ], [ 121.521250797767649, 25.108305186472325 ], [ 121.521118237086014, 25.10843340343137 ] ] } },
{ "type": "Feature", "properties": { "z": 3.5, "countyname": "臺北市", "townname": "士林區" }, "geometry": { "type": "LineString", "coordinates": [ [ 121.532973468109901, 25.107546457230349 ], [ 121.533363035633485, 25.107968144731842 ], [ 121.533244046177501, 25.109141829130277 ], [ 121.532973468109901, 25.109370125338693 ], [ 121.53180120107568, 25.109332592491388 ], [ 121.531239206362855, 25.109141829130277 ], [ 121.531801201075652, 25.108872327701331 ], [ 121.532484766874788, 25.107968144731842 ], [ 121.532973468109901, 25.107546457230349 ] ] } },
{ "type": "Feature", "properties": { "z": 3.5, "countyname": "臺北市", "townname": "北投區" }, "geometry": { "type": "LineString", "coordinates": [ [ 121.469334564858173, 25.11081048123668 ], [ 121.469133910941267, 25.111489197927149 ], [ 121.468774833733221, 25.112662882325584 ], [ 121.468498781227566, 25.113538212532859 ], [ 121.468305313261524, 25.112662882325584 ], [ 121.468144268168913, 25.111489197927149 ], [ 121.468113803003007, 25.111143958972566 ] ] } },
{ "type": "Feature", "properties": { "z": 3.5, "countyname": "臺北市", "townname": "士林區" }, "geometry": { "type": "MultiLineString", "coordinates": [ [ [ 121.468498781227566, 25.108612982232934 ], [ 121.469671048261787, 25.109040312579758 ], [ 121.469778479472353, 25.109141829130277 ], [ 121.469671048261787, 25.10965510398513 ], [ 121.469480895736353, 25.110315513528711 ], [ 121.469334564858173, 25.11081048123668 ] ], [ [ 121.468113803003007, 25.111143958972566 ], [ 121.468040697904172, 25.110315513528711 ], [ 121.467804444413858, 25.109141829130277 ], [ 121.468498781227566, 25.108612982232934 ] ] ] } },
{ "type": "Feature", "properties": { "z": 3.5, "countyname": "臺北市", "townname": "士林區" }, "geometry": { "type": "LineString", "coordinates": [ [ 121.529456667007224, 25.109809546786899 ], [ 121.529970013423323, 25.110315513528711 ], [ 121.530518084730929, 25.111489197927149 ], [ 121.530093647194377, 25.112662882325584 ], [ 121.529456667007224, 25.113510061141884 ], [ 121.528284399973003, 25.113204376541209 ], [ 121.528068598112796, 25.112662882325587 ], [ 121.527112132938754, 25.111862252595039 ], [ 121.525939865904547, 25.111931892533075 ], [ 121.525632739942012, 25.111489197927149 ], [ 121.525939865904547, 25.111130986776427 ], [ 121.527112132938768, 25.111182483153851 ], [ 121.528284399973018, 25.11133408844703 ], [ 121.529033246349101, 25.110315513528711 ], [ 121.529456667007224, 25.109809546786899 ] ] } },
{ "type": "Feature", "properties": { "z": 3.5, "countyname": "臺北市", "townname": "士林區" }, "geometry": { "type": "LineString", "coordinates": [ [ 121.534145735144122, 25.109911398268608 ], [ 121.534847419725807, 25.110315513528711 ], [ 121.534145735144122, 25.110810991272949 ], [ 121.533797510303856, 25.110315513528711 ], [ 121.534145735144122, 25.109911398268608 ] ] } },
{ "type": "Feature", "properties": { "z": 3.5, "countyname": "臺北市", "townname": "北投區" }, "geometry": { "type": "LineString", "coordinates": [ [ 121.51421719556231, 25.110705568506074 ], [ 121.515087044706064, 25.111489197927149 ], [ 121.51421719556231, 25.112178704352434 ], [ 121.513611441959597, 25.111489197927149 ], [ 121.51421719556231, 25.110705568506074 ] ] } },
{ "type": "Feature", "properties": { "z": 3.5, "countyname": "臺北市", "townname": "北投區" }, "geometry": { "type": "LineString", "coordinates": [ [ 121.511872661493854, 25.112022620533871 ], [ 121.513044928528089, 25.112323679507398 ], [ 121.513456657326444, 25.112662882325584 ], [ 121.513044928528089, 25.113392738899083 ], [ 121.511872661493854, 25.113256090316668 ], [ 121.511183855715842, 25.112662882325584 ], [ 121.511872661493854, 25.112022620533871 ] ] } },
{ "type": "Feature", "properties": { "z": 3.5, "countyname": "臺北市", "townname": "士林區" }, "geometry": { "type": "LineString", "coordinates": [ [ 121.537662536246799, 25.112051962591249 ], [ 121.538420176301315, 25.112662882325584 ], [ 121.537662536246799, 25.113267097138078 ], [ 121.536715787604493, 25.112662882325584 ], [ 121.537662536246799, 25.112051962591249 ] ] } },
{ "type": "Feature", "properties": { "z": 3.5, "countyname": "臺北市", "townname": "北投區" }, "geometry": { "type": "LineString", "coordinates": [ [ 121.510700394459647, 25.1132621595121 ], [ 121.511177989132037, 25.113836566724018 ], [ 121.511872661493854, 25.114932323537737 ], [ 121.511925413095966, 25.115010251122456 ], [ 121.511872661493854, 25.116023779393227 ], [ 121.510700394459633, 25.115251604106895 ], [ 121.50977615603253, 25.11618393552089 ], [ 121.509528127425426, 25.116379205002069 ], [ 121.508942613849513, 25.116183935520894 ], [ 121.508355860391191, 25.115955009202807 ], [ 121.507530133591274, 25.115010251122456 ], [ 121.508355860391191, 25.114479546948544 ], [ 121.509528127425412, 25.114475800722676 ], [ 121.510333521085926, 25.113836566724018 ], [ 121.510700394459647, 25.1132621595121 ] ] } },
{ "type": "Feature", "properties": { "z": 3.5, "countyname": "臺北市", "townname": "北投區" }, "geometry": { "type": "LineString", "coordinates": [ [ 121.523595331836106, 25.113016922275175 ], [ 121.524210563392302, 25.113836566724018 ], [ 121.523595331836106, 25.114504888832926 ], [ 121.522616157220696, 25.113836566724018 ], [ 121.523595331836106, 25.113016922275175 ] ] } },
{ "type": "Feature", "properties": { "z": 3.5, "countyname": "臺北市", "townname": "士林區" }, "geometry": { "type": "LineString", "coordinates": [ [ 121.527112132938768, 25.113527033980084 ], [ 121.527787635640124, 25.113836566724018 ], [ 121.528284399973003, 25.114286665758712 ], [ 121.528848936102065, 25.115010251122456 ], [ 121.528284399973003, 25.115604128281454 ], [ 121.527535195158706, 25.11618393552089 ], [ 121.527112132938768, 25.116479264814739 ], [ 121.525939865904562, 25.116324418172745 ], [ 121.525434831176, 25.116183935520894 ], [ 121.525939865904547, 25.115819702703476 ], [ 121.526640942964036, 25.115010251122456 ], [ 121.526746507709987, 25.113836566724018 ], [ 121.527112132938768, 25.113527033980084 ] ] } },
{ "type": "Feature", "properties": { "z": 3.5, "countyname": "臺北市", "townname": "士林區" }, "geometry": { "type": "LineString", "coordinates": [ [ 121.531801201075666, 25.113659819828953 ], [ 121.532785261644747, 25.113836566724018 ], [ 121.531960812163973, 25.11501025112246 ], [ 121.532242222517525, 25.11618393552089 ], [ 121.532973468109901, 25.11655471791903 ], [ 121.533500082939085, 25.117357619919328 ], [ 121.534145735144136, 25.118212441175739 ], [ 121.534518990400997, 25.118531304317763 ], [ 121.534145735144108, 25.119032162473495 ], [ 121.532973468109901, 25.119149178235244 ], [ 121.532137263100012, 25.119704988716197 ], [ 121.532131867843717, 25.120878673114635 ], [ 121.531801201075666, 25.121262679176084 ], [ 121.531404960383682, 25.120878673114635 ], [ 121.530628934041445, 25.12036335995689 ], [ 121.529456667007238, 25.120280718597069 ], [ 121.528994023486703, 25.119704988716197 ], [ 121.528284399973018, 25.119112198189701 ], [ 121.52788940814537, 25.119704988716197 ], [ 121.527112132938768, 25.120728833768268 ], [ 121.525939865904547, 25.119818394489997 ], [ 121.525848572674377, 25.119704988716197 ], [ 121.524793717453406, 25.118531304317763 ], [ 121.525939865904547, 25.11792372514163 ], [ 121.527112132938768, 25.117816507848868 ], [ 121.528284399972989, 25.118141133151894 ], [ 121.529456667007224, 25.117748554573886 ], [ 121.530628934041445, 25.117966276977018 ], [ 121.531468012015566, 25.117357619919328 ], [ 121.531392426143412, 25.11618393552089 ], [ 121.531410395441199, 25.115010251122456 ], [ 121.531556274083059, 25.113836566724018 ], [ 121.531801201075666, 25.113659819828953 ] ] } },
{ "type": "Feature", "properties": { "z": 3.5, "countyname": "臺北市", "townname": "北投區" }, "geometry": { "type": "LineString", "coordinates": [ [ 121.515389462596531, 25.114728182457736 ], [ 121.515641250009551, 25.115010251122456 ], [ 121.516561729630752, 25.115597093321675 ], [ 121.517733996664987, 25.115570053217006 ], [ 121.518470291587533, 25.11618393552089 ], [ 121.517733996664987, 25.116649107410289 ], [ 121.517134158485376, 25.117357619919328 ], [ 121.517733996664987, 25.118398309452072 ], [ 121.517934338278664, 25.118531304317763 ], [ 121.517733996664987, 25.11873112906942 ], [ 121.516989012178797, 25.118531304317763 ], [ 121.516561729630752, 25.118447588382256 ], [ 121.515950996030497, 25.117357619919328 ], [ 121.515464322842035, 25.11618393552089 ], [ 121.515389462596531, 25.115949663663628 ], [ 121.515137675183496, 25.115010251122456 ], [ 121.515389462596531, 25.114728182457736 ] ] } },
{ "type": "Feature", "properties": { "z": 3.5, "countyname": "臺北市", "townname": "北投區" }, "geometry": { "type": "LineString", "coordinates": [ [ 121.463809713090683, 25.116170121398838 ], [ 121.46381686945567, 25.11618393552089 ], [ 121.463809713090669, 25.116191974906734 ], [ 121.463795255157009, 25.11618393552089 ], [ 121.463809713090683, 25.116170121398838 ] ] } },
{ "type": "Feature", "properties": { "z": 3.5, "countyname": "臺北市", "townname": "北投區" }, "geometry": { "type": "LineString", "coordinates": [ [ 121.507183593356956, 25.1167244944467 ], [ 121.507959415513099, 25.117357619919328 ], [ 121.507183593356956, 25.118517233807733 ], [ 121.506678530280979, 25.117357619919328 ], [ 121.507183593356956, 25.1167244944467 ] ] } },
{ "type": "Feature", "properties": { "z": 3.5, "countyname": "臺北市", "townname": "北投區" }, "geometry": { "type": "LineString", "coordinates": [ [ 121.513044928528089, 25.116655769116942 ], [ 121.513857261338686, 25.117357619919328 ], [ 121.513044928528089, 25.117970932953138 ], [ 121.51195013266647, 25.117357619919328 ], [ 121.513044928528089, 25.116655769116942 ] ] } },
{ "type": "Feature", "properties": { "z": 3.5, "countyname": "臺北市", "townname": "北投區" }, "geometry": { "type": "LineString", "coordinates": [ [ 121.467326514193346, 25.118260050766668 ], [ 121.467582585772078, 25.118531304317763 ], [ 121.467326514193346, 25.118933018970537 ], [ 121.466880971506043, 25.118531304317763 ], [ 121.467326514193346, 25.118260050766668 ] ] } },
{ "type": "Feature", "properties": { "z": 3.5, "countyname": "臺北市", "townname": "北投區" }, "geometry": { "type": "LineString", "coordinates": [ [ 121.521250797767649, 25.118425457148415 ], [ 121.521668811364648, 25.118531304317759 ], [ 121.521250797767635, 25.118653870861934 ], [ 121.521084889180457, 25.118531304317763 ], [ 121.521250797767649, 25.118425457148415 ] ] } },
{ "type": "Feature", "properties": { "z": 3.5, "countyname": "臺北市", "townname": "北投區" }, "geometry": { "type": "LineString", "coordinates": [ [ 121.514217195562324, 25.119289365477453 ], [ 121.515389462596545, 25.119461609194055 ], [ 121.515624099313129, 25.119704988716197 ], [ 121.515389462596545, 25.119856247553198 ], [ 121.51421719556231, 25.120360712672227 ], [ 121.513802074238313, 25.119704988716197 ], [ 121.514217195562324, 25.119289365477453 ] ] } },
{ "type": "Feature", "properties": { "z": 3.5, "countyname": "臺北市", "townname": "北投區" }, "geometry": { "type": "LineString", "coordinates": [ [ 121.467326514193346, 25.120053400906666 ], [ 121.468149633829384, 25.120878673114635 ], [ 121.468009762899428, 25.12205235751307 ], [ 121.467326514193346, 25.122762587411579 ], [ 121.466607533334027, 25.12205235751307 ], [ 121.466584081007397, 25.120878673114635 ], [ 121.467326514193346, 25.120053400906666 ] ] } },
{ "type": "Feature", "properties": { "z": 3.5, "countyname": "臺北市", "townname": "北投區" }, "geometry": { "type": "LineString", "coordinates": [ [ 121.469671048261802, 25.120859265222951 ], [ 121.469713164932983, 25.120878673114635 ], [ 121.469671048261787, 25.120942524870561 ], [ 121.469625987057256, 25.120878673114635 ], [ 121.469671048261802, 25.120859265222951 ] ] } },
{ "type": "Feature", "properties": { "z": 3.5, "countyname": "臺北市", "townname": "北投區" }, "geometry": { "type": "LineString", "coordinates": [ [ 121.502494525220072, 25.124032904170434 ], [ 121.502783674563801, 25.124399726309942 ], [ 121.502759689711937, 25.125573410708373 ], [ 121.502494525220072, 25.126049112138052 ], [ 121.50234360747119, 25.126747095106811 ], [ 121.502132554359662, 25.127920779505249 ], [ 121.501322258185823, 25.128377618897773 ], [ 121.500955881423849, 25.127920779505246 ], [ 121.500350508107445, 25.126747095106811 ], [ 121.500775303290197, 25.125573410708377 ], [ 121.501322258185851, 25.125005305332742 ], [ 121.50225292676393, 25.124399726309942 ], [ 121.502494525220072, 25.124032904170434 ] ] } },
{ "type": "Feature", "properties": { "z": 3.5, "countyname": "臺北市", "townname": "士林區" }, "geometry": { "type": "LineString", "coordinates": [ [ 121.532973468109887, 25.123927510180565 ], [ 121.533690707223585, 25.124399726309942 ], [ 121.532973468109901, 25.124866913051427 ], [ 121.53249769203174, 25.124399726309942 ], [ 121.532973468109887, 25.123927510180565 ] ] } },
{ "type": "Feature", "properties": { "z": 3.5, "countyname": "臺北市", "townname": "北投區" }, "geometry": { "type": "LineString", "coordinates": [ [ 121.467326514193346, 25.127833701183167 ], [ 121.468498781227566, 25.127161997808546 ], [ 121.469131998060377, 25.127920779505249 ], [ 121.468498781227566, 25.12851569377332 ], [ 121.467326514193346, 25.127974188545124 ], [ 121.467243770186712, 25.127920779505249 ], [ 121.467326514193346, 25.127833701183167 ] ] } },
{ "type": "Feature", "properties": { "z": 3.5, "countyname": "臺北市", "townname": "北投區" }, "geometry": { "type": "LineString", "coordinates": [ [ 121.474360116398685, 25.127441383685412 ], [ 121.474671171125877, 25.127920779505246 ], [ 121.475532383432906, 25.128679963384027 ], [ 121.475848779420588, 25.129094463903684 ], [ 121.476704650467127, 25.13021571387954 ], [ 121.476744674641125, 25.130268148302118 ], [ 121.477640569861663, 25.131441832700556 ], [ 121.477876917501362, 25.131751464375075 ], [ 121.478536465082186, 25.132615517098991 ], [ 121.477876917501362, 25.13282461371919 ], [ 121.476704650467113, 25.133062904806931 ], [ 121.475532383432906, 25.133322450816046 ], [ 121.474729800695158, 25.133789201497429 ], [ 121.474360116398699, 25.134068173640117 ], [ 121.473715717758395, 25.133789201497425 ], [ 121.473913919076992, 25.132615517098991 ], [ 121.474194377585818, 25.131441832700556 ], [ 121.474012000511394, 25.130268148302118 ], [ 121.473999240144664, 25.129094463903684 ], [ 121.47418598806361, 25.127920779505249 ], [ 121.474360116398685, 25.127441383685412 ] ] } },
{ "type": "Feature", "properties": { "z": 3.5, "countyname": "臺北市", "townname": "北投區" }, "geometry": { "type": "LineString", "coordinates": [ [ 121.501322258185837, 25.130011166598546 ], [ 121.501584201522007, 25.130268148302118 ], [ 121.502494525220072, 25.131143010390154 ], [ 121.503246313285345, 25.131441832700556 ], [ 121.503234944133766, 25.132615517098991 ], [ 121.503228723077584, 25.133789201497425 ], [ 121.502611127906391, 25.134962885895863 ], [ 121.503666792254293, 25.13554552162984 ], [ 121.504839059288514, 25.135439575195868 ], [ 121.505163264550575, 25.136136570294294 ], [ 121.504839059288514, 25.136485261249959 ], [ 121.503995271002935, 25.137310254692736 ], [ 121.503666792254293, 25.137589188413727 ], [ 121.502832683803518, 25.13848393909117 ], [ 121.502494525220058, 25.138836483332184 ], [ 121.501947732510175, 25.139657623489605 ], [ 121.501322258185837, 25.140224830668124 ], [ 121.500736752217463, 25.140831307888043 ], [ 121.500833472032241, 25.142004992286477 ], [ 121.500149991151616, 25.142599460342907 ], [ 121.499462303378976, 25.142004992286477 ], [ 121.498977724117381, 25.141176090072708 ], [ 121.498762922901463, 25.140831307888043 ], [ 121.498977724117395, 25.140600108486463 ], [ 121.499859723198, 25.139657623489605 ], [ 121.500149991151616, 25.139388082372466 ], [ 121.501322258185837, 25.138864661893045 ], [ 121.501980198340718, 25.13848393909117 ], [ 121.501322258185837, 25.137331841407541 ], [ 121.500149991151631, 25.137530409106084 ], [ 121.499546906277004, 25.137310254692736 ], [ 121.500149991151602, 25.137015516106672 ], [ 121.501322258185837, 25.137297894342638 ], [ 121.502494525220072, 25.136352612868738 ], [ 121.502517439750577, 25.136136570294298 ], [ 121.502494525220072, 25.135954922956934 ], [ 121.502389280743557, 25.134962885895863 ], [ 121.501322258185837, 25.133940080498384 ], [ 121.501159242693177, 25.133789201497425 ], [ 121.500149991151616, 25.132646903565714 ], [ 121.499253684050487, 25.133789201497425 ], [ 121.499741011667425, 25.134962885895863 ], [ 121.499200775120443, 25.136136570294298 ], [ 121.498977724117395, 25.136636687836457 ], [ 121.498767095341265, 25.136136570294298 ], [ 121.498283053531708, 25.134962885895863 ], [ 121.49780545708316, 25.1339712802516 ], [ 121.497707622652428, 25.133789201497425 ], [ 121.497805457083174, 25.133491909054055 ], [ 121.498050580257484, 25.132615517098991 ], [ 121.498977724117395, 25.132058741505073 ], [ 121.500149991151602, 25.132239511011246 ], [ 121.50036695302083, 25.131441832700556 ], [ 121.500626554582738, 25.130268148302118 ], [ 121.501322258185837, 25.130011166598546 ] ] } },
{ "type": "Feature", "properties": { "z": 3.5, "countyname": "臺北市", "townname": "士林區" }, "geometry": { "type": "LineString", "coordinates": [ [ 121.541179337349462, 25.136701253113181 ], [ 121.542351604383683, 25.136715097026602 ], [ 121.54325120140696, 25.137310254692736 ], [ 121.542351604383683, 25.138257869191364 ], [ 121.541179337349462, 25.137942749678654 ], [ 121.540620790040279, 25.137310254692736 ], [ 121.541179337349462, 25.136701253113181 ] ] } },
{ "type": "Feature", "properties": { "z": 3.5, "countyname": "臺北市", "townname": "北投區" }, "geometry": { "type": "LineString", "coordinates": [ [ 121.486082786740937, 25.138424135507766 ], [ 121.487255053775144, 25.138369150190336 ], [ 121.487346259639381, 25.138483939091174 ], [ 121.487255053775144, 25.138562287108893 ], [ 121.486082786740923, 25.138536954159999 ], [ 121.485619119708517, 25.13848393909117 ], [ 121.486082786740937, 25.138424135507766 ] ] } },
{ "type": "Feature", "properties": { "z": 3.5, "countyname": "臺北市", "townname": "北投區" }, "geometry": { "type": "LineString", "coordinates": [ [ 121.498977724117395, 25.137534514542089 ], [ 121.499540235051541, 25.13848393909117 ], [ 121.498977724117395, 25.139076130763339 ], [ 121.498307843807666, 25.13848393909117 ], [ 121.498977724117395, 25.137534514542089 ] ] } },
{ "type": "Feature", "properties": { "z": 3.5, "countyname": "臺北市", "townname": "北投區" }, "geometry": { "type": "LineString", "coordinates": [ [ 121.494288655980498, 25.145000901489926 ], [ 121.494997081968847, 25.145526045481784 ], [ 121.494288655980498, 25.145901337335371 ], [ 121.493959201861102, 25.145526045481787 ], [ 121.494288655980498, 25.145000901489926 ] ] } },
{ "type": "Feature", "properties": { "z": 4.5, "countyname": "臺北市", "townname": "文山區" }, "geometry": { "type": "LineString", "coordinates": [ [ 121.556418808794376, 24.979857879929376 ], [ 121.556540825106552, 24.980036545302347 ], [ 121.556418808794376, 24.980170250737533 ], [ 121.555838894712949, 24.980036545302347 ], [ 121.556418808794376, 24.979857879929376 ] ] } },
{ "type": "Feature", "properties": { "z": 4.5, "countyname": "臺北市", "townname": "文山區" }, "geometry": { "type": "LineString", "coordinates": [ [ 121.557591075828611, 24.980856070638811 ], [ 121.558168120736141, 24.981210229700785 ], [ 121.557591075828626, 24.981627564400611 ], [ 121.557211830257884, 24.981210229700789 ], [ 121.557591075828611, 24.980856070638811 ] ] } },
{ "type": "Feature", "properties": { "z": 4.5, "countyname": "臺北市", "townname": "文山區" }, "geometry": { "type": "LineString", "coordinates": [ [ 121.56110787693126, 24.981019272665939 ], [ 121.561436768182148, 24.981210229700785 ], [ 121.561107876931274, 24.981562294766444 ], [ 121.560265735112523, 24.981210229700785 ], [ 121.56110787693126, 24.981019272665939 ] ] } },
{ "type": "Feature", "properties": { "z": 4.5, "countyname": "臺北市", "townname": "文山區" }, "geometry": { "type": "LineString", "coordinates": [ [ 121.562280143965495, 24.981947954101429 ], [ 121.56345241099973, 24.982174357258277 ], [ 121.564624678033951, 24.982203923819817 ], [ 121.565015375859232, 24.98238391409922 ], [ 121.564624678033937, 24.982562689936948 ], [ 121.56345241099973, 24.982579963580974 ], [ 121.56235262543548, 24.983557598497654 ], [ 121.563233413852117, 24.984731282896092 ], [ 121.562280143965495, 24.985085726377186 ], [ 121.561107876931274, 24.984821564514739 ], [ 121.561019919549722, 24.984731282896092 ], [ 121.561107876931274, 24.984693663912896 ], [ 121.562203423216516, 24.983557598497654 ], [ 121.561818625181019, 24.982383914099223 ], [ 121.562280143965495, 24.981947954101429 ] ] } },
{ "type": "Feature", "properties": { "z": 4.5, "countyname": "臺北市", "townname": "文山區" }, "geometry": { "type": "LineString", "coordinates": [ [ 121.566969212102393, 24.982367692192273 ], [ 121.566984569250323, 24.98238391409922 ], [ 121.568141479136628, 24.983389032007672 ], [ 121.56833139746648, 24.983557598497654 ], [ 121.568141479136628, 24.983753083804395 ], [ 121.566969212102393, 24.98398371430482 ], [ 121.565911863531795, 24.983557598497654 ], [ 121.566916316793822, 24.98238391409922 ], [ 121.566969212102393, 24.982367692192273 ] ] } },
{ "type": "Feature", "properties": { "z": 4.5, "countyname": "臺北市", "townname": "文山區" }, "geometry": { "type": "LineString", "coordinates": [ [ 121.570486013205084, 24.985824549481137 ], [ 121.570578765908408, 24.98590496729453 ], [ 121.57048601320507, 24.986096188244247 ], [ 121.570375740873658, 24.985904967294527 ], [ 121.570486013205084, 24.985824549481137 ] ] } },
{ "type": "Feature", "properties": { "z": 4.5, "countyname": "臺北市", "townname": "文山區" }, "geometry": { "type": "MultiLineString", "coordinates": [ [ [ 121.550557473623257, 24.986595205430486 ], [ 121.550732225624856, 24.986761203571792 ] ], [ [ 121.550978968375688, 24.987249568414526 ], [ 121.550557473623257, 24.988073397808144 ], [ 121.550227032739713, 24.987078651692961 ], [ 121.550557473623257, 24.986595205430486 ] ] ] } },
{ "type": "Feature", "properties": { "z": 4.5, "countyname": "臺北市", "townname": "文山區" }, "geometry": { "type": "LineString", "coordinates": [ [ 121.568141479136642, 24.986576238917532 ], [ 121.568948035258458, 24.987078651692961 ], [ 121.569313746170849, 24.987609394281979 ], [ 121.56957694162908, 24.988252336091399 ], [ 121.569313746170849, 24.988732616075549 ], [ 121.568141479136628, 24.988682474613505 ], [ 121.567527981993635, 24.988252336091399 ], [ 121.56777416087364, 24.987078651692961 ], [ 121.568141479136642, 24.986576238917532 ] ] } },
{ "type": "Feature", "properties": { "z": 4.5, "countyname": "臺北市", "townname": "文山區" }, "geometry": { "type": "LineString", "coordinates": [ [ 121.576347348376174, 24.987007748003347 ], [ 121.577519615410409, 24.986498959849239 ], [ 121.578691882444645, 24.986924571228567 ], [ 121.578895642281566, 24.987078651692961 ], [ 121.578691882444645, 24.987507075604121 ], [ 121.577822400170476, 24.988252336091399 ], [ 121.577519615410409, 24.988383635031216 ], [ 121.576347348376189, 24.988635238552984 ], [ 121.575175081341968, 24.988424419601284 ], [ 121.574002814307747, 24.988873577132896 ], [ 121.573330269376285, 24.988252336091399 ], [ 121.574002814307747, 24.987473751599271 ], [ 121.575175081341968, 24.988072608852253 ], [ 121.576275146741835, 24.987078651692961 ], [ 121.576347348376174, 24.987007748003347 ] ] } },
{ "type": "Feature", "properties": { "z": 4.5, "countyname": "臺北市", "townname": "文山區" }, "geometry": { "type": "LineString", "coordinates": [ [ 121.541179337349462, 24.988929869782407 ], [ 121.542351604383683, 24.989302751707744 ], [ 121.542472209406625, 24.989426020489834 ], [ 121.54241094806369, 24.990599704888268 ], [ 121.542351604383683, 24.99069420508123 ], [ 121.541663574701289, 24.991773389286706 ], [ 121.541459020779243, 24.992947073685141 ], [ 121.541203922757745, 24.994120758083575 ], [ 121.542351604383683, 24.99500605513515 ], [ 121.54258256912938, 24.99529444248201 ], [ 121.542351604383683, 24.995532662890628 ], [ 121.541179337349462, 24.99599964479069 ], [ 121.540593203832344, 24.995294442482013 ], [ 121.541160969934793, 24.994120758083575 ], [ 121.540848703924638, 24.992947073685141 ], [ 121.540007070315241, 24.99245393766002 ], [ 121.539593281584516, 24.991773389286706 ], [ 121.540007070315241, 24.991163204561392 ], [ 121.540533534756108, 24.990599704888268 ], [ 121.54082027871128, 24.989426020489834 ], [ 121.541179337349462, 24.988929869782407 ] ] } },
{ "type": "Feature", "properties": { "z": 4.5, "countyname": "臺北市", "townname": "文山區" }, "geometry": { "type": "LineString", "coordinates": [ [ 121.549385206589022, 24.988927570314441 ], [ 121.550156748087062, 24.989426020489834 ], [ 121.549740058615555, 24.990599704888265 ], [ 121.549385206589037, 24.991019009819077 ], [ 121.549176147729668, 24.990599704888265 ], [ 121.548828434834263, 24.989426020489834 ], [ 121.549385206589022, 24.988927570314441 ] ] } },
{ "type": "Feature", "properties": { "z": 4.5, "countyname": "臺北市", "townname": "文山區" }, "geometry": { "type": "LineString", "coordinates": [ [ 121.559935609897053, 24.988852767477876 ], [ 121.560251508437162, 24.989426020489834 ], [ 121.559935609897053, 24.989722072844362 ], [ 121.559258230174109, 24.989426020489834 ], [ 121.559935609897053, 24.988852767477876 ] ] } },
{ "type": "Feature", "properties": { "z": 4.5, "countyname": "臺北市", "townname": "文山區" }, "geometry": { "type": "LineString", "coordinates": [ [ 121.543523871417904, 24.991561685227758 ], [ 121.543777803541587, 24.991773389286706 ], [ 121.543523871417918, 24.99274943607114 ], [ 121.543212677597424, 24.991773389286706 ], [ 121.543523871417904, 24.991561685227758 ] ] } },
{ "type": "Feature", "properties": { "z": 4.5, "countyname": "臺北市", "townname": "文山區" }, "geometry": { "type": "LineString", "coordinates": [ [ 121.572830547273526, 24.992759281784849 ], [ 121.574002814307747, 24.992459721712244 ], [ 121.574422674078761, 24.992947073685141 ], [ 121.574002814307732, 24.993380494427768 ], [ 121.572830547273526, 24.993149239988742 ], [ 121.572515220725904, 24.992947073685137 ], [ 121.572830547273526, 24.992759281784849 ] ] } },
{ "type": "Feature", "properties": { "z": 4.5, "countyname": "臺北市", "townname": "文山區" }, "geometry": { "type": "LineString", "coordinates": [ [ 121.544696138452125, 24.993726776101926 ], [ 121.54502088901576, 24.994120758083575 ], [ 121.54586840548636, 24.994827634118824 ], [ 121.546622123168703, 24.995294442482013 ], [ 121.54586840548636, 24.996269780903969 ], [ 121.544696138452139, 24.996432411740244 ], [ 121.544417932989447, 24.99529444248201 ], [ 121.544370848892029, 24.994120758083575 ], [ 121.544696138452125, 24.993726776101926 ] ] } },
{ "type": "Feature", "properties": { "z": 4.5, "countyname": "臺北市", "townname": "文山區" }, "geometry": { "type": "LineString", "coordinates": [ [ 121.55641880879439, 24.99401717337129 ], [ 121.557591075828611, 24.993626548171264 ], [ 121.558136914921818, 24.994120758083575 ], [ 121.557591075828611, 24.99500917612551 ], [ 121.557408867201943, 24.995294442482013 ], [ 121.556418808794376, 24.996226918234168 ], [ 121.556162704925001, 24.996468126880448 ], [ 121.555246541760155, 24.997331005201264 ], [ 121.554916542648058, 24.997641811278882 ], [ 121.55407427472592, 24.997887807363206 ], [ 121.552992258829462, 24.99881549567732 ], [ 121.552902007691699, 24.998935527665033 ], [ 121.552613743906988, 24.99881549567732 ], [ 121.552076221634138, 24.997641811278882 ], [ 121.552641385397067, 24.996468126880448 ], [ 121.552902007691713, 24.995873657411156 ], [ 121.553999234308122, 24.995294442482013 ], [ 121.554074274725949, 24.995254829397865 ], [ 121.555246541760155, 24.994636001384578 ], [ 121.556222584737185, 24.994120758083572 ], [ 121.55641880879439, 24.99401717337129 ] ] } },
{ "type": "Feature", "properties": { "z": 4.5, "countyname": "臺北市", "townname": "文山區" }, "geometry": { "type": "LineString", "coordinates": [ [ 121.544696138452139, 24.996504567125058 ], [ 121.545043911673758, 24.997641811278879 ], [ 121.544696138452139, 24.998746036347647 ], [ 121.544436240011578, 24.997641811278882 ], [ 121.544696138452139, 24.996504567125058 ] ] } },
{ "type": "Feature", "properties": { "z": 4.5, "countyname": "臺北市", "townname": "文山區" }, "geometry": { "type": "LineString", "coordinates": [ [ 121.557591075828611, 24.998409595719355 ], [ 121.558763342862832, 24.998801479144475 ], [ 121.558777274351826, 24.998815495677324 ], [ 121.558763342862832, 24.998828928188644 ], [ 121.557591075828611, 24.99917520150974 ], [ 121.556471948629095, 24.99881549567732 ], [ 121.557591075828611, 24.998409595719355 ] ] } },
{ "type": "Feature", "properties": { "z": 4.5, "countyname": "臺北市", "townname": "文山區" }, "geometry": { "type": "LineString", "coordinates": [ [ 121.538834803281034, 24.999883507393644 ], [ 121.540007070315241, 24.999063857200063 ], [ 121.540382230086578, 24.999989180075755 ], [ 121.540007070315241, 25.000971851607016 ], [ 121.53883480328102, 25.000091918430158 ], [ 121.538780264648437, 24.999989180075755 ], [ 121.538834803281034, 24.999883507393644 ] ] } },
{ "type": "Feature", "properties": { "z": 4.5, "countyname": "臺北市", "townname": "文山區" }, "geometry": { "type": "LineString", "coordinates": [ [ 121.547040672520595, 24.999864020509659 ], [ 121.548212939554801, 24.999684726130635 ], [ 121.548590168893682, 24.999989180075755 ], [ 121.548212939554816, 25.000270361009729 ], [ 121.547040672520581, 25.000059497860285 ], [ 121.546884995643993, 24.999989180075755 ], [ 121.547040672520595, 24.999864020509659 ] ] } },
{ "type": "Feature", "properties": { "z": 4.5, "countyname": "臺北市", "townname": "文山區" }, "geometry": { "type": "LineString", "coordinates": [ [ 121.555246541760155, 24.999621330916344 ], [ 121.556418808794376, 24.998874008635834 ], [ 121.556753689819558, 24.999989180075758 ], [ 121.556418808794376, 25.000920382642615 ], [ 121.556156802806868, 25.001162864474193 ], [ 121.555246541760155, 25.001777053256504 ], [ 121.554163653833285, 25.001162864474193 ], [ 121.554887931370118, 24.999989180075755 ], [ 121.555246541760155, 24.999621330916344 ] ] } },
{ "type": "Feature", "properties": { "z": 4.5, "countyname": "臺北市", "townname": "文山區" }, "geometry": { "type": "LineString", "coordinates": [ [ 121.549385206589037, 25.000909931744513 ], [ 121.550557473623257, 25.001097610555838 ], [ 121.550670284835761, 25.001162864474193 ], [ 121.550557473623257, 25.001226944515334 ], [ 121.549385206589037, 25.001266840572097 ], [ 121.549204371170077, 25.001162864474196 ], [ 121.549385206589037, 25.000909931744513 ] ] } },
{ "type": "Feature", "properties": { "z": 4.5, "countyname": "臺北市", "townname": "文山區" }, "geometry": { "type": "LineString", "coordinates": [ [ 121.537662536246799, 25.001575778190841 ], [ 121.538834803281006, 25.001986590804037 ], [ 121.539015857964841, 25.002336548872627 ], [ 121.53883480328102, 25.002625903016792 ], [ 121.537662536246799, 25.002749963029075 ], [ 121.537380587780859, 25.002336548872627 ], [ 121.537662536246799, 25.001575778190841 ] ] } },
{ "type": "Feature", "properties": { "z": 4.5, "countyname": "臺北市", "townname": "文山區" }, "geometry": { "type": "LineString", "coordinates": [ [ 121.550557473623257, 25.003169993911996 ], [ 121.550845435383536, 25.003510233271061 ], [ 121.550557473623257, 25.003798543200041 ], [ 121.550260294876651, 25.003510233271061 ], [ 121.550557473623257, 25.003169993911996 ] ] } },
{ "type": "Feature", "properties": { "z": 4.5, "countyname": "臺北市", "townname": "文山區" }, "geometry": { "type": "LineString", "coordinates": [ [ 121.536490269212564, 25.004467789866784 ], [ 121.536769997237371, 25.004683917669499 ], [ 121.53649026921255, 25.004798338192597 ], [ 121.536345443984089, 25.004683917669499 ], [ 121.536490269212564, 25.004467789866784 ] ] } },
{ "type": "Feature", "properties": { "z": 4.5, "countyname": "臺北市", "townname": "文山區" }, "geometry": { "type": "LineString", "coordinates": [ [ 121.537662536246799, 25.00702998272391 ], [ 121.537664733111598, 25.007031286466368 ], [ 121.537662536246785, 25.007032743458868 ], [ 121.53766112674991, 25.007031286466368 ], [ 121.537662536246799, 25.00702998272391 ] ] } },
{ "type": "Feature", "properties": { "z": 4.5, "countyname": "臺北市", "townname": "中正區" }, "geometry": { "type": "MultiLineString", "coordinates": [ [ [ 121.535318002178343, 25.011185541728107 ], [ 121.535557870208734, 25.011726024060113 ], [ 121.536375398867307, 25.012539221229424 ] ], [ [ 121.535743643498435, 25.013378112312122 ], [ 121.535318002178343, 25.013538852870788 ], [ 121.534784107713079, 25.014073392856982 ], [ 121.534145735144122, 25.014610276870975 ], [ 121.533509703772268, 25.01524707725542 ], [ 121.533337736112927, 25.015725911514149 ] ], [ [ 121.530100476972962, 25.018820248609579 ], [ 121.530042800524342, 25.018768130450727 ], [ 121.530226840130567, 25.017594446052289 ], [ 121.530215183340019, 25.016420761653855 ], [ 121.530628934041445, 25.015833919454636 ], [ 121.531215067558549, 25.01524707725542 ], [ 121.531801201075666, 25.014831399656416 ], [ 121.532755189883289, 25.014073392856982 ], [ 121.532973468109901, 25.01360939052746 ], [ 121.534145735144122, 25.013113918662132 ], [ 121.534359686663279, 25.012899708458548 ], [ 121.534587914396511, 25.011726024060113 ], [ 121.535318002178343, 25.011185541728107 ] ] ] } },
{ "type": "Feature", "properties": { "z": 4.5, "countyname": "臺北市", "townname": "大安區" }, "geometry": { "type": "MultiLineString", "coordinates": [ [ [ 121.536375399512806, 25.012539221871499 ], [ 121.53649026921255, 25.012653482960328 ], [ 121.536904199783194, 25.012899708458548 ], [ 121.536490269212564, 25.01309615417334 ], [ 121.535743643966498, 25.01337811213536 ] ], [ [ 121.533337736625981, 25.015725910085603 ], [ 121.533088188905438, 25.016420761653858 ], [ 121.533451806643399, 25.017594446052286 ], [ 121.533412898118002, 25.018768130450724 ], [ 121.533468333058167, 25.019941814849162 ], [ 121.533259240335212, 25.021115499247603 ], [ 121.532973468109901, 25.02171712759564 ], [ 121.53217643157609, 25.0211154992476 ], [ 121.531801201075666, 25.02072677945155 ], [ 121.531367738333401, 25.019941814849165 ], [ 121.530628934041445, 25.019297778174987 ], [ 121.530100476496244, 25.018820248178802 ] ] ] } },
{ "type": "Feature", "properties": { "z": 4.5, "countyname": "臺北市", "townname": "大安區" }, "geometry": { "type": "LineString", "coordinates": [ [ 121.541179337349448, 25.011457064095342 ], [ 121.541443477833013, 25.011726024060113 ], [ 121.541179337349462, 25.012035764200601 ], [ 121.540784512905844, 25.011726024060113 ], [ 121.541179337349448, 25.011457064095342 ] ] } },
{ "type": "Feature", "properties": { "z": 4.5, "countyname": "臺北市", "townname": "萬華區" }, "geometry": { "type": "LineString", "coordinates": [ [ 121.501322258185837, 25.017557617081685 ], [ 121.501348058282872, 25.017594446052289 ], [ 121.501322258185837, 25.017638433886155 ], [ 121.501294930497735, 25.017594446052289 ], [ 121.501322258185837, 25.017557617081685 ] ] } },
{ "type": "Feature", "properties": { "z": 4.5, "countyname": "臺北市", "townname": "中正區" }, "geometry": { "type": "LineString", "coordinates": [ [ 121.528284399973018, 25.017216149648 ], [ 121.528494573950553, 25.017594446052289 ], [ 121.528284399973018, 25.017778929839636 ], [ 121.527951791794962, 25.017594446052289 ], [ 121.528284399973018, 25.017216149648 ] ] } },
{ "type": "Feature", "properties": { "z": 4.5, "countyname": "臺北市", "townname": "大安區" }, "geometry": { "type": "LineString", "coordinates": [ [ 121.550557473623257, 25.017230591086385 ], [ 121.55099581261922, 25.017594446052289 ], [ 121.550557473623257, 25.018210085983096 ], [ 121.550205793512987, 25.017594446052286 ], [ 121.550557473623257, 25.017230591086385 ] ] } },
{ "type": "Feature", "properties": { "z": 4.5, "countyname": "臺北市", "townname": "萬華區" }, "geometry": { "type": "LineString", "coordinates": [ [ 121.498977724117395, 25.018391586225974 ], [ 121.500149991151616, 25.018641754305182 ], [ 121.500342799953643, 25.018768130450727 ], [ 121.500149991151616, 25.018881219392689 ], [ 121.498977724117381, 25.019288270517869 ], [ 121.498599856059215, 25.018768130450727 ], [ 121.498977724117395, 25.018391586225974 ] ] } },
{ "type": "Feature", "properties": { "z": 4.5, "countyname": "臺北市", "townname": "萬華區" }, "geometry": { "type": "LineString", "coordinates": [ [ 121.496633190048939, 25.019516930051772 ], [ 121.497805457083174, 25.019663718299906 ], [ 121.498206269727234, 25.019941814849162 ], [ 121.497805457083174, 25.020237480116837 ], [ 121.496633190048939, 25.020555628599293 ], [ 121.496015829113375, 25.019941814849162 ], [ 121.496633190048939, 25.019516930051772 ] ] } },
{ "type": "Feature", "properties": { "z": 4.5, "countyname": "臺北市", "townname": "大安區" }, "geometry": { "type": "LineString", "coordinates": [ [ 121.552902007691699, 25.019461862605191 ], [ 121.554074274725934, 25.019908965678916 ], [ 121.554107670603372, 25.019941814849162 ], [ 121.554074274725934, 25.020100560118198 ], [ 121.552902007691713, 25.020210142706688 ], [ 121.552463186841152, 25.019941814849162 ], [ 121.552902007691699, 25.019461862605191 ] ] } },
{ "type": "Feature", "properties": { "z": 4.5, "countyname": "臺北市", "townname": "中正區" }, "geometry": { "type": "MultiLineString", "coordinates": [ [ [ 121.527112132938768, 25.020737506554362 ], [ 121.528284399973003, 25.020324488880131 ], [ 121.52834373199623, 25.020527205622386 ] ], [ [ 121.526516694733061, 25.022132464296153 ], [ 121.526889486797643, 25.0211154992476 ], [ 121.527112132938768, 25.020737506554362 ] ] ] } },
{ "type": "Feature", "properties": { "z": 4.5, "countyname": "臺北市", "townname": "大安區" }, "geometry": { "type": "LineString", "coordinates": [ [ 121.528343731900549, 25.020527205295469 ], [ 121.528515916348894, 25.021115499247596 ], [ 121.529133490030105, 25.022289183646034 ], [ 121.529456667007224, 25.022922728256333 ], [ 121.529846977536096, 25.023462868044469 ], [ 121.530078364234924, 25.024636552442907 ], [ 121.530628934041445, 25.025588428039281 ], [ 121.530956689301732, 25.025810236841341 ], [ 121.530628934041445, 25.025906667759131 ], [ 121.530055578793267, 25.025810236841341 ], [ 121.529456667007224, 25.025602101647614 ], [ 121.528284399973003, 25.025063848789735 ], [ 121.527112132938754, 25.024731612309157 ], [ 121.52691212308622, 25.024636552442907 ], [ 121.527112132938768, 25.024460825590467 ], [ 121.528125126246451, 25.023462868044472 ], [ 121.527112132938782, 25.022489471583857 ], [ 121.52645924562988, 25.022289183646034 ], [ 121.526516694733061, 25.022132464296153 ] ] } },
{ "type": "Feature", "properties": { "z": 4.5, "countyname": "臺北市", "townname": "大安區" }, "geometry": { "type": "LineString", "coordinates": [ [ 121.543523871417918, 25.020837437724438 ], [ 121.543679637088388, 25.0211154992476 ], [ 121.544099977080975, 25.022289183646034 ], [ 121.544157449940414, 25.023462868044469 ], [ 121.544566817691859, 25.024636552442907 ], [ 121.544511945788202, 25.025810236841341 ], [ 121.544066648107517, 25.026983921239776 ], [ 121.544696138452139, 25.027905407349063 ], [ 121.545444159004674, 25.028157605638214 ], [ 121.544696138452139, 25.028549083871596 ], [ 121.544166384770307, 25.029331290036648 ], [ 121.544045522153525, 25.030504974435082 ], [ 121.543523871417918, 25.031258158741426 ], [ 121.543182737520098, 25.030504974435082 ], [ 121.542351604383683, 25.029498785564456 ], [ 121.541616823412369, 25.029331290036648 ], [ 121.541179337349462, 25.029077390155038 ], [ 121.540223645707002, 25.028157605638214 ], [ 121.540007070315241, 25.027961096194389 ], [ 121.539524729107413, 25.026983921239776 ], [ 121.540007070315241, 25.026402173953144 ], [ 121.541050127183382, 25.026983921239776 ], [ 121.541179337349462, 25.027127691755684 ], [ 121.541986578740321, 25.028157605638214 ], [ 121.542351604383683, 25.028737117577808 ], [ 121.542671709896538, 25.028157605638214 ], [ 121.542624638275541, 25.026983921239776 ], [ 121.542351604383683, 25.02621822008096 ], [ 121.542208283224468, 25.025810236841341 ], [ 121.542351604383683, 25.025691612167794 ], [ 121.54304321655502, 25.024636552442907 ], [ 121.542351604383683, 25.023621288597273 ], [ 121.541710071461623, 25.023462868044469 ], [ 121.541179337349462, 25.02309738284124 ], [ 121.540966286060581, 25.022289183646034 ], [ 121.541179337349462, 25.021232230932046 ], [ 121.542351604383683, 25.02207505984379 ], [ 121.543213312016007, 25.0211154992476 ], [ 121.543523871417918, 25.020837437724438 ] ] } },
{ "type": "Feature", "properties": { "z": 4.5, "countyname": "臺北市", "townname": "信義區" }, "geometry": { "type": "LineString", "coordinates": [ [ 121.556495791987601, 25.020761759139369 ], [ 121.556573256744088, 25.0211154992476 ], [ 121.556418808794376, 25.021342122014268 ], [ 121.555790623636497, 25.021425724965955 ] ] } },
{ "type": "Feature", "properties": { "z": 4.5, "countyname": "臺北市", "townname": "大安區" }, "geometry": { "type": "MultiLineString", "coordinates": [ [ [ 121.555246541760155, 25.020663654587299 ], [ 121.556418808794376, 25.020410218072989 ], [ 121.55649579182699, 25.020761758405953 ] ], [ [ 121.555790622342229, 25.021425725138204 ], [ 121.55524654176017, 25.021498134907912 ], [ 121.554344456806234, 25.0211154992476 ], [ 121.555246541760155, 25.020663654587299 ] ] ] } },
{ "type": "Feature", "properties": { "z": 4.5, "countyname": "臺北市", "townname": "萬華區" }, "geometry": { "type": "LineString", "coordinates": [ [ 121.497805457083174, 25.021961230429863 ], [ 121.498213377146783, 25.022289183646034 ], [ 121.497805457083174, 25.022894664397732 ], [ 121.497500896554783, 25.022289183646034 ], [ 121.497805457083174, 25.021961230429863 ] ] } },
{ "type": "Feature", "properties": { "z": 4.5, "countyname": "臺北市", "townname": "中正區" }, "geometry": { "type": "LineString", "coordinates": [ [ 121.523595331836106, 25.022142473096231 ], [ 121.524006548123154, 25.022289183646034 ], [ 121.523595331836106, 25.02260908358727 ], [ 121.523441709147519, 25.022289183646034 ], [ 121.523595331836106, 25.022142473096231 ] ] } },
{ "type": "Feature", "properties": { "z": 4.5, "countyname": "臺北市", "townname": "大安區" }, "geometry": { "type": "LineString", "coordinates": [ [ 121.550557473623243, 25.021788810429502 ], [ 121.551002673289602, 25.022289183646034 ], [ 121.550557473623257, 25.022858453123629 ], [ 121.550000671782286, 25.022289183646034 ], [ 121.550557473623243, 25.021788810429502 ] ] } },
{ "type": "Feature", "properties": { "z": 4.5, "countyname": "臺北市", "townname": "萬華區" }, "geometry": { "type": "LineString", "coordinates": [ [ 121.500149991151616, 25.022848210548066 ], [ 121.501322258185837, 25.023007435672582 ], [ 121.502074020899485, 25.023462868044469 ], [ 121.501322258185837, 25.023808613491159 ], [ 121.500149991151616, 25.024120153191646 ], [ 121.499802148971838, 25.023462868044469 ], [ 121.500149991151616, 25.022848210548066 ] ] } },
{ "type": "Feature", "properties": { "z": 4.5, "countyname": "臺北市", "townname": "中正區" }, "geometry": { "type": "MultiLineString", "coordinates": [ [ [ 121.521250797767649, 25.023055192209785 ], [ 121.522423064801885, 25.023097265394323 ], [ 121.523043431064735, 25.023462868044469 ], [ 121.523595331836106, 25.024124931754187 ], [ 121.524147232607476, 25.023462868044469 ], [ 121.524767598870326, 25.022736987107077 ], [ 121.52533187473334, 25.02316472316058 ] ], [ [ 121.524206748318164, 25.02461167785458 ], [ 121.524176306501289, 25.024636552442907 ], [ 121.524171475417404, 25.024661447830681 ] ], [ [ 121.521896489832812, 25.029192981872686 ], [ 121.521250797767649, 25.028795401101458 ], [ 121.52076832829303, 25.028157605638214 ], [ 121.52089222544933, 25.026983921239776 ], [ 121.521250797767664, 25.026610315935304 ], [ 121.522007215076854, 25.025810236841341 ], [ 121.52220778518118, 25.024636552442907 ], [ 121.521250797767649, 25.023902244575151 ], [ 121.520873695258629, 25.023462868044469 ], [ 121.521250797767649, 25.023055192209785 ] ] ] } },
{ "type": "Feature", "properties": { "z": 4.5, "countyname": "臺北市", "townname": "大安區" }, "geometry": { "type": "MultiLineString", "coordinates": [ [ [ 121.525331875183625, 25.02316472350191 ], [ 121.525725191967837, 25.023462868044469 ], [ 121.524767598870326, 25.024153396187071 ], [ 121.524206732613564, 25.024611690687109 ] ], [ [ 121.524171478039747, 25.024661434317284 ], [ 121.523948546731475, 25.025810236841341 ], [ 121.524767598870326, 25.026651483774806 ], [ 121.525297690431671, 25.026983921239776 ], [ 121.524767598870326, 25.027314984092474 ], [ 121.523595331836106, 25.027063709262077 ], [ 121.522568135926164, 25.02815760563821 ], [ 121.522726797506579, 25.029331290036648 ], [ 121.522499621146125, 25.030504974435082 ], [ 121.522423064801899, 25.03059357472053 ], [ 121.522273370610804, 25.030504974435086 ], [ 121.522121109559123, 25.029331290036652 ], [ 121.521896490012978, 25.029192981983627 ] ] ] } },
{ "type": "Feature", "properties": { "z": 4.5, "countyname": "臺北市", "townname": "大安區" }, "geometry": { "type": "LineString", "coordinates": [ [ 121.531801201075666, 25.023169779136666 ], [ 121.532161955109913, 25.023462868044472 ], [ 121.531990681159229, 25.024636552442907 ], [ 121.531801201075666, 25.025074002954842 ], [ 121.531492957893377, 25.024636552442907 ], [ 121.531234871110968, 25.023462868044469 ], [ 121.531801201075666, 25.023169779136666 ] ] } },
{ "type": "Feature", "properties": { "z": 4.5, "countyname": "臺北市", "townname": "信義區" }, "geometry": { "type": "LineString", "coordinates": [ [ 121.555246541760155, 25.023330788694775 ], [ 121.555414641598915, 25.023462868044469 ], [ 121.555246541760155, 25.023622962946021 ], [ 121.555037566542424, 25.023462868044469 ], [ 121.555246541760155, 25.023330788694775 ] ] } },
{ "type": "Feature", "properties": { "z": 4.5, "countyname": "臺北市", "townname": "萬華區" }, "geometry": { "type": "LineString", "coordinates": [ [ 121.497805457083174, 25.02417763149505 ], [ 121.498174931423364, 25.024636552442907 ], [ 121.497805457083174, 25.024874674502559 ], [ 121.497383374066601, 25.024636552442907 ], [ 121.497805457083174, 25.02417763149505 ] ] } },
{ "type": "Feature", "properties": { "z": 4.5, "countyname": "臺北市", "townname": "中正區" }, "geometry": { "type": "LineString", "coordinates": [ [ 121.517733996664987, 25.024257112190426 ], [ 121.518188498423626, 25.02463655244291 ], [ 121.517733996664987, 25.025093248021832 ], [ 121.517175878257902, 25.024636552442907 ], [ 121.517733996664987, 25.024257112190426 ] ] } },
{ "type": "Feature", "properties": { "z": 4.5, "countyname": "臺北市", "townname": "信義區" }, "geometry": { "type": "MultiLineString", "coordinates": [ [ [ 121.552902007691713, 25.024407403524606 ], [ 121.553238270977801, 25.024636552442907 ], [ 121.553069715477989, 25.024802235636365 ] ], [ [ 121.552747112076716, 25.024510913630166 ], [ 121.552902007691713, 25.024407403524606 ] ] ] } },
{ "type": "Feature", "properties": { "z": 4.5, "countyname": "臺北市", "townname": "大安區" }, "geometry": { "type": "LineString", "coordinates": [ [ 121.553069715477989, 25.024802235636365 ], [ 121.552902007691713, 25.02496708556194 ], [ 121.552559102403038, 25.024636552442907 ], [ 121.552747112114474, 25.024510913604928 ] ] } },
{ "type": "Feature", "properties": { "z": 4.5, "countyname": "臺北市", "townname": "信義區" }, "geometry": { "type": "LineString", "coordinates": [ [ 121.56345241099973, 25.024049710243688 ], [ 121.563943602326091, 25.024636552442907 ], [ 121.56345241099973, 25.025333779892698 ], [ 121.56310073088946, 25.024636552442903 ], [ 121.56345241099973, 25.024049710243688 ] ] } },
{ "type": "Feature", "properties": { "z": 4.5, "countyname": "臺北市", "townname": "萬華區" }, "geometry": { "type": "LineString", "coordinates": [ [ 121.494288655980498, 25.025279998486081 ], [ 121.494627203662446, 25.025810236841341 ], [ 121.495460923014718, 25.026630087338376 ], [ 121.495842886186594, 25.026983921239772 ], [ 121.495492599265447, 25.028157605638214 ], [ 121.495460923014718, 25.028239730473629 ], [ 121.494288655980498, 25.028865832194565 ], [ 121.494183813595697, 25.028157605638214 ], [ 121.493116388946277, 25.027065824346419 ], [ 121.493062058644057, 25.026983921239776 ], [ 121.493116388946277, 25.026948987310281 ], [ 121.493974970372463, 25.025810236841341 ], [ 121.494288655980498, 25.025279998486081 ] ] } },
{ "type": "Feature", "properties": { "z": 4.5, "countyname": "臺北市", "townname": "萬華區" }, "geometry": { "type": "LineString", "coordinates": [ [ 121.496633190048939, 25.025209622269234 ], [ 121.497010223488672, 25.025810236841341 ], [ 121.496633190048939, 25.026202719348575 ], [ 121.496270144097394, 25.025810236841341 ], [ 121.496633190048939, 25.025209622269234 ] ] } },
{ "type": "Feature", "properties": { "z": 4.5, "countyname": "臺北市", "townname": "萬華區" }, "geometry": { "type": "LineString", "coordinates": [ [ 121.500149991151616, 25.025632590427385 ], [ 121.500227955163297, 25.025810236841341 ], [ 121.500149991151616, 25.025895141466023 ], [ 121.500040252837579, 25.025810236841341 ], [ 121.500149991151616, 25.025632590427385 ] ] } },
{ "type": "Feature", "properties": { "z": 4.5, "countyname": "臺北市", "townname": "萬華區" }, "geometry": { "type": "LineString", "coordinates": [ [ 121.504839059288514, 25.025160762940562 ], [ 121.505143512774339, 25.025810236841345 ], [ 121.504839059288514, 25.026091154739117 ], [ 121.504473933356763, 25.025810236841341 ], [ 121.504839059288514, 25.025160762940562 ] ] } },
{ "type": "Feature", "properties": { "z": 4.5, "countyname": "臺北市", "townname": "中正區" }, "geometry": { "type": "LineString", "coordinates": [ [ 121.508428760036566, 25.025591052828311 ], [ 121.508512660339932, 25.025810236841341 ], [ 121.508355860391177, 25.025964948120972 ], [ 121.508060063230644, 25.025923596845285 ] ] } },
{ "type": "Feature", "properties": { "z": 4.5, "countyname": "臺北市", "townname": "萬華區" }, "geometry": { "type": "MultiLineString", "coordinates": [ [ [ 121.508355860391191, 25.025400607309251 ], [ 121.508428760036566, 25.025591052828311 ] ], [ [ 121.508060063230644, 25.025923596845285 ], [ 121.507249167636019, 25.025810236841341 ], [ 121.508355860391191, 25.025400607309251 ] ] ] } },
{ "type": "Feature", "properties": { "z": 4.5, "countyname": "臺北市", "townname": "大安區" }, "geometry": { "type": "LineString", "coordinates": [ [ 121.547040672520581, 25.025609127192801 ], [ 121.548212939554816, 25.025433853129694 ], [ 121.549031987148666, 25.025810236841341 ], [ 121.548212939554801, 25.026005850907747 ], [ 121.547040672520581, 25.025854093882682 ], [ 121.546991424821201, 25.025810236841341 ], [ 121.547040672520581, 25.025609127192801 ] ] } },
{ "type": "Feature", "properties": { "z": 4.5, "countyname": "臺北市", "townname": "信義區" }, "geometry": { "type": "LineString", "coordinates": [ [ 121.555088922018001, 25.026659316454417 ], [ 121.555246541760155, 25.026049181529999 ], [ 121.556418808794376, 25.026414600831355 ], [ 121.556889361269214, 25.026983921239776 ], [ 121.556685908444862, 25.02815760563821 ], [ 121.557591075828611, 25.029005319287069 ], [ 121.557756930803279, 25.029331290036648 ], [ 121.558411037029146, 25.030504974435082 ], [ 121.558763342862832, 25.030857706234581 ], [ 121.559935609897053, 25.030742806218274 ], [ 121.560173154469936, 25.030504974435082 ], [ 121.561107876931274, 25.02956675674741 ], [ 121.561423655456551, 25.029331290036648 ], [ 121.562280143965481, 25.028927273224863 ], [ 121.562754929541285, 25.029331290036648 ], [ 121.562280143965495, 25.03010276613357 ], [ 121.561973089078919, 25.030504974435082 ], [ 121.561107876931274, 25.030988020292639 ], [ 121.560418072418983, 25.031678658833521 ], [ 121.559935609897053, 25.032355631268324 ], [ 121.559439497772502, 25.032852343231955 ], [ 121.559935609897053, 25.033736961352734 ], [ 121.560069173358741, 25.034026027630389 ], [ 121.559935609897053, 25.034243659282559 ], [ 121.558763342862832, 25.034087851441104 ], [ 121.557798405126462, 25.035199712028827 ], [ 121.558763342862832, 25.03612146952057 ], [ 121.55922526596693, 25.036373396427262 ], [ 121.558763342862818, 25.036745741950647 ], [ 121.557591075828611, 25.037092725650311 ], [ 121.557521011762617, 25.037134212512626 ] ] } },
{ "type": "Feature", "properties": { "z": 4.5, "countyname": "臺北市", "townname": "大安區" }, "geometry": { "type": "MultiLineString", "coordinates": [ [ [ 121.550557473623257, 25.025799627969121 ], [ 121.551729740657478, 25.025213283056758 ], [ 121.552310372600488, 25.025810236841341 ], [ 121.552276085624413, 25.026983921239776 ], [ 121.551831140756576, 25.028157605638214 ], [ 121.551729740657464, 25.028326409050763 ], [ 121.550712081382287, 25.029331290036648 ], [ 121.551729740657464, 25.030441398783672 ], [ 121.552902007691728, 25.029959088034868 ], [ 121.553557826666349, 25.029331290036648 ], [ 121.554074274725934, 25.028968964050343 ], [ 121.555246541760155, 25.029245526515432 ], [ 121.556143287874605, 25.028157605638214 ], [ 121.555246541760155, 25.027406551632168 ], [ 121.555005064955381, 25.026983921239776 ], [ 121.555088922178797, 25.026659315831999 ] ], [ [ 121.557521011146036, 25.037134212877717 ], [ 121.5568237492771, 25.037547080825696 ], [ 121.557147199441857, 25.038720765224134 ], [ 121.557330977050398, 25.039894449622569 ], [ 121.556418808794376, 25.040313659869099 ], [ 121.555246541760155, 25.040745251624656 ], [ 121.55484400982553, 25.041068134021007 ], [ 121.555246541760155, 25.041391016417354 ], [ 121.556418808794376, 25.042117452174462 ], [ 121.556607809233299, 25.042241818419441 ], [ 121.556418808794376, 25.042380720366253 ], [ 121.555562285891995, 25.043415502817876 ], [ 121.555246541760155, 25.043762627749647 ], [ 121.554074274725934, 25.044223496401148 ], [ 121.552902007691713, 25.04406243759351 ], [ 121.55244402283229, 25.043415502817876 ], [ 121.552254600981811, 25.042241818419441 ], [ 121.552616898097739, 25.041068134021007 ], [ 121.552045166392077, 25.039894449622569 ], [ 121.551920916914028, 25.038720765224134 ], [ 121.552902007691713, 25.03852903596923 ], [ 121.554074274725934, 25.038220892472811 ], [ 121.555246541760155, 25.037864397555047 ], [ 121.555863656621497, 25.037547080825696 ], [ 121.555246541760155, 25.037118527924093 ], [ 121.554074274725934, 25.036873269178585 ], [ 121.553304690064095, 25.036373396427262 ], [ 121.554074274725934, 25.035715645984752 ], [ 121.555246541760155, 25.035818932600034 ], [ 121.555966596562342, 25.035199712028827 ], [ 121.555246541760141, 25.03421906034103 ], [ 121.554074274725934, 25.034382277609193 ], [ 121.553794895272929, 25.034026027630389 ], [ 121.552902007691713, 25.033267315146141 ], [ 121.551729740657478, 25.033496046853184 ], [ 121.550557473623257, 25.033335318580765 ], [ 121.549385206589037, 25.033353530043048 ], [ 121.5484572446573, 25.034026027630389 ], [ 121.548212939554816, 25.034370285790931 ], [ 121.547922865520647, 25.034026027630389 ], [ 121.547717468180167, 25.032852343231955 ], [ 121.548212939554816, 25.032469897336654 ], [ 121.549385206589037, 25.032480135305317 ], [ 121.550557473623257, 25.032558922132345 ], [ 121.551729740657478, 25.032257787893165 ], [ 121.552268231232972, 25.031678658833521 ], [ 121.551729740657478, 25.030589810337471 ], [ 121.550557473623257, 25.031088585297873 ], [ 121.549385206589037, 25.030777446800784 ], [ 121.548964929425992, 25.030504974435082 ], [ 121.549385206589037, 25.03011932953499 ], [ 121.550404543690419, 25.029331290036648 ], [ 121.550071561576431, 25.028157605638214 ], [ 121.550557473623257, 25.027731925772851 ], [ 121.55129887283961, 25.026983921239772 ], [ 121.550557473623257, 25.025812608863756 ], [ 121.55053319284896, 25.025810236841341 ], [ 121.550557473623257, 25.025799627969121 ] ] ] } },
{ "type": "Feature", "properties": { "z": 4.5, "countyname": "臺北市", "townname": "信義區" }, "geometry": { "type": "LineString", "coordinates": [ [ 121.569313746170849, 25.025037684875606 ], [ 121.569611207398907, 25.025810236841341 ], [ 121.569313746170835, 25.026153514497615 ], [ 121.569034308555075, 25.025810236841341 ], [ 121.569313746170849, 25.025037684875606 ] ] } },
{ "type": "Feature", "properties": { "z": 4.5, "countyname": "臺北市", "townname": "中正區" }, "geometry": { "type": "LineString", "coordinates": [ [ 121.510700394459633, 25.026774667659563 ], [ 121.510972409182827, 25.026983921239776 ], [ 121.510700394459619, 25.027303721200965 ], [ 121.510465897905192, 25.026983921239776 ], [ 121.510700394459633, 25.026774667659563 ] ] } },
{ "type": "Feature", "properties": { "z": 4.5, "countyname": "臺北市", "townname": "大安區" }, "geometry": { "type": "LineString", "coordinates": [ [ 121.532973468109901, 25.026752470459307 ], [ 121.533020730234924, 25.026983921239776 ], [ 121.532973468109901, 25.027033835757301 ], [ 121.532818094423462, 25.026983921239776 ], [ 121.532973468109901, 25.026752470459307 ] ] } },
{ "type": "Feature", "properties": { "z": 4.5, "countyname": "臺北市", "townname": "信義區" }, "geometry": { "type": "LineString", "coordinates": [ [ 121.564624678033951, 25.026782552379014 ], [ 121.565691558749705, 25.026983921239776 ], [ 121.56567648492684, 25.028157605638214 ], [ 121.564624678033951, 25.028787214997394 ], [ 121.56345241099973, 25.028412942174725 ], [ 121.563245444646697, 25.028157605638214 ], [ 121.56345241099973, 25.027047479278508 ], [ 121.563498746384383, 25.026983921239776 ], [ 121.564624678033951, 25.026782552379014 ] ] } },
{ "type": "Feature", "properties": { "z": 4.5, "countyname": "臺北市", "townname": "信義區" }, "geometry": { "type": "LineString", "coordinates": [ [ 121.566969212102393, 25.026905872613977 ], [ 121.567097480840729, 25.026983921239772 ], [ 121.566969212102393, 25.027138473293597 ], [ 121.566185275045612, 25.026983921239776 ], [ 121.566969212102393, 25.026905872613977 ] ] } },
{ "type": "Feature", "properties": { "z": 4.5, "countyname": "臺北市", "townname": "中正區" }, "geometry": { "type": "LineString", "coordinates": [ [ 121.506227199939048, 25.027665391744947 ], [ 121.506589222375482, 25.028157605638214 ], [ 121.506482550296411, 25.029331290036648 ], [ 121.506011326322735, 25.029694516169727 ], [ 121.505166843891814, 25.029331290036648 ], [ 121.505633502043992, 25.028301491854084 ] ] } },
{ "type": "Feature", "properties": { "z": 4.5, "countyname": "臺北市", "townname": "萬華區" }, "geometry": { "type": "MultiLineString", "coordinates": [ [ [ 121.506011326322735, 25.027371885093299 ], [ 121.506227199939048, 25.027665391744947 ] ], [ [ 121.505633502043992, 25.028301491854084 ], [ 121.505698704796103, 25.028157605638214 ], [ 121.506011326322735, 25.027371885093299 ] ] ] } },
{ "type": "Feature", "properties": { "z": 4.5, "countyname": "臺北市", "townname": "大安區" }, "geometry": { "type": "LineString", "coordinates": [ [ 121.529456667007224, 25.027965756559009 ], [ 121.530628934041445, 25.027985617526713 ], [ 121.530890439424127, 25.028157605638214 ], [ 121.530628934041445, 25.028452389327661 ], [ 121.529456667007238, 25.028396750983543 ], [ 121.529391946386355, 25.028157605638214 ], [ 121.529456667007224, 25.027965756559009 ] ] } },
{ "type": "Feature", "properties": { "z": 4.5, "countyname": "臺北市", "townname": "大安區" }, "geometry": { "type": "LineString", "coordinates": [ [ 121.547040672520581, 25.027812149672624 ], [ 121.548212939554816, 25.027782037091196 ], [ 121.548674673844531, 25.028157605638214 ], [ 121.548212939554816, 25.028723596473895 ], [ 121.547040672520581, 25.028441852704315 ], [ 121.546116530627089, 25.028157605638214 ], [ 121.547040672520581, 25.027812149672624 ] ] } },
{ "type": "Feature", "properties": { "z": 4.5, "countyname": "臺北市", "townname": "信義區" }, "geometry": { "type": "LineString", "coordinates": [ [ 121.569313746170849, 25.027693257000454 ], [ 121.569740559083868, 25.028157605638214 ], [ 121.569313746170849, 25.028645721976552 ], [ 121.568495113622504, 25.028157605638214 ], [ 121.569313746170849, 25.027693257000454 ] ] } },
{ "type": "Feature", "properties": { "z": 4.5, "countyname": "臺北市", "townname": "萬華區" }, "geometry": { "type": "LineString", "coordinates": [ [ 121.488427320809379, 25.028552844646171 ], [ 121.4895995878436, 25.029105752201922 ], [ 121.48988905276822, 25.029331290036648 ], [ 121.4895995878436, 25.029406448727951 ], [ 121.488427320809379, 25.029415410502324 ], [ 121.487878346991394, 25.029331290036648 ], [ 121.488427320809379, 25.028552844646171 ] ] } },
{ "type": "Feature", "properties": { "z": 4.5, "countyname": "臺北市", "townname": "中正區" }, "geometry": { "type": "LineString", "coordinates": [ [ 121.515389462596531, 25.029179680766557 ], [ 121.515655202080794, 25.029331290036648 ], [ 121.515389462596531, 25.029847349224141 ], [ 121.514867336523551, 25.029331290036648 ], [ 121.515389462596531, 25.029179680766557 ] ] } },
{ "type": "Feature", "properties": { "z": 4.5, "countyname": "臺北市", "townname": "中正區" }, "geometry": { "type": "LineString", "coordinates": [ [ 121.518906263699193, 25.029235322189329 ], [ 121.519101642437292, 25.029331290036648 ], [ 121.518906263699222, 25.029405175619956 ], [ 121.51877649213526, 25.029331290036648 ], [ 121.518906263699193, 25.029235322189329 ] ] } },
{ "type": "Feature", "properties": { "z": 4.5, "countyname": "臺北市", "townname": "大安區" }, "geometry": { "type": "LineString", "coordinates": [ [ 121.525939865904533, 25.02924963449431 ], [ 121.526893089313148, 25.029331290036648 ], [ 121.525939865904547, 25.029405943077379 ], [ 121.525854898806784, 25.029331290036648 ], [ 121.525939865904533, 25.02924963449431 ] ] } },
{ "type": "Feature", "properties": { "z": 4.5, "countyname": "臺北市", "townname": "南港區" }, "geometry": { "type": "LineString", "coordinates": [ [ 121.610343092368694, 25.028493421334797 ], [ 121.611515359402915, 25.028437737656056 ], [ 121.612687626437165, 25.029015720499107 ], [ 121.612773268159344, 25.029331290036648 ], [ 121.612883012353223, 25.030504974435082 ], [ 121.61268762643715, 25.030757014203793 ], [ 121.611515359402915, 25.031318462267453 ], [ 121.610802799421435, 25.030504974435082 ], [ 121.610343092368694, 25.029785661515632 ], [ 121.610243182053779, 25.029331290036648 ], [ 121.610343092368694, 25.028493421334797 ] ] } },
{ "type": "Feature", "properties": { "z": 4.5, "countyname": "臺北市", "townname": "中正區" }, "geometry": { "type": "LineString", "coordinates": [ [ 121.516561729630766, 25.029941708210451 ], [ 121.517733996664987, 25.030133413326315 ], [ 121.517968445844659, 25.030504974435082 ], [ 121.518906263699208, 25.031280400400561 ], [ 121.519466581684597, 25.031678658833521 ], [ 121.518906263699208, 25.032107585588566 ], [ 121.517733996664987, 25.031829845724339 ], [ 121.516561729630752, 25.032371977762445 ], [ 121.515389462596531, 25.031839372122107 ], [ 121.515025435079707, 25.031678658833521 ], [ 121.515389462596531, 25.031233807771113 ], [ 121.515727272177912, 25.030504974435082 ], [ 121.516561729630766, 25.029941708210451 ] ] } },
{ "type": "Feature", "properties": { "z": 4.5, "countyname": "臺北市", "townname": "中正區" }, "geometry": { "type": "MultiLineString", "coordinates": [ [ [ 121.532703031503175, 25.03458666182323 ], [ 121.531801201075666, 25.034477387220733 ], [ 121.530827069981797, 25.034026027630389 ], [ 121.530650747089055, 25.033711695912224 ] ], [ [ 121.529871039622293, 25.033781130732677 ], [ 121.529456667007224, 25.03384035438734 ], [ 121.529446984892019, 25.033835916844186 ] ] ] } },
{ "type": "Feature", "properties": { "z": 4.5, "countyname": "臺北市", "townname": "大安區" }, "geometry": { "type": "MultiLineString", "coordinates": [ [ [ 121.527112132938768, 25.029365967417725 ], [ 121.528284399973018, 25.030017570865258 ], [ 121.529456667007224, 25.029719332369208 ], [ 121.530628934041431, 25.030119087762131 ], [ 121.530903529051557, 25.030504974435082 ], [ 121.530628934041445, 25.030837860000144 ], [ 121.529933184179768, 25.031678658833521 ], [ 121.530628934041445, 25.032565404877509 ], [ 121.531272238680131, 25.032852343231955 ], [ 121.531801201075666, 25.033180727840225 ], [ 121.532973468109915, 25.03367261766963 ], [ 121.533626168858405, 25.034026027630389 ], [ 121.532973468109901, 25.034619430569769 ], [ 121.532703030691749, 25.034586661724909 ] ], [ [ 121.530650746613148, 25.033711695063815 ], [ 121.530628934041445, 25.033672809681242 ], [ 121.529871063873244, 25.033781127266643 ] ], [ [ 121.529446984861963, 25.033835916830409 ], [ 121.528284399973003, 25.033303076587565 ], [ 121.527966017526651, 25.032852343231955 ], [ 121.528284399973003, 25.032139148255048 ], [ 121.528511859722215, 25.031678658833521 ], [ 121.528284399973003, 25.031278207965745 ], [ 121.527181556164209, 25.031678658833521 ], [ 121.527112132938782, 25.031696180327412 ], [ 121.527103782962385, 25.031678658833521 ], [ 121.52671482198582, 25.030504974435082 ], [ 121.527112132938768, 25.029365967417725 ] ] ] } },
{ "type": "Feature", "properties": { "z": 4.5, "countyname": "臺北市", "townname": "信義區" }, "geometry": { "type": "LineString", "coordinates": [ [ 121.557431628411734, 25.03290514202946 ], [ 121.557522357693102, 25.032852343231955 ], [ 121.557519446208985, 25.031678658833521 ], [ 121.557403305589489, 25.031413719279541 ] ] } },
{ "type": "Feature", "properties": { "z": 4.5, "countyname": "臺北市", "townname": "大安區" }, "geometry": { "type": "MultiLineString", "coordinates": [ [ [ 121.556418808794376, 25.029892749900313 ], [ 121.555709974022008, 25.030504974435082 ], [ 121.555246541760141, 25.031065336025527 ], [ 121.554757578764324, 25.031678658833521 ], [ 121.555246541760155, 25.032168213024562 ], [ 121.556008048958958, 25.032852343231955 ], [ 121.556418808794376, 25.033494540039442 ], [ 121.557431628416253, 25.032905142026827 ] ], [ [ 121.55740330559108, 25.031413719283151 ], [ 121.557004942311494, 25.030504974435082 ], [ 121.556418808794376, 25.029892749900316 ] ] ] } },
{ "type": "Feature", "properties": { "z": 4.5, "countyname": "臺北市", "townname": "大安區" }, "geometry": { "type": "LineString", "coordinates": [ [ 121.544696138452139, 25.03144047249393 ], [ 121.54500282415367, 25.031678658833521 ], [ 121.54586840548636, 25.032218299437158 ], [ 121.546500927651181, 25.032852343231955 ], [ 121.54586840548636, 25.033877493006688 ], [ 121.544696138452139, 25.033822709906936 ], [ 121.543523871417918, 25.033392994026325 ], [ 121.542351604383683, 25.033313872769391 ], [ 121.541446134679859, 25.032852343231955 ], [ 121.542351604383683, 25.032581773182148 ], [ 121.543523871417918, 25.032085315462304 ], [ 121.544271112791407, 25.031678658833521 ], [ 121.544696138452139, 25.03144047249393 ] ] } },
{ "type": "Feature", "properties": { "z": 4.5, "countyname": "臺北市", "townname": "萬華區" }, "geometry": { "type": "LineString", "coordinates": [ [ 121.491944121912042, 25.032706205624372 ], [ 121.492151552059241, 25.032852343231955 ], [ 121.491944121912042, 25.032976626702428 ], [ 121.491809959450052, 25.032852343231959 ], [ 121.491944121912042, 25.032706205624372 ] ] } },
{ "type": "Feature", "properties": { "z": 4.5, "countyname": "臺北市", "townname": "中正區" }, "geometry": { "type": "LineString", "coordinates": [ [ 121.504840752483076, 25.032605690973028 ], [ 121.506011326322735, 25.032777540965647 ], [ 121.50617918862055, 25.032852343231955 ], [ 121.506011326322735, 25.032973928551641 ], [ 121.505069379069155, 25.033030042911452 ] ] } },
{ "type": "Feature", "properties": { "z": 4.5, "countyname": "臺北市", "townname": "萬華區" }, "geometry": { "type": "MultiLineString", "coordinates": [ [ [ 121.504839059288514, 25.032605442397958 ], [ 121.504840752483076, 25.032605690973028 ] ], [ [ 121.505069379069155, 25.033030042911452 ], [ 121.504839059288514, 25.033043763687211 ], [ 121.504682393733191, 25.032852343231955 ], [ 121.504839059288514, 25.032605442397958 ] ] ] } },
{ "type": "Feature", "properties": { "z": 4.5, "countyname": "臺北市", "townname": "中正區" }, "geometry": { "type": "LineString", "coordinates": [ [ 121.520078530733429, 25.032646187139704 ], [ 121.520289163627439, 25.032852343231951 ], [ 121.520078530733414, 25.0329528761159 ], [ 121.519939987342667, 25.032852343231955 ], [ 121.520078530733429, 25.032646187139704 ] ] } },
{ "type": "Feature", "properties": { "z": 4.5, "countyname": "臺北市", "townname": "大安區" }, "geometry": { "type": "LineString", "coordinates": [ [ 121.53883480328102, 25.032642670936283 ], [ 121.539416265842064, 25.032852343231955 ], [ 121.539257404155222, 25.034026027630389 ], [ 121.53883480328102, 25.034373195860315 ], [ 121.538488054298227, 25.034026027630389 ], [ 121.538513210101456, 25.032852343231955 ], [ 121.53883480328102, 25.032642670936283 ] ] } },
{ "type": "Feature", "properties": { "z": 4.5, "countyname": "臺北市", "townname": "萬華區" }, "geometry": { "type": "LineString", "coordinates": [ [ 121.493116388946277, 25.033515097055123 ], [ 121.493543765651324, 25.034026027630389 ], [ 121.493116388946277, 25.034514676113563 ], [ 121.492766949207379, 25.034026027630389 ], [ 121.493116388946277, 25.033515097055123 ] ] } },
{ "type": "Feature", "properties": { "z": 4.5, "countyname": "臺北市", "townname": "中正區" }, "geometry": { "type": "LineString", "coordinates": [ [ 121.507183593356956, 25.03331360965446 ], [ 121.507674160203052, 25.034026027630389 ], [ 121.507183593356956, 25.035070861655068 ], [ 121.506578192075168, 25.034026027630389 ], [ 121.507183593356956, 25.03331360965446 ] ] } },
{ "type": "Feature", "properties": { "z": 4.5, "countyname": "臺北市", "townname": "中正區" }, "geometry": { "type": "LineString", "coordinates": [ [ 121.527846092786817, 25.034059469787561 ], [ 121.527859729749537, 25.035199712028827 ], [ 121.527112132938768, 25.036043248223436 ], [ 121.526459317685237, 25.035199712028827 ], [ 121.526407854616551, 25.034532249557927 ] ] } },
{ "type": "Feature", "properties": { "z": 4.5, "countyname": "臺北市", "townname": "大安區" }, "geometry": { "type": "MultiLineString", "coordinates": [ [ [ 121.527112132938768, 25.03343918543117 ], [ 121.527845692828421, 25.034026027630389 ], [ 121.527846092785055, 25.03405946964099 ] ], [ [ 121.526407854654664, 25.034532250052166 ], [ 121.526368823607385, 25.034026027630389 ], [ 121.527112132938768, 25.03343918543117 ] ] ] } },
{ "type": "Feature", "properties": { "z": 4.5, "countyname": "臺北市", "townname": "信義區" }, "geometry": { "type": "LineString", "coordinates": [ [ 121.564624678033951, 25.033703568147576 ], [ 121.565796945068158, 25.033840244857501 ], [ 121.566969212102393, 25.033603950410381 ], [ 121.567280384610555, 25.034026027630389 ], [ 121.568141479136642, 25.035174923386808 ], [ 121.568172997393489, 25.035199712028827 ], [ 121.568141479136628, 25.035235098272789 ], [ 121.566969212102393, 25.035843104527487 ], [ 121.565796945068172, 25.035581194310975 ], [ 121.565428764041997, 25.035199712028827 ], [ 121.564624678033937, 25.03446354683744 ], [ 121.564047989250909, 25.034026027630389 ], [ 121.564624678033951, 25.033703568147576 ] ] } },
{ "type": "Feature", "properties": { "z": 4.5, "countyname": "臺北市", "townname": "萬華區" }, "geometry": { "type": "LineString", "coordinates": [ [ 121.497805457083174, 25.034348085736312 ], [ 121.498977724117395, 25.034697790437367 ], [ 121.499562132392938, 25.035199712028831 ], [ 121.499255241936879, 25.036373396427262 ], [ 121.498977724117395, 25.03648277006879 ], [ 121.497805457083174, 25.037433981083009 ], [ 121.497245739784546, 25.036373396427262 ], [ 121.496784659948915, 25.035199712028827 ], [ 121.497805457083174, 25.034348085736312 ] ] } },
{ "type": "Feature", "properties": { "z": 4.5, "countyname": "臺北市", "townname": "中正區" }, "geometry": { "type": "LineString", "coordinates": [ [ 121.508355860391191, 25.034910263559954 ], [ 121.50856040071433, 25.035199712028827 ], [ 121.508355860391205, 25.035503378082065 ], [ 121.507433619051739, 25.035199712028827 ], [ 121.508355860391191, 25.034910263559954 ] ] } },
{ "type": "Feature", "properties": { "z": 4.5, "countyname": "臺北市", "townname": "大安區" }, "geometry": { "type": "LineString", "coordinates": [ [ 121.543523871417918, 25.034749460102883 ], [ 121.544018030207354, 25.035199712028827 ], [ 121.544366672291687, 25.036373396427262 ], [ 121.543523871417904, 25.036736412674109 ], [ 121.543032675220459, 25.036373396427262 ], [ 121.543173203982064, 25.035199712028824 ], [ 121.543523871417918, 25.034749460102883 ] ] } },
{ "type": "Feature", "properties": { "z": 4.5, "countyname": "臺北市", "townname": "大安區" }, "geometry": { "type": "LineString", "coordinates": [ [ 121.54586840548636, 25.034283600994819 ], [ 121.547040672520581, 25.034617773913826 ], [ 121.547689926766765, 25.035199712028827 ], [ 121.548212939554816, 25.035854840538384 ], [ 121.548696055506156, 25.036373396427262 ], [ 121.548212939554816, 25.037310473801867 ], [ 121.547040672520581, 25.037293421777349 ], [ 121.545868405486374, 25.036629511102117 ], [ 121.545297780144395, 25.036373396427262 ], [ 121.545469742281469, 25.035199712028824 ], [ 121.54586840548636, 25.034283600994819 ] ] } },
{ "type": "Feature", "properties": { "z": 4.5, "countyname": "臺北市", "townname": "信義區" }, "geometry": { "type": "LineString", "coordinates": [ [ 121.574002814307747, 25.035024764215997 ], [ 121.574435219257069, 25.035199712028827 ], [ 121.574002814307747, 25.035469066430252 ], [ 121.573834655404923, 25.035199712028827 ], [ 121.574002814307747, 25.035024764215997 ] ] } },
{ "type": "Feature", "properties": { "z": 4.5, "countyname": "臺北市", "townname": "信義區" }, "geometry": { "type": "LineString", "coordinates": [ [ 121.576347348376189, 25.035007693184891 ], [ 121.576644197886864, 25.035199712028827 ], [ 121.576347348376189, 25.035458902606983 ], [ 121.575914943426866, 25.035199712028827 ], [ 121.576347348376189, 25.035007693184891 ] ] } },
{ "type": "Feature", "properties": { "z": 4.5, "countyname": "臺北市", "townname": "萬華區" }, "geometry": { "type": "LineString", "coordinates": [ [ 121.501322258185837, 25.035496568869146 ], [ 121.502494525220072, 25.036062632842672 ], [ 121.502888306431061, 25.036373396427262 ], [ 121.502494525220072, 25.036670391519419 ], [ 121.501322258185823, 25.036921803565463 ], [ 121.500544507956633, 25.036373396427262 ], [ 121.501322258185837, 25.035496568869146 ] ] } },
{ "type": "Feature", "properties": { "z": 4.5, "countyname": "臺北市", "townname": "中正區" }, "geometry": { "type": "LineString", "coordinates": [ [ 121.524767598870326, 25.035996052827983 ], [ 121.524896837393285, 25.036373396427262 ], [ 121.524767598870326, 25.036567746010711 ], [ 121.524503545305762, 25.036373396427262 ], [ 121.524767598870326, 25.035996052827983 ] ] } },
{ "type": "Feature", "properties": { "z": 4.5, "countyname": "臺北市", "townname": "信義區" }, "geometry": { "type": "LineString", "coordinates": [ [ 121.561107876931274, 25.036097765548345 ], [ 121.561330921916607, 25.036373396427262 ], [ 121.561107876931274, 25.036758989731677 ], [ 121.56076646127741, 25.036373396427262 ], [ 121.561107876931274, 25.036097765548345 ] ] } },
{ "type": "Feature", "properties": { "z": 4.5, "countyname": "臺北市", "townname": "信義區" }, "geometry": { "type": "LineString", "coordinates": [ [ 121.575175081341968, 25.035965434009903 ], [ 121.575415775006235, 25.036373396427265 ], [ 121.575175081341968, 25.036761576485478 ], [ 121.574924753762986, 25.036373396427262 ], [ 121.575175081341968, 25.035965434009903 ] ] } },
{ "type": "Feature", "properties": { "z": 4.5, "countyname": "臺北市", "townname": "信義區" }, "geometry": { "type": "LineString", "coordinates": [ [ 121.577519615410424, 25.036307044594874 ], [ 121.578691882444645, 25.03586743209603 ], [ 121.57927306700104, 25.036373396427265 ], [ 121.579197566466846, 25.037547080825696 ], [ 121.578691882444645, 25.038445656330303 ], [ 121.577519615410409, 25.038504893151742 ], [ 121.577304004029344, 25.038720765224134 ], [ 121.577519615410409, 25.038936637296526 ], [ 121.578398815686086, 25.039894449622569 ], [ 121.577519615410409, 25.040988465594978 ], [ 121.576347348376189, 25.040359276504283 ], [ 121.575968941383152, 25.039894449622569 ], [ 121.575918436100622, 25.038720765224134 ], [ 121.576347348376189, 25.0382733870881 ], [ 121.577072777536955, 25.037547080825696 ], [ 121.577463704698957, 25.036373396427262 ], [ 121.577519615410424, 25.036307044594874 ] ] } },
{ "type": "Feature", "properties": { "z": 4.5, "countyname": "臺北市", "townname": "萬華區" }, "geometry": { "type": "LineString", "coordinates": [ [ 121.506011326322735, 25.037193919223764 ], [ 121.506540596499249, 25.037547080825696 ], [ 121.506011326322735, 25.038124224945236 ], [ 121.505299825479796, 25.037547080825696 ], [ 121.506011326322735, 25.037193919223764 ] ] } },
{ "type": "Feature", "properties": { "z": 4.5, "countyname": "臺北市", "townname": "大安區" }, "geometry": { "type": "LineString", "coordinates": [ [ 121.53883480328102, 25.037542757444434 ], [ 121.538847541599125, 25.037547080825696 ], [ 121.53883480328102, 25.037559922981675 ], [ 121.538827383750942, 25.037547080825696 ], [ 121.53883480328102, 25.037542757444434 ] ] } },
{ "type": "Feature", "properties": { "z": 4.5, "countyname": "臺北市", "townname": "萬華區" }, "geometry": { "type": "LineString", "coordinates": [ [ 121.497805457083174, 25.03770957874012 ], [ 121.498518348699307, 25.038720765224134 ], [ 121.497805457083174, 25.039030232419172 ], [ 121.49753002058182, 25.038720765224138 ], [ 121.497805457083174, 25.03770957874012 ] ] } },
{ "type": "Feature", "properties": { "z": 4.5, "countyname": "臺北市", "townname": "萬華區" }, "geometry": { "type": "LineString", "coordinates": [ [ 121.500149991151616, 25.038086506895844 ], [ 121.501027241709195, 25.038720765224134 ], [ 121.501322258185837, 25.039100847874984 ], [ 121.502494525220058, 25.039669134503193 ], [ 121.503666792254293, 25.039524312487732 ], [ 121.504057976299222, 25.039894449622565 ], [ 121.503666792254293, 25.04006480838952 ], [ 121.502494525220087, 25.039960682723873 ], [ 121.501322258185837, 25.040163899450047 ], [ 121.500149991151616, 25.040353326728965 ], [ 121.499407151527663, 25.039894449622569 ], [ 121.499331274442156, 25.038720765224134 ], [ 121.500149991151616, 25.038086506895844 ] ] } },
{ "type": "Feature", "properties": { "z": 4.5, "countyname": "臺北市", "townname": "中正區" }, "geometry": { "type": "LineString", "coordinates": [ [ 121.527112132938754, 25.038391125607177 ], [ 121.527284314018161, 25.038720765224131 ], [ 121.527112132938768, 25.038880970538354 ], [ 121.526070233428996, 25.038720765224134 ], [ 121.527112132938754, 25.038391125607177 ] ] } },
{ "type": "Feature", "properties": { "z": 4.5, "countyname": "臺北市", "townname": "大安區" }, "geometry": { "type": "LineString", "coordinates": [ [ 121.536490269212564, 25.038432389509421 ], [ 121.536696759772425, 25.038720765224134 ], [ 121.536626631976659, 25.039894449622569 ], [ 121.536490269212564, 25.040085284018691 ], [ 121.536288209899368, 25.039894449622569 ], [ 121.536391028842843, 25.038720765224138 ], [ 121.536490269212564, 25.038432389509421 ] ] } },
{ "type": "Feature", "properties": { "z": 4.5, "countyname": "臺北市", "townname": "大安區" }, "geometry": { "type": "LineString", "coordinates": [ [ 121.544696138452139, 25.038490278048783 ], [ 121.545283805275403, 25.038720765224134 ], [ 121.544696138452153, 25.038882213515876 ], [ 121.544444837054343, 25.038720765224134 ], [ 121.544696138452139, 25.038490278048783 ] ] } },
{ "type": "Feature", "properties": { "z": 4.5, "countyname": "臺北市", "townname": "大安區" }, "geometry": { "type": "MultiLineString", "coordinates": [ [ [ 121.547040672520581, 25.037873753463035 ], [ 121.548212939554816, 25.037723252779568 ], [ 121.549283264070255, 25.038720765224134 ], [ 121.549385206589037, 25.039013715287993 ], [ 121.549614122728613, 25.039894449622569 ], [ 121.549385206589037, 25.040347793825166 ], [ 121.548650527006586, 25.041068134021007 ], [ 121.549385206589037, 25.041394746631408 ], [ 121.54983990067602, 25.042241818419441 ], [ 121.549971340106154, 25.043415502817876 ], [ 121.549385206589037, 25.043928750130863 ], [ 121.548212939554801, 25.043945329415209 ], [ 121.547362433149104, 25.044589187216314 ], [ 121.547040672520581, 25.044840501381461 ], [ 121.545868405486345, 25.044985447551792 ], [ 121.545544351681897, 25.045126767061493 ] ], [ [ 121.544100633857738, 25.044931677477351 ], [ 121.543739648850803, 25.044589187216314 ], [ 121.544519190087797, 25.043415502817876 ], [ 121.543523871417918, 25.043280051280416 ], [ 121.543388583454373, 25.043415502817876 ], [ 121.542351604383683, 25.044247561198851 ], [ 121.541883827657443, 25.043415502817876 ], [ 121.542351604383683, 25.042637829519098 ], [ 121.542747137252604, 25.042241818419441 ], [ 121.543523871417918, 25.041295831180776 ], [ 121.544466309239354, 25.042241818419441 ], [ 121.544696138452139, 25.043313569753533 ], [ 121.544761495327663, 25.043415502817876 ], [ 121.54586840548636, 25.043799618156363 ], [ 121.546271294754661, 25.043415502817876 ], [ 121.545868405486374, 25.042329400361325 ], [ 121.545733641103112, 25.042241818419441 ], [ 121.54586840548636, 25.042202423945159 ], [ 121.546427583939462, 25.041068134021007 ], [ 121.547040672520581, 25.040609204601807 ], [ 121.547911654205137, 25.039894449622565 ], [ 121.547040672520581, 25.039090007115426 ], [ 121.546238161083537, 25.038720765224134 ], [ 121.547040672520581, 25.037873753463035 ] ] ] } },
{ "type": "Feature", "properties": { "z": 4.5, "countyname": "臺北市", "townname": "松山區" }, "geometry": { "type": "LineString", "coordinates": [ [ 121.545544353244978, 25.045126766379838 ], [ 121.544696138452139, 25.045496671923299 ], [ 121.544100633857738, 25.044931677477351 ] ] } },
{ "type": "Feature", "properties": { "z": 4.5, "countyname": "臺北市", "townname": "信義區" }, "geometry": { "type": "LineString", "coordinates": [ [ 121.584553217615763, 25.038158314876167 ], [ 121.58572548464997, 25.038365034933449 ], [ 121.586415676449619, 25.038720765224134 ], [ 121.586083580669012, 25.039894449622569 ], [ 121.585725484649984, 25.040121464888585 ], [ 121.584553217615763, 25.039987299984027 ], [ 121.584468913197682, 25.039894449622565 ], [ 121.584147517730131, 25.038720765224134 ], [ 121.584553217615763, 25.038158314876167 ] ] } },
{ "type": "Feature", "properties": { "z": 4.5, "countyname": "臺北市", "townname": "中正區" }, "geometry": { "type": "LineString", "coordinates": [ [ 121.522423064801885, 25.039333128509988 ], [ 121.523040096317814, 25.039894449622569 ], [ 121.522423064801885, 25.040246554942101 ], [ 121.521694343006175, 25.039894449622569 ], [ 121.522423064801885, 25.039333128509988 ] ] } },
{ "type": "Feature", "properties": { "z": 4.5, "countyname": "臺北市", "townname": "中正區" }, "geometry": { "type": "MultiLineString", "coordinates": [ [ [ 121.531801201075666, 25.03979714906956 ], [ 121.532020846643576, 25.039894449622569 ], [ 121.532725043407851, 25.041068134021007 ], [ 121.532838166170606, 25.041342317958883 ] ], [ [ 121.532861382380815, 25.042339536600871 ], [ 121.532699535147728, 25.042241818419441 ], [ 121.531801201075666, 25.0417070212102 ], [ 121.531384702679105, 25.041068134021007 ], [ 121.53160338353274, 25.039894449622569 ], [ 121.531801201075666, 25.03979714906956 ] ] ] } },
{ "type": "Feature", "properties": { "z": 4.5, "countyname": "臺北市", "townname": "大安區" }, "geometry": { "type": "LineString", "coordinates": [ [ 121.532838166130503, 25.041342317861691 ], [ 121.532973468109887, 25.041670259193811 ], [ 121.53312722044835, 25.042241818419441 ], [ 121.532973468109915, 25.04240721037819 ], [ 121.532861381527283, 25.042339536085535 ] ] } },
{ "type": "Feature", "properties": { "z": 4.5, "countyname": "臺北市", "townname": "信義區" }, "geometry": { "type": "LineString", "coordinates": [ [ 121.562280143965495, 25.038907294246769 ], [ 121.562814818877328, 25.039894449622565 ], [ 121.562280143965495, 25.040666700174985 ], [ 121.561888350523148, 25.039894449622569 ], [ 121.562280143965495, 25.038907294246769 ] ] } },
{ "type": "Feature", "properties": { "z": 4.5, "countyname": "臺北市", "townname": "信義區" }, "geometry": { "type": "LineString", "coordinates": [ [ 121.566969212102393, 25.039699027323909 ], [ 121.567165970321383, 25.039894449622569 ], [ 121.566969212102393, 25.040767981388047 ], [ 121.565809563589625, 25.039894449622569 ], [ 121.566969212102393, 25.039699027323909 ] ] } },
{ "type": "Feature", "properties": { "z": 4.5, "countyname": "臺北市", "townname": "信義區" }, "geometry": { "type": "LineString", "coordinates": [ [ 121.579864149478865, 25.039163974272604 ], [ 121.580041851993514, 25.039894449622569 ], [ 121.579864149478865, 25.040228634385922 ], [ 121.579226132682393, 25.039894449622569 ], [ 121.579864149478865, 25.039163974272604 ] ] } },
{ "type": "Feature", "properties": { "z": 4.5, "countyname": "臺北市", "townname": "萬華區" }, "geometry": { "type": "LineString", "coordinates": [ [ 121.504839059288514, 25.040251016360539 ], [ 121.506011326322735, 25.040382689570944 ], [ 121.507183593356956, 25.04081180538693 ], [ 121.507317518915443, 25.041068134021007 ], [ 121.507691764330687, 25.042241818419441 ], [ 121.508355860391191, 25.04341470124622 ], [ 121.50835630892206, 25.043415502817872 ], [ 121.508788470287413, 25.044589187216314 ], [ 121.508355860391191, 25.045720641689613 ], [ 121.508317774303066, 25.045762871614748 ], [ 121.507183593356956, 25.046223598654475 ], [ 121.506011326322735, 25.046629286294738 ], [ 121.504839059288514, 25.046624184933776 ], [ 121.503666792254293, 25.04605977059947 ], [ 121.503504924244481, 25.045762871614748 ], [ 121.503666792254293, 25.045567129912126 ], [ 121.504691591745427, 25.044589187216314 ], [ 121.503666792254293, 25.043894371057323 ], [ 121.503117001688267, 25.043415502817876 ], [ 121.503666792254307, 25.042972003877153 ], [ 121.504336449407901, 25.042241818419441 ], [ 121.504326506726983, 25.041068134021007 ], [ 121.504839059288514, 25.040251016360539 ] ] } },
{ "type": "Feature", "properties": { "z": 4.5, "countyname": "臺北市", "townname": "大安區" }, "geometry": { "type": "LineString", "coordinates": [ [ 121.541179337349462, 25.04085861040976 ], [ 121.541585093781123, 25.041068134021003 ], [ 121.54169203971459, 25.042241818419441 ], [ 121.541179337349448, 25.042486097754747 ], [ 121.540579395051139, 25.042241818419441 ], [ 121.540859804032465, 25.04106813402101 ], [ 121.541179337349462, 25.04085861040976 ] ] } },
{ "type": "Feature", "properties": { "z": 4.5, "countyname": "臺北市", "townname": "信義區" }, "geometry": { "type": "MultiLineString", "coordinates": [ [ [ 121.557591075828611, 25.040209944454553 ], [ 121.558045309255206, 25.041068134021007 ], [ 121.557613495819211, 25.041527151436163 ] ], [ [ 121.557576725314036, 25.040244827248276 ], [ 121.557591075828611, 25.040209944454553 ] ] ] } },
{ "type": "Feature", "properties": { "z": 4.5, "countyname": "臺北市", "townname": "大安區" }, "geometry": { "type": "LineString", "coordinates": [ [ 121.557613494885658, 25.041527152428518 ], [ 121.557591075828626, 25.04155098387227 ], [ 121.557238023203737, 25.041068134021007 ], [ 121.557576725325148, 25.040244827221244 ] ] } },
{ "type": "Feature", "properties": { "z": 4.5, "countyname": "臺北市", "townname": "中正區" }, "geometry": { "type": "LineString", "coordinates": [ [ 121.509528127425412, 25.041614718110509 ], [ 121.510700394459633, 25.041858338859186 ], [ 121.511872661493854, 25.041809958895389 ], [ 121.513044928528103, 25.041792124502525 ], [ 121.51405488737673, 25.042241818419441 ], [ 121.51421719556231, 25.042404322848547 ], [ 121.514619969665745, 25.043415502817872 ], [ 121.515389462596531, 25.044185926126893 ], [ 121.516561729630752, 25.044214052772183 ], [ 121.517617321552862, 25.044589187216314 ], [ 121.517733996664987, 25.045138734690813 ], [ 121.517841269206798, 25.045762871614748 ], [ 121.517733996665001, 25.045865641809801 ], [ 121.516561729630752, 25.046600244863182 ], [ 121.515389462596531, 25.04620398594211 ], [ 121.514406370143831, 25.046936556013183 ], [ 121.51421719556231, 25.047095655104155 ], [ 121.513044928528089, 25.047436818408652 ], [ 121.512673749411192, 25.046936556013183 ], [ 121.513044928528089, 25.046377314263427 ], [ 121.513583011462487, 25.045762871614748 ], [ 121.513044928528089, 25.045181652235001 ], [ 121.511872661493854, 25.045594526175776 ], [ 121.511736848609701, 25.045762871614748 ], [ 121.510700394459633, 25.046513322078894 ], [ 121.510074382607399, 25.045762871614748 ], [ 121.510518012420093, 25.044589187216314 ], [ 121.510700394459633, 25.044071190206132 ], [ 121.511872661493854, 25.04409659448849 ], [ 121.512543100766436, 25.043415502817876 ], [ 121.51187266149384, 25.042805552879301 ], [ 121.510700394459633, 25.043105610443334 ], [ 121.509528127425412, 25.04259392373897 ], [ 121.509019956451681, 25.042241818419441 ], [ 121.509528127425412, 25.041614718110509 ] ] } },
{ "type": "Feature", "properties": { "z": 4.5, "countyname": "臺北市", "townname": "中正區" }, "geometry": { "type": "LineString", "coordinates": [ [ 121.520078530733429, 25.041856008607869 ], [ 121.520317689032026, 25.042241818419441 ], [ 121.520078530733429, 25.042472070560354 ], [ 121.519793064822451, 25.042241818419441 ], [ 121.520078530733429, 25.041856008607869 ] ] } },
{ "type": "Feature", "properties": { "z": 4.5, "countyname": "臺北市", "townname": "信義區" }, "geometry": { "type": "LineString", "coordinates": [ [ 121.56345241099973, 25.041641552577836 ], [ 121.564624678033951, 25.041984282977104 ], [ 121.565796945068172, 25.041428083943622 ], [ 121.565814560342659, 25.042241818419441 ], [ 121.565796945068172, 25.042251276298039 ], [ 121.564624678033951, 25.042428086992285 ], [ 121.563732991794495, 25.043415502817876 ], [ 121.56345241099973, 25.043798801480389 ], [ 121.563159302565467, 25.043415502817876 ], [ 121.562821158047143, 25.042241818419441 ], [ 121.56345241099973, 25.041641552577836 ] ] } },
{ "type": "Feature", "properties": { "z": 4.5, "countyname": "臺北市", "townname": "信義區" }, "geometry": { "type": "LineString", "coordinates": [ [ 121.568141479136628, 25.041671517605707 ], [ 121.569313746170849, 25.041539932228801 ], [ 121.570105042414653, 25.042241818419441 ], [ 121.569313746170849, 25.042812421986902 ], [ 121.568141479136628, 25.042982193463793 ], [ 121.567531071444492, 25.042241818419441 ], [ 121.568141479136628, 25.041671517605707 ] ] } },
{ "type": "Feature", "properties": { "z": 4.5, "countyname": "臺北市", "townname": "中正區" }, "geometry": { "type": "LineString", "coordinates": [ [ 121.521250797767649, 25.043122060372514 ], [ 121.522423064801885, 25.043030928805027 ], [ 121.523308253524618, 25.043415502817876 ], [ 121.523595331836106, 25.043600411045251 ], [ 121.523725891247608, 25.043415502817876 ], [ 121.524767598870326, 25.042888138208578 ], [ 121.525438373206526, 25.043415502817876 ], [ 121.524887595215034, 25.044589187216314 ], [ 121.525939865904562, 25.045528899542905 ], [ 121.526216933420969, 25.045762871614748 ], [ 121.525939865904547, 25.045966123047467 ], [ 121.524767598870326, 25.04630666892221 ], [ 121.52444010340291, 25.045762871614748 ], [ 121.523595331836091, 25.044852051306286 ], [ 121.522711944626423, 25.044589187216314 ], [ 121.522423064801885, 25.044164447973923 ], [ 121.521250797767649, 25.044266944206818 ], [ 121.520968338011926, 25.043415502817876 ], [ 121.521250797767649, 25.043122060372514 ] ] } },
{ "type": "Feature", "properties": { "z": 4.5, "countyname": "臺北市", "townname": "中正區" }, "geometry": { "type": "LineString", "coordinates": [ [ 121.530628934041445, 25.043219354608397 ], [ 121.531801201075666, 25.042789615751605 ], [ 121.532247429504991, 25.043415502817876 ], [ 121.531801201075666, 25.043972829497012 ], [ 121.530628934041431, 25.043727280849634 ], [ 121.530594994911027, 25.043415502817876 ], [ 121.530628934041445, 25.043219354608397 ] ] } },
{ "type": "Feature", "properties": { "z": 4.5, "countyname": "臺北市", "townname": "信義區" }, "geometry": { "type": "LineString", "coordinates": [ [ 121.571658280239291, 25.043326870181396 ], [ 121.571745172379963, 25.043415502817876 ], [ 121.571658280239291, 25.043538659846988 ], [ 121.571393411211005, 25.043415502817876 ], [ 121.571658280239291, 25.043326870181396 ] ] } },
{ "type": "Feature", "properties": { "z": 4.5, "countyname": "臺北市", "townname": "信義區" }, "geometry": { "type": "LineString", "coordinates": [ [ 121.576347348376189, 25.043253580079725 ], [ 121.576671284729613, 25.043415502817876 ], [ 121.576347348376203, 25.043598083061802 ], [ 121.576174934521731, 25.043415502817876 ], [ 121.576347348376189, 25.043253580079725 ] ] } },
{ "type": "Feature", "properties": { "z": 4.5, "countyname": "臺北市", "townname": "大安區" }, "geometry": { "type": "LineString", "coordinates": [ [ 121.534145735144108, 25.044549183442548 ], [ 121.534238296004247, 25.044589187216314 ], [ 121.534145735144122, 25.044670300635065 ], [ 121.534081194647428, 25.044589187216314 ], [ 121.534145735144108, 25.044549183442548 ] ] } },
{ "type": "Feature", "properties": { "z": 4.5, "countyname": "臺北市", "townname": "中山區" }, "geometry": { "type": "LineString", "coordinates": [ [ 121.537991136710673, 25.044703477470804 ], [ 121.537662536246813, 25.04507702483447 ], [ 121.536876283483338, 25.044746821546617 ] ] } },
{ "type": "Feature", "properties": { "z": 4.5, "countyname": "臺北市", "townname": "大安區" }, "geometry": { "type": "MultiLineString", "coordinates": [ [ [ 121.537662536246799, 25.04402229405067 ], [ 121.538091675047426, 25.044589187216314 ], [ 121.537991136880649, 25.044703477277576 ] ], [ [ 121.536876283348036, 25.044746821489799 ], [ 121.536500937651297, 25.044589187216314 ], [ 121.537662536246799, 25.04402229405067 ] ] ] } },
{ "type": "Feature", "properties": { "z": 4.5, "countyname": "臺北市", "townname": "大安區" }, "geometry": { "type": "MultiLineString", "coordinates": [ [ [ 121.550557473623257, 25.044040798743794 ], [ 121.551729740657478, 25.044249483881821 ], [ 121.552215466530896, 25.044570642996497 ] ], [ [ 121.549913284686284, 25.044831605319544 ], [ 121.550082341247361, 25.044589187216314 ], [ 121.550557473623257, 25.044040798743794 ] ] ] } },
{ "type": "Feature", "properties": { "z": 4.5, "countyname": "臺北市", "townname": "松山區" }, "geometry": { "type": "LineString", "coordinates": [ [ 121.552215466883197, 25.044570643229434 ], [ 121.552243513087745, 25.044589187216314 ], [ 121.551729740657493, 25.044971288381866 ], [ 121.550595191051215, 25.045762871614752 ], [ 121.551068608413445, 25.046936556013183 ], [ 121.550557473623257, 25.047156220653587 ], [ 121.549385206589051, 25.04695293925586 ], [ 121.549374697300763, 25.046936556013183 ], [ 121.549197323296809, 25.045762871614752 ], [ 121.549385206589037, 25.04558884118121 ], [ 121.549913284468872, 25.044831605631316 ] ] } },
{ "type": "Feature", "properties": { "z": 4.5, "countyname": "臺北市", "townname": "信義區" }, "geometry": { "type": "LineString", "coordinates": [ [ 121.574002814307732, 25.044450237650597 ], [ 121.574208369524356, 25.044589187216314 ], [ 121.574306434347946, 25.045762871614748 ], [ 121.574002814307747, 25.045931599896303 ], [ 121.573777961350956, 25.045762871614745 ], [ 121.573837579576633, 25.044589187216317 ], [ 121.574002814307732, 25.044450237650597 ] ] } },
{ "type": "Feature", "properties": { "z": 4.5, "countyname": "臺北市", "townname": "南港區" }, "geometry": { "type": "LineString", "coordinates": [ [ 121.584553217615763, 25.044325185307478 ], [ 121.584820405134892, 25.044589187216314 ], [ 121.584553217615763, 25.045200638253913 ], [ 121.583884685854542, 25.045762871614748 ], [ 121.583380950581542, 25.046027110469204 ], [ 121.583163402423708, 25.045762871614748 ], [ 121.583380950581542, 25.044951470429588 ], [ 121.583657911926863, 25.044589187216314 ], [ 121.584553217615763, 25.044325185307478 ] ] } },
{ "type": "Feature", "properties": { "z": 4.5, "countyname": "臺北市", "townname": "南港區" }, "geometry": { "type": "LineString", "coordinates": [ [ 121.616204427539813, 25.044086617622984 ], [ 121.616545376555138, 25.04458918721631 ], [ 121.616204427539813, 25.044988727052829 ], [ 121.616006879699725, 25.044589187216314 ], [ 121.616204427539813, 25.044086617622984 ] ] } },
{ "type": "Feature", "properties": { "z": 4.5, "countyname": "臺北市", "townname": "信義區" }, "geometry": { "type": "LineString", "coordinates": [ [ 121.57048601320507, 25.045581379217051 ], [ 121.571658280239291, 25.045424100247175 ], [ 121.571998540747188, 25.045762871614745 ], [ 121.571658280239291, 25.046118996689838 ], [ 121.57048601320507, 25.045907338911281 ], [ 121.570027682532938, 25.045762871614748 ], [ 121.57048601320507, 25.045581379217051 ] ] } },
{ "type": "Feature", "properties": { "z": 4.5, "countyname": "臺北市", "townname": "信義區" }, "geometry": { "type": "LineString", "coordinates": [ [ 121.577519615410409, 25.045004379942334 ], [ 121.577948001438784, 25.045762871614748 ], [ 121.577970188346185, 25.046936556013179 ], [ 121.577519615410409, 25.047310156895207 ], [ 121.577080015272585, 25.046936556013183 ], [ 121.577230223221846, 25.045762871614748 ], [ 121.577519615410409, 25.045004379942334 ] ] } },
{ "type": "Feature", "properties": { "z": 4.5, "countyname": "臺北市", "townname": "南港區" }, "geometry": { "type": "LineString", "coordinates": [ [ 121.586897751684205, 25.04529420088436 ], [ 121.587611464284478, 25.045762871614748 ], [ 121.586897751684205, 25.046210544609057 ], [ 121.586052674509688, 25.045762871614748 ], [ 121.586897751684205, 25.04529420088436 ] ] } },
{ "type": "Feature", "properties": { "z": 4.5, "countyname": "臺北市", "townname": "中正區" }, "geometry": { "type": "MultiLineString", "coordinates": [ [ [ 121.509528127425426, 25.046884509522631 ], [ 121.509606652474872, 25.046936556013183 ], [ 121.509820158107658, 25.047598070677076 ] ], [ [ 121.50951827451739, 25.046908724028999 ], [ 121.509528127425426, 25.046884509522631 ] ] ] } },
{ "type": "Feature", "properties": { "z": 4.5, "countyname": "臺北市", "townname": "大同區" }, "geometry": { "type": "LineString", "coordinates": [ [ 121.509538341890448, 25.048289309249558 ], [ 121.509528127425412, 25.048293400077206 ], [ 121.509470890536889, 25.048269890102688 ] ] } },
{ "type": "Feature", "properties": { "z": 4.5, "countyname": "臺北市", "townname": "萬華區" }, "geometry": { "type": "MultiLineString", "coordinates": [ [ [ 121.509820158107658, 25.047598070677076 ], [ 121.509985462263757, 25.048110240411617 ], [ 121.509538341890448, 25.048289309249558 ] ], [ [ 121.509470890536889, 25.048269890102688 ], [ 121.509082210763339, 25.048110240411621 ], [ 121.50950694965384, 25.046936556013183 ], [ 121.50951827451739, 25.046908724028999 ] ] ] } },
{ "type": "Feature", "properties": { "z": 4.5, "countyname": "臺北市", "townname": "中山區" }, "geometry": { "type": "LineString", "coordinates": [ [ 121.532973468109901, 25.046547621185141 ], [ 121.533444470098033, 25.046936556013186 ], [ 121.534145735144122, 25.047579739955836 ], [ 121.534546132069053, 25.048110240411621 ], [ 121.534145735144122, 25.049068246946216 ], [ 121.533948200723103, 25.049283924810055 ], [ 121.532973468109901, 25.050077167499062 ], [ 121.531963500499387, 25.049283924810055 ], [ 121.531801201075666, 25.049063746098227 ], [ 121.531390371647248, 25.048110240411621 ], [ 121.531801201075666, 25.047615094953702 ], [ 121.532464016259468, 25.046936556013183 ], [ 121.532973468109901, 25.046547621185141 ] ] } },
{ "type": "Feature", "properties": { "z": 4.5, "countyname": "臺北市", "townname": "中山區" }, "geometry": { "type": "MultiLineString", "coordinates": [ [ [ 121.541179337349462, 25.046609490645153 ], [ 121.542351604383683, 25.046792128956923 ], [ 121.542949464752837, 25.046936556013183 ], [ 121.542952643810366, 25.048110240411621 ], [ 121.543523871417918, 25.048898543118362 ], [ 121.54374698891155, 25.049283924810059 ], [ 121.543999770839292, 25.049500627982262 ] ], [ [ 121.544168375249285, 25.056576354378379 ], [ 121.543523871417918, 25.05656263288942 ], [ 121.542351604383668, 25.056693113101936 ], [ 121.541179337349448, 25.056659873517507 ], [ 121.540682159947494, 25.056326031200669 ], [ 121.541179337349462, 25.055560325480329 ], [ 121.541876496697796, 25.055152346802235 ], [ 121.542148754837683, 25.053978662403797 ], [ 121.542351604383683, 25.053174833796561 ], [ 121.542520851679228, 25.052804978005362 ], [ 121.542985431008177, 25.051631293606928 ], [ 121.542351604383683, 25.050932002794404 ], [ 121.541611420801075, 25.05045760920849 ], [ 121.541903767852673, 25.049283924810055 ], [ 121.541179337349448, 25.048356139147508 ], [ 121.540007070315241, 25.048227727541384 ], [ 121.539927857569324, 25.048110240411621 ], [ 121.540007070315241, 25.047833787982089 ], [ 121.540476438092895, 25.046936556013183 ], [ 121.541179337349462, 25.046609490645153 ] ] ] } },
{ "type": "Feature", "properties": { "z": 4.5, "countyname": "臺北市", "townname": "松山區" }, "geometry": { "type": "LineString", "coordinates": [ [ 121.543999770839292, 25.049500627982262 ], [ 121.544696138452153, 25.050097605274416 ], [ 121.54502049075947, 25.05045760920849 ], [ 121.544696138452139, 25.051065878129279 ], [ 121.544092948062669, 25.051631293606928 ], [ 121.544696138452139, 25.05215864407937 ], [ 121.545590173611672, 25.052804978005362 ], [ 121.54586840548636, 25.053275166224722 ], [ 121.547040672520581, 25.052825875292061 ], [ 121.5474658324963, 25.053978662403797 ], [ 121.547040672520581, 25.054369117716011 ], [ 121.546216128555344, 25.055152346802235 ], [ 121.546454539003463, 25.056326031200669 ], [ 121.54586840548636, 25.056885095666402 ], [ 121.544696138452153, 25.056587590458921 ], [ 121.544168375249285, 25.056576354378379 ] ] } },
{ "type": "Feature", "properties": { "z": 4.5, "countyname": "臺北市", "townname": "松山區" }, "geometry": { "type": "LineString", "coordinates": [ [ 121.544696138452139, 25.046698126281854 ], [ 121.54586840548636, 25.04663794476037 ], [ 121.546102804092641, 25.046936556013183 ], [ 121.547040672520581, 25.047763108174223 ], [ 121.547369163967602, 25.048110240411621 ], [ 121.547040672520581, 25.048642745332359 ], [ 121.54586840548636, 25.048518166929856 ], [ 121.544696138452139, 25.048493058231077 ], [ 121.544108056086117, 25.048110240411621 ], [ 121.544207281402805, 25.046936556013179 ], [ 121.544696138452139, 25.046698126281854 ] ] } },
{ "type": "Feature", "properties": { "z": 4.5, "countyname": "臺北市", "townname": "松山區" }, "geometry": { "type": "LineString", "coordinates": [ [ 121.552902007691713, 25.046005644319173 ], [ 121.553988617314729, 25.046936556013183 ], [ 121.554074274725934, 25.047111574576395 ], [ 121.555246541760155, 25.047684532095346 ], [ 121.556418808794376, 25.047721829165297 ], [ 121.557591075828597, 25.047617820700957 ], [ 121.558763342862818, 25.047729666825578 ], [ 121.559340246930446, 25.048110240411621 ], [ 121.558763342862832, 25.048742962210206 ], [ 121.557591075828611, 25.049015683128122 ], [ 121.556418808794376, 25.048500419341295 ], [ 121.555625926762758, 25.049283924810055 ], [ 121.555246541760155, 25.049692641206434 ], [ 121.554320608831546, 25.049283924810055 ], [ 121.554074274725934, 25.04892180043533 ], [ 121.55357860041677, 25.049283924810055 ], [ 121.552902007691713, 25.049378378264525 ], [ 121.552773170605036, 25.049283924810055 ], [ 121.551729740657478, 25.048380390070044 ], [ 121.551516817037069, 25.048110240411621 ], [ 121.551729740657478, 25.047609063413741 ], [ 121.552281823399312, 25.046936556013183 ], [ 121.552902007691713, 25.046005644319173 ] ] } },
{ "type": "Feature", "properties": { "z": 4.5, "countyname": "臺北市", "townname": "南港區" }, "geometry": { "type": "LineString", "coordinates": [ [ 121.615032160505592, 25.046175652990648 ], [ 121.615702774373105, 25.046936556013183 ], [ 121.615032160505592, 25.047726054509582 ], [ 121.614609053430115, 25.046936556013183 ], [ 121.615032160505592, 25.046175652990648 ] ] } },
{ "type": "Feature", "properties": { "z": 4.5, "countyname": "臺北市", "townname": "萬華區" }, "geometry": { "type": "LineString", "coordinates": [ [ 121.506011326322735, 25.047675965254722 ], [ 121.507183593356956, 25.047720171501695 ], [ 121.507996978234146, 25.048110240411621 ], [ 121.507183593356956, 25.048459707985717 ], [ 121.506011326322735, 25.048230515521443 ], [ 121.505887577737923, 25.048110240411621 ], [ 121.506011326322735, 25.047675965254722 ] ] } },
{ "type": "Feature", "properties": { "z": 4.5, "countyname": "臺北市", "townname": "中正區" }, "geometry": { "type": "MultiLineString", "coordinates": [ [ [ 121.516561729630752, 25.047980242176713 ], [ 121.517733996664987, 25.04760173591858 ], [ 121.51817378026314, 25.048110240411621 ], [ 121.518243840836931, 25.048373717696961 ] ], [ [ 121.51681875073443, 25.048554770308439 ], [ 121.516561729630752, 25.048146494106383 ], [ 121.516531117209652, 25.048110240411621 ], [ 121.516561729630752, 25.047980242176713 ] ] ] } },
{ "type": "Feature", "properties": { "z": 4.5, "countyname": "臺北市", "townname": "大同區" }, "geometry": { "type": "LineString", "coordinates": [ [ 121.518243840836931, 25.048373717696961 ], [ 121.51848587169178, 25.049283924810055 ], [ 121.518055180256653, 25.05045760920849 ], [ 121.517733996665001, 25.050702751117175 ], [ 121.516561729630752, 25.051023849861046 ], [ 121.515389462596531, 25.05153844341903 ], [ 121.515256276058253, 25.051631293606928 ], [ 121.514281611193041, 25.052804978005362 ], [ 121.51421719556231, 25.053349383450225 ], [ 121.514136871699819, 25.053978662403797 ], [ 121.513044928528089, 25.054734989761187 ], [ 121.512420528751562, 25.055152346802235 ], [ 121.511872661493854, 25.056129718914057 ], [ 121.511768760837001, 25.056326031200669 ], [ 121.5117310473685, 25.057499715599107 ], [ 121.511872661493854, 25.057722420847657 ], [ 121.512167040308839, 25.058673399997542 ], [ 121.511872661493854, 25.059630030605813 ], [ 121.51134372626268, 25.058673399997542 ], [ 121.510700394459633, 25.058184630677733 ], [ 121.509528127425426, 25.057797575715586 ], [ 121.509341013125919, 25.057499715599107 ], [ 121.509041876119596, 25.056326031200669 ], [ 121.509528127425412, 25.05573388151107 ], [ 121.510046522399804, 25.055152346802235 ], [ 121.509528127425398, 25.054339077253399 ], [ 121.508956646339939, 25.053978662403797 ], [ 121.509528127425412, 25.05290273516454 ], [ 121.509566055030902, 25.052804978005362 ], [ 121.510700394459633, 25.0521071672263 ], [ 121.511872661493854, 25.052703621299276 ], [ 121.5125357007107, 25.052804978005362 ], [ 121.513044928528089, 25.052909652244807 ], [ 121.513755424032652, 25.052804978005362 ], [ 121.513044928528089, 25.052700303765917 ], [ 121.512545844921789, 25.051631293606928 ], [ 121.513044928528075, 25.051159585272384 ], [ 121.51421719556231, 25.051160324792288 ], [ 121.514803329079427, 25.05045760920849 ], [ 121.515389462596531, 25.049804707768892 ], [ 121.516561729630752, 25.050069694830487 ], [ 121.517277773557254, 25.049283924810052 ], [ 121.51681875073443, 25.048554770308439 ] ] } },
{ "type": "Feature", "properties": { "z": 4.5, "countyname": "臺北市", "townname": "松山區" }, "geometry": { "type": "LineString", "coordinates": [ [ 121.564624678033951, 25.048055739299397 ], [ 121.56467390435364, 25.048110240411621 ], [ 121.565796945068172, 25.048717808509057 ], [ 121.566391854170902, 25.049283924810055 ], [ 121.566330798894484, 25.05045760920849 ], [ 121.565796945068172, 25.051093071914497 ], [ 121.564624678033951, 25.050516062532477 ], [ 121.564524017078455, 25.05045760920849 ], [ 121.563771938945123, 25.049283924810055 ], [ 121.564572373607461, 25.048110240411624 ], [ 121.564624678033951, 25.048055739299397 ] ] } },
{ "type": "Feature", "properties": { "z": 4.5, "countyname": "臺北市", "townname": "中山區" }, "geometry": { "type": "MultiLineString", "coordinates": [ [ [ 121.521250797767649, 25.049108707631241 ], [ 121.522423064801885, 25.04857738117515 ], [ 121.522794043621943, 25.049283924810055 ], [ 121.52242306480187, 25.049758519477944 ], [ 121.521419918127634, 25.05045760920849 ], [ 121.522037271648344, 25.051631293606928 ], [ 121.522423064801885, 25.052017553215116 ], [ 121.522808857955425, 25.051631293606928 ], [ 121.522972145981711, 25.05045760920849 ], [ 121.523595331836106, 25.049945521214731 ], [ 121.524767598870326, 25.04997403156295 ], [ 121.525819513595906, 25.049283924810055 ], [ 121.525939865904547, 25.049216325956724 ], [ 121.527112132938768, 25.048962939463784 ], [ 121.527809404755814, 25.049283924810055 ], [ 121.527886867864524, 25.05045760920849 ], [ 121.528284399973003, 25.050939731257046 ], [ 121.529456667007238, 25.051075666793277 ], [ 121.530490644807315, 25.05045760920849 ], [ 121.530628934041459, 25.05036757070167 ], [ 121.530789635674438, 25.05045760920849 ], [ 121.531801201075666, 25.051466041033123 ], [ 121.532009826869839, 25.051631293606928 ], [ 121.531801201075666, 25.051892472478258 ], [ 121.531294047965162, 25.052804978005362 ], [ 121.531801201075666, 25.053214625354784 ], [ 121.532468758116664, 25.052804978005362 ], [ 121.532973468109901, 25.052377969990772 ], [ 121.533887855564828, 25.051631293606924 ], [ 121.534145735144122, 25.051451341179217 ], [ 121.535318002178343, 25.050785990725576 ], [ 121.536490269212578, 25.051627619787922 ], [ 121.536502542960761, 25.051631293606928 ], [ 121.536490269212578, 25.051645850693756 ], [ 121.536236429748143, 25.052804978005362 ], [ 121.535930822778042, 25.053978662403797 ], [ 121.535318002178343, 25.054335041201572 ], [ 121.534145735144122, 25.054468267512842 ], [ 121.532973468109901, 25.054877495867139 ], [ 121.532368454126058, 25.055152346802235 ], [ 121.531801201075666, 25.055315951531405 ], [ 121.530628934041445, 25.055939831856922 ], [ 121.530203397830149, 25.056326031200669 ], [ 121.529456667007224, 25.056940513419228 ], [ 121.528781507184561, 25.056326031200669 ], [ 121.528284399973003, 25.055519834004194 ], [ 121.52774827608259, 25.055152346802235 ], [ 121.528284399973003, 25.055011441069695 ], [ 121.529456667007224, 25.054998325977746 ], [ 121.530456577587387, 25.053978662403797 ], [ 121.530164357480004, 25.052804978005362 ], [ 121.529456667007238, 25.052197983879392 ], [ 121.528642211934354, 25.052804978005362 ], [ 121.528284399973003, 25.053022050159122 ], [ 121.528026292903277, 25.052804978005362 ], [ 121.527112132938754, 25.052047548107357 ], [ 121.525939865904562, 25.052163005771696 ], [ 121.524767598870326, 25.052057861441028 ], [ 121.523595331836106, 25.052504616825441 ], [ 121.523295333378215, 25.052804978005362 ], [ 121.523529912528318, 25.053978662403797 ], [ 121.523595331836106, 25.054042152817043 ], [ 121.524598235041026, 25.055152346802235 ], [ 121.524767598870326, 25.055321915405898 ], [ 121.524936962699627, 25.055152346802235 ], [ 121.525939865904547, 25.054128376888983 ], [ 121.526817499209486, 25.055152346802235 ], [ 121.527112132938782, 25.0562940362517 ], [ 121.527129636129985, 25.056326031200673 ], [ 121.527112132938782, 25.056335334513598 ], [ 121.525939865904562, 25.056649148441572 ], [ 121.525391988826073, 25.057499715599107 ], [ 121.524767598870326, 25.058157322243449 ], [ 121.523595331836106, 25.057990952850218 ], [ 121.52242306480187, 25.057860391359075 ], [ 121.521250797767649, 25.057946340211785 ], [ 121.520640136443618, 25.058337835408306 ] ], [ [ 121.520442990620225, 25.054759709071288 ], [ 121.520957731009091, 25.055152346802235 ], [ 121.520957731009091, 25.056326031200669 ], [ 121.521250797767649, 25.056619452300279 ], [ 121.521550086440058, 25.056326031200669 ], [ 121.522423064801885, 25.05574743655081 ], [ 121.523009198318988, 25.055152346802235 ], [ 121.522423064801885, 25.054555838076336 ], [ 121.521303145725952, 25.053978662403797 ], [ 121.521250797767649, 25.053927876316941 ], [ 121.520356949607773, 25.0535614315902 ] ], [ [ 121.51991510293054, 25.049981710767426 ], [ 121.520078530733429, 25.049778079060513 ], [ 121.520775337174072, 25.049283924810059 ], [ 121.521250797767649, 25.049108707631241 ] ] ] } },
{ "type": "Feature", "properties": { "z": 4.5, "countyname": "臺北市", "townname": "大同區" }, "geometry": { "type": "MultiLineString", "coordinates": [ [ [ 121.520640136443618, 25.058337835408306 ], [ 121.520116716697515, 25.058673399997542 ], [ 121.520078530733429, 25.058700397999139 ], [ 121.518906263699208, 25.0591078776853 ], [ 121.518804570807958, 25.058673399997542 ], [ 121.518906263699208, 25.057693349095114 ], [ 121.518941819034481, 25.057499715599107 ], [ 121.519464507541329, 25.056326031200669 ], [ 121.519079702264975, 25.055152346802235 ], [ 121.520078530733429, 25.054481703486204 ], [ 121.520442990620225, 25.054759709071288 ] ], [ [ 121.520356949607773, 25.0535614315902 ], [ 121.520078530733429, 25.053447290136528 ], [ 121.518906263699208, 25.053590556689521 ], [ 121.518343002184793, 25.052804978005362 ], [ 121.518906263699208, 25.052354732185961 ], [ 121.519725193021557, 25.051631293606928 ], [ 121.519533163213012, 25.05045760920849 ], [ 121.51991510293054, 25.049981710767426 ] ] ] } },
{ "type": "Feature", "properties": { "z": 4.5, "countyname": "臺北市", "townname": "中山區" }, "geometry": { "type": "LineString", "coordinates": [ [ 121.535318002178343, 25.048959527375199 ], [ 121.536490269212564, 25.049255243289611 ], [ 121.536517212780652, 25.049283924810055 ], [ 121.536490269212564, 25.049338682655314 ], [ 121.535318002178343, 25.050023907402228 ], [ 121.534420226413815, 25.049283924810055 ], [ 121.535318002178343, 25.048959527375199 ] ] } },
{ "type": "Feature", "properties": { "z": 4.5, "countyname": "臺北市", "townname": "南港區" }, "geometry": { "type": "LineString", "coordinates": [ [ 121.593931353889559, 25.048680111907235 ], [ 121.594374825928767, 25.049283924810055 ], [ 121.593931353889559, 25.050337767609982 ], [ 121.593587307216268, 25.049283924810055 ], [ 121.593931353889559, 25.048680111907235 ] ] } },
{ "type": "Feature", "properties": { "z": 4.5, "countyname": "臺北市", "townname": "松山區" }, "geometry": { "type": "LineString", "coordinates": [ [ 121.550557473623257, 25.050155394813711 ], [ 121.550862615694811, 25.05045760920849 ], [ 121.551220398014976, 25.051631293606928 ], [ 121.550557473623257, 25.052489783367594 ], [ 121.550048201764383, 25.051631293606928 ], [ 121.550404035274155, 25.05045760920849 ], [ 121.550557473623257, 25.050155394813711 ] ] } },
{ "type": "Feature", "properties": { "z": 4.5, "countyname": "臺北市", "townname": "松山區" }, "geometry": { "type": "LineString", "coordinates": [ [ 121.557591075828611, 25.050270396714399 ], [ 121.557672187667436, 25.050457609208486 ], [ 121.558487411670939, 25.051631293606928 ], [ 121.557591075828626, 25.052143112003517 ], [ 121.556912157433416, 25.051631293606928 ], [ 121.557559292262695, 25.05045760920849 ], [ 121.557591075828611, 25.050270396714399 ] ] } },
{ "type": "Feature", "properties": { "z": 4.5, "countyname": "臺北市", "townname": "松山區" }, "geometry": { "type": "LineString", "coordinates": [ [ 121.562280143965495, 25.049986523941563 ], [ 121.562721772199268, 25.05045760920849 ], [ 121.562280143965495, 25.050733262290176 ], [ 121.56120021241243, 25.05045760920849 ], [ 121.562280143965495, 25.049986523941563 ] ] } },
{ "type": "Feature", "properties": { "z": 4.5, "countyname": "臺北市", "townname": "松山區" }, "geometry": { "type": "LineString", "coordinates": [ [ 121.571658280239291, 25.050407985580552 ], [ 121.572830547273526, 25.050189585479263 ], [ 121.573841714506443, 25.05045760920849 ], [ 121.572830547273526, 25.050804100192423 ], [ 121.571658280239291, 25.050525440983787 ], [ 121.571528628790958, 25.05045760920849 ], [ 121.571658280239291, 25.050407985580552 ] ] } },
{ "type": "Feature", "properties": { "z": 4.5, "countyname": "臺北市", "townname": "松山區" }, "geometry": { "type": "LineString", "coordinates": [ [ 121.575175081341968, 25.050096679779543 ], [ 121.576347348376189, 25.049929685309142 ], [ 121.577177474864996, 25.05045760920849 ], [ 121.576347348376189, 25.051093274798482 ], [ 121.575175081341968, 25.051130384485006 ], [ 121.574091676976408, 25.05045760920849 ], [ 121.575175081341968, 25.050096679779543 ] ] } },
{ "type": "Feature", "properties": { "z": 4.5, "countyname": "臺北市", "townname": "南港區" }, "geometry": { "type": "LineString", "coordinates": [ [ 121.596275887958001, 25.050379678851098 ], [ 121.596461529805012, 25.05045760920849 ], [ 121.597288680631721, 25.051631293606928 ], [ 121.596275887958001, 25.051905752053376 ], [ 121.59591280918373, 25.051631293606928 ], [ 121.596169851176924, 25.05045760920849 ], [ 121.596275887958001, 25.050379678851098 ] ] } },
{ "type": "Feature", "properties": { "z": 4.5, "countyname": "臺北市", "townname": "松山區" }, "geometry": { "type": "LineString", "coordinates": [ [ 121.552902007691713, 25.051433337523843 ], [ 121.553249149017702, 25.051631293606931 ], [ 121.552902007691713, 25.052338980941698 ], [ 121.552455096134779, 25.051631293606928 ], [ 121.552902007691713, 25.051433337523843 ] ] } },
{ "type": "Feature", "properties": { "z": 4.5, "countyname": "臺北市", "townname": "松山區" }, "geometry": { "type": "LineString", "coordinates": [ [ 121.578691882444645, 25.051618016697699 ], [ 121.579864149478865, 25.051440859956838 ], [ 121.579998159372607, 25.051631293606928 ], [ 121.579864149478865, 25.051763874384537 ], [ 121.578691882444645, 25.051647099013781 ], [ 121.578658755639509, 25.051631293606928 ], [ 121.578691882444645, 25.051618016697699 ] ] } },
{ "type": "Feature", "properties": { "z": 4.5, "countyname": "臺北市", "townname": "南港區" }, "geometry": { "type": "LineString", "coordinates": [ [ 121.593931353889559, 25.051593366119171 ], [ 121.593939097415898, 25.051631293606928 ], [ 121.593931353889559, 25.051634902780837 ], [ 121.593926214961527, 25.051631293606928 ], [ 121.593931353889559, 25.051593366119171 ] ] } },
{ "type": "Feature", "properties": { "z": 4.5, "countyname": "臺北市", "townname": "中山區" }, "geometry": { "type": "LineString", "coordinates": [ [ 121.537662536246799, 25.05207922826888 ], [ 121.53883480328102, 25.052653344233512 ], [ 121.540007070315241, 25.051841484751648 ], [ 121.540258325965596, 25.052804978005362 ], [ 121.540007070315241, 25.053081927002459 ], [ 121.53883480328102, 25.053046840283656 ], [ 121.537662536246799, 25.053457895809654 ], [ 121.536891309660334, 25.052804978005362 ], [ 121.537662536246799, 25.05207922826888 ] ] } },
{ "type": "Feature", "properties": { "z": 4.5, "countyname": "臺北市", "townname": "松山區" }, "geometry": { "type": "LineString", "coordinates": [ [ 121.555246541760141, 25.052379991442102 ], [ 121.556418808794362, 25.052493846729408 ], [ 121.556616374497622, 25.052804978005362 ], [ 121.556418808794376, 25.052897201096808 ], [ 121.55524654176017, 25.053270870533584 ], [ 121.554894719008402, 25.052804978005362 ], [ 121.555246541760141, 25.052379991442102 ] ] } },
{ "type": "Feature", "properties": { "z": 4.5, "countyname": "臺北市", "townname": "松山區" }, "geometry": { "type": "LineString", "coordinates": [ [ 121.561107876931274, 25.052024936098277 ], [ 121.561443389787911, 25.052804978005362 ], [ 121.561107876931274, 25.053306468233401 ], [ 121.56066703767145, 25.052804978005362 ], [ 121.561107876931274, 25.052024936098277 ] ] } },
{ "type": "Feature", "properties": { "z": 4.5, "countyname": "臺北市", "townname": "南港區" }, "geometry": { "type": "LineString", "coordinates": [ [ 121.605654024231796, 25.052446665335566 ], [ 121.606526610740218, 25.052804978005362 ], [ 121.605654024231796, 25.053451550527576 ], [ 121.604642134840418, 25.052804978005362 ], [ 121.605654024231796, 25.052446665335566 ] ] } },
{ "type": "Feature", "properties": { "z": 4.5, "countyname": "臺北市", "townname": "南港區" }, "geometry": { "type": "LineString", "coordinates": [ [ 121.616204427539813, 25.05214773325449 ], [ 121.6167388740988, 25.052804978005359 ], [ 121.616204427539813, 25.05349413356149 ], [ 121.615677494925109, 25.052804978005362 ], [ 121.616204427539813, 25.05214773325449 ] ] } },
{ "type": "Feature", "properties": { "z": 4.5, "countyname": "臺北市", "townname": "松山區" }, "geometry": { "type": "LineString", "coordinates": [ [ 121.549385206589037, 25.053826680043748 ], [ 121.550557473623257, 25.053346155146489 ], [ 121.551336268583142, 25.053978662403797 ], [ 121.550557473623257, 25.055016712289532 ], [ 121.549385206589037, 25.054437349100802 ], [ 121.5492304326377, 25.053978662403793 ], [ 121.549385206589037, 25.053826680043748 ] ] } },
{ "type": "Feature", "properties": { "z": 4.5, "countyname": "臺北市", "townname": "松山區" }, "geometry": { "type": "LineString", "coordinates": [ [ 121.552902007691713, 25.053194036880456 ], [ 121.553224228249306, 25.053978662403797 ], [ 121.552902007691713, 25.054277918570911 ], [ 121.552030349204813, 25.053978662403797 ], [ 121.552902007691713, 25.053194036880456 ] ] } },
{ "type": "Feature", "properties": { "z": 4.5, "countyname": "臺北市", "townname": "松山區" }, "geometry": { "type": "LineString", "coordinates": [ [ 121.56345241099973, 25.053664683846776 ], [ 121.563820681297273, 25.053978662403797 ], [ 121.56345241099973, 25.054370802404861 ], [ 121.563116544763005, 25.053978662403797 ], [ 121.56345241099973, 25.053664683846776 ] ] } },
{ "type": "Feature", "properties": { "z": 4.5, "countyname": "臺北市", "townname": "南港區" }, "geometry": { "type": "LineString", "coordinates": [ [ 121.591586819821103, 25.053563320864246 ], [ 121.592759086855338, 25.053465270797567 ], [ 121.593105276921079, 25.0539786624038 ], [ 121.592759086855338, 25.054362281389214 ], [ 121.591586819821103, 25.054272170166886 ], [ 121.591232307113401, 25.053978662403793 ], [ 121.591586819821103, 25.053563320864246 ] ] } },
{ "type": "Feature", "properties": { "z": 4.5, "countyname": "臺北市", "townname": "南港區" }, "geometry": { "type": "LineString", "coordinates": [ [ 121.617376694574034, 25.05364673247302 ], [ 121.617573444003952, 25.0539786624038 ], [ 121.617376694574048, 25.054220287791573 ], [ 121.616906657483938, 25.053978662403797 ], [ 121.617376694574034, 25.05364673247302 ] ] } },
{ "type": "Feature", "properties": { "z": 4.5, "countyname": "臺北市", "townname": "大同區" }, "geometry": { "type": "LineString", "coordinates": [ [ 121.515389462596531, 25.054501223673007 ], [ 121.515937133830263, 25.055152346802235 ], [ 121.515757908803906, 25.056326031200669 ], [ 121.515389462596531, 25.057029100819808 ], [ 121.5147478020412, 25.056326031200669 ], [ 121.514636670668864, 25.055152346802235 ], [ 121.515389462596531, 25.054501223673007 ] ] } },
{ "type": "Feature", "properties": { "z": 4.5, "countyname": "臺北市", "townname": "大同區" }, "geometry": { "type": "LineString", "coordinates": [ [ 121.517733996664987, 25.055142211385011 ], [ 121.517838087304128, 25.055152346802235 ], [ 121.517733996664973, 25.055232974056338 ], [ 121.517716858093678, 25.055152346802238 ], [ 121.517733996664987, 25.055142211385011 ] ] } },
{ "type": "Feature", "properties": { "z": 4.5, "countyname": "臺北市", "townname": "中山區" }, "geometry": { "type": "LineString", "coordinates": [ [ 121.537662536246799, 25.054500673182076 ], [ 121.53883480328102, 25.054565504603016 ], [ 121.539428840884909, 25.055152346802235 ], [ 121.539299567153364, 25.056326031200669 ], [ 121.53883480328102, 25.056991149909297 ], [ 121.538543033939916, 25.056326031200669 ], [ 121.537662536246799, 25.055361688508302 ], [ 121.536982573193271, 25.055152346802235 ], [ 121.537662536246799, 25.054500673182076 ] ] } },
{ "type": "Feature", "properties": { "z": 4.5, "countyname": "臺北市", "townname": "中山區" }, "geometry": { "type": "MultiLineString", "coordinates": [ [ [ 121.543523871417918, 25.054419014448101 ], [ 121.542584686233241, 25.055152346802235 ], [ 121.543523871417904, 25.056074566423217 ], [ 121.544145896431871, 25.055330325311601 ] ], [ [ 121.544140031806961, 25.055005241790603 ], [ 121.543523871417918, 25.054419014448101 ] ] ] } },
{ "type": "Feature", "properties": { "z": 4.5, "countyname": "臺北市", "townname": "松山區" }, "geometry": { "type": "LineString", "coordinates": [ [ 121.544145896431871, 25.055330325311601 ], [ 121.544294648070348, 25.055152346802235 ], [ 121.544140031806961, 25.055005241790603 ] ] } },
{ "type": "Feature", "properties": { "z": 4.5, "countyname": "臺北市", "townname": "南港區" }, "geometry": { "type": "LineString", "coordinates": [ [ 121.61268762643715, 25.055056572695484 ], [ 121.613684753739847, 25.055152346802235 ], [ 121.61268762643715, 25.055354951165839 ], [ 121.612440577650531, 25.055152346802231 ], [ 121.61268762643715, 25.055056572695484 ] ] } },
{ "type": "Feature", "properties": { "z": 4.5, "countyname": "臺北市", "townname": "南港區" }, "geometry": { "type": "MultiLineString", "coordinates": [ [ [ 121.620893495676711, 25.054354125773862 ], [ 121.620959348840358, 25.054414269588747 ] ], [ [ 121.620835244326173, 25.054666493806295 ], [ 121.620893495676711, 25.054354125773862 ] ] ] } },
{ "type": "Feature", "properties": { "z": 4.5, "countyname": "臺北市", "townname": "中山區" }, "geometry": { "type": "MultiLineString", "coordinates": [ [ [ 121.52359533183612, 25.056062116092917 ], [ 121.523595331836106, 25.056062116092924 ] ], [ [ 121.523595331836106, 25.056062116092924 ], [ 121.523325947487663, 25.056326031200669 ], [ 121.523595331836106, 25.056589946308421 ], [ 121.523858928234816, 25.056326031200669 ], [ 121.523595331836106, 25.056062116092924 ] ], [ [ 121.523595331836106, 25.056062116092924 ], [ 121.523595331836106, 25.056062116092917 ] ] ] } },
{ "type": "Feature", "properties": { "z": 4.5, "countyname": "臺北市", "townname": "中山區" }, "geometry": { "type": "LineString", "coordinates": [ [ 121.532973468109901, 25.055422033150542 ], [ 121.533265785378418, 25.056326031200669 ], [ 121.532973468109901, 25.057445636713986 ], [ 121.532543575281025, 25.056326031200669 ], [ 121.532973468109901, 25.055422033150542 ] ] } },
{ "type": "Feature", "properties": { "z": 4.5, "countyname": "臺北市", "townname": "松山區" }, "geometry": { "type": "LineString", "coordinates": [ [ 121.55524654176017, 25.055805435949445 ], [ 121.556058905869037, 25.056326031200669 ], [ 121.555246541760155, 25.057263286114861 ], [ 121.554744803331729, 25.056326031200669 ], [ 121.55524654176017, 25.055805435949445 ] ] } },
{ "type": "Feature", "properties": { "z": 4.5, "countyname": "臺北市", "townname": "松山區" }, "geometry": { "type": "LineString", "coordinates": [ [ 121.557591075828611, 25.055894526168544 ], [ 121.558667563581309, 25.056326031200669 ], [ 121.557591075828597, 25.056726740676343 ], [ 121.556781625116329, 25.056326031200669 ], [ 121.557591075828611, 25.055894526168544 ] ] } },
{ "type": "Feature", "properties": { "z": 4.5, "countyname": "臺北市", "townname": "南港區" }, "geometry": { "type": "LineString", "coordinates": [ [ 121.605654024231796, 25.055397784743828 ], [ 121.606235032286676, 25.056326031200669 ], [ 121.605654024231796, 25.057168042207923 ], [ 121.605163834823102, 25.056326031200669 ], [ 121.605654024231796, 25.055397784743828 ] ] } },
{ "type": "Feature", "properties": { "z": 4.5, "countyname": "臺北市", "townname": "大同區" }, "geometry": { "type": "LineString", "coordinates": [ [ 121.514217195562296, 25.057157799427554 ], [ 121.514612008905047, 25.057499715599111 ], [ 121.51421719556231, 25.057846744191437 ], [ 121.513905173561653, 25.057499715599107 ], [ 121.514217195562296, 25.057157799427554 ] ] } },
{ "type": "Feature", "properties": { "z": 4.5, "countyname": "臺北市", "townname": "大同區" }, "geometry": { "type": "LineString", "coordinates": [ [ 121.517733996664987, 25.056545031269739 ], [ 121.518870708363934, 25.057499715599107 ], [ 121.517733996664987, 25.05793984724852 ], [ 121.517177114049915, 25.057499715599107 ], [ 121.517733996664987, 25.056545031269739 ] ] } },
{ "type": "Feature", "properties": { "z": 4.5, "countyname": "臺北市", "townname": "中山區" }, "geometry": { "type": "LineString", "coordinates": [ [ 121.537662536246799, 25.057430771115097 ], [ 121.537894212222454, 25.057499715599107 ], [ 121.53883480328102, 25.057932689062788 ], [ 121.539923534000664, 25.058673399997542 ], [ 121.539945768869927, 25.059847084395976 ], [ 121.539341490147095, 25.061020768794414 ], [ 121.53883480328102, 25.061502989818617 ], [ 121.538426069688583, 25.061020768794418 ], [ 121.537662536246799, 25.060185964160656 ], [ 121.537267049605106, 25.05984708439598 ], [ 121.536990354396067, 25.058673399997542 ], [ 121.537569321145469, 25.057499715599107 ], [ 121.537662536246799, 25.057430771115097 ] ] } },
{ "type": "Feature", "properties": { "z": 4.5, "countyname": "臺北市", "townname": "松山區" }, "geometry": { "type": "LineString", "coordinates": [ [ 121.56345241099973, 25.056975852923713 ], [ 121.564624678033951, 25.05734730356388 ], [ 121.565796945068172, 25.056988893749033 ], [ 121.566969212102393, 25.057147610279575 ], [ 121.567742297093289, 25.057499715599107 ], [ 121.566969212102393, 25.058037177799953 ], [ 121.566079962160487, 25.058673399997538 ], [ 121.565796945068172, 25.059687335884551 ], [ 121.565554671346277, 25.058673399997542 ], [ 121.564624678033951, 25.057659921302893 ], [ 121.56345241099973, 25.057990313048329 ], [ 121.562550614970036, 25.057499715599107 ], [ 121.56345241099973, 25.056975852923713 ] ] } },
{ "type": "Feature", "properties": { "z": 4.5, "countyname": "臺北市", "townname": "內湖區" }, "geometry": { "type": "LineString", "coordinates": [ [ 121.576347348376189, 25.057229215020314 ], [ 121.576530450340869, 25.057499715599107 ], [ 121.576347348376189, 25.057725229120365 ], [ 121.576200566899473, 25.057499715599107 ], [ 121.576347348376189, 25.057229215020314 ] ] } },
{ "type": "Feature", "properties": { "z": 4.5, "countyname": "臺北市", "townname": "松山區" }, "geometry": { "type": "LineString", "coordinates": [ [ 121.544696138452153, 25.058393208750914 ], [ 121.545159721268661, 25.058673399997542 ], [ 121.544696138452139, 25.058896617650479 ], [ 121.544469123953093, 25.058673399997538 ], [ 121.544696138452153, 25.058393208750914 ] ] } },
{ "type": "Feature", "properties": { "z": 4.5, "countyname": "臺北市", "townname": "中山區" }, "geometry": { "type": "MultiLineString", "coordinates": [ [ [ 121.521250797767649, 25.059535523396512 ], [ 121.522423064801885, 25.059532842964465 ], [ 121.523321422909845, 25.059847084395976 ], [ 121.522423064801885, 25.060827575300035 ], [ 121.52231462838742, 25.061020768794414 ], [ 121.521692954723889, 25.062194453192848 ], [ 121.522423064801885, 25.063008183779917 ], [ 121.523595331836091, 25.063310747655784 ], [ 121.523808829710248, 25.063368137591283 ], [ 121.524767598870326, 25.063650624684023 ], [ 121.525939865904562, 25.064129650785876 ], [ 121.527112132938768, 25.063979250546751 ], [ 121.528284399973003, 25.063691747317694 ], [ 121.528451269101822, 25.063368137591283 ], [ 121.528284399973003, 25.063291466562859 ], [ 121.527833498520025, 25.062194453192848 ], [ 121.528284399973003, 25.061512770008672 ], [ 121.529026343901862, 25.062194453192848 ], [ 121.52945666700721, 25.062874441815033 ], [ 121.529716282994656, 25.063368137591283 ], [ 121.529846199985798, 25.064541821989721 ], [ 121.529456667007224, 25.064694701336705 ], [ 121.528284399973003, 25.064775127876665 ], [ 121.527112132938768, 25.064637675945267 ], [ 121.525939865904547, 25.065552320090127 ], [ 121.525776876673476, 25.065715506388155 ], [ 121.525939865904547, 25.065878692686184 ], [ 121.526742322082711, 25.06688919078659 ], [ 121.526445965883767, 25.068062875185028 ], [ 121.525939865904547, 25.068560641890244 ], [ 121.524767598870326, 25.068403097942436 ], [ 121.524029477528487, 25.068062875185028 ], [ 121.524767598870326, 25.067745197527724 ], [ 121.52545754444364, 25.06688919078659 ], [ 121.524767598870326, 25.06619841101412 ], [ 121.523595331836106, 25.066624788811172 ], [ 121.522423064801885, 25.066535476096686 ], [ 121.522206580570014, 25.065715506388155 ], [ 121.522196260219417, 25.064541821989721 ], [ 121.521250797767664, 25.063840790923798 ], [ 121.520459400840963, 25.063368137591283 ], [ 121.520078530733429, 25.062639283913629 ], [ 121.519575974462597, 25.062199337300207 ] ], [ [ 121.519579592232276, 25.062190136706612 ], [ 121.520078530733429, 25.061955965310858 ], [ 121.52070601099615, 25.061020768794414 ], [ 121.521014324912414, 25.059847084395976 ], [ 121.521250797767649, 25.059535523396512 ] ] ] } },
{ "type": "Feature", "properties": { "z": 4.5, "countyname": "臺北市", "townname": "大同區" }, "geometry": { "type": "LineString", "coordinates": [ [ 121.519575974462597, 25.062199337300207 ], [ 121.51957039528844, 25.062194453192852 ], [ 121.519579592232276, 25.062190136706612 ] ] } },
{ "type": "Feature", "properties": { "z": 4.5, "countyname": "臺北市", "townname": "中山區" }, "geometry": { "type": "LineString", "coordinates": [ [ 121.524767598870326, 25.059247509266882 ], [ 121.525939865904547, 25.05948858138558 ], [ 121.526310353251958, 25.059847084395976 ], [ 121.525939865904562, 25.060264698301928 ], [ 121.524767598870326, 25.060843097123101 ], [ 121.523784522495077, 25.059847084395976 ], [ 121.524767598870326, 25.059247509266882 ] ] } },
{ "type": "Feature", "properties": { "z": 4.5, "countyname": "臺北市", "townname": "中山區" }, "geometry": { "type": "LineString", "coordinates": [ [ 121.531801201075666, 25.059741369197532 ], [ 121.532008737759242, 25.059847084395972 ], [ 121.532733226532088, 25.061020768794414 ], [ 121.531916349951061, 25.062194453192848 ], [ 121.53180120107568, 25.062307694523909 ], [ 121.531581804758304, 25.062194453192848 ], [ 121.530628934041445, 25.061709089998839 ], [ 121.52975422233655, 25.061020768794414 ], [ 121.530628934041445, 25.059890780416076 ], [ 121.530929553579526, 25.059847084395976 ], [ 121.531801201075666, 25.059741369197532 ] ] } },
{ "type": "Feature", "properties": { "z": 4.5, "countyname": "臺北市", "townname": "中山區" }, "geometry": { "type": "LineString", "coordinates": [ [ 121.534145735144122, 25.058792249194781 ], [ 121.535318002178343, 25.05972152168496 ], [ 121.535406835979586, 25.059847084395976 ], [ 121.535650299646889, 25.061020768794414 ], [ 121.535318002178343, 25.061485191951864 ], [ 121.534145735144122, 25.06118311874544 ], [ 121.533695848619757, 25.061020768794414 ], [ 121.533369766785896, 25.059847084395976 ], [ 121.534145735144122, 25.058792249194781 ] ] } },
{ "type": "Feature", "properties": { "z": 4.5, "countyname": "臺北市", "townname": "中山區" }, "geometry": { "type": "LineString", "coordinates": [ [ 121.541179337349462, 25.059552749828757 ], [ 121.542351604383683, 25.05943843046829 ], [ 121.543523871417918, 25.059424850836901 ], [ 121.543939574771954, 25.059847084395976 ], [ 121.543523871417918, 25.06038485812271 ], [ 121.542351604383683, 25.060518190910322 ], [ 121.541179337349448, 25.060301028667091 ], [ 121.54009133819325, 25.059847084395976 ], [ 121.541179337349462, 25.059552749828757 ] ] } },
{ "type": "Feature", "properties": { "z": 4.5, "countyname": "臺北市", "townname": "松山區" }, "geometry": { "type": "LineString", "coordinates": [ [ 121.547040672520581, 25.059073254159003 ], [ 121.547818580800751, 25.059847084395976 ], [ 121.547040672520581, 25.060445557931629 ], [ 121.546544923338558, 25.059847084395972 ], [ 121.547040672520581, 25.059073254159003 ] ] } },
{ "type": "Feature", "properties": { "z": 4.5, "countyname": "臺北市", "townname": "內湖區" }, "geometry": { "type": "LineString", "coordinates": [ [ 121.586897751684205, 25.059603531712551 ], [ 121.587207280728222, 25.059847084395972 ], [ 121.587255240034466, 25.061020768794414 ], [ 121.586897751684205, 25.061411331937091 ], [ 121.586278672968959, 25.061020768794414 ], [ 121.586246760420693, 25.059847084395976 ], [ 121.586897751684205, 25.059603531712551 ] ] } },
{ "type": "Feature", "properties": { "z": 4.5, "countyname": "臺北市", "townname": "松山區" }, "geometry": { "type": "LineString", "coordinates": [ [ 121.548212939554816, 25.061003968053683 ], [ 121.548216029158382, 25.061020768794414 ], [ 121.548212939554816, 25.061024096561148 ], [ 121.548204028434469, 25.061020768794414 ], [ 121.548212939554816, 25.061003968053683 ] ] } },
{ "type": "Feature", "properties": { "z": 4.5, "countyname": "臺北市", "townname": "松山區" }, "geometry": { "type": "LineString", "coordinates": [ [ 121.562280143965495, 25.060666224078815 ], [ 121.563452410999744, 25.060704361957526 ], [ 121.564103681054803, 25.061020768794414 ], [ 121.56345241099973, 25.06131876772335 ], [ 121.562280143965495, 25.061263881712524 ], [ 121.561753897567371, 25.061020768794414 ], [ 121.562280143965495, 25.060666224078815 ] ] } },
{ "type": "Feature", "properties": { "z": 4.5, "countyname": "臺北市", "townname": "松山區" }, "geometry": { "type": "LineString", "coordinates": [ [ 121.565796945068172, 25.060088825851466 ], [ 121.565921580039657, 25.061020768794414 ], [ 121.565796945068172, 25.061498443604858 ], [ 121.565486484454027, 25.061020768794414 ], [ 121.565796945068172, 25.060088825851466 ] ] } },
{ "type": "Feature", "properties": { "z": 4.5, "countyname": "臺北市", "townname": "大同區" }, "geometry": { "type": "LineString", "coordinates": [ [ 121.510700394459633, 25.062185141460009 ], [ 121.510719159521202, 25.062194453192848 ], [ 121.510700394459619, 25.062461342893926 ], [ 121.510669356321216, 25.062194453192848 ], [ 121.510700394459633, 25.062185141460009 ] ] } },
{ "type": "Feature", "properties": { "z": 4.5, "countyname": "臺北市", "townname": "大同區" }, "geometry": { "type": "LineString", "coordinates": [ [ 121.515389462596531, 25.062129263914617 ], [ 121.515435692329447, 25.062194453192848 ], [ 121.515389462596531, 25.062247741253088 ], [ 121.515313170054114, 25.062194453192848 ], [ 121.515389462596531, 25.062129263914617 ] ] } },
{ "type": "Feature", "properties": { "z": 4.5, "countyname": "臺北市", "townname": "中山區" }, "geometry": { "type": "LineString", "coordinates": [ [ 121.541179337349462, 25.061643314126055 ], [ 121.541543821764137, 25.062194453192848 ], [ 121.541179337349462, 25.062900634880002 ], [ 121.540694329158427, 25.062194453192848 ], [ 121.541179337349462, 25.061643314126055 ] ] } },
{ "type": "Feature", "properties": { "z": 4.5, "countyname": "臺北市", "townname": "大同區" }, "geometry": { "type": "LineString", "coordinates": [ [ 121.516561729630752, 25.063029682891219 ], [ 121.51681578407829, 25.063368137591283 ], [ 121.516561729630766, 25.063587888387133 ], [ 121.516187224637292, 25.063368137591283 ], [ 121.516561729630752, 25.063029682891219 ] ] } },
{ "type": "Feature", "properties": { "z": 4.5, "countyname": "臺北市", "townname": "中山區" }, "geometry": { "type": "LineString", "coordinates": [ [ 121.540007070315241, 25.063033031815539 ], [ 121.540547505235253, 25.063368137591283 ], [ 121.541179337349462, 25.064419446817528 ], [ 121.54122041972839, 25.064541821989721 ], [ 121.541601055716299, 25.065715506388155 ], [ 121.541179337349462, 25.066347143015776 ], [ 121.540284037863088, 25.06688919078659 ], [ 121.540007070315241, 25.067017134815387 ], [ 121.53883480328102, 25.06720033861027 ], [ 121.537662536246799, 25.066916308585739 ], [ 121.537315051288246, 25.06688919078659 ], [ 121.537662536246813, 25.066806202139855 ], [ 121.538070910676112, 25.065715506388155 ], [ 121.53883480328102, 25.064890240229165 ], [ 121.539296349181711, 25.064541821989721 ], [ 121.538925306358834, 25.063368137591283 ], [ 121.540007070315241, 25.063033031815539 ] ] } },
{ "type": "Feature", "properties": { "z": 4.5, "countyname": "臺北市", "townname": "松山區" }, "geometry": { "type": "LineString", "coordinates": [ [ 121.544696138452139, 25.063057688151822 ], [ 121.544874346204736, 25.063368137591283 ], [ 121.544696138452139, 25.063878561845133 ], [ 121.544466794444091, 25.063368137591283 ], [ 121.544696138452139, 25.063057688151822 ] ] } },
{ "type": "Feature", "properties": { "z": 4.5, "countyname": "臺北市", "townname": "松山區" }, "geometry": { "type": "LineString", "coordinates": [ [ 121.565796945068172, 25.062768803939687 ], [ 121.565953888392414, 25.063368137591283 ], [ 121.565796945068172, 25.063764931071841 ], [ 121.565452202510869, 25.063368137591283 ], [ 121.565796945068172, 25.062768803939687 ] ] } },
{ "type": "Feature", "properties": { "z": 4.5, "countyname": "臺北市", "townname": "大同區" }, "geometry": { "type": "LineString", "coordinates": [ [ 121.515389462596531, 25.064365119861719 ], [ 121.515483259903164, 25.064541821989721 ], [ 121.515389462596531, 25.065563840059486 ], [ 121.515190402540043, 25.064541821989721 ], [ 121.515389462596531, 25.064365119861719 ] ] } },
{ "type": "Feature", "properties": { "z": 4.5, "countyname": "臺北市", "townname": "中山區" }, "geometry": { "type": "LineString", "coordinates": [ [ 121.534145735144122, 25.063870507476611 ], [ 121.535169898928146, 25.064541821989721 ], [ 121.534145735144122, 25.065015978102139 ], [ 121.533794055033852, 25.064541821989721 ], [ 121.534145735144122, 25.063870507476611 ] ] } },
{ "type": "Feature", "properties": { "z": 4.5, "countyname": "臺北市", "townname": "大同區" }, "geometry": { "type": "LineString", "coordinates": [ [ 121.510700394459633, 25.065204231860577 ], [ 121.511070486584131, 25.065715506388155 ], [ 121.510700394459633, 25.066151016696431 ], [ 121.510389343426496, 25.065715506388155 ], [ 121.510700394459633, 25.065204231860577 ] ] } },
{ "type": "Feature", "properties": { "z": 4.5, "countyname": "臺北市", "townname": "大同區" }, "geometry": { "type": "LineString", "coordinates": [ [ 121.51421719556231, 25.065561986516329 ], [ 121.515192699309353, 25.065715506388155 ], [ 121.51421719556231, 25.065835007891948 ], [ 121.513875172627593, 25.065715506388155 ], [ 121.51421719556231, 25.065561986516329 ] ] } },
{ "type": "Feature", "properties": { "z": 4.5, "countyname": "臺北市", "townname": "大同區" }, "geometry": { "type": "LineString", "coordinates": [ [ 121.516561729630752, 25.065481260440066 ], [ 121.517468956391312, 25.065715506388155 ], [ 121.516561729630766, 25.066131433052011 ], [ 121.515447154971497, 25.065715506388155 ], [ 121.516561729630752, 25.065481260440066 ] ] } },
{ "type": "Feature", "properties": { "z": 4.5, "countyname": "臺北市", "townname": "中山區" }, "geometry": { "type": "LineString", "coordinates": [ [ 121.530628934041445, 25.064994072190036 ], [ 121.530950591264059, 25.065715506388159 ], [ 121.530701956542543, 25.06688919078659 ], [ 121.530628934041445, 25.066947346719136 ], [ 121.530497019892394, 25.06688919078659 ], [ 121.530248708138828, 25.065715506388155 ], [ 121.530628934041445, 25.064994072190036 ] ] } },
{ "type": "Feature", "properties": { "z": 4.5, "countyname": "臺北市", "townname": "中山區" }, "geometry": { "type": "LineString", "coordinates": [ [ 121.534145735144122, 25.066612260903923 ], [ 121.534337235318361, 25.06688919078659 ], [ 121.534145735144122, 25.067102520893119 ], [ 121.533864831765825, 25.06688919078659 ], [ 121.534145735144122, 25.066612260903923 ] ] } },
{ "type": "Feature", "properties": { "z": 4.5, "countyname": "臺北市", "townname": "大同區" }, "geometry": { "type": "LineString", "coordinates": [ [ 121.510700394459633, 25.067457677654986 ], [ 121.511223750117523, 25.068062875185024 ], [ 121.510700394459633, 25.06900143806498 ], [ 121.510305884729235, 25.068062875185028 ], [ 121.510700394459633, 25.067457677654986 ] ] } },
{ "type": "Feature", "properties": { "z": 4.5, "countyname": "臺北市", "townname": "內湖區" }, "geometry": { "type": "LineString", "coordinates": [ [ 121.585725484649998, 25.067865862997813 ], [ 121.585931731002574, 25.068062875185028 ], [ 121.586145330437247, 25.069236559583462 ], [ 121.585725484649984, 25.069352931539068 ], [ 121.585409975809384, 25.069236559583462 ], [ 121.585410173885251, 25.068062875185028 ], [ 121.585725484649998, 25.067865862997813 ] ] } },
{ "type": "Feature", "properties": { "z": 4.5, "countyname": "臺北市", "townname": "內湖區" }, "geometry": { "type": "LineString", "coordinates": [ [ 121.61268762643715, 25.067931661217365 ], [ 121.612915752383188, 25.068062875185028 ], [ 121.613859893471371, 25.068706799319653 ], [ 121.614546384895817, 25.068062875185028 ], [ 121.615032160505578, 25.067580808079946 ], [ 121.616204427539827, 25.067570609006417 ], [ 121.616800782712843, 25.068062875185028 ], [ 121.616204427539813, 25.068395561881616 ], [ 121.615442846903534, 25.069236559583459 ], [ 121.615032160505592, 25.069810112244333 ], [ 121.613859893471371, 25.06984857739204 ], [ 121.613298905161059, 25.070410243981897 ], [ 121.612825211955453, 25.071583928380335 ], [ 121.61268762643715, 25.07179172603367 ], [ 121.612459386373772, 25.071583928380338 ], [ 121.611515359402915, 25.070685666561236 ], [ 121.611353500634877, 25.070410243981897 ], [ 121.611515359402915, 25.069819264488519 ], [ 121.611877556514671, 25.069236559583462 ], [ 121.612517910688126, 25.068062875185028 ], [ 121.61268762643715, 25.067931661217365 ] ] } },
{ "type": "Feature", "properties": { "z": 4.5, "countyname": "臺北市", "townname": "內湖區" }, "geometry": { "type": "LineString", "coordinates": [ [ 121.592759086855338, 25.068729538936445 ], [ 121.593378875598702, 25.069236559583462 ], [ 121.592768863906571, 25.070410243981897 ], [ 121.592759086855338, 25.070419065518429 ], [ 121.591586819821117, 25.070565986092465 ], [ 121.591433341422274, 25.070410243981897 ], [ 121.591586819821103, 25.070299263639015 ], [ 121.592368884730391, 25.069236559583462 ], [ 121.592759086855338, 25.068729538936445 ] ] } },
{ "type": "Feature", "properties": { "z": 4.5, "countyname": "臺北市", "townname": "內湖區" }, "geometry": { "type": "LineString", "coordinates": [ [ 121.617376694574034, 25.068670193807826 ], [ 121.618548961608269, 25.068849258535476 ], [ 121.618783972322788, 25.069236559583462 ], [ 121.618548961608269, 25.069673880231413 ], [ 121.617376694574034, 25.069638385781889 ], [ 121.617068762911046, 25.069236559583462 ], [ 121.617376694574034, 25.068670193807826 ] ] } },
{ "type": "Feature", "properties": { "z": 4.5, "countyname": "臺北市", "townname": "中山區" }, "geometry": { "type": "LineString", "coordinates": [ [ 121.519780319776388, 25.069977110097142 ], [ 121.520078530733443, 25.069969577613087 ], [ 121.520249569800825, 25.070410243981897 ], [ 121.520078530733429, 25.070618057265111 ], [ 121.519873214047195, 25.070650038782411 ] ] } },
{ "type": "Feature", "properties": { "z": 4.5, "countyname": "臺北市", "townname": "大同區" }, "geometry": { "type": "MultiLineString", "coordinates": [ [ [ 121.518906263699208, 25.069999187801898 ], [ 121.519780319776388, 25.069977110097142 ] ], [ [ 121.519873214047195, 25.070650038782411 ], [ 121.518906263699208, 25.07080065751607 ], [ 121.518586614634259, 25.070410243981897 ], [ 121.518906263699208, 25.069999187801898 ] ] ] } },
{ "type": "Feature", "properties": { "z": 4.5, "countyname": "臺北市", "townname": "內湖區" }, "geometry": { "type": "LineString", "coordinates": [ [ 121.609170825334473, 25.070247759198569 ], [ 121.609329466191369, 25.070410243981897 ], [ 121.609783985053781, 25.071583928380335 ], [ 121.609170825334473, 25.071983430606117 ], [ 121.608645011793428, 25.071583928380335 ], [ 121.6088459534528, 25.070410243981897 ], [ 121.609170825334473, 25.070247759198569 ] ] } },
{ "type": "Feature", "properties": { "z": 4.5, "countyname": "臺北市", "townname": "內湖區" }, "geometry": { "type": "LineString", "coordinates": [ [ 121.606826291266003, 25.071402737398845 ], [ 121.607266400113815, 25.071583928380335 ], [ 121.606826291266003, 25.072008360465286 ], [ 121.606504145125854, 25.071583928380338 ], [ 121.606826291266003, 25.071402737398845 ] ] } },
{ "type": "Feature", "properties": { "z": 4.5, "countyname": "臺北市", "townname": "內湖區" }, "geometry": { "type": "LineString", "coordinates": [ [ 121.604481757197576, 25.07272691243217 ], [ 121.605654024231796, 25.07224208884934 ], [ 121.606286303423772, 25.072757612778769 ], [ 121.605654024231796, 25.07370870586568 ], [ 121.604481757197576, 25.072820879332326 ], [ 121.604354594472042, 25.072757612778766 ], [ 121.604481757197576, 25.07272691243217 ] ] } },
{ "type": "Feature", "properties": { "z": 4.5, "countyname": "臺北市", "townname": "內湖區" }, "geometry": { "type": "LineString", "coordinates": [ [ 121.610343092368694, 25.072438320485535 ], [ 121.610512040521826, 25.072757612778766 ], [ 121.61034309236868, 25.072882831539161 ], [ 121.610167782864437, 25.072757612778769 ], [ 121.610343092368694, 25.072438320485535 ] ] } },
{ "type": "Feature", "properties": { "z": 4.5, "countyname": "臺北市", "townname": "內湖區" }, "geometry": { "type": "LineString", "coordinates": [ [ 121.618548961608269, 25.071881034919194 ], [ 121.618850504301165, 25.072757612778773 ], [ 121.618548961608269, 25.073162060622984 ], [ 121.618273125294806, 25.072757612778769 ], [ 121.618548961608269, 25.071881034919194 ] ] } },
{ "type": "Feature", "properties": { "z": 4.5, "countyname": "臺北市", "townname": "大同區" }, "geometry": { "type": "LineString", "coordinates": [ [ 121.51421719556231, 25.073208701832066 ], [ 121.514580583582969, 25.073931297177204 ], [ 121.51421719556231, 25.074225447936609 ], [ 121.513934729119228, 25.073931297177204 ], [ 121.51421719556231, 25.073208701832066 ] ] } },
{ "type": "Feature", "properties": { "z": 4.5, "countyname": "臺北市", "townname": "內湖區" }, "geometry": { "type": "LineString", "coordinates": [ [ 121.578691882444645, 25.073697713618341 ], [ 121.579147497876917, 25.073931297177204 ], [ 121.578691882444645, 25.074105461647154 ], [ 121.578562979587957, 25.073931297177204 ], [ 121.578691882444645, 25.073697713618341 ] ] } },
{ "type": "Feature", "properties": { "z": 4.5, "countyname": "臺北市", "townname": "內湖區" }, "geometry": { "type": "LineString", "coordinates": [ [ 121.577519615410409, 25.07492661274026 ], [ 121.577756131174169, 25.075104981575642 ], [ 121.577519615410409, 25.075499230071607 ], [ 121.576977439130616, 25.076278665974076 ], [ 121.577519615410409, 25.076733241230112 ], [ 121.578112592765009, 25.077452350372514 ], [ 121.577519615410409, 25.078160085815323 ], [ 121.576347348376189, 25.077959068209754 ], [ 121.575642537052744, 25.077452350372514 ], [ 121.575175081341968, 25.077093888165063 ], [ 121.57478873876579, 25.076278665974073 ], [ 121.575175081341968, 25.075651787270424 ], [ 121.576347348376189, 25.075253927705408 ], [ 121.57664082551554, 25.075104981575642 ], [ 121.577519615410409, 25.07492661274026 ] ] } },
{ "type": "Feature", "properties": { "z": 4.5, "countyname": "臺北市", "townname": "士林區" }, "geometry": { "type": "LineString", "coordinates": [ [ 121.509598272955131, 25.078684047669849 ], [ 121.509528127425412, 25.078868416131375 ], [ 121.508355860391191, 25.07917682783502 ], [ 121.507692119965554, 25.078626034770949 ], [ 121.507432499561659, 25.078363858480497 ] ] } },
{ "type": "Feature", "properties": { "z": 4.5, "countyname": "臺北市", "townname": "大同區" }, "geometry": { "type": "MultiLineString", "coordinates": [ [ [ 121.507183593356956, 25.076228452248394 ], [ 121.508355860391191, 25.076046395761114 ], [ 121.508507764019683, 25.076278665974076 ], [ 121.509133417230032, 25.077452350372514 ], [ 121.509528127425412, 25.078334221343386 ], [ 121.509620344764429, 25.078626034770949 ], [ 121.509598272955131, 25.078684047669849 ] ], [ [ 121.507432499561659, 25.078363858480497 ], [ 121.507183593356956, 25.078112501867381 ], [ 121.506350758334264, 25.077452350372514 ], [ 121.507036853575414, 25.076278665974076 ], [ 121.507183593356956, 25.076228452248394 ] ] ] } },
{ "type": "Feature", "properties": { "z": 4.5, "countyname": "臺北市", "townname": "內湖區" }, "geometry": { "type": "LineString", "coordinates": [ [ 121.579864149478865, 25.075738784703809 ], [ 121.580253886460056, 25.076278665974076 ], [ 121.579864149478865, 25.076896387169743 ], [ 121.578901865828144, 25.076278665974076 ], [ 121.579864149478865, 25.075738784703809 ] ] } },
{ "type": "Feature", "properties": { "z": 4.5, "countyname": "臺北市", "townname": "中山區" }, "geometry": { "type": "LineString", "coordinates": [ [ 121.54586840548636, 25.078560001410956 ], [ 121.54603648702853, 25.078626034770949 ], [ 121.547040672520581, 25.0793655624514 ], [ 121.547817766312221, 25.079799719169383 ], [ 121.548212939554816, 25.080310888315626 ], [ 121.548478039309899, 25.080973403567821 ], [ 121.548834705522466, 25.082147087966256 ], [ 121.548212939554816, 25.083042388361498 ], [ 121.547859337868601, 25.08332077236469 ], [ 121.547040672520581, 25.083597504758526 ], [ 121.546731048649249, 25.08332077236469 ], [ 121.545868405486345, 25.08253757516286 ], [ 121.545501839117733, 25.082147087966252 ], [ 121.54586840548636, 25.080999800457068 ], [ 121.547040672520581, 25.081453302214044 ], [ 121.54776894728802, 25.080973403567821 ], [ 121.547040672520581, 25.080363692711877 ], [ 121.54586840548636, 25.080922744713256 ], [ 121.545651119694355, 25.079799719169383 ], [ 121.545765715212681, 25.078626034770949 ], [ 121.54586840548636, 25.078560001410956 ] ] } },
{ "type": "Feature", "properties": { "z": 4.5, "countyname": "臺北市", "townname": "中山區" }, "geometry": { "type": "LineString", "coordinates": [ [ 121.549385206589037, 25.078466055079428 ], [ 121.54945533329024, 25.078626034770949 ], [ 121.549385206589022, 25.078680725873017 ], [ 121.549300918588955, 25.078626034770949 ], [ 121.549385206589037, 25.078466055079428 ] ] } },
{ "type": "Feature", "properties": { "z": 4.5, "countyname": "臺北市", "townname": "內湖區" }, "geometry": { "type": "LineString", "coordinates": [ [ 121.579864149478865, 25.077960981932726 ], [ 121.580688274688811, 25.078626034770949 ], [ 121.579864149478865, 25.07909619970803 ], [ 121.579413776593157, 25.078626034770949 ], [ 121.579864149478865, 25.077960981932726 ] ] } },
{ "type": "Feature", "properties": { "z": 4.5, "countyname": "臺北市", "townname": "中山區" }, "geometry": { "type": "LineString", "coordinates": [ [ 121.558763342862832, 25.079707638298004 ], [ 121.559039541773615, 25.07979971916938 ], [ 121.558763342862832, 25.07993368157366 ], [ 121.558633500596571, 25.079799719169383 ], [ 121.558763342862832, 25.079707638298004 ] ] } },
{ "type": "Feature", "properties": { "z": 4.5, "countyname": "臺北市", "townname": "內湖區" }, "geometry": { "type": "LineString", "coordinates": [ [ 121.569313746170863, 25.079702661694679 ], [ 121.569865516165677, 25.079799719169387 ], [ 121.569313746170849, 25.079866311179895 ], [ 121.569226411316876, 25.079799719169383 ], [ 121.569313746170863, 25.079702661694679 ] ] } },
{ "type": "Feature", "properties": { "z": 4.5, "countyname": "臺北市", "townname": "內湖區" }, "geometry": { "type": "LineString", "coordinates": [ [ 121.575175081341968, 25.079399239208652 ], [ 121.575627640397627, 25.079799719169383 ], [ 121.575175081341953, 25.080192213032138 ], [ 121.574802958537902, 25.079799719169383 ], [ 121.575175081341968, 25.079399239208652 ] ] } },
{ "type": "Feature", "properties": { "z": 4.5, "countyname": "臺北市", "townname": "內湖區" }, "geometry": { "type": "LineString", "coordinates": [ [ 121.578691882444645, 25.0793896485999 ], [ 121.579119973323458, 25.079799719169383 ], [ 121.578691882444645, 25.080618630621935 ], [ 121.578391056310693, 25.080973403567821 ], [ 121.577519615410409, 25.081471383176549 ], [ 121.577177997840707, 25.080973403567821 ], [ 121.577519615410409, 25.080223009059949 ], [ 121.57800551127896, 25.079799719169383 ], [ 121.578691882444645, 25.0793896485999 ] ] } },
{ "type": "Feature", "properties": { "z": 4.5, "countyname": "臺北市", "townname": "內湖區" }, "geometry": { "type": "LineString", "coordinates": [ [ 121.590414552786882, 25.079306460914438 ], [ 121.591520747242271, 25.079799719169383 ], [ 121.591586819821103, 25.079883732141877 ], [ 121.591650896454453, 25.079799719169383 ], [ 121.592759086855352, 25.079433000243039 ], [ 121.593779615801907, 25.079799719169383 ], [ 121.593282776990989, 25.080973403567821 ], [ 121.59303972842963, 25.082147087966256 ], [ 121.593931353889559, 25.083203037223107 ], [ 121.594219468160318, 25.08332077236469 ], [ 121.593931353889545, 25.083859090543069 ], [ 121.593667383315704, 25.084494456763128 ], [ 121.592759086855338, 25.085087703714716 ], [ 121.59228076216128, 25.084494456763128 ], [ 121.591586819821103, 25.083403235768401 ], [ 121.591524604007489, 25.08332077236469 ], [ 121.590414552786882, 25.082166780105876 ], [ 121.590378942924374, 25.082147087966256 ], [ 121.590004107269266, 25.080973403567821 ], [ 121.590101542654878, 25.079799719169383 ], [ 121.590414552786882, 25.079306460914438 ] ] } },
{ "type": "Feature", "properties": { "z": 4.5, "countyname": "臺北市", "townname": "士林區" }, "geometry": { "type": "LineString", "coordinates": [ [ 121.520078530733414, 25.080800609992981 ], [ 121.521250797767649, 25.080507763245517 ], [ 121.522423064801885, 25.080767524904772 ], [ 121.522799981323828, 25.080973403567825 ], [ 121.522423064801885, 25.081327301495996 ], [ 121.521250797767635, 25.081505473312035 ], [ 121.520078530733443, 25.081534199266578 ], [ 121.519909594461851, 25.080973403567821 ], [ 121.520078530733414, 25.080800609992981 ] ] } },
{ "type": "Feature", "properties": { "z": 4.5, "countyname": "臺北市", "townname": "內湖區" }, "geometry": { "type": "LineString", "coordinates": [ [ 121.568141479136628, 25.080448881310584 ], [ 121.568582796786643, 25.080973403567821 ], [ 121.568637877587875, 25.082147087966256 ], [ 121.568724315014833, 25.083320772364686 ], [ 121.568141479136628, 25.083995667559815 ], [ 121.567561748212697, 25.08332077236469 ], [ 121.567326498010246, 25.082147087966256 ], [ 121.567413811527473, 25.080973403567821 ], [ 121.568141479136628, 25.080448881310584 ] ] } },
{ "type": "Feature", "properties": { "z": 4.5, "countyname": "臺北市", "townname": "內湖區" }, "geometry": { "type": "LineString", "coordinates": [ [ 121.571658280239291, 25.081816007577949 ], [ 121.572758378645801, 25.082147087966256 ], [ 121.571658280239291, 25.082513659194944 ], [ 121.571382902509356, 25.082147087966256 ], [ 121.571658280239291, 25.081816007577949 ] ] } },
{ "type": "Feature", "properties": { "z": 4.5, "countyname": "臺北市", "townname": "內湖區" }, "geometry": { "type": "LineString", "coordinates": [ [ 121.574002814307747, 25.081645263263482 ], [ 121.574354494418003, 25.082147087966256 ], [ 121.574002814307732, 25.082608252401702 ], [ 121.572876728872586, 25.082147087966256 ], [ 121.574002814307747, 25.081645263263482 ] ] } },
{ "type": "Feature", "properties": { "z": 4.5, "countyname": "臺北市", "townname": "內湖區" }, "geometry": { "type": "LineString", "coordinates": [ [ 121.578691882444645, 25.081397789889131 ], [ 121.579273265655246, 25.082147087966256 ], [ 121.578691882444645, 25.082444507276733 ], [ 121.578328529995389, 25.082147087966256 ], [ 121.578691882444645, 25.081397789889131 ] ] } },
{ "type": "Feature", "properties": { "z": 4.5, "countyname": "臺北市", "townname": "士林區" }, "geometry": { "type": "LineString", "coordinates": [ [ 121.518906263699208, 25.082907501976614 ], [ 121.519575220059281, 25.08332077236469 ], [ 121.518906263699208, 25.083742803083467 ], [ 121.518078300522973, 25.08332077236469 ], [ 121.518906263699208, 25.082907501976614 ] ] } },
{ "type": "Feature", "properties": { "z": 4.5, "countyname": "臺北市", "townname": "中山區" }, "geometry": { "type": "LineString", "coordinates": [ [ 121.556418808794376, 25.083042868197136 ], [ 121.557591075828611, 25.082932305952177 ], [ 121.558201718696353, 25.08332077236469 ], [ 121.557730216120248, 25.084494456763128 ], [ 121.557591075828611, 25.084582572363026 ], [ 121.557281898737017, 25.084494456763128 ], [ 121.556418808794376, 25.083913585270832 ], [ 121.556248657458369, 25.08332077236469 ], [ 121.556418808794376, 25.083042868197136 ] ] } },
{ "type": "Feature", "properties": { "z": 4.5, "countyname": "臺北市", "townname": "內湖區" }, "geometry": { "type": "LineString", "coordinates": [ [ 121.575175081341982, 25.083242781945348 ], [ 121.575311300163719, 25.08332077236469 ], [ 121.575175081341982, 25.083398762784036 ], [ 121.575061299650656, 25.08332077236469 ], [ 121.575175081341982, 25.083242781945348 ] ] } },
{ "type": "Feature", "properties": { "z": 4.5, "countyname": "臺北市", "townname": "士林區" }, "geometry": { "type": "LineString", "coordinates": [ [ 121.509528127425412, 25.084476231974026 ], [ 121.509532851949757, 25.084494456763128 ], [ 121.509528127425398, 25.08451602759818 ], [ 121.50952289492281, 25.084494456763128 ], [ 121.509528127425412, 25.084476231974026 ] ] } },
{ "type": "Feature", "properties": { "z": 4.5, "countyname": "臺北市", "townname": "士林區" }, "geometry": { "type": "LineString", "coordinates": [ [ 121.517733996664987, 25.083897309914018 ], [ 121.517962280413343, 25.084494456763128 ], [ 121.517733996664987, 25.08539733592719 ], [ 121.517533111583973, 25.084494456763125 ], [ 121.517733996664987, 25.083897309914018 ] ] } },
{ "type": "Feature", "properties": { "z": 4.5, "countyname": "臺北市", "townname": "士林區" }, "geometry": { "type": "LineString", "coordinates": [ [ 121.522423064801885, 25.084333009272701 ], [ 121.52258810601576, 25.084494456763128 ], [ 121.522423064801899, 25.084760547649822 ], [ 121.522127570784377, 25.084494456763128 ], [ 121.522423064801885, 25.084333009272701 ] ] } },
{ "type": "Feature", "properties": { "z": 4.5, "countyname": "臺北市", "townname": "內湖區" }, "geometry": { "type": "LineString", "coordinates": [ [ 121.566969212102393, 25.084206995543315 ], [ 121.567332228854127, 25.084494456763125 ], [ 121.566969212102393, 25.084647077945434 ], [ 121.566829223347384, 25.084494456763128 ], [ 121.566969212102393, 25.084206995543315 ] ] } },
{ "type": "Feature", "properties": { "z": 4.5, "countyname": "臺北市", "townname": "內湖區" }, "geometry": { "type": "LineString", "coordinates": [ [ 121.599792689060678, 25.08434726829088 ], [ 121.599946022959003, 25.084494456763128 ], [ 121.599792689060678, 25.084616651226291 ], [ 121.599289466245708, 25.084494456763128 ], [ 121.599792689060678, 25.08434726829088 ] ] } },
{ "type": "Feature", "properties": { "z": 4.5, "countyname": "臺北市", "townname": "內湖區" }, "geometry": { "type": "LineString", "coordinates": [ [ 121.590414552786882, 25.085474699991583 ], [ 121.591586819821089, 25.08528969189215 ], [ 121.592071804477783, 25.085668141161563 ], [ 121.591586819821103, 25.085957204415589 ], [ 121.590414552786882, 25.085928868931859 ], [ 121.590198170262695, 25.085668141161563 ], [ 121.590414552786882, 25.085474699991583 ] ] } },
{ "type": "Feature", "properties": { "z": 4.5, "countyname": "臺北市", "townname": "士林區" }, "geometry": { "type": "LineString", "coordinates": [ [ 121.525939865904547, 25.086298583145844 ], [ 121.52628104707486, 25.086841825559997 ], [ 121.526406941928727, 25.088015509958435 ], [ 121.527112132938768, 25.089108325015324 ], [ 121.527134725954539, 25.089189194356869 ], [ 121.527112132938768, 25.089283776756542 ], [ 121.525939865904547, 25.089531928119275 ], [ 121.524767598870326, 25.090112901307798 ], [ 121.52372404245304, 25.089189194356869 ], [ 121.523595331836106, 25.089077501005352 ], [ 121.523127333187148, 25.088015509958435 ], [ 121.523595331836091, 25.087663404638903 ], [ 121.52442118905941, 25.088015509958435 ], [ 121.524767598870326, 25.088402490102624 ], [ 121.525398273723539, 25.088015509958435 ], [ 121.525531846883766, 25.086841825559997 ], [ 121.525939865904547, 25.086298583145844 ] ] } },
{ "type": "Feature", "properties": { "z": 4.5, "countyname": "臺北市", "townname": "士林區" }, "geometry": { "type": "LineString", "coordinates": [ [ 121.508355860391177, 25.089163873903672 ], [ 121.508629798333487, 25.089189194356869 ], [ 121.508355860391177, 25.089210954008884 ], [ 121.508321110373629, 25.089189194356869 ], [ 121.508355860391177, 25.089163873903672 ] ] } },
{ "type": "Feature", "properties": { "z": 4.5, "countyname": "臺北市", "townname": "士林區" }, "geometry": { "type": "LineString", "coordinates": [ [ 121.525939865904547, 25.091639051784721 ], [ 121.527112132938768, 25.09251645620601 ], [ 121.527332338293633, 25.092710247552176 ], [ 121.527112132938768, 25.092881673848616 ], [ 121.526160169020002, 25.093883931950611 ], [ 121.527100942599816, 25.095057616349049 ], [ 121.525939865904547, 25.095584690327762 ], [ 121.524908088431189, 25.096231300747483 ], [ 121.52490779133737, 25.097404985145921 ], [ 121.524767598870312, 25.097562984638245 ], [ 121.524467148367307, 25.097404985145921 ], [ 121.524376254903899, 25.09623130074748 ], [ 121.523595331836106, 25.095918563052653 ], [ 121.522441846841375, 25.095057616349049 ], [ 121.523595331836106, 25.094621714265838 ], [ 121.524767598870326, 25.094477841791221 ], [ 121.525455233781358, 25.093883931950611 ], [ 121.525551448209683, 25.092710247552176 ], [ 121.525939865904547, 25.091639051784721 ] ] } },
{ "type": "Feature", "properties": { "z": 4.5, "countyname": "臺北市", "townname": "士林區" }, "geometry": { "type": "LineString", "coordinates": [ [ 121.528284399972989, 25.095740535010751 ], [ 121.528547096750373, 25.096231300747483 ], [ 121.528284399973003, 25.096494315146177 ], [ 121.527969481698406, 25.096231300747483 ], [ 121.528284399972989, 25.095740535010751 ] ] } },
{ "type": "Feature", "properties": { "z": 4.5, "countyname": "臺北市", "townname": "士林區" }, "geometry": { "type": "LineString", "coordinates": [ [ 121.523595331836106, 25.101741972630233 ], [ 121.524767598870326, 25.101812500965099 ], [ 121.525198756742853, 25.102099722739663 ], [ 121.525228527660701, 25.103273407138097 ], [ 121.524767598870326, 25.103431698290052 ], [ 121.524475152296603, 25.103273407138097 ], [ 121.523595331836106, 25.10250368270713 ], [ 121.523020217006973, 25.103273407138097 ], [ 121.522860980561447, 25.104447091536535 ], [ 121.522423064801899, 25.104944377697169 ], [ 121.521250797767649, 25.104834798961704 ], [ 121.520899117657379, 25.104447091536535 ], [ 121.520078530733429, 25.103393041624802 ], [ 121.519956998336738, 25.103273407138097 ], [ 121.520078530733414, 25.103128105816388 ], [ 121.521250797767649, 25.102963605074308 ], [ 121.522423064801885, 25.102498947161028 ], [ 121.523014964757451, 25.102099722739663 ], [ 121.523595331836106, 25.101741972630233 ] ] } },
{ "type": "Feature", "properties": { "z": 4.5, "countyname": "臺北市", "townname": "士林區" }, "geometry": { "type": "LineString", "coordinates": [ [ 121.524767598870326, 25.106705193728573 ], [ 121.525939865904533, 25.106454555401765 ], [ 121.5263362391063, 25.106794460333404 ], [ 121.525939865904562, 25.107374380600739 ], [ 121.524767598870326, 25.106872966962381 ], [ 121.52468538770944, 25.106794460333408 ], [ 121.524767598870326, 25.106705193728573 ] ] } },
{ "type": "Feature", "properties": { "z": 4.5, "countyname": "臺北市", "townname": "士林區" }, "geometry": { "type": "LineString", "coordinates": [ [ 121.528284399973003, 25.107416137053491 ], [ 121.52945666700721, 25.107480200453672 ], [ 121.52998066356399, 25.107968144731842 ], [ 121.529456667007224, 25.10843375650526 ], [ 121.528284399973003, 25.109067765065472 ], [ 121.527890830329653, 25.107968144731842 ], [ 121.528284399973003, 25.107416137053491 ] ] } },
{ "type": "Feature", "properties": { "z": 4.5, "countyname": "臺北市", "townname": "士林區" }, "geometry": { "type": "LineString", "coordinates": [ [ 121.532973468109887, 25.107908797016179 ], [ 121.533028295304305, 25.107968144731842 ], [ 121.532973468109901, 25.108311377903181 ], [ 121.532904688974071, 25.107968144731842 ], [ 121.532973468109887, 25.107908797016179 ] ] } },
{ "type": "Feature", "properties": { "z": 4.5, "countyname": "臺北市", "townname": "北投區" }, "geometry": { "type": "LineString", "coordinates": [ [ 121.468662554611512, 25.11093809709287 ], [ 121.468498781227566, 25.111475501149755 ], [ 121.468434083963629, 25.111020344200366 ] ] } },
{ "type": "Feature", "properties": { "z": 4.5, "countyname": "臺北市", "townname": "士林區" }, "geometry": { "type": "MultiLineString", "coordinates": [ [ [ 121.468498781227566, 25.108874897174577 ], [ 121.469168448801469, 25.109141829130277 ], [ 121.468852286370662, 25.110315513528711 ], [ 121.468662554611512, 25.11093809709287 ] ], [ [ 121.468434083963629, 25.111020344200366 ], [ 121.46833389738832, 25.110315513528707 ], [ 121.468148319336734, 25.109141829130277 ], [ 121.468498781227566, 25.108874897174577 ] ] ] } },
{ "type": "Feature", "properties": { "z": 4.5, "countyname": "臺北市", "townname": "士林區" }, "geometry": { "type": "LineString", "coordinates": [ [ 121.523595331836106, 25.109001687260797 ], [ 121.524767598870326, 25.108909829121401 ], [ 121.525353477225735, 25.109141829130277 ], [ 121.524767598870326, 25.109492166113871 ], [ 121.52359533183612, 25.109422456663733 ], [ 121.523464538144864, 25.109141829130277 ], [ 121.523595331836106, 25.109001687260797 ] ] } },
{ "type": "Feature", "properties": { "z": 4.5, "countyname": "臺北市", "townname": "士林區" }, "geometry": { "type": "LineString", "coordinates": [ [ 121.534145735144122, 25.110293918970243 ], [ 121.534183230804942, 25.110315513528715 ], [ 121.534145735144122, 25.11034199019063 ], [ 121.534127127181449, 25.110315513528711 ], [ 121.534145735144122, 25.110293918970243 ] ] } },
{ "type": "Feature", "properties": { "z": 4.5, "countyname": "臺北市", "townname": "北投區" }, "geometry": { "type": "LineString", "coordinates": [ [ 121.514217195562296, 25.111019020274501 ], [ 121.514739105048562, 25.111489197927146 ], [ 121.51421719556231, 25.111902901782319 ], [ 121.513853743400674, 25.111489197927146 ], [ 121.514217195562296, 25.111019020274501 ] ] } },
{ "type": "Feature", "properties": { "z": 4.5, "countyname": "臺北市", "townname": "士林區" }, "geometry": { "type": "LineString", "coordinates": [ [ 121.529456667007224, 25.110337952283682 ], [ 121.530093517641447, 25.111489197927149 ], [ 121.529838855119536, 25.112662882325584 ], [ 121.529456667007224, 25.113171189615365 ], [ 121.528607908127825, 25.112662882325584 ], [ 121.528671160196637, 25.111489197927149 ], [ 121.529456667007224, 25.110337952283682 ] ] } },
{ "type": "Feature", "properties": { "z": 4.5, "countyname": "臺北市", "townname": "北投區" }, "geometry": { "type": "LineString", "coordinates": [ [ 121.511872661493868, 25.112400859810144 ], [ 121.512966572234149, 25.112662882325584 ], [ 121.511872661493854, 25.112905648412855 ], [ 121.511590772702519, 25.112662882325584 ], [ 121.511872661493868, 25.112400859810144 ] ] } },
{ "type": "Feature", "properties": { "z": 4.5, "countyname": "臺北市", "townname": "士林區" }, "geometry": { "type": "LineString", "coordinates": [ [ 121.537662536246799, 25.112343008450573 ], [ 121.538059231993358, 25.112662882325584 ], [ 121.537662536246799, 25.112979245544103 ], [ 121.537166824388336, 25.112662882325587 ], [ 121.537662536246799, 25.112343008450573 ] ] } },
{ "type": "Feature", "properties": { "z": 4.5, "countyname": "臺北市", "townname": "北投區" }, "geometry": { "type": "LineString", "coordinates": [ [ 121.510700394459633, 25.113766555808155 ], [ 121.51075860549831, 25.113836566724018 ], [ 121.510700394459633, 25.114084336630231 ], [ 121.510655678550137, 25.113836566724018 ], [ 121.510700394459633, 25.113766555808155 ] ] } },
{ "type": "Feature", "properties": { "z": 4.5, "countyname": "臺北市", "townname": "北投區" }, "geometry": { "type": "LineString", "coordinates": [ [ 121.523595331836106, 25.113511663951734 ], [ 121.523839206406947, 25.113836566724018 ], [ 121.523595331836106, 25.114101486112258 ], [ 121.523207192140219, 25.113836566724018 ], [ 121.523595331836106, 25.113511663951734 ] ] } },
{ "type": "Feature", "properties": { "z": 4.5, "countyname": "臺北市", "townname": "北投區" }, "geometry": { "type": "LineString", "coordinates": [ [ 121.508355860391191, 25.114736739038353 ], [ 121.509528127425412, 25.11473149432214 ], [ 121.510322462086208, 25.115010251122456 ], [ 121.509528127425412, 25.115814364198279 ], [ 121.508355860391191, 25.115497156566644 ], [ 121.507930300787478, 25.115010251122456 ], [ 121.508355860391191, 25.114736739038353 ] ] } },
{ "type": "Feature", "properties": { "z": 4.5, "countyname": "臺北市", "townname": "北投區" }, "geometry": { "type": "LineString", "coordinates": [ [ 121.516561729630752, 25.115831830201358 ], [ 121.517733996664987, 25.115964004680176 ], [ 121.517997783322954, 25.11618393552089 ], [ 121.517733996665001, 25.116350589037474 ], [ 121.516881427990072, 25.117357619919328 ], [ 121.516561729630752, 25.117966361296538 ], [ 121.516220638282164, 25.117357619919328 ], [ 121.515903285557528, 25.11618393552089 ], [ 121.516561729630752, 25.115831830201358 ] ] } },
{ "type": "Feature", "properties": { "z": 4.5, "countyname": "臺北市", "townname": "北投區" }, "geometry": { "type": "LineString", "coordinates": [ [ 121.507183593356956, 25.117146578095117 ], [ 121.507442200742332, 25.117357619919328 ], [ 121.507183593356956, 25.117744157882129 ], [ 121.507015238998292, 25.117357619919328 ], [ 121.507183593356956, 25.117146578095117 ] ] } },
{ "type": "Feature", "properties": { "z": 4.5, "countyname": "臺北市", "townname": "北投區" }, "geometry": { "type": "LineString", "coordinates": [ [ 121.513044928528089, 25.117041661962212 ], [ 121.513410623080929, 25.117357619919332 ], [ 121.513044928528089, 25.117633720099843 ], [ 121.512552075256821, 25.117357619919328 ], [ 121.513044928528089, 25.117041661962212 ] ] } },
{ "type": "Feature", "properties": { "z": 4.5, "countyname": "臺北市", "townname": "士林區" }, "geometry": { "type": "LineString", "coordinates": [ [ 121.532973468109901, 25.116948474735725 ], [ 121.533241822057079, 25.117357619919328 ], [ 121.532973468109901, 25.118285673219791 ], [ 121.531933297647797, 25.117357619919328 ], [ 121.532973468109901, 25.116948474735725 ] ] } },
{ "type": "Feature", "properties": { "z": 4.5, "countyname": "臺北市", "townname": "士林區" }, "geometry": { "type": "LineString", "coordinates": [ [ 121.525939865904547, 25.118166756812084 ], [ 121.527112132938768, 25.118164685298201 ], [ 121.528284399973003, 25.118454538444922 ], [ 121.529456667007238, 25.118114877022851 ], [ 121.530628934041445, 25.118244709803879 ], [ 121.531455183492653, 25.118531304317763 ], [ 121.530628934041445, 25.119381512260382 ], [ 121.529456667007224, 25.119550952899509 ], [ 121.528284399973003, 25.118645594734399 ], [ 121.527578498062752, 25.119704988716197 ], [ 121.527112132938768, 25.120319295747439 ], [ 121.526345743650054, 25.119704988716197 ], [ 121.525939865904547, 25.119298620232179 ], [ 121.52525217683386, 25.118531304317763 ], [ 121.525939865904547, 25.118166756812084 ] ] } },
{ "type": "Feature", "properties": { "z": 4.5, "countyname": "臺北市", "townname": "北投區" }, "geometry": { "type": "LineString", "coordinates": [ [ 121.51421719556231, 25.119592589941327 ], [ 121.514616808081485, 25.119704988716197 ], [ 121.51421719556231, 25.119882318957725 ], [ 121.5141049325224, 25.119704988716197 ], [ 121.51421719556231, 25.119592589941327 ] ] } },
{ "type": "Feature", "properties": { "z": 4.5, "countyname": "臺北市", "townname": "北投區" }, "geometry": { "type": "LineString", "coordinates": [ [ 121.467326514193346, 25.120437806223659 ], [ 121.467766231163495, 25.120878673114635 ], [ 121.467736463416998, 25.12205235751307 ], [ 121.467326514193331, 25.122478495452174 ], [ 121.466895125677766, 25.12205235751307 ], [ 121.466929900558128, 25.120878673114635 ], [ 121.467326514193346, 25.120437806223659 ] ] } },
{ "type": "Feature", "properties": { "z": 4.5, "countyname": "臺北市", "townname": "士林區" }, "geometry": { "type": "LineString", "coordinates": [ [ 121.532973468109901, 25.124213151496431 ], [ 121.53325685265682, 25.124399726309942 ], [ 121.532973468109901, 25.124584313988649 ], [ 121.532785486743876, 25.124399726309942 ], [ 121.532973468109901, 25.124213151496431 ] ] } },
{ "type": "Feature", "properties": { "z": 4.5, "countyname": "臺北市", "townname": "北投區" }, "geometry": { "type": "LineString", "coordinates": [ [ 121.501322258185837, 25.125286898391956 ], [ 121.501992782533208, 25.125573410708377 ], [ 121.501912605092599, 25.126747095106811 ], [ 121.501322258185837, 25.127885518012839 ], [ 121.500760579961593, 25.126747095106811 ], [ 121.501046412681035, 25.125573410708377 ], [ 121.501322258185837, 25.125286898391956 ] ] } },
{ "type": "Feature", "properties": { "z": 4.5, "countyname": "臺北市", "townname": "北投區" }, "geometry": { "type": "LineString", "coordinates": [ [ 121.468498781227581, 25.12748795961965 ], [ 121.468859977126641, 25.127920779505249 ], [ 121.468498781227566, 25.128260127075922 ], [ 121.467800657604243, 25.127920779505249 ], [ 121.468498781227581, 25.12748795961965 ] ] } },
{ "type": "Feature", "properties": { "z": 4.5, "countyname": "臺北市", "townname": "北投區" }, "geometry": { "type": "LineString", "coordinates": [ [ 121.475532383432906, 25.130274354907787 ], [ 121.476423541035416, 25.131441832700556 ], [ 121.476704650467127, 25.131810105403304 ], [ 121.477319436255954, 25.132615517098991 ], [ 121.476704650467127, 25.132765667448638 ], [ 121.475532383432906, 25.133023590007063 ], [ 121.474602316624598, 25.132615517098991 ], [ 121.474891625764243, 25.131441832700556 ], [ 121.475532383432906, 25.130274354907787 ] ] } },
{ "type": "Feature", "properties": { "z": 4.5, "countyname": "臺北市", "townname": "北投區" }, "geometry": { "type": "LineString", "coordinates": [ [ 121.498977724117395, 25.132327628703663 ], [ 121.499596618592363, 25.132615517098991 ], [ 121.498977724117395, 25.133404670701214 ], [ 121.498498331771557, 25.132615517098991 ], [ 121.498977724117395, 25.132327628703663 ] ] } },
{ "type": "Feature", "properties": { "z": 4.5, "countyname": "臺北市", "townname": "北投區" }, "geometry": { "type": "LineString", "coordinates": [ [ 121.501322258185837, 25.131985352991308 ], [ 121.502494525220072, 25.1318027055074 ], [ 121.502886704197593, 25.132615517098991 ], [ 121.502790784028988, 25.133789201497425 ], [ 121.502494525220072, 25.134315465242668 ], [ 121.501938239628686, 25.133789201497422 ], [ 121.501322258185851, 25.133181282516592 ], [ 121.50082829976121, 25.132615517098991 ], [ 121.501322258185837, 25.131985352991308 ] ] } },
{ "type": "Feature", "properties": { "z": 4.5, "countyname": "臺北市", "townname": "北投區" }, "geometry": { "type": "LineString", "coordinates": [ [ 121.498977724117395, 25.134405980091898 ], [ 121.499222142525326, 25.134962885895863 ], [ 121.498977724117395, 25.135465584974483 ], [ 121.498755278096127, 25.134962885895863 ], [ 121.498977724117395, 25.134405980091898 ] ] } },
{ "type": "Feature", "properties": { "z": 4.5, "countyname": "臺北市", "townname": "北投區" }, "geometry": { "type": "LineString", "coordinates": [ [ 121.503666792254293, 25.135929098384931 ], [ 121.50444977322293, 25.136136570294298 ], [ 121.503666792254293, 25.136868341858104 ], [ 121.503263342635307, 25.136136570294301 ], [ 121.503666792254293, 25.135929098384931 ] ] } },
{ "type": "Feature", "properties": { "z": 4.5, "countyname": "臺北市", "townname": "士林區" }, "geometry": { "type": "LineString", "coordinates": [ [ 121.541179337349448, 25.137007882735844 ], [ 121.542351604383683, 25.137009237185939 ], [ 121.542806600544338, 25.137310254692736 ], [ 121.542351604383668, 25.137789537024144 ], [ 121.541179337349462, 25.137624291228988 ], [ 121.540902016159237, 25.137310254692736 ], [ 121.541179337349448, 25.137007882735844 ] ] } },
{ "type": "Feature", "properties": { "z": 4.5, "countyname": "臺北市", "townname": "北投區" }, "geometry": { "type": "LineString", "coordinates": [ [ 121.498977724117395, 25.137983034240794 ], [ 121.499274498048052, 25.138483939091167 ], [ 121.498977724117395, 25.138796372218405 ], [ 121.498624303409414, 25.13848393909117 ], [ 121.498977724117395, 25.137983034240794 ] ] } },
{ "type": "Feature", "properties": { "z": 4.5, "countyname": "臺北市", "townname": "北投區" }, "geometry": { "type": "LineString", "coordinates": [ [ 121.501322258185837, 25.13920453349828 ], [ 121.501679647695525, 25.139657623489605 ], [ 121.501322258185851, 25.139981719759479 ], [ 121.50037458532087, 25.139657623489605 ], [ 121.501322258185837, 25.13920453349828 ] ] } },
{ "type": "Feature", "properties": { "z": 4.5, "countyname": "臺北市", "townname": "北投區" }, "geometry": { "type": "LineString", "coordinates": [ [ 121.500149991151616, 25.139861824827804 ], [ 121.50050204779113, 25.140831307888043 ], [ 121.500440584521925, 25.142004992286477 ], [ 121.500149991151616, 25.142257740360289 ], [ 121.499857609150524, 25.142004992286473 ], [ 121.499266423349155, 25.140831307888043 ], [ 121.500149991151616, 25.139861824827804 ] ] } },
{ "type": "Feature", "properties": { "z": 5.5, "countyname": "臺北市", "townname": "文山區" }, "geometry": { "type": "LineString", "coordinates": [ [ 121.557591075828611, 24.981092176680129 ], [ 121.557783424131117, 24.981210229700785 ], [ 121.557591075828626, 24.981349341267393 ], [ 121.557464660638374, 24.981210229700785 ], [ 121.557591075828611, 24.981092176680129 ] ] } },
{ "type": "Feature", "properties": { "z": 5.5, "countyname": "臺北市", "townname": "文山區" }, "geometry": { "type": "LineString", "coordinates": [ [ 121.566969212102393, 24.983220359910668 ], [ 121.567534344928205, 24.983557598497654 ], [ 121.566969212102393, 24.983675926942375 ], [ 121.566675596118714, 24.983557598497654 ], [ 121.566969212102393, 24.983220359910668 ] ] } },
{ "type": "Feature", "properties": { "z": 5.5, "countyname": "臺北市", "townname": "文山區" }, "geometry": { "type": "LineString", "coordinates": [ [ 121.562280143965495, 24.984425604083761 ], [ 121.562495671012002, 24.984731282896092 ], [ 121.562280143965495, 24.984811419862243 ], [ 121.561997474171363, 24.984731282896092 ], [ 121.562280143965495, 24.984425604083761 ] ] } },
{ "type": "Feature", "properties": { "z": 5.5, "countyname": "臺北市", "townname": "文山區" }, "geometry": { "type": "LineString", "coordinates": [ [ 121.550557473623257, 24.986947096950026 ], [ 121.550695965864591, 24.987078651692961 ], [ 121.550557473623257, 24.987349340660124 ], [ 121.550467554497047, 24.987078651692961 ], [ 121.550557473623257, 24.986947096950026 ] ] } },
{ "type": "Feature", "properties": { "z": 5.5, "countyname": "臺北市", "townname": "文山區" }, "geometry": { "type": "LineString", "coordinates": [ [ 121.568141479136628, 24.986927858467354 ], [ 121.568383557374275, 24.987078651692961 ], [ 121.568961057895791, 24.988252336091399 ], [ 121.568141479136628, 24.98839571559877 ], [ 121.567936980088959, 24.988252336091399 ], [ 121.568031232923943, 24.987078651692961 ], [ 121.568141479136628, 24.986927858467354 ] ] } },
{ "type": "Feature", "properties": { "z": 5.5, "countyname": "臺北市", "townname": "文山區" }, "geometry": { "type": "LineString", "coordinates": [ [ 121.577519615410409, 24.986885421078387 ], [ 121.578092254880588, 24.987078651692961 ], [ 121.577519615410409, 24.987563088818202 ], [ 121.577081961165717, 24.987078651692965 ], [ 121.577519615410409, 24.986885421078387 ] ] } },
{ "type": "Feature", "properties": { "z": 5.5, "countyname": "臺北市", "townname": "文山區" }, "geometry": { "type": "LineString", "coordinates": [ [ 121.574002814307747, 24.987992807927359 ], [ 121.574557250890166, 24.988252336091399 ], [ 121.574002814307761, 24.988459416438562 ], [ 121.573778632663931, 24.988252336091399 ], [ 121.574002814307747, 24.987992807927359 ] ] } },
{ "type": "Feature", "properties": { "z": 5.5, "countyname": "臺北市", "townname": "文山區" }, "geometry": { "type": "LineString", "coordinates": [ [ 121.576347348376189, 24.987814152687868 ], [ 121.576831200485685, 24.988252336091399 ], [ 121.576347348376189, 24.988379970245258 ], [ 121.575792911793755, 24.988252336091399 ], [ 121.576347348376189, 24.987814152687868 ] ] } },
{ "type": "Feature", "properties": { "z": 5.5, "countyname": "臺北市", "townname": "文山區" }, "geometry": { "type": "LineString", "coordinates": [ [ 121.541179337349476, 24.98926063692069 ], [ 121.541712856008374, 24.989426020489837 ], [ 121.541625618833649, 24.990599704888268 ], [ 121.541340749800071, 24.991773389286706 ], [ 121.541179337349476, 24.992295922785605 ], [ 121.540007070315241, 24.991939975885749 ], [ 121.539905781913006, 24.991773389286706 ], [ 121.540007070315241, 24.991624026504919 ], [ 121.540964069818344, 24.990599704888268 ], [ 121.541059651136734, 24.989426020489834 ], [ 121.541179337349476, 24.98926063692069 ] ] } },
{ "type": "Feature", "properties": { "z": 5.5, "countyname": "臺北市", "townname": "文山區" }, "geometry": { "type": "LineString", "coordinates": [ [ 121.549385206589037, 24.98926596615296 ], [ 121.549632951637463, 24.989426020489834 ], [ 121.549385206589037, 24.990026282661965 ], [ 121.549206424960687, 24.989426020489834 ], [ 121.549385206589037, 24.98926596615296 ] ] } },
{ "type": "Feature", "properties": { "z": 5.5, "countyname": "臺北市", "townname": "文山區" }, "geometry": { "type": "LineString", "coordinates": [ [ 121.559935609897053, 24.989346578556912 ], [ 121.559979387409101, 24.989426020489834 ], [ 121.559935609897053, 24.989467047699108 ], [ 121.559841737988151, 24.989426020489834 ], [ 121.559935609897053, 24.989346578556912 ] ] } },
{ "type": "Feature", "properties": { "z": 5.5, "countyname": "臺北市", "townname": "文山區" }, "geometry": { "type": "LineString", "coordinates": [ [ 121.574002814307747, 24.992792672046768 ], [ 121.574135833234806, 24.992947073685141 ], [ 121.574002814307747, 24.993084388965443 ], [ 121.573435847201466, 24.992947073685141 ], [ 121.574002814307747, 24.992792672046768 ] ] } },
{ "type": "Feature", "properties": { "z": 5.5, "countyname": "臺北市", "townname": "文山區" }, "geometry": { "type": "LineString", "coordinates": [ [ 121.541179337349462, 24.994888945441474 ], [ 121.542019851286767, 24.995294442482013 ], [ 121.541179337349462, 24.995529509918239 ], [ 121.540983959510427, 24.995294442482013 ], [ 121.541179337349462, 24.994888945441474 ] ] } },
{ "type": "Feature", "properties": { "z": 5.5, "countyname": "臺北市", "townname": "文山區" }, "geometry": { "type": "LineString", "coordinates": [ [ 121.544696138452139, 24.995178690911658 ], [ 121.54586840548636, 24.995151491370688 ], [ 121.546099217075906, 24.995294442482013 ], [ 121.54586840548636, 24.995593121174025 ], [ 121.544696138452139, 24.995314459120689 ], [ 121.544691244876859, 24.995294442482013 ], [ 121.544696138452139, 24.995178690911658 ] ] } },
{ "type": "Feature", "properties": { "z": 5.5, "countyname": "臺北市", "townname": "文山區" }, "geometry": { "type": "LineString", "coordinates": [ [ 121.552902007691713, 24.997282973982568 ], [ 121.553506486112042, 24.997641811278882 ], [ 121.552902007691713, 24.99793615046503 ], [ 121.552734418862684, 24.997641811278879 ], [ 121.552902007691713, 24.997282973982568 ] ] } },
{ "type": "Feature", "properties": { "z": 5.5, "countyname": "臺北市", "townname": "文山區" }, "geometry": { "type": "LineString", "coordinates": [ [ 121.557591075828597, 24.998680195691328 ], [ 121.557990233833806, 24.99881549567732 ], [ 121.557591075828626, 24.998935397621459 ], [ 121.557218033428768, 24.998815495677317 ], [ 121.557591075828597, 24.998680195691328 ] ] } },
{ "type": "Feature", "properties": { "z": 5.5, "countyname": "臺北市", "townname": "文山區" }, "geometry": { "type": "LineString", "coordinates": [ [ 121.540007070315241, 24.9996887004576 ], [ 121.540128895753469, 24.999989180075755 ], [ 121.540007070315241, 25.000308282493126 ], [ 121.539585429649478, 24.999989180075758 ], [ 121.540007070315241, 24.9996887004576 ] ] } },
{ "type": "Feature", "properties": { "z": 5.5, "countyname": "臺北市", "townname": "文山區" }, "geometry": { "type": "LineString", "coordinates": [ [ 121.555246541760155, 24.999971055644156 ], [ 121.556418808794376, 24.99969553224723 ], [ 121.556506989931677, 24.999989180075755 ], [ 121.556418808794376, 25.000234385074627 ], [ 121.555415570075937, 25.001162864474193 ], [ 121.555246541760155, 25.001276914499535 ], [ 121.555045457990715, 25.001162864474193 ], [ 121.555228872535366, 24.999989180075758 ], [ 121.555246541760155, 24.999971055644156 ] ] } },
{ "type": "Feature", "properties": { "z": 5.5, "countyname": "臺北市", "townname": "文山區" }, "geometry": { "type": "LineString", "coordinates": [ [ 121.550557473623257, 25.00346852110864 ], [ 121.550592776733836, 25.003510233271065 ], [ 121.550557473623272, 25.003545579065911 ], [ 121.550521040542208, 25.003510233271061 ], [ 121.550557473623257, 25.00346852110864 ] ] } },
{ "type": "Feature", "properties": { "z": 5.5, "countyname": "臺北市", "townname": "中正區" }, "geometry": { "type": "LineString", "coordinates": [ [ 121.535318002178343, 25.012182493223076 ], [ 121.536053957210058, 25.012899708458548 ], [ 121.535318002178343, 25.013112756595962 ], [ 121.534998563673327, 25.012899708458548 ], [ 121.535318002178343, 25.012182493223076 ] ] } },
{ "type": "Feature", "properties": { "z": 5.5, "countyname": "臺北市", "townname": "中正區" }, "geometry": { "type": "LineString", "coordinates": [ [ 121.534145735144122, 25.013753568125367 ], [ 121.534358526000446, 25.014073392856986 ], [ 121.534145735144122, 25.01425235419498 ], [ 121.533475211799768, 25.014073392856982 ], [ 121.534145735144122, 25.013753568125367 ] ] } },
{ "type": "Feature", "properties": { "z": 5.5, "countyname": "臺北市", "townname": "中正區" }, "geometry": { "type": "MultiLineString", "coordinates": [ [ [ 121.531801201075666, 25.015108518055751 ], [ 121.532973468109901, 25.014575743194936 ], [ 121.533152213330695, 25.01524707725542 ], [ 121.532973468109901, 25.015687274416866 ], [ 121.532240866646418, 25.016420761653855 ], [ 121.532425426225601, 25.016605544380262 ] ], [ [ 121.530465806459006, 25.01847647092265 ], [ 121.530563336371983, 25.017594446052289 ], [ 121.53049101714096, 25.016420761653855 ], [ 121.530628934041445, 25.016225147587448 ], [ 121.531605823236632, 25.01524707725542 ], [ 121.531801201075666, 25.015108518055751 ] ] ] } },
{ "type": "Feature", "properties": { "z": 5.5, "countyname": "臺北市", "townname": "大安區" }, "geometry": { "type": "LineString", "coordinates": [ [ 121.532425425826432, 25.01660554398061 ], [ 121.532973468109901, 25.017154248890847 ], [ 121.533132914287734, 25.017594446052289 ], [ 121.533119944779259, 25.018768130450727 ], [ 121.533138423092652, 25.019941814849162 ], [ 121.533005367505524, 25.0211154992476 ], [ 121.532973468109901, 25.021182656161372 ], [ 121.532884498708853, 25.0211154992476 ], [ 121.531801201075666, 25.019993257759868 ], [ 121.531772793953763, 25.019941814849162 ], [ 121.530628934041431, 25.018944679692147 ], [ 121.530433556202411, 25.018768130450727 ], [ 121.530465806459006, 25.01847647092265 ] ] } },
{ "type": "Feature", "properties": { "z": 5.5, "countyname": "臺北市", "townname": "大安區" }, "geometry": { "type": "LineString", "coordinates": [ [ 121.550557473623257, 25.017473161063652 ], [ 121.550703586621907, 25.017594446052289 ], [ 121.550557473623257, 25.017799659362556 ], [ 121.550440246919834, 25.017594446052293 ], [ 121.550557473623257, 25.017473161063652 ] ] } },
{ "type": "Feature", "properties": { "z": 5.5, "countyname": "臺北市", "townname": "萬華區" }, "geometry": { "type": "LineString", "coordinates": [ [ 121.498977724117395, 25.018642615709144 ], [ 121.499477438507512, 25.018768130450727 ], [ 121.498977724117381, 25.018941510473109 ], [ 121.498851768097992, 25.018768130450724 ], [ 121.498977724117395, 25.018642615709144 ] ] } },
{ "type": "Feature", "properties": { "z": 5.5, "countyname": "臺北市", "townname": "萬華區" }, "geometry": { "type": "LineString", "coordinates": [ [ 121.496633190048939, 25.019800186583367 ], [ 121.497758666473985, 25.019941814849162 ], [ 121.496633190048939, 25.020146419432539 ], [ 121.496427403070427, 25.019941814849165 ], [ 121.496633190048939, 25.019800186583367 ] ] } },
{ "type": "Feature", "properties": { "z": 5.5, "countyname": "臺北市", "townname": "大安區" }, "geometry": { "type": "LineString", "coordinates": [ [ 121.552902007691713, 25.019924545945972 ], [ 121.55294600616763, 25.019941814849162 ], [ 121.552902007691713, 25.019951469409285 ], [ 121.552886218715031, 25.019941814849162 ], [ 121.552902007691713, 25.019924545945972 ] ] } },
{ "type": "Feature", "properties": { "z": 5.5, "countyname": "臺北市", "townname": "萬華區" }, "geometry": { "type": "LineString", "coordinates": [ [ 121.497805457083174, 25.022252068674455 ], [ 121.497851622026289, 25.022289183646034 ], [ 121.497805457083174, 25.022357706837095 ], [ 121.497770989498179, 25.022289183646034 ], [ 121.497805457083174, 25.022252068674455 ] ] } },
{ "type": "Feature", "properties": { "z": 5.5, "countyname": "臺北市", "townname": "大安區" }, "geometry": { "type": "LineString", "coordinates": [ [ 121.528284399973003, 25.021376331322742 ], [ 121.528567429992052, 25.022289183646034 ], [ 121.528284399973003, 25.022753401041392 ], [ 121.527792411871985, 25.022289183646034 ], [ 121.528284399973003, 25.021376331322742 ] ] } },
{ "type": "Feature", "properties": { "z": 5.5, "countyname": "臺北市", "townname": "大安區" }, "geometry": { "type": "LineString", "coordinates": [ [ 121.543523871417918, 25.02202774855682 ], [ 121.543629273919777, 25.022289183646034 ], [ 121.54373506425874, 25.023462868044469 ], [ 121.543871520175898, 25.024636552442907 ], [ 121.543645298663961, 25.025810236841341 ], [ 121.543704796981118, 25.026983921239779 ], [ 121.54409633210274, 25.028157605638214 ], [ 121.543609522387257, 25.029331290036648 ], [ 121.543679306731278, 25.030504974435079 ], [ 121.543523871417918, 25.030729399382054 ], [ 121.543422224375774, 25.030504974435082 ], [ 121.543210891935558, 25.029331290036648 ], [ 121.543239817577458, 25.028157605638214 ], [ 121.543224127037121, 25.026983921239776 ], [ 121.543340852956874, 25.025810236841341 ], [ 121.543363653130271, 25.024636552442907 ], [ 121.543019980325496, 25.023462868044469 ], [ 121.543282725134944, 25.022289183646034 ], [ 121.543523871417918, 25.02202774855682 ] ] } },
{ "type": "Feature", "properties": { "z": 5.5, "countyname": "臺北市", "townname": "大安區" }, "geometry": { "type": "LineString", "coordinates": [ [ 121.550557473623257, 25.022122392573859 ], [ 121.550705873512044, 25.022289183646034 ], [ 121.550557473623257, 25.022478940138566 ], [ 121.550371873009595, 25.022289183646034 ], [ 121.550557473623257, 25.022122392573859 ] ] } },
{ "type": "Feature", "properties": { "z": 5.5, "countyname": "臺北市", "townname": "萬華區" }, "geometry": { "type": "LineString", "coordinates": [ [ 121.500149991151616, 25.023265376128297 ], [ 121.501322258185837, 25.02338129649549 ], [ 121.501456904848666, 25.023462868044469 ], [ 121.501322258185851, 25.023524793795424 ], [ 121.500149991151631, 25.023674056395617 ], [ 121.500038228065634, 25.023462868044465 ], [ 121.500149991151616, 25.023265376128297 ] ] } },
{ "type": "Feature", "properties": { "z": 5.5, "countyname": "臺北市", "townname": "中正區" }, "geometry": { "type": "LineString", "coordinates": [ [ 121.521250797767649, 25.023361729267528 ], [ 121.522423064801885, 25.023341000494423 ], [ 121.522629853556168, 25.023462868044469 ], [ 121.522423064801885, 25.024049710243688 ], [ 121.521250797767649, 25.023571871328819 ], [ 121.521157243813022, 25.023462868044469 ], [ 121.521250797767649, 25.023361729267528 ] ] } },
{ "type": "Feature", "properties": { "z": 5.5, "countyname": "臺北市", "townname": "中正區" }, "geometry": { "type": "MultiLineString", "coordinates": [ [ [ 121.524767598870326, 25.023220907732004 ], [ 121.525056752645057, 25.023440093953791 ] ], [ [ 121.524979784828659, 25.023540035077975 ], [ 121.524767598870326, 25.023693044092006 ], [ 121.524560810116043, 25.023462868044469 ], [ 121.524767598870326, 25.023220907732004 ] ] ] } },
{ "type": "Feature", "properties": { "z": 5.5, "countyname": "臺北市", "townname": "大安區" }, "geometry": { "type": "LineString", "coordinates": [ [ 121.525056753148533, 25.023440094335438 ], [ 121.525086796569497, 25.023462868044469 ], [ 121.524979785522575, 25.023540034577582 ] ] } },
{ "type": "Feature", "properties": { "z": 5.5, "countyname": "臺北市", "townname": "中正區" }, "geometry": { "type": "LineString", "coordinates": [ [ 121.517733996664987, 25.024510072358744 ], [ 121.5178854972512, 25.024636552442907 ], [ 121.517733996664987, 25.024788784302547 ], [ 121.517547957195973, 25.024636552442907 ], [ 121.517733996664987, 25.024510072358744 ] ] } },
{ "type": "Feature", "properties": { "z": 5.5, "countyname": "臺北市", "townname": "中正區" }, "geometry": { "type": "MultiLineString", "coordinates": [ [ [ 121.523595331836106, 25.024621061989514 ], [ 121.523612922135271, 25.024636552442903 ], [ 121.523674839154651, 25.025362188902481 ] ], [ [ 121.521888063308992, 25.027834827886124 ], [ 121.521340190265832, 25.028157605638214 ], [ 121.521250797767649, 25.028187487333888 ], [ 121.521228193332774, 25.028157605638214 ], [ 121.521173661902623, 25.026983921239776 ], [ 121.521250797767649, 25.02690355148766 ], [ 121.52228444822687, 25.025810236841341 ], [ 121.522423064801885, 25.025223394642126 ], [ 121.523526431953684, 25.024636552442907 ], [ 121.523595331836106, 25.024621061989514 ] ] ] } },
{ "type": "Feature", "properties": { "z": 5.5, "countyname": "臺北市", "townname": "大安區" }, "geometry": { "type": "LineString", "coordinates": [ [ 121.523674838758851, 25.02536218426399 ], [ 121.523713070134562, 25.025810236841341 ], [ 121.52359533183612, 25.026264778378177 ], [ 121.52287705742549, 25.026983921239776 ], [ 121.522423064801885, 25.027519633369085 ], [ 121.521888061896561, 25.027834828718259 ] ] } },
{ "type": "Feature", "properties": { "z": 5.5, "countyname": "臺北市", "townname": "大安區" }, "geometry": { "type": "LineString", "coordinates": [ [ 121.528284399973003, 25.024172335047545 ], [ 121.529456667007224, 25.024057383628694 ], [ 121.529663899416462, 25.024636552442907 ], [ 121.529456667007224, 25.024958402177809 ], [ 121.528284399973003, 25.024778984558516 ], [ 121.527810132129886, 25.02463655244291 ], [ 121.528284399973003, 25.024172335047545 ] ] } },
{ "type": "Feature", "properties": { "z": 5.5, "countyname": "臺北市", "townname": "信義區" }, "geometry": { "type": "LineString", "coordinates": [ [ 121.56345241099973, 25.024440938376497 ], [ 121.563616141441855, 25.024636552442907 ], [ 121.563452410999716, 25.024868961592833 ], [ 121.563335184296307, 25.024636552442907 ], [ 121.56345241099973, 25.024440938376497 ] ] } },
{ "type": "Feature", "properties": { "z": 5.5, "countyname": "臺北市", "townname": "萬華區" }, "geometry": { "type": "LineString", "coordinates": [ [ 121.494288655980498, 25.025742877759356 ], [ 121.49433166354649, 25.025810236841338 ], [ 121.494288655980498, 25.02596589487958 ], [ 121.494248806779879, 25.025810236841341 ], [ 121.494288655980498, 25.025742877759356 ] ] } },
{ "type": "Feature", "properties": { "z": 5.5, "countyname": "臺北市", "townname": "萬華區" }, "geometry": { "type": "LineString", "coordinates": [ [ 121.496633190048939, 25.025684189790667 ], [ 121.496712315590159, 25.025810236841341 ], [ 121.496633190048939, 25.02589260457728 ], [ 121.496556999970338, 25.025810236841338 ], [ 121.496633190048939, 25.025684189790667 ] ] } },
{ "type": "Feature", "properties": { "z": 5.5, "countyname": "臺北市", "townname": "大安區" }, "geometry": { "type": "LineString", "coordinates": [ [ 121.551729740657478, 25.025611252246481 ], [ 121.551923284638491, 25.025810236841341 ], [ 121.551858649756454, 25.026983921239776 ], [ 121.551729740657478, 25.027340118307269 ], [ 121.551628078181309, 25.026983921239776 ], [ 121.551337793277, 25.025810236841341 ], [ 121.551729740657478, 25.025611252246481 ] ] } },
{ "type": "Feature", "properties": { "z": 5.5, "countyname": "臺北市", "townname": "萬華區" }, "geometry": { "type": "LineString", "coordinates": [ [ 121.495460923014718, 25.026920711167953 ], [ 121.495529158193534, 25.026983921239776 ], [ 121.495460923014718, 25.027211784007065 ], [ 121.495242860655424, 25.026983921239776 ], [ 121.495460923014718, 25.026920711167953 ] ] } },
{ "type": "Feature", "properties": { "z": 5.5, "countyname": "臺北市", "townname": "大安區" }, "geometry": { "type": "LineString", "coordinates": [ [ 121.524767598870326, 25.026893341350981 ], [ 121.524912033958842, 25.026983921239776 ], [ 121.524767598870326, 25.027074126585266 ], [ 121.524390933221341, 25.026983921239772 ], [ 121.524767598870326, 25.026893341350981 ] ] } },
{ "type": "Feature", "properties": { "z": 5.5, "countyname": "臺北市", "townname": "大安區" }, "geometry": { "type": "LineString", "coordinates": [ [ 121.540007070315241, 25.026816470778524 ], [ 121.540307304381983, 25.026983921239776 ], [ 121.540007070315255, 25.027265191820035 ], [ 121.539868232954774, 25.026983921239776 ], [ 121.540007070315241, 25.026816470778524 ] ] } },
{ "type": "Feature", "properties": { "z": 5.5, "countyname": "臺北市", "townname": "信義區" }, "geometry": { "type": "LineString", "coordinates": [ [ 121.556418808794376, 25.0267941477703 ], [ 121.556575659619327, 25.026983921239776 ], [ 121.556418808794376, 25.027538920226505 ], [ 121.555568523346125, 25.026983921239776 ], [ 121.556418808794376, 25.0267941477703 ] ] } },
{ "type": "Feature", "properties": { "z": 5.5, "countyname": "臺北市", "townname": "中正區" }, "geometry": { "type": "LineString", "coordinates": [ [ 121.506011326322721, 25.028102816300784 ], [ 121.506051623782227, 25.028157605638214 ], [ 121.506132246432955, 25.029331290036652 ], [ 121.506011326322735, 25.029424496975391 ], [ 121.505794624893412, 25.029331290036648 ], [ 121.505989526808378, 25.028157605638214 ], [ 121.506011326322721, 25.028102816300784 ] ] } },
{ "type": "Feature", "properties": { "z": 5.5, "countyname": "臺北市", "townname": "大安區" }, "geometry": { "type": "LineString", "coordinates": [ [ 121.541179337349476, 25.027954221282158 ], [ 121.541338748998584, 25.028157605638217 ], [ 121.541179337349462, 25.028339241971931 ], [ 121.540990610182476, 25.028157605638214 ], [ 121.541179337349476, 25.027954221282158 ] ] } },
{ "type": "Feature", "properties": { "z": 5.5, "countyname": "臺北市", "townname": "大安區" }, "geometry": { "type": "LineString", "coordinates": [ [ 121.547040672520581, 25.028155634535562 ], [ 121.548212939554816, 25.028101283431763 ], [ 121.54828218362276, 25.02815760563821 ], [ 121.548212939554816, 25.028242484558316 ], [ 121.547040672520581, 25.028159227495124 ], [ 121.547035399551746, 25.028157605638214 ], [ 121.547040672520581, 25.028155634535562 ] ] } },
{ "type": "Feature", "properties": { "z": 5.5, "countyname": "臺北市", "townname": "大安區" }, "geometry": { "type": "LineString", "coordinates": [ [ 121.550557473623272, 25.02806406408979 ], [ 121.550890834404001, 25.028157605638214 ], [ 121.550557473623272, 25.028482242472084 ], [ 121.55045069627964, 25.028157605638214 ], [ 121.550557473623272, 25.02806406408979 ] ] } },
{ "type": "Feature", "properties": { "z": 5.5, "countyname": "臺北市", "townname": "信義區" }, "geometry": { "type": "LineString", "coordinates": [ [ 121.564624678033951, 25.027844974060645 ], [ 121.564763785463768, 25.028157605638217 ], [ 121.564624678033951, 25.028240875048532 ], [ 121.564381708267462, 25.028157605638214 ], [ 121.564624678033951, 25.027844974060645 ] ] } },
{ "type": "Feature", "properties": { "z": 5.5, "countyname": "臺北市", "townname": "信義區" }, "geometry": { "type": "LineString", "coordinates": [ [ 121.569313746170849, 25.02811375347336 ], [ 121.569354053536287, 25.028157605638214 ], [ 121.569313746170835, 25.028203702377596 ], [ 121.569236436135782, 25.028157605638214 ], [ 121.569313746170849, 25.02811375347336 ] ] } },
{ "type": "Feature", "properties": { "z": 5.5, "countyname": "臺北市", "townname": "大安區" }, "geometry": { "type": "LineString", "coordinates": [ [ 121.554074274725934, 25.029236059312623 ], [ 121.554410534830268, 25.029331290036648 ], [ 121.555202955975048, 25.030504974435082 ], [ 121.55430204273874, 25.031678658833521 ], [ 121.555246541760155, 25.032624299829489 ], [ 121.55550037749309, 25.032852343231955 ], [ 121.555246541760155, 25.033308122527124 ], [ 121.554074274725934, 25.033289423916376 ], [ 121.553211408364874, 25.032852343231955 ], [ 121.552902007691713, 25.0326507896857 ], [ 121.552690748872138, 25.031678658833521 ], [ 121.552484700556377, 25.030504974435079 ], [ 121.552902007691713, 25.030323530772446 ], [ 121.55393853584853, 25.029331290036652 ], [ 121.554074274725934, 25.029236059312623 ] ] } },
{ "type": "Feature", "properties": { "z": 5.5, "countyname": "臺北市", "townname": "大安區" }, "geometry": { "type": "LineString", "coordinates": [ [ 121.556418808794376, 25.028858767776747 ], [ 121.556970028248202, 25.029331290036648 ], [ 121.556418808794376, 25.02948460021047 ], [ 121.556069909598492, 25.029331290036648 ], [ 121.556418808794376, 25.028858767776747 ] ] } },
{ "type": "Feature", "properties": { "z": 5.5, "countyname": "臺北市", "townname": "信義區" }, "geometry": { "type": "LineString", "coordinates": [ [ 121.562280143965495, 25.029322952523021 ], [ 121.562289941902335, 25.029331290036648 ], [ 121.562280143965495, 25.029347210642637 ], [ 121.562262468996522, 25.029331290036648 ], [ 121.562280143965495, 25.029322952523021 ] ] } },
{ "type": "Feature", "properties": { "z": 5.5, "countyname": "臺北市", "townname": "中正區" }, "geometry": { "type": "LineString", "coordinates": [ [ 121.516561729630766, 25.030317219026873 ], [ 121.517260666493812, 25.030504974435082 ], [ 121.516880524578482, 25.031678658833521 ], [ 121.516561729630752, 25.031803984140929 ], [ 121.516257433043464, 25.031678658833521 ], [ 121.516283577146467, 25.030504974435079 ], [ 121.516561729630766, 25.030317219026873 ] ] } },
{ "type": "Feature", "properties": { "z": 5.5, "countyname": "臺北市", "townname": "大安區" }, "geometry": { "type": "LineString", "coordinates": [ [ 121.529456667007224, 25.03024309374646 ], [ 121.530382773197147, 25.030504974435082 ], [ 121.529615506064729, 25.031678658833521 ], [ 121.530197378172232, 25.032852343231955 ], [ 121.529456667007224, 25.03318168028375 ], [ 121.52883358779755, 25.032852343231955 ], [ 121.529141731245559, 25.031678658833521 ], [ 121.528726472787454, 25.030504974435082 ], [ 121.529456667007224, 25.03024309374646 ] ] } },
{ "type": "Feature", "properties": { "z": 5.5, "countyname": "臺北市", "townname": "大安區" }, "geometry": { "type": "LineString", "coordinates": [ [ 121.550557473623257, 25.030039818724603 ], [ 121.550966984758972, 25.030504974435082 ], [ 121.550557473623272, 25.030695202940777 ], [ 121.549649503884254, 25.030504974435082 ], [ 121.550557473623257, 25.030039818724603 ] ] } },
{ "type": "Feature", "properties": { "z": 5.5, "countyname": "臺北市", "townname": "信義區" }, "geometry": { "type": "MultiLineString", "coordinates": [ [ [ 121.557591075828611, 25.029869317623152 ], [ 121.557864396228794, 25.030504974435079 ], [ 121.557591075828597, 25.030963620595358 ], [ 121.557402337847947, 25.030520561389903 ] ], [ [ 121.55740159256888, 25.03048579657176 ], [ 121.557591075828611, 25.029869317623152 ] ] ] } },
{ "type": "Feature", "properties": { "z": 5.5, "countyname": "臺北市", "townname": "大安區" }, "geometry": { "type": "LineString", "coordinates": [ [ 121.55740233729496, 25.030520560091805 ], [ 121.557395697989563, 25.030504974435082 ], [ 121.557401592152829, 25.030485797925351 ] ] } },
{ "type": "Feature", "properties": { "z": 5.5, "countyname": "臺北市", "townname": "信義區" }, "geometry": { "type": "LineString", "coordinates": [ [ 121.561107876931274, 25.030192235205863 ], [ 121.561396280980489, 25.030504974435082 ], [ 121.561107876931274, 25.030665989720934 ], [ 121.560796302777504, 25.030504974435082 ], [ 121.561107876931274, 25.030192235205863 ] ] } },
{ "type": "Feature", "properties": { "z": 5.5, "countyname": "臺北市", "townname": "中正區" }, "geometry": { "type": "LineString", "coordinates": [ [ 121.518906263699208, 25.031573497234319 ], [ 121.519054217717326, 25.031678658833521 ], [ 121.518906263699208, 25.031791918515601 ], [ 121.518463291810704, 25.031678658833521 ], [ 121.518906263699208, 25.031573497234319 ] ] } },
{ "type": "Feature", "properties": { "z": 5.5, "countyname": "臺北市", "townname": "信義區" }, "geometry": { "type": "LineString", "coordinates": [ [ 121.558763342862832, 25.031405007967209 ], [ 121.559935609897053, 25.031366707961769 ], [ 121.560096430737701, 25.031678658833521 ], [ 121.559935609897053, 25.031904316311788 ], [ 121.558988727832713, 25.032852343231955 ], [ 121.558763342862832, 25.033301897676658 ], [ 121.558359006018648, 25.032852343231955 ], [ 121.558305250572616, 25.031678658833521 ], [ 121.558763342862832, 25.031405007967209 ] ] } },
{ "type": "Feature", "properties": { "z": 5.5, "countyname": "臺北市", "townname": "大安區" }, "geometry": { "type": "LineString", "coordinates": [ [ 121.542351604383683, 25.032839805853182 ], [ 121.543523871417904, 25.032596667308738 ], [ 121.544696138452139, 25.032292199092268 ], [ 121.54586840548636, 25.032640995300355 ], [ 121.546079246207967, 25.032852343231955 ], [ 121.54586840548636, 25.033194059823533 ], [ 121.544696138452139, 25.033175798790282 ], [ 121.543523871417918, 25.033032560163413 ], [ 121.542351604383683, 25.032873729082421 ], [ 121.542309647719776, 25.032852343231955 ], [ 121.542351604383683, 25.032839805853182 ] ] } },
{ "type": "Feature", "properties": { "z": 5.5, "countyname": "臺北市", "townname": "大安區" }, "geometry": { "type": "LineString", "coordinates": [ [ 121.549385206589037, 25.032762150320213 ], [ 121.54984251621471, 25.032852343231955 ], [ 121.549385206589037, 25.032973790129198 ], [ 121.548405718980675, 25.032852343231955 ], [ 121.549385206589037, 25.032762150320213 ] ] } },
{ "type": "Feature", "properties": { "z": 5.5, "countyname": "臺北市", "townname": "大安區" }, "geometry": { "type": "LineString", "coordinates": [ [ 121.551729740657493, 25.032712191840389 ], [ 121.5526071143276, 25.032852343231955 ], [ 121.551729740657493, 25.033004080088709 ], [ 121.551282501373151, 25.032852343231955 ], [ 121.551729740657493, 25.032712191840389 ] ] } },
{ "type": "Feature", "properties": { "z": 5.5, "countyname": "臺北市", "townname": "萬華區" }, "geometry": { "type": "LineString", "coordinates": [ [ 121.493116388946262, 25.033890624051963 ], [ 121.493229649608296, 25.034026027630389 ], [ 121.493116388946277, 25.034155526150183 ], [ 121.493023782644414, 25.034026027630393 ], [ 121.493116388946262, 25.033890624051963 ] ] } },
{ "type": "Feature", "properties": { "z": 5.5, "countyname": "臺北市", "townname": "中正區" }, "geometry": { "type": "LineString", "coordinates": [ [ 121.507183593356956, 25.033788554971746 ], [ 121.507347115638979, 25.034026027630389 ], [ 121.507183593356956, 25.034374305638618 ], [ 121.506981792929693, 25.034026027630389 ], [ 121.507183593356956, 25.033788554971746 ] ] } },
{ "type": "Feature", "properties": { "z": 5.5, "countyname": "臺北市", "townname": "中正區" }, "geometry": { "type": "LineString", "coordinates": [ [ 121.527350391586054, 25.034132138816766 ], [ 121.527287397161132, 25.035199712028827 ], [ 121.527112132938754, 25.035397467975695 ], [ 121.526959089003697, 25.035199712028827 ], [ 121.526886374579064, 25.034298756345709 ] ] } },
{ "type": "Feature", "properties": { "z": 5.5, "countyname": "臺北市", "townname": "大安區" }, "geometry": { "type": "MultiLineString", "coordinates": [ [ [ 121.527112132938768, 25.033830413563983 ], [ 121.527356652901986, 25.034026027630389 ], [ 121.527350391595121, 25.034132138663104 ] ], [ [ 121.52688637456923, 25.034298756223876 ], [ 121.52686436316165, 25.034026027630389 ], [ 121.527112132938768, 25.033830413563983 ] ] ] } },
{ "type": "Feature", "properties": { "z": 5.5, "countyname": "臺北市", "townname": "中正區" }, "geometry": { "type": "LineString", "coordinates": [ [ 121.531801201075666, 25.033744261033668 ], [ 121.532615301948951, 25.034026027630389 ], [ 121.531801201075652, 25.034176480827171 ], [ 121.531476490711043, 25.034026027630389 ], [ 121.531801201075666, 25.033744261033668 ] ] } },
{ "type": "Feature", "properties": { "z": 5.5, "countyname": "臺北市", "townname": "大安區" }, "geometry": { "type": "LineString", "coordinates": [ [ 121.53883480328102, 25.033401389705116 ], [ 121.538969946601512, 25.034026027630389 ], [ 121.53883480328102, 25.034137048383595 ], [ 121.538723916598641, 25.034026027630389 ], [ 121.53883480328102, 25.033401389705116 ] ] } },
{ "type": "Feature", "properties": { "z": 5.5, "countyname": "臺北市", "townname": "信義區" }, "geometry": { "type": "MultiLineString", "coordinates": [ [ [ 121.557591075828611, 25.033664911888575 ], [ 121.557994138330798, 25.034026027630386 ], [ 121.557591075828611, 25.034765309838082 ], [ 121.557463184732171, 25.034621516949812 ] ], [ [ 121.557446531601499, 25.033744296077927 ], [ 121.557591075828611, 25.033664911888575 ] ] ] } },
{ "type": "Feature", "properties": { "z": 5.5, "countyname": "臺北市", "townname": "大安區" }, "geometry": { "type": "LineString", "coordinates": [ [ 121.557463184732171, 25.034621516949812 ], [ 121.556933549484597, 25.034026027630389 ], [ 121.557446531140172, 25.033744296331289 ] ] } },
{ "type": "Feature", "properties": { "z": 5.5, "countyname": "臺北市", "townname": "信義區" }, "geometry": { "type": "LineString", "coordinates": [ [ 121.564624678033951, 25.033952018513506 ], [ 121.565125148317136, 25.034026027630389 ], [ 121.564624678033951, 25.034126444618757 ], [ 121.564492319614288, 25.034026027630389 ], [ 121.564624678033951, 25.033952018513506 ] ] } },
{ "type": "Feature", "properties": { "z": 5.5, "countyname": "臺北市", "townname": "信義區" }, "geometry": { "type": "LineString", "coordinates": [ [ 121.566969212102407, 25.033937663680753 ], [ 121.56703435760312, 25.034026027630389 ], [ 121.566969212102393, 25.03441334749763 ], [ 121.566502190649302, 25.034026027630389 ], [ 121.566969212102407, 25.033937663680753 ] ] } },
{ "type": "Feature", "properties": { "z": 5.5, "countyname": "臺北市", "townname": "萬華區" }, "geometry": { "type": "LineString", "coordinates": [ [ 121.497805457083174, 25.034915836597985 ], [ 121.498977724117395, 25.035037247478407 ], [ 121.499166888380017, 25.035199712028827 ], [ 121.498977724117395, 25.035651768034256 ], [ 121.498269169145345, 25.036373396427262 ], [ 121.497805457083174, 25.036726924645844 ], [ 121.497618884650308, 25.036373396427262 ], [ 121.497465191371745, 25.035199712028827 ], [ 121.497805457083174, 25.034915836597985 ] ] } },
{ "type": "Feature", "properties": { "z": 5.5, "countyname": "臺北市", "townname": "大安區" }, "geometry": { "type": "LineString", "coordinates": [ [ 121.543523871417904, 25.035161364872142 ], [ 121.543565958044169, 25.035199712028827 ], [ 121.543804805042512, 25.036373396427262 ], [ 121.543523871417904, 25.036494401842877 ], [ 121.543360139352103, 25.036373396427262 ], [ 121.543494005695351, 25.035199712028827 ], [ 121.543523871417904, 25.035161364872142 ] ] } },
{ "type": "Feature", "properties": { "z": 5.5, "countyname": "臺北市", "townname": "大安區" }, "geometry": { "type": "LineString", "coordinates": [ [ 121.547040672520581, 25.035035098456394 ], [ 121.547224327892394, 25.035199712028827 ], [ 121.548000192148308, 25.036373396427262 ], [ 121.547040672520581, 25.036680071543955 ], [ 121.546419671138892, 25.036373396427262 ], [ 121.54629660667544, 25.035199712028827 ], [ 121.547040672520581, 25.035035098456394 ] ] } },
{ "type": "Feature", "properties": { "z": 5.5, "countyname": "臺北市", "townname": "萬華區" }, "geometry": { "type": "LineString", "coordinates": [ [ 121.501322258185837, 25.036081120574558 ], [ 121.502291206309337, 25.036373396427262 ], [ 121.501322258185837, 25.036556198806664 ], [ 121.50106300810944, 25.036373396427262 ], [ 121.501322258185837, 25.036081120574558 ] ] } },
{ "type": "Feature", "properties": { "z": 5.5, "countyname": "臺北市", "townname": "大安區" }, "geometry": { "type": "LineString", "coordinates": [ [ 121.554074274725934, 25.036154146279756 ], [ 121.555172705350358, 25.036373396427262 ], [ 121.554074274725934, 25.036540020677705 ], [ 121.553817746505317, 25.036373396427262 ], [ 121.554074274725934, 25.036154146279756 ] ] } },
{ "type": "Feature", "properties": { "z": 5.5, "countyname": "臺北市", "townname": "信義區" }, "geometry": { "type": "MultiLineString", "coordinates": [ [ [ 121.557591075828611, 25.035588826983066 ], [ 121.558669697350453, 25.036373396427262 ], [ 121.557591075828611, 25.036613172834947 ], [ 121.557501719139495, 25.036583508604615 ] ], [ [ 121.557489200900037, 25.035699488921633 ], [ 121.557591075828611, 25.035588826983066 ] ] ] } },
{ "type": "Feature", "properties": { "z": 5.5, "countyname": "臺北市", "townname": "大安區" }, "geometry": { "type": "LineString", "coordinates": [ [ 121.557501719120054, 25.036583508598163 ], [ 121.556868804403379, 25.036373396427262 ], [ 121.557489200085271, 25.035699489806671 ] ] } },
{ "type": "Feature", "properties": { "z": 5.5, "countyname": "臺北市", "townname": "信義區" }, "geometry": { "type": "LineString", "coordinates": [ [ 121.578691882444645, 25.036262404334646 ], [ 121.578819375404379, 25.036373396427262 ], [ 121.578814203694179, 25.037547080825696 ], [ 121.578691882444645, 25.037764439638103 ], [ 121.577519615410409, 25.037866351601043 ], [ 121.577370669452591, 25.037547080825696 ], [ 121.577519615410409, 25.037131366127554 ], [ 121.578415674751838, 25.036373396427262 ], [ 121.578691882444645, 25.036262404334646 ] ] } },
{ "type": "Feature", "properties": { "z": 5.5, "countyname": "臺北市", "townname": "萬華區" }, "geometry": { "type": "LineString", "coordinates": [ [ 121.506011326322749, 25.037479950580888 ], [ 121.506111931927435, 25.037547080825696 ], [ 121.506011326322735, 25.037656786484021 ], [ 121.505876081648609, 25.037547080825696 ], [ 121.506011326322749, 25.037479950580888 ] ] } },
{ "type": "Feature", "properties": { "z": 5.5, "countyname": "臺北市", "townname": "萬華區" }, "geometry": { "type": "LineString", "coordinates": [ [ 121.500149991151602, 25.038513527194144 ], [ 121.500436624640287, 25.038720765224134 ], [ 121.501322258185837, 25.039861765718435 ], [ 121.501378370440491, 25.039894449622569 ], [ 121.501322258185837, 25.039905546715481 ], [ 121.500149991151616, 25.040047408658033 ], [ 121.499902377943641, 25.039894449622569 ], [ 121.499882483055273, 25.038720765224134 ], [ 121.500149991151602, 25.038513527194144 ] ] } },
{ "type": "Feature", "properties": { "z": 5.5, "countyname": "臺北市", "townname": "大安區" }, "geometry": { "type": "LineString", "coordinates": [ [ 121.547040672520581, 25.038663651318679 ], [ 121.548212939554816, 25.038507973522794 ], [ 121.548441263698408, 25.038720765224134 ], [ 121.548212939554816, 25.039408081599767 ], [ 121.547040672520566, 25.038745663162317 ], [ 121.546986559266855, 25.038720765224134 ], [ 121.547040672520581, 25.038663651318679 ] ] } },
{ "type": "Feature", "properties": { "z": 5.5, "countyname": "臺北市", "townname": "大安區" }, "geometry": { "type": "LineString", "coordinates": [ [ 121.554074274725934, 25.038554140973694 ], [ 121.555246541760155, 25.038435309334439 ], [ 121.556418808794376, 25.038133923024915 ], [ 121.556661605676879, 25.038720765224134 ], [ 121.556722864879717, 25.039894449622569 ], [ 121.556418808794376, 25.040034186371411 ], [ 121.555246541760155, 25.040178050289931 ], [ 121.554631052753209, 25.039894449622569 ], [ 121.554074274725934, 25.039336998406309 ], [ 121.553517496698646, 25.039894449622569 ], [ 121.552902007691713, 25.040448395437167 ], [ 121.552616393925177, 25.039894449622569 ], [ 121.552902007691713, 25.039245525870498 ], [ 121.553426134626861, 25.038720765224134 ], [ 121.554074274725934, 25.038554140973694 ] ] } },
{ "type": "Feature", "properties": { "z": 5.5, "countyname": "臺北市", "townname": "信義區" }, "geometry": { "type": "LineString", "coordinates": [ [ 121.576347348376189, 25.038571639178791 ], [ 121.576666233593912, 25.038720765224134 ], [ 121.577519615410409, 25.039575178847223 ], [ 121.577812682168968, 25.039894449622569 ], [ 121.577519615410409, 25.040259121613371 ], [ 121.576347348376174, 25.040049167464186 ], [ 121.576221395434303, 25.039894449622569 ], [ 121.576204377617671, 25.038720765224134 ], [ 121.576347348376189, 25.038571639178791 ] ] } },
{ "type": "Feature", "properties": { "z": 5.5, "countyname": "臺北市", "townname": "信義區" }, "geometry": { "type": "LineString", "coordinates": [ [ 121.584553217615763, 25.038533281774811 ], [ 121.585725484649984, 25.038602188460573 ], [ 121.585955548583186, 25.038720765224134 ], [ 121.58572548464997, 25.0392263997431 ], [ 121.584553217615763, 25.039149347962105 ], [ 121.584417984320552, 25.038720765224134 ], [ 121.584553217615763, 25.038533281774811 ] ] } },
{ "type": "Feature", "properties": { "z": 5.5, "countyname": "臺北市", "townname": "中正區" }, "geometry": { "type": "LineString", "coordinates": [ [ 121.522423064801885, 25.039707342585039 ], [ 121.522628741973861, 25.039894449622569 ], [ 121.522423064801885, 25.04001181806241 ], [ 121.522180157536638, 25.039894449622569 ], [ 121.522423064801885, 25.039707342585039 ] ] } },
{ "type": "Feature", "properties": { "z": 5.5, "countyname": "臺北市", "townname": "信義區" }, "geometry": { "type": "LineString", "coordinates": [ [ 121.562280143965495, 25.039622800919279 ], [ 121.562427277588071, 25.039894449622569 ], [ 121.562280143965495, 25.040106960100982 ], [ 121.562172328941443, 25.039894449622565 ], [ 121.562280143965495, 25.039622800919279 ] ] } },
{ "type": "Feature", "properties": { "z": 5.5, "countyname": "臺北市", "townname": "萬華區" }, "geometry": { "type": "LineString", "coordinates": [ [ 121.504839059288528, 25.040795761467521 ], [ 121.506011326322735, 25.040839652537652 ], [ 121.506496117603419, 25.04106813402101 ], [ 121.50718359335697, 25.041756440987506 ], [ 121.507352983681528, 25.042241818419441 ], [ 121.507574698337876, 25.043415502817876 ], [ 121.508355860391191, 25.044284880332246 ], [ 121.508467913927547, 25.044589187216314 ], [ 121.508355860391177, 25.044882253732037 ], [ 121.507561653672326, 25.045762871614748 ], [ 121.507183593356956, 25.045916447294655 ], [ 121.506011326322721, 25.046051676508078 ], [ 121.505213793361392, 25.045762871614748 ], [ 121.505545663210597, 25.044589187216314 ], [ 121.504839059288514, 25.043886273989465 ], [ 121.503666792254293, 25.043499873901375 ], [ 121.503569925471467, 25.043415502817876 ], [ 121.503666792254279, 25.04333736339856 ], [ 121.504671522661639, 25.042241818419441 ], [ 121.504668208434666, 25.041068134021007 ], [ 121.504839059288528, 25.040795761467521 ] ] } },
{ "type": "Feature", "properties": { "z": 5.5, "countyname": "臺北市", "townname": "中正區" }, "geometry": { "type": "LineString", "coordinates": [ [ 121.531801201075666, 25.040610954935396 ], [ 121.532109148519737, 25.04106813402101 ], [ 121.53180120107568, 25.041281096417407 ], [ 121.531662368276812, 25.041068134021007 ], [ 121.531801201075666, 25.040610954935396 ] ] } },
{ "type": "Feature", "properties": { "z": 5.5, "countyname": "臺北市", "townname": "大安區" }, "geometry": { "type": "LineString", "coordinates": [ [ 121.547040672520581, 25.040915157547939 ], [ 121.547547921447446, 25.04106813402101 ], [ 121.548212939554816, 25.041937470300105 ], [ 121.549385206589051, 25.041959461156765 ], [ 121.549536771284693, 25.042241818419441 ], [ 121.549580584428071, 25.043415502817876 ], [ 121.549385206589037, 25.043586585255539 ], [ 121.548212939554816, 25.043592111683655 ], [ 121.547040672520581, 25.043752899958342 ], [ 121.546955048595109, 25.043415502817879 ], [ 121.546749214078289, 25.042241818419445 ], [ 121.546836309660193, 25.041068134021007 ], [ 121.547040672520581, 25.040915157547939 ] ] } },
{ "type": "Feature", "properties": { "z": 5.5, "countyname": "臺北市", "townname": "大安區" }, "geometry": { "type": "LineString", "coordinates": [ [ 121.554074274725934, 25.040875977317057 ], [ 121.554136889669181, 25.041068134021007 ], [ 121.555246541760155, 25.041958217752079 ], [ 121.555743249291226, 25.042241818419441 ], [ 121.555246541760155, 25.043186343690692 ], [ 121.55467471348193, 25.043415502817876 ], [ 121.554074274725934, 25.043506795248959 ], [ 121.552902007691699, 25.043631147743085 ], [ 121.552749346071906, 25.043415502817876 ], [ 121.552687277405823, 25.042241818419445 ], [ 121.552902007691713, 25.041690054246843 ], [ 121.553914068265073, 25.041068134021003 ], [ 121.554074274725934, 25.040875977317057 ] ] } },
{ "type": "Feature", "properties": { "z": 5.5, "countyname": "臺北市", "townname": "信義區" }, "geometry": { "type": "LineString", "coordinates": [ [ 121.557593215351162, 25.040951615090201 ], [ 121.557654887964389, 25.041068134021007 ], [ 121.557596915702575, 25.041129758499444 ] ] } },
{ "type": "Feature", "properties": { "z": 5.5, "countyname": "臺北市", "townname": "大安區" }, "geometry": { "type": "MultiLineString", "coordinates": [ [ [ 121.557591075828597, 25.040947572860304 ], [ 121.557593215364619, 25.040951615115628 ] ], [ [ 121.557596915736937, 25.041129758462915 ], [ 121.557591075828626, 25.041135966281836 ], [ 121.557541477889075, 25.041068134021007 ], [ 121.557591075828597, 25.040947572860304 ] ] ] } },
{ "type": "Feature", "properties": { "z": 5.5, "countyname": "臺北市", "townname": "中正區" }, "geometry": { "type": "LineString", "coordinates": [ [ 121.509528127425412, 25.042032784983128 ], [ 121.510700394459633, 25.042113991899356 ], [ 121.511872661493854, 25.042097865244759 ], [ 121.513044928528089, 25.042091920447135 ], [ 121.513381581477631, 25.042241818419441 ], [ 121.51421719556231, 25.043078442828101 ], [ 121.514351453596802, 25.043415502817876 ], [ 121.515389462596531, 25.044454766853175 ], [ 121.516561729630752, 25.044464142401605 ], [ 121.516913593604784, 25.044589187216314 ], [ 121.517008579584726, 25.045762871614748 ], [ 121.516561729630752, 25.04604199603089 ], [ 121.515389462596545, 25.045909909723871 ], [ 121.51421719556231, 25.046337843783334 ], [ 121.514005800862378, 25.045762871614748 ], [ 121.513044928528089, 25.044724969116011 ], [ 121.511872661493854, 25.044738042247108 ], [ 121.511600527612515, 25.044589187216314 ], [ 121.511872661493854, 25.044516251710355 ], [ 121.512956194472764, 25.043415502817876 ], [ 121.511872661493854, 25.042429729906061 ], [ 121.510700394459633, 25.042529749094072 ], [ 121.509528127425412, 25.042359186859283 ], [ 121.50935873710084, 25.042241818419441 ], [ 121.509528127425412, 25.042032784983128 ] ] } },
{ "type": "Feature", "properties": { "z": 5.5, "countyname": "臺北市", "townname": "大安區" }, "geometry": { "type": "LineString", "coordinates": [ [ 121.543523871417904, 25.041926489339886 ], [ 121.543838017358397, 25.042241818419438 ], [ 121.543523871417918, 25.042587896039766 ], [ 121.543264960029489, 25.042241818419441 ], [ 121.543523871417904, 25.041926489339886 ] ] } },
{ "type": "Feature", "properties": { "z": 5.5, "countyname": "臺北市", "townname": "信義區" }, "geometry": { "type": "LineString", "coordinates": [ [ 121.56345241099973, 25.042041729805568 ], [ 121.564050726831312, 25.042241818419441 ], [ 121.56345241099973, 25.04317034093695 ], [ 121.563241993348868, 25.042241818419441 ], [ 121.56345241099973, 25.042041729805568 ] ] } },
{ "type": "Feature", "properties": { "z": 5.5, "countyname": "臺北市", "townname": "信義區" }, "geometry": { "type": "LineString", "coordinates": [ [ 121.568141479136628, 25.042051718148198 ], [ 121.569313746170849, 25.042007856355895 ], [ 121.56957751158545, 25.042241818419441 ], [ 121.569313746170849, 25.042432019608597 ], [ 121.568141479136614, 25.042488610100893 ], [ 121.567938009905916, 25.042241818419441 ], [ 121.568141479136628, 25.042051718148198 ] ] } },
{ "type": "Feature", "properties": { "z": 5.5, "countyname": "臺北市", "townname": "中正區" }, "geometry": { "type": "LineString", "coordinates": [ [ 121.521250797767649, 25.043402516544823 ], [ 121.521367124590682, 25.043415502817876 ], [ 121.521250797767664, 25.043453183291646 ], [ 121.521238297532705, 25.043415502817879 ], [ 121.521250797767649, 25.043402516544823 ] ] } },
{ "type": "Feature", "properties": { "z": 5.5, "countyname": "臺北市", "townname": "中正區" }, "geometry": { "type": "LineString", "coordinates": [ [ 121.524767598870326, 25.043239714614778 ], [ 121.524991190315731, 25.043415502817876 ], [ 121.524767598870326, 25.043874319151829 ], [ 121.524420362996082, 25.043415502817876 ], [ 121.524767598870326, 25.043239714614778 ] ] } },
{ "type": "Feature", "properties": { "z": 5.5, "countyname": "臺北市", "townname": "中正區" }, "geometry": { "type": "LineString", "coordinates": [ [ 121.531801201075666, 25.04322589414118 ], [ 121.531936383261964, 25.043415502817879 ], [ 121.531801201075666, 25.043584341542644 ], [ 121.531419225619089, 25.043415502817876 ], [ 121.531801201075666, 25.04322589414118 ] ] } },
{ "type": "Feature", "properties": { "z": 5.5, "countyname": "臺北市", "townname": "大安區" }, "geometry": { "type": "LineString", "coordinates": [ [ 121.542351604383683, 25.043156278384949 ], [ 121.542697264073922, 25.043415502817876 ], [ 121.542351604383683, 25.043692855611535 ], [ 121.54219567880827, 25.043415502817876 ], [ 121.542351604383683, 25.043156278384949 ] ] } },
{ "type": "Feature", "properties": { "z": 5.5, "countyname": "臺北市", "townname": "中正區" }, "geometry": { "type": "LineString", "coordinates": [ [ 121.523595331836106, 25.04458397506788 ], [ 121.523603252096407, 25.044589187216314 ], [ 121.523595331836106, 25.044590572855142 ], [ 121.523590675225847, 25.044589187216314 ], [ 121.523595331836106, 25.04458397506788 ] ] } },
{ "type": "Feature", "properties": { "z": 5.5, "countyname": "臺北市", "townname": "中山區" }, "geometry": { "type": "LineString", "coordinates": [ [ 121.537699628752236, 25.044709633632579 ], [ 121.537662536246799, 25.044751799755698 ], [ 121.537568716703149, 25.044712398276662 ] ] } },
{ "type": "Feature", "properties": { "z": 5.5, "countyname": "臺北市", "townname": "大安區" }, "geometry": { "type": "MultiLineString", "coordinates": [ [ [ 121.537662536246799, 25.044400222827768 ], [ 121.53780558251367, 25.04458918721631 ], [ 121.537699629361427, 25.044709632940048 ] ], [ [ 121.537568714663351, 25.044712397420007 ], [ 121.53727533671497, 25.044589187216317 ], [ 121.537662536246799, 25.044400222827768 ] ] ] } },
{ "type": "Feature", "properties": { "z": 5.5, "countyname": "臺北市", "townname": "大安區" }, "geometry": { "type": "LineString", "coordinates": [ [ 121.544696138452139, 25.044188669520612 ], [ 121.54586840548636, 25.044451510272953 ], [ 121.546343068260015, 25.044589187216314 ], [ 121.54586840548636, 25.0446582830238 ], [ 121.544696138452139, 25.044891682118639 ], [ 121.544377308585013, 25.044589187216314 ], [ 121.544696138452139, 25.044188669520612 ] ] } },
{ "type": "Feature", "properties": { "z": 5.5, "countyname": "臺北市", "townname": "大安區" }, "geometry": { "type": "MultiLineString", "coordinates": [ [ [ 121.550557473623272, 25.044457662694406 ], [ 121.551577511306576, 25.044589187216314 ], [ 121.551320737758999, 25.044663768357466 ] ], [ [ 121.550509833857959, 25.044761602053324 ], [ 121.550443518714076, 25.044589187216314 ], [ 121.550557473623272, 25.044457662694406 ] ] ] } },
{ "type": "Feature", "properties": { "z": 5.5, "countyname": "臺北市", "townname": "松山區" }, "geometry": { "type": "LineString", "coordinates": [ [ 121.551320736246524, 25.044663768796774 ], [ 121.550557473623257, 25.044885462183732 ], [ 121.550509834194045, 25.044761602927139 ] ] } },
{ "type": "Feature", "properties": { "z": 5.5, "countyname": "臺北市", "townname": "南港區" }, "geometry": { "type": "LineString", "coordinates": [ [ 121.584553217615763, 25.044585094590222 ], [ 121.584557359626018, 25.044589187216314 ], [ 121.584553217615763, 25.044598666088948 ], [ 121.584539338354688, 25.044589187216314 ], [ 121.584553217615763, 25.044585094590222 ] ] } },
{ "type": "Feature", "properties": { "z": 5.5, "countyname": "臺北市", "townname": "中正區" }, "geometry": { "type": "LineString", "coordinates": [ [ 121.510700394459619, 25.045216905060691 ], [ 121.511045879176322, 25.045762871614748 ], [ 121.510700394459633, 25.046013021769465 ], [ 121.510491723842222, 25.045762871614748 ], [ 121.510700394459619, 25.045216905060691 ] ] } },
{ "type": "Feature", "properties": { "z": 5.5, "countyname": "臺北市", "townname": "中正區" }, "geometry": { "type": "LineString", "coordinates": [ [ 121.524767598870341, 25.045398742713559 ], [ 121.52524085532265, 25.045762871614748 ], [ 121.524767598870312, 25.04590397576899 ], [ 121.524682620569919, 25.045762871614748 ], [ 121.524767598870341, 25.045398742713559 ] ] } },
{ "type": "Feature", "properties": { "z": 5.5, "countyname": "臺北市", "townname": "南港區" }, "geometry": { "type": "LineString", "coordinates": [ [ 121.586897751684219, 25.045606648037953 ], [ 121.587135655884296, 25.045762871614745 ], [ 121.586897751684205, 25.045912095946182 ], [ 121.586616059292709, 25.045762871614748 ], [ 121.586897751684219, 25.045606648037953 ] ] } },
{ "type": "Feature", "properties": { "z": 5.5, "countyname": "臺北市", "townname": "中正區" }, "geometry": { "type": "LineString", "coordinates": [ [ 121.513044928528089, 25.046860101993882 ], [ 121.513318328397588, 25.046936556013183 ], [ 121.513044928528103, 25.047004946956559 ], [ 121.512994184578133, 25.046936556013183 ], [ 121.513044928528089, 25.046860101993882 ] ] } },
{ "type": "Feature", "properties": { "z": 5.5, "countyname": "臺北市", "townname": "中山區" }, "geometry": { "type": "LineString", "coordinates": [ [ 121.532973468109915, 25.046901354049734 ], [ 121.533016097860639, 25.046936556013183 ], [ 121.534145735144122, 25.04797263297981 ], [ 121.534249594795781, 25.048110240411624 ], [ 121.534145735144122, 25.048358739385456 ], [ 121.533298378980959, 25.049283924810055 ], [ 121.532973468109901, 25.049548339039724 ], [ 121.53263681223973, 25.049283924810055 ], [ 121.531801201075652, 25.048150317644499 ], [ 121.531783933316376, 25.048110240411621 ], [ 121.531801201075666, 25.048089428726801 ], [ 121.532927358314311, 25.046936556013183 ], [ 121.532973468109915, 25.046901354049734 ] ] } },
{ "type": "Feature", "properties": { "z": 5.5, "countyname": "臺北市", "townname": "中山區" }, "geometry": { "type": "LineString", "coordinates": [ [ 121.541179337349462, 25.046874797847217 ], [ 121.541434470131975, 25.046936556013183 ], [ 121.541179337349462, 25.047399873701973 ], [ 121.541046612294508, 25.046936556013183 ], [ 121.541179337349462, 25.046874797847217 ] ] } },
{ "type": "Feature", "properties": { "z": 5.5, "countyname": "臺北市", "townname": "松山區" }, "geometry": { "type": "LineString", "coordinates": [ [ 121.552902007691728, 25.046838236804586 ], [ 121.553016771099323, 25.046936556013183 ], [ 121.55310676135494, 25.048110240411617 ], [ 121.552902007691713, 25.048264789777853 ], [ 121.552562714206644, 25.048110240411621 ], [ 121.552836506281423, 25.046936556013183 ], [ 121.552902007691728, 25.046838236804586 ] ] } },
{ "type": "Feature", "properties": { "z": 5.5, "countyname": "臺北市", "townname": "信義區" }, "geometry": { "type": "LineString", "coordinates": [ [ 121.577519615410409, 25.046074237776065 ], [ 121.577669806389011, 25.046936556013183 ], [ 121.577519615410409, 25.047061089640525 ], [ 121.57737308203113, 25.046936556013183 ], [ 121.577519615410409, 25.046074237776065 ] ] } },
{ "type": "Feature", "properties": { "z": 5.5, "countyname": "臺北市", "townname": "南港區" }, "geometry": { "type": "LineString", "coordinates": [ [ 121.615032160505592, 25.046682921672339 ], [ 121.615255698461425, 25.046936556013183 ], [ 121.615032160505592, 25.04719972217865 ], [ 121.614891124813767, 25.046936556013183 ], [ 121.615032160505592, 25.046682921672339 ] ] } },
{ "type": "Feature", "properties": { "z": 5.5, "countyname": "臺北市", "townname": "萬華區" }, "geometry": { "type": "LineString", "coordinates": [ [ 121.507183593356942, 25.04805776330846 ], [ 121.507293020386442, 25.048110240411621 ], [ 121.507183593356942, 25.04815725529917 ], [ 121.506967434191566, 25.048110240411624 ], [ 121.507183593356942, 25.04805776330846 ] ] } },
{ "type": "Feature", "properties": { "z": 5.5, "countyname": "臺北市", "townname": "中正區" }, "geometry": { "type": "MultiLineString", "coordinates": [ [ [ 121.517733996664973, 25.04794073891394 ], [ 121.517880591197709, 25.048110240411621 ], [ 121.517906759621695, 25.048405475731943 ] ], [ [ 121.517393650303063, 25.048431601640459 ], [ 121.517322663943574, 25.048110240411621 ], [ 121.517733996664973, 25.04794073891394 ] ] ] } },
{ "type": "Feature", "properties": { "z": 5.5, "countyname": "臺北市", "townname": "大同區" }, "geometry": { "type": "LineString", "coordinates": [ [ 121.517906759621695, 25.048405475731943 ], [ 121.517984621673932, 25.049283924810055 ], [ 121.517733996664987, 25.049870767009274 ], [ 121.517581922295747, 25.049283924810059 ], [ 121.517393650303063, 25.048431601640459 ] ] } },
{ "type": "Feature", "properties": { "z": 5.5, "countyname": "臺北市", "townname": "中山區" }, "geometry": { "type": "MultiLineString", "coordinates": [ [ [ 121.542351604383683, 25.047671244016247 ], [ 121.542551950859234, 25.048110240411621 ], [ 121.543081479735719, 25.049283924810055 ], [ 121.543523871417918, 25.049726851379027 ], [ 121.54401326816037, 25.049996208826471 ] ], [ [ 121.544046360364149, 25.051211254552225 ], [ 121.543598258868855, 25.051631293606928 ], [ 121.544069009860564, 25.052042856460414 ] ], [ [ 121.544115732805921, 25.053758219862495 ], [ 121.543766898627524, 25.053978662403797 ], [ 121.543523871417918, 25.054029143712402 ], [ 121.543282740396279, 25.0539786624038 ], [ 121.543256521208235, 25.052804978005362 ], [ 121.543453488614588, 25.051631293606928 ], [ 121.542515635505225, 25.05045760920849 ], [ 121.542351604383683, 25.050293379760252 ], [ 121.542202325540003, 25.049283924810055 ], [ 121.541667589796972, 25.048110240411621 ], [ 121.542351604383683, 25.047671244016247 ] ] ] } },
{ "type": "Feature", "properties": { "z": 5.5, "countyname": "臺北市", "townname": "松山區" }, "geometry": { "type": "MultiLineString", "coordinates": [ [ [ 121.54401326816037, 25.049996208826471 ], [ 121.544696138452139, 25.050372051538066 ], [ 121.544773223242572, 25.05045760920849 ], [ 121.544696138452139, 25.050602168939449 ], [ 121.544046360364149, 25.051211254552225 ] ], [ [ 121.544069009860564, 25.052042856460414 ], [ 121.544696138452139, 25.052591135353481 ], [ 121.544991934234616, 25.052804978005362 ], [ 121.544696138452139, 25.053391437868179 ], [ 121.544115732805921, 25.053758219862495 ] ] ] } },
{ "type": "Feature", "properties": { "z": 5.5, "countyname": "臺北市", "townname": "松山區" }, "geometry": { "type": "LineString", "coordinates": [ [ 121.544696138452153, 25.047724218430535 ], [ 121.54586840548636, 25.047258665333153 ], [ 121.547040672520581, 25.048017867325143 ], [ 121.547128085228408, 25.048110240411621 ], [ 121.547040672520581, 25.048251941808939 ], [ 121.545868405486374, 25.0482462159177 ], [ 121.544696138452139, 25.048226306862261 ], [ 121.544517837888677, 25.048110240411621 ], [ 121.544696138452153, 25.047724218430535 ] ] } },
{ "type": "Feature", "properties": { "z": 5.5, "countyname": "臺北市", "townname": "松山區" }, "geometry": { "type": "LineString", "coordinates": [ [ 121.555246541760155, 25.048065373519592 ], [ 121.555822197467904, 25.048110240411621 ], [ 121.555246541760155, 25.048614348759067 ], [ 121.555021939184783, 25.048110240411621 ], [ 121.555246541760155, 25.048065373519592 ] ] } },
{ "type": "Feature", "properties": { "z": 5.5, "countyname": "臺北市", "townname": "松山區" }, "geometry": { "type": "LineString", "coordinates": [ [ 121.557591075828611, 25.047962254969015 ], [ 121.558611516838198, 25.048110240411621 ], [ 121.557591075828597, 25.048382350439418 ], [ 121.556678225257542, 25.048110240411621 ], [ 121.557591075828611, 25.047962254969015 ] ] } },
{ "type": "Feature", "properties": { "z": 5.5, "countyname": "臺北市", "townname": "松山區" }, "geometry": { "type": "LineString", "coordinates": [ [ 121.564624678033951, 25.048898825841412 ], [ 121.565796945068172, 25.049095219376387 ], [ 121.565995248102411, 25.049283924810055 ], [ 121.565882180011471, 25.05045760920849 ], [ 121.565796945068172, 25.050559066995341 ], [ 121.565590021486202, 25.050457609208493 ], [ 121.564624678033965, 25.049681399955031 ], [ 121.564358464515436, 25.049283924810059 ], [ 121.564624678033951, 25.048898825841412 ] ] } },
{ "type": "Feature", "properties": { "z": 5.5, "countyname": "臺北市", "townname": "南港區" }, "geometry": { "type": "LineString", "coordinates": [ [ 121.593931353889573, 25.049109433935701 ], [ 121.594059509189833, 25.049283924810052 ], [ 121.593931353889559, 25.049588466085563 ], [ 121.593831930699764, 25.049283924810055 ], [ 121.593931353889573, 25.049109433935701 ] ] } },
{ "type": "Feature", "properties": { "z": 5.5, "countyname": "臺北市", "townname": "大同區" }, "geometry": { "type": "LineString", "coordinates": [ [ 121.515389462596531, 25.050239975395289 ], [ 121.516561729630752, 25.050403460611609 ], [ 121.516848913216251, 25.05045760920849 ], [ 121.516561729630752, 25.050536650199419 ], [ 121.515389462596531, 25.050817887278669 ], [ 121.515194084757496, 25.05045760920849 ], [ 121.515389462596531, 25.050239975395289 ] ] } },
{ "type": "Feature", "properties": { "z": 5.5, "countyname": "臺北市", "townname": "中山區" }, "geometry": { "type": "MultiLineString", "coordinates": [ [ [ 121.520078530733429, 25.050367639857097 ], [ 121.520268935285259, 25.05045760920849 ], [ 121.521250797767649, 25.051175294033769 ], [ 121.521512955727871, 25.051631293606924 ], [ 121.522423064801899, 25.052542503075284 ], [ 121.522713820993985, 25.052804978005362 ], [ 121.522767297425759, 25.053978662403797 ], [ 121.522423064801885, 25.054158165592401 ], [ 121.522074766953111, 25.053978662403797 ], [ 121.521250797767649, 25.053179277442553 ], [ 121.520315096599887, 25.053016234977164 ] ], [ [ 121.520054777500548, 25.050397236481842 ], [ 121.520078530733429, 25.050367639857097 ] ] ] } },
{ "type": "Feature", "properties": { "z": 5.5, "countyname": "臺北市", "townname": "大同區" }, "geometry": { "type": "LineString", "coordinates": [ [ 121.520315096599887, 25.053016234977164 ], [ 121.520078530733414, 25.052975014250478 ], [ 121.518906263699208, 25.053066837566746 ], [ 121.518718509861074, 25.052804978005366 ], [ 121.518906263699208, 25.052654896065565 ], [ 121.520064977226681, 25.051631293606928 ], [ 121.520006324427015, 25.05045760920849 ], [ 121.520054777500548, 25.050397236481842 ] ] } },
{ "type": "Feature", "properties": { "z": 5.5, "countyname": "臺北市", "townname": "中山區" }, "geometry": { "type": "LineString", "coordinates": [ [ 121.523595331836106, 25.050302534719151 ], [ 121.524767598870326, 25.050343154906582 ], [ 121.525939865904547, 25.050001311900044 ], [ 121.527112132938768, 25.049488166494129 ], [ 121.527370377914025, 25.05045760920849 ], [ 121.528284399973003, 25.05156612391233 ], [ 121.529456667007224, 25.051446084669042 ], [ 121.530389666840605, 25.051631293606928 ], [ 121.529456667007224, 25.051820190364413 ], [ 121.528284399973003, 25.051937962507864 ], [ 121.527112132938768, 25.051744576148156 ], [ 121.525939865904547, 25.051808530995181 ], [ 121.524923020423557, 25.051631293606928 ], [ 121.524767598870326, 25.051399215133433 ], [ 121.524612177317096, 25.051631293606928 ], [ 121.52359533183612, 25.051922401346435 ], [ 121.523333173875869, 25.051631293606928 ], [ 121.523406613824136, 25.05045760920849 ], [ 121.523595331836106, 25.050302534719151 ] ] } },
{ "type": "Feature", "properties": { "z": 5.5, "countyname": "臺北市", "townname": "松山區" }, "geometry": { "type": "LineString", "coordinates": [ [ 121.575175081341968, 25.050421781767334 ], [ 121.576347348376189, 25.050335902686125 ], [ 121.576538724080521, 25.05045760920849 ], [ 121.576347348376174, 25.050604154285232 ], [ 121.575175081341968, 25.05052439183882 ], [ 121.575067537863831, 25.050457609208493 ], [ 121.575175081341968, 25.050421781767334 ] ] } },
{ "type": "Feature", "properties": { "z": 5.5, "countyname": "臺北市", "townname": "大同區" }, "geometry": { "type": "LineString", "coordinates": [ [ 121.513044928528089, 25.051474057495415 ], [ 121.51421719556231, 25.051628801848157 ], [ 121.514222693034455, 25.051631293606928 ], [ 121.514217195562296, 25.051638154715786 ], [ 121.513044928528089, 25.051987630326593 ], [ 121.512878567325984, 25.051631293606928 ], [ 121.513044928528089, 25.051474057495415 ] ] } },
{ "type": "Feature", "properties": { "z": 5.5, "countyname": "臺北市", "townname": "中山區" }, "geometry": { "type": "LineString", "coordinates": [ [ 121.535318002178343, 25.051349525979813 ], [ 121.535710045589823, 25.051631293606928 ], [ 121.535589407204128, 25.052804978005362 ], [ 121.535522275711571, 25.053978662403793 ], [ 121.535318002178343, 25.05409745533639 ], [ 121.534145735144122, 25.054141864106811 ], [ 121.533258947510575, 25.053978662403797 ], [ 121.533488596695378, 25.052804978005362 ], [ 121.534145735144122, 25.05231599846363 ], [ 121.534829613137859, 25.051631293606928 ], [ 121.535318002178343, 25.051349525979813 ] ] } },
{ "type": "Feature", "properties": { "z": 5.5, "countyname": "臺北市", "townname": "松山區" }, "geometry": { "type": "LineString", "coordinates": [ [ 121.550557473623257, 25.051037766306692 ], [ 121.550778448420488, 25.051631293606928 ], [ 121.550557473623243, 25.05191745686048 ], [ 121.550387716336971, 25.051631293606928 ], [ 121.550557473623257, 25.051037766306692 ] ] } },
{ "type": "Feature", "properties": { "z": 5.5, "countyname": "臺北市", "townname": "松山區" }, "geometry": { "type": "LineString", "coordinates": [ [ 121.557591075828611, 25.051477491503601 ], [ 121.5577002422676, 25.051631293606928 ], [ 121.557591075828626, 25.051693628938317 ], [ 121.557508389072083, 25.051631293606931 ], [ 121.557591075828611, 25.051477491503601 ] ] } },
{ "type": "Feature", "properties": { "z": 5.5, "countyname": "臺北市", "townname": "大同區" }, "geometry": { "type": "LineString", "coordinates": [ [ 121.510700394459633, 25.052594422978142 ], [ 121.511108623175062, 25.052804978005362 ], [ 121.510700394459633, 25.053577180979001 ], [ 121.510358122777305, 25.052804978005362 ], [ 121.510700394459633, 25.052594422978142 ] ] } },
{ "type": "Feature", "properties": { "z": 5.5, "countyname": "臺北市", "townname": "中山區" }, "geometry": { "type": "LineString", "coordinates": [ [ 121.530628934041445, 25.052453847242145 ], [ 121.530663450669692, 25.052804978005362 ], [ 121.530628934041445, 25.052907963849638 ], [ 121.53060482446277, 25.052804978005362 ], [ 121.530628934041445, 25.052453847242145 ] ] } },
{ "type": "Feature", "properties": { "z": 5.5, "countyname": "臺北市", "townname": "松山區" }, "geometry": { "type": "LineString", "coordinates": [ [ 121.561107876931274, 25.05280309206044 ], [ 121.561108688116889, 25.052804978005362 ], [ 121.56110787693126, 25.052806190482457 ], [ 121.561106811092955, 25.052804978005366 ], [ 121.561107876931274, 25.05280309206044 ] ] } },
{ "type": "Feature", "properties": { "z": 5.5, "countyname": "臺北市", "townname": "南港區" }, "geometry": { "type": "LineString", "coordinates": [ [ 121.605654024231782, 25.05268855432692 ], [ 121.605937546807553, 25.052804978005362 ], [ 121.605654024231796, 25.053015063658929 ], [ 121.605325239081139, 25.052804978005362 ], [ 121.605654024231782, 25.05268855432692 ] ] } },
{ "type": "Feature", "properties": { "z": 5.5, "countyname": "臺北市", "townname": "南港區" }, "geometry": { "type": "LineString", "coordinates": [ [ 121.616204427539813, 25.052585896421736 ], [ 121.616382576392823, 25.052804978005362 ], [ 121.616204427539813, 25.053034696524072 ], [ 121.616028783334912, 25.052804978005362 ], [ 121.616204427539813, 25.052585896421736 ] ] } },
{ "type": "Feature", "properties": { "z": 5.5, "countyname": "臺北市", "townname": "大同區" }, "geometry": { "type": "LineString", "coordinates": [ [ 121.513044928528089, 25.053622325684135 ], [ 121.513408909585323, 25.053978662403793 ], [ 121.513044928528103, 25.054230771522928 ], [ 121.512007329429863, 25.053978662403797 ], [ 121.513044928528089, 25.053622325684135 ] ] } },
{ "type": "Feature", "properties": { "z": 5.5, "countyname": "臺北市", "townname": "中山區" }, "geometry": { "type": "LineString", "coordinates": [ [ 121.531801201075666, 25.053723983387457 ], [ 121.532687988709228, 25.053978662403797 ], [ 121.531801201075666, 25.05444461466633 ], [ 121.531252936382472, 25.053978662403797 ], [ 121.531801201075666, 25.053723983387457 ] ] } },
{ "type": "Feature", "properties": { "z": 5.5, "countyname": "臺北市", "townname": "松山區" }, "geometry": { "type": "LineString", "coordinates": [ [ 121.547040672520581, 25.053618381600728 ], [ 121.54717354785889, 25.053978662403797 ], [ 121.547040672520581, 25.054100691486198 ], [ 121.5463383014621, 25.053978662403797 ], [ 121.547040672520581, 25.053618381600728 ] ] } },
{ "type": "Feature", "properties": { "z": 5.5, "countyname": "臺北市", "townname": "松山區" }, "geometry": { "type": "LineString", "coordinates": [ [ 121.56345241099973, 25.053950341963088 ], [ 121.563485628481942, 25.053978662403797 ], [ 121.56345241099973, 25.05401403290093 ], [ 121.563422116319941, 25.053978662403797 ], [ 121.56345241099973, 25.053950341963088 ] ] } },
{ "type": "Feature", "properties": { "z": 5.5, "countyname": "臺北市", "townname": "南港區" }, "geometry": { "type": "LineString", "coordinates": [ [ 121.591586819821103, 25.05391918774145 ], [ 121.592759086855338, 25.05390348473404 ], [ 121.59280978063785, 25.053978662403797 ], [ 121.592759086855352, 25.054034837029654 ], [ 121.591586819821103, 25.054020691128216 ], [ 121.591536055518517, 25.053978662403797 ], [ 121.591586819821103, 25.05391918774145 ] ] } },
{ "type": "Feature", "properties": { "z": 5.5, "countyname": "臺北市", "townname": "大同區" }, "geometry": { "type": "LineString", "coordinates": [ [ 121.510700394459633, 25.054342539263903 ], [ 121.511457943216712, 25.055152346802235 ], [ 121.511056516585427, 25.056326031200673 ], [ 121.51095690389711, 25.057499715599107 ], [ 121.510700394459633, 25.057670177623741 ], [ 121.51023184031483, 25.057499715599107 ], [ 121.509528127425412, 25.056675404339494 ], [ 121.509443431689107, 25.056326031200669 ], [ 121.509528127425426, 25.056222889978493 ], [ 121.510482437106361, 25.055152346802235 ], [ 121.510700394459633, 25.054342539263903 ] ] } },
{ "type": "Feature", "properties": { "z": 5.5, "countyname": "臺北市", "townname": "大同區" }, "geometry": { "type": "LineString", "coordinates": [ [ 121.515389462596531, 25.054935305759159 ], [ 121.515572019674437, 25.055152346802238 ], [ 121.51551227799898, 25.056326031200665 ], [ 121.515389462596531, 25.05656038774038 ], [ 121.515175575744749, 25.056326031200669 ], [ 121.51513853195398, 25.055152346802235 ], [ 121.515389462596531, 25.054935305759159 ] ] } },
{ "type": "Feature", "properties": { "z": 5.5, "countyname": "臺北市", "townname": "中山區" }, "geometry": { "type": "LineString", "coordinates": [ [ 121.520544614201853, 25.056499257101517 ], [ 121.521250797767649, 25.057206294499498 ], [ 121.522300276196248, 25.057499715599107 ], [ 121.521250797767649, 25.057648590470002 ], [ 121.520625534849927, 25.057789958077311 ] ] } },
{ "type": "Feature", "properties": { "z": 5.5, "countyname": "臺北市", "townname": "大同區" }, "geometry": { "type": "MultiLineString", "coordinates": [ [ [ 121.520078530733429, 25.054928799030225 ], [ 121.520371597491987, 25.055152346802235 ], [ 121.520371597491987, 25.056326031200669 ], [ 121.520544614201853, 25.056499257101517 ] ], [ [ 121.520625534849927, 25.057789958077311 ], [ 121.520078530733429, 25.057913631912662 ], [ 121.519699626833784, 25.057499715599111 ], [ 121.519873856336062, 25.056326031200669 ], [ 121.519745587910592, 25.055152346802235 ], [ 121.520078530733429, 25.054928799030225 ] ] ] } },
{ "type": "Feature", "properties": { "z": 5.5, "countyname": "臺北市", "townname": "中山區" }, "geometry": { "type": "LineString", "coordinates": [ [ 121.523595331836106, 25.054782282140504 ], [ 121.523929632904412, 25.055152346802235 ], [ 121.523595331836106, 25.05545560323246 ], [ 121.523399953997071, 25.055152346802235 ], [ 121.523595331836106, 25.054782282140504 ] ] } },
{ "type": "Feature", "properties": { "z": 5.5, "countyname": "臺北市", "townname": "中山區" }, "geometry": { "type": "LineString", "coordinates": [ [ 121.525939865904547, 25.05481102349782 ], [ 121.526232410339517, 25.055152346802235 ], [ 121.525939865904547, 25.05573918900145 ], [ 121.525605564836255, 25.055152346802235 ], [ 121.525939865904547, 25.05481102349782 ] ] } },
{ "type": "Feature", "properties": { "z": 5.5, "countyname": "臺北市", "townname": "中山區" }, "geometry": { "type": "LineString", "coordinates": [ [ 121.530628934041445, 25.054621850089895 ], [ 121.531076700882835, 25.055152346802235 ], [ 121.530628934041445, 25.055403896314385 ], [ 121.530124947683163, 25.055152346802231 ], [ 121.530628934041445, 25.054621850089895 ] ] } },
{ "type": "Feature", "properties": { "z": 5.5, "countyname": "臺北市", "townname": "中山區" }, "geometry": { "type": "LineString", "coordinates": [ [ 121.53883480328102, 25.054956732735828 ], [ 121.539032815815645, 25.055152346802235 ], [ 121.538894267276376, 25.056326031200669 ], [ 121.538834803281006, 25.056411129501448 ], [ 121.538797472989714, 25.056326031200669 ], [ 121.53805201555528, 25.055152346802235 ], [ 121.53883480328102, 25.054956732735828 ] ] } },
{ "type": "Feature", "properties": { "z": 5.5, "countyname": "臺北市", "townname": "松山區" }, "geometry": { "type": "LineString", "coordinates": [ [ 121.54586840548636, 25.054646327977572 ], [ 121.545933542997943, 25.055152346802235 ], [ 121.546063783325408, 25.056326031200669 ], [ 121.545868405486374, 25.056512386022582 ], [ 121.545282271969256, 25.056326031200669 ], [ 121.544790694209837, 25.055152346802235 ], [ 121.54586840548636, 25.054646327977572 ] ] } },
{ "type": "Feature", "properties": { "z": 5.5, "countyname": "臺北市", "townname": "中山區" }, "geometry": { "type": "LineString", "coordinates": [ [ 121.522423064801885, 25.056144163049861 ], [ 121.522706865567244, 25.056326031200669 ], [ 121.522423064801885, 25.05736689023081 ], [ 121.522148663784876, 25.056326031200669 ], [ 121.522423064801885, 25.056144163049861 ] ] } },
{ "type": "Feature", "properties": { "z": 5.5, "countyname": "臺北市", "townname": "中山區" }, "geometry": { "type": "LineString", "coordinates": [ [ 121.524767598870326, 25.055991325935747 ], [ 121.52535373238743, 25.056326031200669 ], [ 121.524975728855566, 25.057499715599103 ], [ 121.524767598870326, 25.057718917813887 ], [ 121.523595331836106, 25.057663461349478 ], [ 121.522545853407522, 25.057499715599107 ], [ 121.523595331836106, 25.057196459168878 ], [ 121.524464708658485, 25.056326031200665 ], [ 121.524767598870326, 25.055991325935747 ] ] } },
{ "type": "Feature", "properties": { "z": 5.5, "countyname": "臺北市", "townname": "中山區" }, "geometry": { "type": "LineString", "coordinates": [ [ 121.529456667007238, 25.055975972258949 ], [ 121.529612873832733, 25.056326031200669 ], [ 121.529456667007238, 25.056454573258595 ], [ 121.529315431947182, 25.056326031200669 ], [ 121.529456667007238, 25.055975972258949 ] ] } },
{ "type": "Feature", "properties": { "z": 5.5, "countyname": "臺北市", "townname": "中山區" }, "geometry": { "type": "LineString", "coordinates": [ [ 121.541179337349462, 25.056155932813471 ], [ 121.542351604383683, 25.055934759142499 ], [ 121.542766295882814, 25.056326031200669 ], [ 121.542351604383683, 25.056403305811493 ], [ 121.541179337349476, 25.056400192902959 ], [ 121.5410688914275, 25.056326031200669 ], [ 121.541179337349462, 25.056155932813471 ] ] } },
{ "type": "Feature", "properties": { "z": 5.5, "countyname": "臺北市", "townname": "松山區" }, "geometry": { "type": "LineString", "coordinates": [ [ 121.555246541760155, 25.056212863360852 ], [ 121.555423134787318, 25.056326031200669 ], [ 121.555246541760141, 25.056529773193603 ], [ 121.555137473047054, 25.056326031200669 ], [ 121.555246541760155, 25.056212863360852 ] ] } },
{ "type": "Feature", "properties": { "z": 5.5, "countyname": "臺北市", "townname": "松山區" }, "geometry": { "type": "LineString", "coordinates": [ [ 121.557591075828611, 25.056236188944247 ], [ 121.557815207835233, 25.056326031200669 ], [ 121.557591075828611, 25.056409461614649 ], [ 121.557422542733889, 25.056326031200669 ], [ 121.557591075828611, 25.056236188944247 ] ] } },
{ "type": "Feature", "properties": { "z": 5.5, "countyname": "臺北市", "townname": "南港區" }, "geometry": { "type": "LineString", "coordinates": [ [ 121.605654024231796, 25.056016615715055 ], [ 121.605847693583428, 25.056326031200669 ], [ 121.605654024231796, 25.05660670153642 ], [ 121.605490627762236, 25.056326031200669 ], [ 121.605654024231796, 25.056016615715055 ] ] } },
{ "type": "Feature", "properties": { "z": 5.5, "countyname": "臺北市", "townname": "大同區" }, "geometry": { "type": "LineString", "coordinates": [ [ 121.517733996664987, 25.05718148748932 ], [ 121.518112900564645, 25.057499715599111 ], [ 121.517733996664987, 25.05764642614891 ], [ 121.517548369126629, 25.057499715599103 ], [ 121.517733996664987, 25.05718148748932 ] ] } },
{ "type": "Feature", "properties": { "z": 5.5, "countyname": "臺北市", "townname": "松山區" }, "geometry": { "type": "LineString", "coordinates": [ [ 121.56345241099973, 25.057375033187043 ], [ 121.563830107242794, 25.057499715599103 ], [ 121.56345241099973, 25.057616480690793 ], [ 121.563237778216262, 25.057499715599111 ], [ 121.56345241099973, 25.057375033187043 ] ] } },
{ "type": "Feature", "properties": { "z": 5.5, "countyname": "臺北市", "townname": "松山區" }, "geometry": { "type": "LineString", "coordinates": [ [ 121.565796945068172, 25.057329441649081 ], [ 121.566969212102393, 25.057382347159262 ], [ 121.567226907099354, 25.057499715599107 ], [ 121.566969212102407, 25.057678869666056 ], [ 121.565796945068172, 25.05812743513291 ], [ 121.565290387591247, 25.057499715599103 ], [ 121.565796945068172, 25.057329441649081 ] ] } },
{ "type": "Feature", "properties": { "z": 5.5, "countyname": "臺北市", "townname": "中山區" }, "geometry": { "type": "LineString", "coordinates": [ [ 121.537662536246799, 25.058303744464169 ], [ 121.53883480328102, 25.058426496352624 ], [ 121.539197713520906, 25.058673399997545 ], [ 121.539205125143994, 25.059847084395976 ], [ 121.539003698903045, 25.061020768794414 ], [ 121.538834803281034, 25.061181509135814 ], [ 121.538698558750198, 25.061020768794414 ], [ 121.537662536246799, 25.059888039906319 ], [ 121.537614739479537, 25.059847084395976 ], [ 121.537484437498406, 25.058673399997542 ], [ 121.537662536246799, 25.058303744464169 ] ] } },
{ "type": "Feature", "properties": { "z": 5.5, "countyname": "臺北市", "townname": "中山區" }, "geometry": { "type": "LineString", "coordinates": [ [ 121.524767598870326, 25.059735211061298 ], [ 121.52537638179416, 25.059847084395976 ], [ 121.524767598870326, 25.060032928103887 ], [ 121.524584168926353, 25.059847084395976 ], [ 121.524767598870326, 25.059735211061298 ] ] } },
{ "type": "Feature", "properties": { "z": 5.5, "countyname": "臺北市", "townname": "中山區" }, "geometry": { "type": "LineString", "coordinates": [ [ 121.534145735144122, 25.059495472662245 ], [ 121.534590848610677, 25.059847084395976 ], [ 121.534145735144122, 25.060313126460581 ], [ 121.533887079024723, 25.059847084395976 ], [ 121.534145735144122, 25.059495472662245 ] ] } },
{ "type": "Feature", "properties": { "z": 5.5, "countyname": "臺北市", "townname": "中山區" }, "geometry": { "type": "LineString", "coordinates": [ [ 121.541179337349462, 25.059828181199187 ], [ 121.542351604383668, 25.059765146627687 ], [ 121.543523871417918, 25.059754907610699 ], [ 121.543614622609965, 25.059847084395976 ], [ 121.543523871417918, 25.059964484475319 ], [ 121.542351604383683, 25.059981645613533 ], [ 121.541179337349462, 25.059876238286968 ], [ 121.541109462233024, 25.059847084395976 ], [ 121.541179337349462, 25.059828181199187 ] ] } },
{ "type": "Feature", "properties": { "z": 5.5, "countyname": "臺北市", "townname": "中山區" }, "geometry": { "type": "LineString", "coordinates": [ [ 121.521250797767649, 25.060070486874217 ], [ 121.521605407974249, 25.061020768794418 ], [ 121.52138795355286, 25.062194453192848 ], [ 121.522423064801885, 25.063348117153573 ], [ 121.522495509140086, 25.063368137591279 ], [ 121.522423064801885, 25.063499752908562 ], [ 121.521250797767649, 25.063525688702121 ], [ 121.520986998792097, 25.063368137591283 ], [ 121.520728398649496, 25.062194453192852 ], [ 121.521069202177145, 25.061020768794414 ], [ 121.521250797767649, 25.060070486874217 ] ] } },
{ "type": "Feature", "properties": { "z": 5.5, "countyname": "臺北市", "townname": "中山區" }, "geometry": { "type": "LineString", "coordinates": [ [ 121.530628934041445, 25.060659568720062 ], [ 121.531801201075666, 25.060581252269063 ], [ 121.532111876227816, 25.061020768794414 ], [ 121.531801201075666, 25.061486013391001 ], [ 121.530628934041445, 25.061240790234439 ], [ 121.530349332995172, 25.06102076879441 ], [ 121.530628934041445, 25.060659568720062 ] ] } },
{ "type": "Feature", "properties": { "z": 5.5, "countyname": "臺北市", "townname": "松山區" }, "geometry": { "type": "LineString", "coordinates": [ [ 121.56345241099973, 25.060970012835153 ], [ 121.563556883572787, 25.061020768794414 ], [ 121.56345241099973, 25.061068571874923 ], [ 121.562642906669623, 25.061020768794414 ], [ 121.56345241099973, 25.060970012835153 ] ] } },
{ "type": "Feature", "properties": { "z": 5.5, "countyname": "臺北市", "townname": "內湖區" }, "geometry": { "type": "LineString", "coordinates": [ [ 121.586897751684205, 25.060501478066353 ], [ 121.587016914467625, 25.061020768794414 ], [ 121.586897751684191, 25.061150956508637 ], [ 121.586691392112456, 25.061020768794414 ], [ 121.586897751684205, 25.060501478066353 ] ] } },
{ "type": "Feature", "properties": { "z": 5.5, "countyname": "臺北市", "townname": "中山區" }, "geometry": { "type": "LineString", "coordinates": [ [ 121.528284399973003, 25.061967225464791 ], [ 121.528531714615951, 25.062194453192848 ], [ 121.528284399972989, 25.062560124316185 ], [ 121.528134099488696, 25.062194453192848 ], [ 121.528284399973003, 25.061967225464791 ] ] } },
{ "type": "Feature", "properties": { "z": 5.5, "countyname": "臺北市", "townname": "中山區" }, "geometry": { "type": "LineString", "coordinates": [ [ 121.541179337349462, 25.062010740170585 ], [ 121.541300832154349, 25.062194453192848 ], [ 121.541179337349462, 25.062429847088566 ], [ 121.541017667952445, 25.062194453192848 ], [ 121.541179337349462, 25.062010740170585 ] ] } },
{ "type": "Feature", "properties": { "z": 5.5, "countyname": "臺北市", "townname": "中山區" }, "geometry": { "type": "LineString", "coordinates": [ [ 121.523595331836106, 25.064120882394956 ], [ 121.524767598870326, 25.064244756221154 ], [ 121.525939865904562, 25.064404431588443 ], [ 121.526405233461205, 25.064541821989721 ], [ 121.525939865904547, 25.06487865468986 ], [ 121.525104024804719, 25.065715506388159 ], [ 121.524767598870326, 25.065876474596809 ], [ 121.523913709167815, 25.065715506388155 ], [ 121.523595331836106, 25.065396744112888 ], [ 121.522988759719652, 25.064541821989721 ], [ 121.523595331836106, 25.064120882394956 ] ] } },
{ "type": "Feature", "properties": { "z": 5.5, "countyname": "臺北市", "townname": "中山區" }, "geometry": { "type": "LineString", "coordinates": [ [ 121.534145735144136, 25.064318050485351 ], [ 121.534487123072111, 25.064541821989717 ], [ 121.534145735144122, 25.064699874027191 ], [ 121.534028508440699, 25.064541821989721 ], [ 121.534145735144136, 25.064318050485351 ] ] } },
{ "type": "Feature", "properties": { "z": 5.5, "countyname": "臺北市", "townname": "中山區" }, "geometry": { "type": "LineString", "coordinates": [ [ 121.530628934041445, 25.065539159110635 ], [ 121.530707559889308, 25.065715506388155 ], [ 121.530628934041445, 25.066041058700979 ], [ 121.530535991673403, 25.065715506388155 ], [ 121.530628934041445, 25.065539159110635 ] ] } },
{ "type": "Feature", "properties": { "z": 5.5, "countyname": "臺北市", "townname": "中山區" }, "geometry": { "type": "LineString", "coordinates": [ [ 121.53883480328102, 25.065440417668494 ], [ 121.539988902805547, 25.065715506388155 ], [ 121.53883480328102, 25.066797839946844 ], [ 121.538580172412708, 25.065715506388155 ], [ 121.53883480328102, 25.065440417668494 ] ] } },
{ "type": "Feature", "properties": { "z": 5.5, "countyname": "臺北市", "townname": "中山區" }, "geometry": { "type": "LineString", "coordinates": [ [ 121.541179337349448, 25.065345060623553 ], [ 121.541301514517556, 25.065715506388159 ], [ 121.541179337349462, 25.065898499543035 ], [ 121.540029263236889, 25.065715506388155 ], [ 121.541179337349448, 25.065345060623553 ] ] } },
{ "type": "Feature", "properties": { "z": 5.5, "countyname": "臺北市", "townname": "中山區" }, "geometry": { "type": "LineString", "coordinates": [ [ 121.525939865904547, 25.066552358086458 ], [ 121.526207351297273, 25.066889190786593 ], [ 121.526094147301606, 25.068062875185024 ], [ 121.525939865904547, 25.068214616235895 ], [ 121.525139411384828, 25.068062875185028 ], [ 121.52577909208425, 25.06688919078659 ], [ 121.525939865904547, 25.066552358086458 ] ] } },
{ "type": "Feature", "properties": { "z": 5.5, "countyname": "臺北市", "townname": "大同區" }, "geometry": { "type": "LineString", "coordinates": [ [ 121.510700394459633, 25.067861142675017 ], [ 121.510874846345601, 25.068062875185031 ], [ 121.510700394459633, 25.068375729478348 ], [ 121.510568891216181, 25.068062875185028 ], [ 121.510700394459633, 25.067861142675017 ] ] } },
{ "type": "Feature", "properties": { "z": 5.5, "countyname": "臺北市", "townname": "內湖區" }, "geometry": { "type": "LineString", "coordinates": [ [ 121.615032160505592, 25.06795445407014 ], [ 121.616204427539827, 25.068017974558369 ], [ 121.616258822341138, 25.068062875185028 ], [ 121.616204427539813, 25.068093220233717 ], [ 121.615169055971577, 25.069236559583459 ], [ 121.615032160505592, 25.069427743803754 ], [ 121.613859893471385, 25.069440565519656 ], [ 121.612891386011796, 25.070410243981897 ], [ 121.612687626437136, 25.070945457678402 ], [ 121.612094513878432, 25.070410243981897 ], [ 121.612595345195103, 25.069236559583466 ], [ 121.61268762643715, 25.069017246561785 ], [ 121.613859893471371, 25.06905997282886 ], [ 121.61492290531551, 25.068062875185028 ], [ 121.615032160505592, 25.06795445407014 ] ] } },
{ "type": "Feature", "properties": { "z": 5.5, "countyname": "臺北市", "townname": "內湖區" }, "geometry": { "type": "LineString", "coordinates": [ [ 121.592759086855338, 25.069125060445462 ], [ 121.592895384876016, 25.069236559583466 ], [ 121.592759086855338, 25.069496848203631 ], [ 121.592673277330945, 25.069236559583459 ], [ 121.592759086855338, 25.069125060445462 ] ] } },
{ "type": "Feature", "properties": { "z": 5.5, "countyname": "臺北市", "townname": "大同區" }, "geometry": { "type": "LineString", "coordinates": [ [ 121.518906263699222, 25.070312454464709 ], [ 121.519403674370949, 25.070410243981897 ], [ 121.518906263699208, 25.070503122651211 ], [ 121.518830219768347, 25.070410243981897 ], [ 121.518906263699222, 25.070312454464709 ] ] } },
{ "type": "Feature", "properties": { "z": 5.5, "countyname": "臺北市", "townname": "內湖區" }, "geometry": { "type": "LineString", "coordinates": [ [ 121.605654024231796, 25.072632414460699 ], [ 121.605807577319965, 25.072757612778769 ], [ 121.605654024231782, 25.072988591881792 ], [ 121.605357054207374, 25.072757612778769 ], [ 121.605654024231796, 25.072632414460699 ] ] } },
{ "type": "Feature", "properties": { "z": 5.5, "countyname": "臺北市", "townname": "內湖區" }, "geometry": { "type": "LineString", "coordinates": [ [ 121.618548961608255, 25.072743826880313 ], [ 121.618553703955911, 25.072757612778769 ], [ 121.618548961608269, 25.072763973510849 ], [ 121.618544623543642, 25.072757612778769 ], [ 121.618548961608255, 25.072743826880313 ] ] } },
{ "type": "Feature", "properties": { "z": 5.5, "countyname": "臺北市", "townname": "內湖區" }, "geometry": { "type": "LineString", "coordinates": [ [ 121.575175081341968, 25.076147154931192 ], [ 121.576347348376189, 25.076183853127429 ], [ 121.576405646870455, 25.076278665974076 ], [ 121.576347348376189, 25.076733721868301 ], [ 121.575175081341968, 25.076449689044242 ], [ 121.57509403166712, 25.07627866597408 ], [ 121.575175081341968, 25.076147154931192 ] ] } },
{ "type": "Feature", "properties": { "z": 5.5, "countyname": "臺北市", "townname": "內湖區" }, "geometry": { "type": "LineString", "coordinates": [ [ 121.579864149478865, 25.076215584682139 ], [ 121.579909687477027, 25.076278665974076 ], [ 121.579864149478865, 25.07635084230844 ], [ 121.579751713468866, 25.076278665974073 ], [ 121.579864149478865, 25.076215584682139 ] ] } },
{ "type": "Feature", "properties": { "z": 5.5, "countyname": "臺北市", "townname": "大同區" }, "geometry": { "type": "LineString", "coordinates": [ [ 121.508355860391205, 25.077111097626393 ], [ 121.50854474870863, 25.077452350372514 ], [ 121.508355860391191, 25.077987588580005 ], [ 121.507828258890299, 25.077452350372514 ], [ 121.508355860391205, 25.077111097626393 ] ] } },
{ "type": "Feature", "properties": { "z": 5.5, "countyname": "臺北市", "townname": "內湖區" }, "geometry": { "type": "LineString", "coordinates": [ [ 121.577519615410409, 25.077212647325048 ], [ 121.577717274528609, 25.077452350372514 ], [ 121.577519615410409, 25.077688262186783 ], [ 121.576632894220168, 25.077452350372514 ], [ 121.577519615410409, 25.077212647325048 ] ] } },
{ "type": "Feature", "properties": { "z": 5.5, "countyname": "臺北市", "townname": "內湖區" }, "geometry": { "type": "LineString", "coordinates": [ [ 121.579864149478865, 25.078460082111636 ], [ 121.580069795951346, 25.078626034770952 ], [ 121.57986414947888, 25.078743356459004 ], [ 121.579751766561643, 25.078626034770945 ], [ 121.579864149478865, 25.078460082111636 ] ] } },
{ "type": "Feature", "properties": { "z": 5.5, "countyname": "臺北市", "townname": "內湖區" }, "geometry": { "type": "LineString", "coordinates": [ [ 121.575175081341968, 25.079666225849138 ], [ 121.575325934360521, 25.079799719169383 ], [ 121.575175081341968, 25.079930550456968 ], [ 121.575051040407288, 25.079799719169383 ], [ 121.575175081341968, 25.079666225849138 ] ] } },
{ "type": "Feature", "properties": { "z": 5.5, "countyname": "臺北市", "townname": "內湖區" }, "geometry": { "type": "LineString", "coordinates": [ [ 121.578691882444659, 25.079747171672381 ], [ 121.578746739110414, 25.079799719169383 ], [ 121.578691882444645, 25.079904656588209 ], [ 121.578603929078923, 25.079799719169383 ], [ 121.578691882444659, 25.079747171672381 ] ] } },
{ "type": "Feature", "properties": { "z": 5.5, "countyname": "臺北市", "townname": "內湖區" }, "geometry": { "type": "LineString", "coordinates": [ [ 121.590414552786882, 25.079793846120545 ], [ 121.590427723846872, 25.079799719169383 ], [ 121.591226047845709, 25.080973403567821 ], [ 121.590414552786882, 25.081370511540552 ], [ 121.590280361315166, 25.080973403567825 ], [ 121.590410825887687, 25.079799719169383 ], [ 121.590414552786882, 25.079793846120545 ] ] } },
{ "type": "Feature", "properties": { "z": 5.5, "countyname": "臺北市", "townname": "內湖區" }, "geometry": { "type": "LineString", "coordinates": [ [ 121.592759086855338, 25.079783773783277 ], [ 121.592803460698406, 25.079799719169383 ], [ 121.592859519311304, 25.080973403567821 ], [ 121.592770567856505, 25.082147087966256 ], [ 121.592989429377255, 25.08332077236469 ], [ 121.593061852342132, 25.084494456763128 ], [ 121.592759086855338, 25.08469220574699 ], [ 121.592599645290647, 25.084494456763128 ], [ 121.592576427944039, 25.08332077236469 ], [ 121.591586819821103, 25.08240499117348 ], [ 121.591354087306357, 25.082147087966256 ], [ 121.591586819821103, 25.081535078564396 ], [ 121.592145369867353, 25.080973403567821 ], [ 121.592710901385331, 25.079799719169383 ], [ 121.592759086855338, 25.079783773783277 ] ] } },
{ "type": "Feature", "properties": { "z": 5.5, "countyname": "臺北市", "townname": "士林區" }, "geometry": { "type": "LineString", "coordinates": [ [ 121.521250797767649, 25.080950803463438 ], [ 121.52144592215609, 25.080973403567825 ], [ 121.521250797767649, 25.080999227860055 ], [ 121.521121807066962, 25.080973403567821 ], [ 121.521250797767649, 25.080950803463438 ] ] } },
{ "type": "Feature", "properties": { "z": 5.5, "countyname": "臺北市", "townname": "內湖區" }, "geometry": { "type": "LineString", "coordinates": [ [ 121.568141479136628, 25.080846185105955 ], [ 121.56824851702082, 25.080973403567821 ], [ 121.568306945287048, 25.082147087966256 ], [ 121.568317210061437, 25.08332077236469 ], [ 121.568141479136614, 25.083524260106657 ], [ 121.567966684387002, 25.08332077236469 ], [ 121.567869818761167, 25.082147087966256 ], [ 121.56796498947827, 25.080973403567821 ], [ 121.568141479136628, 25.080846185105955 ] ] } },
{ "type": "Feature", "properties": { "z": 5.5, "countyname": "臺北市", "townname": "內湖區" }, "geometry": { "type": "LineString", "coordinates": [ [ 121.577519615410424, 25.080744322825815 ], [ 121.577785649244547, 25.080973403567821 ], [ 121.577519615410424, 25.081125426986272 ], [ 121.577415326259128, 25.080973403567818 ], [ 121.577519615410424, 25.080744322825815 ] ] } },
{ "type": "Feature", "properties": { "z": 5.5, "countyname": "臺北市", "townname": "中山區" }, "geometry": { "type": "LineString", "coordinates": [ [ 121.54586840548636, 25.081764658796523 ], [ 121.547040672520595, 25.082129414683667 ], [ 121.548212939554816, 25.081597237640651 ], [ 121.548420194877366, 25.082147087966252 ], [ 121.548212939554816, 25.082445521431335 ], [ 121.54710120108443, 25.08332077236469 ], [ 121.547040672520581, 25.083341232757217 ], [ 121.547017780274913, 25.08332077236469 ], [ 121.54586840548636, 25.082277250365124 ], [ 121.545746216696827, 25.082147087966256 ], [ 121.54586840548636, 25.081764658796523 ] ] } },
{ "type": "Feature", "properties": { "z": 5.5, "countyname": "臺北市", "townname": "內湖區" }, "geometry": { "type": "LineString", "coordinates": [ [ 121.574002814307761, 25.081979813065331 ], [ 121.57412004101117, 25.082147087966256 ], [ 121.574002814307732, 25.082300809444735 ], [ 121.573627452496027, 25.082147087966256 ], [ 121.574002814307761, 25.081979813065331 ] ] } },
{ "type": "Feature", "properties": { "z": 5.5, "countyname": "臺北市", "townname": "士林區" }, "geometry": { "type": "LineString", "coordinates": [ [ 121.518906263699208, 25.083251214337473 ], [ 121.51901885653443, 25.08332077236469 ], [ 121.518906263699208, 25.08339180485352 ], [ 121.518766908238931, 25.083320772364694 ], [ 121.518906263699208, 25.083251214337473 ] ] } },
{ "type": "Feature", "properties": { "z": 5.5, "countyname": "臺北市", "townname": "中山區" }, "geometry": { "type": "LineString", "coordinates": [ [ 121.557591075828626, 25.08319128356052 ], [ 121.557794623451187, 25.08332077236469 ], [ 121.557591075828611, 25.083772891349298 ], [ 121.556957046575448, 25.08332077236469 ], [ 121.557591075828626, 25.08319128356052 ] ] } },
{ "type": "Feature", "properties": { "z": 5.5, "countyname": "臺北市", "townname": "內湖區" }, "geometry": { "type": "LineString", "coordinates": [ [ 121.591586819821117, 25.08565512148455 ], [ 121.591603504603171, 25.085668141161563 ], [ 121.591586819821089, 25.085678085718229 ], [ 121.591508844092502, 25.085668141161563 ], [ 121.591586819821117, 25.08565512148455 ] ] } },
{ "type": "Feature", "properties": { "z": 5.5, "countyname": "臺北市", "townname": "士林區" }, "geometry": { "type": "LineString", "coordinates": [ [ 121.525939865904562, 25.086797840815017 ], [ 121.525967490343248, 25.086841825559997 ], [ 121.525939865904547, 25.087030587602438 ], [ 121.52590682980113, 25.086841825559997 ], [ 121.525939865904562, 25.086797840815017 ] ] } },
{ "type": "Feature", "properties": { "z": 5.5, "countyname": "臺北市", "townname": "士林區" }, "geometry": { "type": "LineString", "coordinates": [ [ 121.523595331836106, 25.08789814151859 ], [ 121.523870617577217, 25.088015509958435 ], [ 121.52359533183612, 25.088369506974075 ], [ 121.523439332286443, 25.088015509958435 ], [ 121.523595331836106, 25.08789814151859 ] ] } },
{ "type": "Feature", "properties": { "z": 5.5, "countyname": "臺北市", "townname": "士林區" }, "geometry": { "type": "LineString", "coordinates": [ [ 121.524767598870341, 25.089017542635354 ], [ 121.525566793827792, 25.089189194356869 ], [ 121.524767598870312, 25.08939073882221 ], [ 121.524539904340187, 25.089189194356869 ], [ 121.524767598870341, 25.089017542635354 ] ] } },
{ "type": "Feature", "properties": { "z": 5.5, "countyname": "臺北市", "townname": "士林區" }, "geometry": { "type": "LineString", "coordinates": [ [ 121.525939865904562, 25.09235318229636 ], [ 121.526522746733974, 25.092710247552176 ], [ 121.525939865904547, 25.093416398704345 ], [ 121.525810393339597, 25.092710247552176 ], [ 121.525939865904562, 25.09235318229636 ] ] } },
{ "type": "Feature", "properties": { "z": 5.5, "countyname": "臺北市", "townname": "士林區" }, "geometry": { "type": "LineString", "coordinates": [ [ 121.523595331836106, 25.094938395918962 ], [ 121.524576286591866, 25.095057616349049 ], [ 121.523595331836106, 25.095293087662991 ], [ 121.523279850487285, 25.095057616349052 ], [ 121.523595331836106, 25.094938395918962 ] ] } },
{ "type": "Feature", "properties": { "z": 5.5, "countyname": "臺北市", "townname": "士林區" }, "geometry": { "type": "LineString", "coordinates": [ [ 121.525939865904547, 25.094351465196876 ], [ 121.526326891469637, 25.095057616349049 ], [ 121.525939865904547, 25.095233307675286 ], [ 121.524917696707078, 25.095057616349049 ], [ 121.525939865904547, 25.094351465196876 ] ] } },
{ "type": "Feature", "properties": { "z": 5.5, "countyname": "臺北市", "townname": "士林區" }, "geometry": { "type": "LineString", "coordinates": [ [ 121.528284399973003, 25.096226033290442 ], [ 121.528287219534135, 25.096231300747483 ], [ 121.528284399973003, 25.096234123717679 ], [ 121.528281019911276, 25.096231300747483 ], [ 121.528284399973003, 25.096226033290442 ] ] } },
{ "type": "Feature", "properties": { "z": 5.5, "countyname": "臺北市", "townname": "士林區" }, "geometry": { "type": "LineString", "coordinates": [ [ 121.524767598870326, 25.102065776000494 ], [ 121.524818557415742, 25.102099722739666 ], [ 121.524767598870326, 25.102340316791679 ], [ 121.524349576752783, 25.102099722739663 ], [ 121.524767598870326, 25.102065776000494 ] ] } },
{ "type": "Feature", "properties": { "z": 5.5, "countyname": "臺北市", "townname": "士林區" }, "geometry": { "type": "LineString", "coordinates": [ [ 121.522423064801885, 25.103015253812405 ], [ 121.522622115536905, 25.103273407138097 ], [ 121.52246875823532, 25.104447091536535 ], [ 121.522423064801899, 25.104498979854281 ], [ 121.521250797767649, 25.104576327344926 ], [ 121.521133571064226, 25.104447091536535 ], [ 121.521250797767649, 25.103652016869095 ], [ 121.521628950282135, 25.103273407138097 ], [ 121.522423064801885, 25.103015253812405 ] ] } },
{ "type": "Feature", "properties": { "z": 5.5, "countyname": "臺北市", "townname": "士林區" }, "geometry": { "type": "LineString", "coordinates": [ [ 121.528284399972989, 25.107784142172388 ], [ 121.529456667007224, 25.107805496639116 ], [ 121.529631332526137, 25.107968144731842 ], [ 121.529456667007238, 25.108123348656317 ], [ 121.528284399973003, 25.108334684843051 ], [ 121.528153210091872, 25.107968144731842 ], [ 121.528284399972989, 25.107784142172388 ] ] } },
{ "type": "Feature", "properties": { "z": 5.5, "countyname": "臺北市", "townname": "士林區" }, "geometry": { "type": "LineString", "coordinates": [ [ 121.468498781227552, 25.109136812116216 ], [ 121.468511367699733, 25.109141829130277 ], [ 121.468498781227566, 25.109191046169894 ], [ 121.468492194259639, 25.109141829130277 ], [ 121.468498781227552, 25.109136812116216 ] ] } },
{ "type": "Feature", "properties": { "z": 5.5, "countyname": "臺北市", "townname": "北投區" }, "geometry": { "type": "LineString", "coordinates": [ [ 121.51421719556231, 25.111332472042935 ], [ 121.514391165391075, 25.111489197927149 ], [ 121.51421719556231, 25.111627099212207 ], [ 121.514096044841764, 25.111489197927149 ], [ 121.51421719556231, 25.111332472042935 ] ] } },
{ "type": "Feature", "properties": { "z": 5.5, "countyname": "臺北市", "townname": "士林區" }, "geometry": { "type": "LineString", "coordinates": [ [ 121.529456667007224, 25.111105449379327 ], [ 121.529668950551979, 25.111489197927149 ], [ 121.529584063044652, 25.112662882325584 ], [ 121.529456667007238, 25.112832318088845 ], [ 121.529173747380753, 25.112662882325584 ], [ 121.529194831403686, 25.111489197927149 ], [ 121.529456667007224, 25.111105449379327 ] ] } },
{ "type": "Feature", "properties": { "z": 5.5, "countyname": "臺北市", "townname": "士林區" }, "geometry": { "type": "LineString", "coordinates": [ [ 121.537662536246813, 25.112634054309897 ], [ 121.537698287685402, 25.112662882325584 ], [ 121.537662536246799, 25.112691393950129 ], [ 121.537617861172194, 25.112662882325584 ], [ 121.537662536246813, 25.112634054309897 ] ] } },
{ "type": "Feature", "properties": { "z": 5.5, "countyname": "臺北市", "townname": "北投區" }, "geometry": { "type": "LineString", "coordinates": [ [ 121.508355860391191, 25.114993931128161 ], [ 121.509528127425412, 25.114987187921603 ], [ 121.509593847435852, 25.115010251122456 ], [ 121.509528127425412, 25.115076780159075 ], [ 121.508355860391177, 25.115039303930473 ], [ 121.508330467983654, 25.115010251122452 ], [ 121.508355860391191, 25.114993931128161 ] ] } },
{ "type": "Feature", "properties": { "z": 5.5, "countyname": "臺北市", "townname": "北投區" }, "geometry": { "type": "LineString", "coordinates": [ [ 121.516561729630752, 25.116066567081049 ], [ 121.517184129700624, 25.11618393552089 ], [ 121.516628697494795, 25.117357619919328 ], [ 121.516561729630752, 25.117485134210817 ], [ 121.516490280533844, 25.117357619919328 ], [ 121.51634224827302, 25.116183935520894 ], [ 121.516561729630752, 25.116066567081049 ] ] } },
{ "type": "Feature", "properties": { "z": 5.5, "countyname": "臺北市", "townname": "士林區" }, "geometry": { "type": "LineString", "coordinates": [ [ 121.532973468109915, 25.117342231552421 ], [ 121.532983561175058, 25.117357619919328 ], [ 121.532973468109901, 25.117392524948819 ], [ 121.532934346239813, 25.117357619919325 ], [ 121.532973468109915, 25.117342231552421 ] ] } },
{ "type": "Feature", "properties": { "z": 5.5, "countyname": "臺北市", "townname": "士林區" }, "geometry": { "type": "LineString", "coordinates": [ [ 121.525939865904547, 25.118409788482538 ], [ 121.527112132938768, 25.118512862747526 ], [ 121.527188975020422, 25.118531304317763 ], [ 121.527267587980091, 25.119704988716194 ], [ 121.527112132938782, 25.119909757726614 ], [ 121.52685666984253, 25.119704988716197 ], [ 121.525939865904547, 25.118787076289234 ], [ 121.525710636214328, 25.118531304317763 ], [ 121.525939865904547, 25.118409788482538 ] ] } },
{ "type": "Feature", "properties": { "z": 5.5, "countyname": "臺北市", "townname": "士林區" }, "geometry": { "type": "LineString", "coordinates": [ [ 121.529456667007224, 25.118481199471809 ], [ 121.530628934041445, 25.118523142630739 ], [ 121.530652464113018, 25.118531304317763 ], [ 121.530628934041445, 25.118555516683305 ], [ 121.529456667007224, 25.118653989203548 ], [ 121.52927688038406, 25.118531304317763 ], [ 121.529456667007224, 25.118481199471809 ] ] } },
{ "type": "Feature", "properties": { "z": 5.5, "countyname": "臺北市", "townname": "北投區" }, "geometry": { "type": "LineString", "coordinates": [ [ 121.467326514193346, 25.120822211540649 ], [ 121.46738282849762, 25.120878673114635 ], [ 121.467463163934568, 25.12205235751307 ], [ 121.467326514193346, 25.12219440349277 ], [ 121.467182718021476, 25.12205235751307 ], [ 121.467275720108859, 25.120878673114635 ], [ 121.467326514193346, 25.120822211540649 ] ] } },
{ "type": "Feature", "properties": { "z": 5.5, "countyname": "臺北市", "townname": "北投區" }, "geometry": { "type": "LineString", "coordinates": [ [ 121.501322258185837, 25.125568491451173 ], [ 121.501333770716158, 25.125573410708377 ], [ 121.501481602714009, 25.126747095106811 ], [ 121.501322258185837, 25.127054374536481 ], [ 121.501170651815755, 25.126747095106811 ], [ 121.501317522071858, 25.125573410708377 ], [ 121.501322258185837, 25.125568491451173 ] ] } },
{ "type": "Feature", "properties": { "z": 5.5, "countyname": "臺北市", "townname": "北投區" }, "geometry": { "type": "LineString", "coordinates": [ [ 121.468498781227566, 25.127813921430754 ], [ 121.468587956192891, 25.127920779505249 ], [ 121.468498781227566, 25.128004560378525 ], [ 121.468326422820226, 25.127920779505249 ], [ 121.468498781227566, 25.127813921430754 ] ] } },
{ "type": "Feature", "properties": { "z": 5.5, "countyname": "臺北市", "townname": "北投區" }, "geometry": { "type": "LineString", "coordinates": [ [ 121.475532383432906, 25.13193815530612 ], [ 121.476030339538852, 25.132615517098991 ], [ 121.475532383432906, 25.132724729198081 ], [ 121.475283470686122, 25.132615517098987 ], [ 121.475532383432906, 25.13193815530612 ] ] } },
{ "type": "Feature", "properties": { "z": 5.5, "countyname": "臺北市", "townname": "北投區" }, "geometry": { "type": "LineString", "coordinates": [ [ 121.498977724117395, 25.13259651590225 ], [ 121.499018572362303, 25.132615517098991 ], [ 121.498977724117395, 25.132667602779055 ], [ 121.498946083285659, 25.132615517098994 ], [ 121.498977724117395, 25.13259651590225 ] ] } },
{ "type": "Feature", "properties": { "z": 5.5, "countyname": "臺北市", "townname": "北投區" }, "geometry": { "type": "LineString", "coordinates": [ [ 121.502494525220072, 25.132524451121089 ], [ 121.502538464261377, 25.132615517098991 ], [ 121.502494525220072, 25.132944830660175 ], [ 121.502149776113725, 25.132615517098991 ], [ 121.502494525220072, 25.132524451121089 ] ] } },
{ "type": "Feature", "properties": { "z": 5.5, "countyname": "臺北市", "townname": "士林區" }, "geometry": { "type": "LineString", "coordinates": [ [ 121.542351604383683, 25.13730337734528 ], [ 121.542361999681688, 25.137310254692739 ], [ 121.542351604383668, 25.137321204856924 ], [ 121.541616119300343, 25.137310254692736 ], [ 121.542351604383683, 25.13730337734528 ] ] } },
{ "type": "Feature", "properties": { "z": 5.5, "countyname": "臺北市", "townname": "北投區" }, "geometry": { "type": "LineString", "coordinates": [ [ 121.498977724117395, 25.138431553939498 ], [ 121.499008761044578, 25.138483939091167 ], [ 121.498977724117395, 25.13851661367347 ], [ 121.498940763011149, 25.13848393909117 ], [ 121.498977724117395, 25.138431553939498 ] ] } },
{ "type": "Feature", "properties": { "z": 5.5, "countyname": "臺北市", "townname": "北投區" }, "geometry": { "type": "LineString", "coordinates": [ [ 121.501322258185837, 25.139544405103507 ], [ 121.501411562880847, 25.139657623489601 ], [ 121.501322258185837, 25.139738608850827 ], [ 121.501085453148491, 25.139657623489605 ], [ 121.501322258185837, 25.139544405103507 ] ] } },
{ "type": "Feature", "properties": { "z": 5.5, "countyname": "臺北市", "townname": "北投區" }, "geometry": { "type": "LineString", "coordinates": [ [ 121.500149991151616, 25.140508146867965 ], [ 121.500267343364783, 25.140831307888043 ], [ 121.500149991151616, 25.141603098057097 ], [ 121.499855468550791, 25.140831307888043 ], [ 121.500149991151616, 25.140508146867965 ] ] } }
]
}
