{
"type": "FeatureCollection",
"name": "stop_all",
"crs": { "type": "name", "properties": { "name": "urn:ogc:def:crs:OGC:1.3:CRS84" } },
"features": [
{ "type": "Feature", "properties": { "poi_name": "南港", "note": "南港_北出口", "stop_type": "高鐵" }, "geometry": { "type": "Point", "coordinates": [ 121.60706, 25.05348 ] } },
{ "type": "Feature", "properties": { "poi_name": "南港", "note": "南港_南出口", "stop_type": "高鐵" }, "geometry": { "type": "Point", "coordinates": [ 121.6071513, 25.05289856 ] } },
{ "type": "Feature", "properties": { "poi_name": "台北", "note": "台北_東 1", "stop_type": "高鐵" }, "geometry": { "type": "Point", "coordinates": [ 121.5179955, 25.0480691 ] } },
{ "type": "Feature", "properties": { "poi_name": "台北", "note": "台北_東 2", "stop_type": "高鐵" }, "geometry": { "type": "Point", "coordinates": [ 121.5179055, 25.0476691 ] } },
{ "type": "Feature", "properties": { "poi_name": "台北", "note": "台北_東 3", "stop_type": "高鐵" }, "geometry": { "type": "Point", "coordinates": [ 121.5178155, 25.0472691 ] } },
{ "type": "Feature", "properties": { "poi_name": "台北", "note": "台北_北 1", "stop_type": "高鐵" }, "geometry": { "type": "Point", "coordinates": [ 121.5177255, 25.0481891 ] } },
{ "type": "Feature", "properties": { "poi_name": "台北", "note": "台北_北 2", "stop_type": "高鐵" }, "geometry": { "type": "Point", "coordinates": [ 121.51724, 25.04831 ] } },
{ "type": "Feature", "properties": { "poi_name": "台北", "note": "台北_北 3", "stop_type": "高鐵" }, "geometry": { "type": "Point", "coordinates": [ 121.51683, 25.04837 ] } },
{ "type": "Feature", "properties": { "poi_name": "台北", "note": "台北_南 1", "stop_type": "高鐵" }, "geometry": { "type": "Point", "coordinates": [ 121.5175055, 25.0470691 ] } },
{ "type": "Feature", "properties": { "poi_name": "台北", "note": "台北_南 2", "stop_type": "高鐵" }, "geometry": { "type": "Point", "coordinates": [ 121.5170455, 25.0471491 ] } },
{ "type": "Feature", "properties": { "poi_name": "台北", "note": "台北_南 3", "stop_type": "高鐵" }, "geometry": { "type": "Point", "coordinates": [ 121.5165855, 25.0472191 ] } },
{ "type": "Feature", "properties": { "poi_name": "台北", "note": "台北_西 1", "stop_type": "高鐵" }, "geometry": { "type": "Point", "coordinates": [ 121.5164155, 25.0481691 ] } },
{ "type": "Feature", "properties": { "poi_name": "台北", "note": "台北_西 2", "stop_type": "高鐵" }, "geometry": { "type": "Point", "coordinates": [ 121.5163555, 25.0478391 ] } },
{ "type": "Feature", "properties": { "poi_name": "台北", "note": "台北_西 3", "stop_type": "高鐵" }, "geometry": { "type": "Point", "coordinates": [ 121.5162855, 25.0475091 ] } },
{ "type": "Feature", "properties": { "poi_name": "板橋", "note": "板橋_東 1", "stop_type": "高鐵" }, "geometry": { "type": "Point", "coordinates": [ 121.4644661, 25.01483982 ] } },
{ "type": "Feature", "properties": { "poi_name": "板橋", "note": "板橋_東 2", "stop_type": "高鐵" }, "geometry": { "type": "Point", "coordinates": [ 121.4647298, 25.01462751 ] } },
{ "type": "Feature", "properties": { "poi_name": "板橋", "note": "板橋_北 1", "stop_type": "高鐵" }, "geometry": { "type": "Point", "coordinates": [ 121.4640792, 25.0149135 ] } },
{ "type": "Feature", "properties": { "poi_name": "板橋", "note": "板橋_北 1A", "stop_type": "高鐵" }, "geometry": { "type": "Point", "coordinates": [ 121.4635201, 25.01468993 ] } },
{ "type": "Feature", "properties": { "poi_name": "板橋", "note": "板橋_北 2", "stop_type": "高鐵" }, "geometry": { "type": "Point", "coordinates": [ 121.4633801, 25.01448993 ] } },
{ "type": "Feature", "properties": { "poi_name": "板橋", "note": "板橋_北 2A", "stop_type": "高鐵" }, "geometry": { "type": "Point", "coordinates": [ 121.4632201, 25.01431993 ] } },
{ "type": "Feature", "properties": { "poi_name": "板橋", "note": "板橋_北 3", "stop_type": "高鐵" }, "geometry": { "type": "Point", "coordinates": [ 121.4630779, 25.01367105 ] } },
{ "type": "Feature", "properties": { "poi_name": "板橋", "note": "板橋_南 1", "stop_type": "高鐵" }, "geometry": { "type": "Point", "coordinates": [ 121.4643877, 25.01409371 ] } },
{ "type": "Feature", "properties": { "poi_name": "板橋", "note": "板橋_南 2", "stop_type": "高鐵" }, "geometry": { "type": "Point", "coordinates": [ 121.4640993, 25.01393031 ] } },
{ "type": "Feature", "properties": { "poi_name": "板橋", "note": "板橋_南 3", "stop_type": "高鐵" }, "geometry": { "type": "Point", "coordinates": [ 121.4638656, 25.01371412 ] } },
{ "type": "Feature", "properties": { "poi_name": "板橋", "note": "板橋_西", "stop_type": "高鐵" }, "geometry": { "type": "Point", "coordinates": [ 121.4632247, 25.01348318 ] } },
{ "type": "Feature", "properties": { "poi_name": "桃園", "note": "桃園_出口1", "stop_type": "高鐵" }, "geometry": { "type": "Point", "coordinates": [ 121.215356, 25.013122 ] } },
{ "type": "Feature", "properties": { "poi_name": "桃園", "note": "桃園_出口2", "stop_type": "高鐵" }, "geometry": { "type": "Point", "coordinates": [ 121.215299, 25.012916 ] } },
{ "type": "Feature", "properties": { "poi_name": "桃園", "note": "桃園_出口3", "stop_type": "高鐵" }, "geometry": { "type": "Point", "coordinates": [ 121.2150204, 25.01273038 ] } },
{ "type": "Feature", "properties": { "poi_name": "桃園", "note": "桃園_出口4", "stop_type": "高鐵" }, "geometry": { "type": "Point", "coordinates": [ 121.2148237, 25.01265392 ] } },
{ "type": "Feature", "properties": { "poi_name": "桃園", "note": "桃園_出口5", "stop_type": "高鐵" }, "geometry": { "type": "Point", "coordinates": [ 121.2144677, 25.01295094 ] } },
{ "type": "Feature", "properties": { "poi_name": "桃園", "note": "桃園_出口6", "stop_type": "高鐵" }, "geometry": { "type": "Point", "coordinates": [ 121.2145347, 25.01313553 ] } },
{ "type": "Feature", "properties": { "poi_name": "桃園", "note": "桃園_出口7", "stop_type": "高鐵" }, "geometry": { "type": "Point", "coordinates": [ 121.2146953, 25.01329535 ] } },
{ "type": "Feature", "properties": { "poi_name": "桃園", "note": "桃園_出口8", "stop_type": "高鐵" }, "geometry": { "type": "Point", "coordinates": [ 121.21493, 25.013495 ] } },
{ "type": "Feature", "properties": { "poi_name": "新竹", "note": "新竹_出口1", "stop_type": "高鐵" }, "geometry": { "type": "Point", "coordinates": [ 121.0399652, 24.80796542 ] } },
{ "type": "Feature", "properties": { "poi_name": "新竹", "note": "新竹_出口2", "stop_type": "高鐵" }, "geometry": { "type": "Point", "coordinates": [ 121.0398947, 24.80830342 ] } },
{ "type": "Feature", "properties": { "poi_name": "新竹", "note": "新竹_出口3", "stop_type": "高鐵" }, "geometry": { "type": "Point", "coordinates": [ 121.0404137, 24.80842419 ] } },
{ "type": "Feature", "properties": { "poi_name": "新竹", "note": "新竹_出口4", "stop_type": "高鐵" }, "geometry": { "type": "Point", "coordinates": [ 121.040373, 24.807944 ] } },
{ "type": "Feature", "properties": { "poi_name": "苗栗", "note": "苗栗_出口1", "stop_type": "高鐵" }, "geometry": { "type": "Point", "coordinates": [ 120.8249726, 24.60563994 ] } },
{ "type": "Feature", "properties": { "poi_name": "苗栗", "note": "苗栗_出口2", "stop_type": "高鐵" }, "geometry": { "type": "Point", "coordinates": [ 120.825144926533, 24.605797915109299 ] } },
{ "type": "Feature", "properties": { "poi_name": "苗栗", "note": "苗栗_出口3", "stop_type": "高鐵" }, "geometry": { "type": "Point", "coordinates": [ 120.825535778116006, 24.605958158564899 ] } },
{ "type": "Feature", "properties": { "poi_name": "苗栗", "note": "苗栗_出口4", "stop_type": "高鐵" }, "geometry": { "type": "Point", "coordinates": [ 120.8257051, 24.60595992 ] } },
{ "type": "Feature", "properties": { "poi_name": "苗栗", "note": "苗栗_出口5", "stop_type": "高鐵" }, "geometry": { "type": "Point", "coordinates": [ 120.8258941, 24.60528772 ] } },
{ "type": "Feature", "properties": { "poi_name": "台中", "note": "台中_出口1A", "stop_type": "高鐵" }, "geometry": { "type": "Point", "coordinates": [ 120.616208, 24.111939 ] } },
{ "type": "Feature", "properties": { "poi_name": "台中", "note": "台中_出口1B", "stop_type": "高鐵" }, "geometry": { "type": "Point", "coordinates": [ 120.616158, 24.111461 ] } },
{ "type": "Feature", "properties": { "poi_name": "台中", "note": "台中_出口2", "stop_type": "高鐵" }, "geometry": { "type": "Point", "coordinates": [ 120.616063, 24.110337 ] } },
{ "type": "Feature", "properties": { "poi_name": "台中", "note": "台中_出口3", "stop_type": "高鐵" }, "geometry": { "type": "Point", "coordinates": [ 120.6151113, 24.1104282 ] } },
{ "type": "Feature", "properties": { "poi_name": "台中", "note": "台中_出口4A", "stop_type": "高鐵" }, "geometry": { "type": "Point", "coordinates": [ 120.615629, 24.112054 ] } },
{ "type": "Feature", "properties": { "poi_name": "台中", "note": "台中_出口4B", "stop_type": "高鐵" }, "geometry": { "type": "Point", "coordinates": [ 120.615557, 24.111503 ] } },
{ "type": "Feature", "properties": { "poi_name": "台中", "note": "台中_出口5", "stop_type": "高鐵" }, "geometry": { "type": "Point", "coordinates": [ 120.616063, 24.110931 ] } },
{ "type": "Feature", "properties": { "poi_name": "台中", "note": "台中_出口6", "stop_type": "高鐵" }, "geometry": { "type": "Point", "coordinates": [ 120.615569, 24.110941 ] } },
{ "type": "Feature", "properties": { "poi_name": "台中", "note": "台中_出口7", "stop_type": "高鐵" }, "geometry": { "type": "Point", "coordinates": [ 120.6160934, 24.11202002 ] } },
{ "type": "Feature", "properties": { "poi_name": "彰化", "note": "彰化_出口1", "stop_type": "高鐵" }, "geometry": { "type": "Point", "coordinates": [ 120.5750446, 23.87449907 ] } },
{ "type": "Feature", "properties": { "poi_name": "彰化", "note": "彰化_出口2", "stop_type": "高鐵" }, "geometry": { "type": "Point", "coordinates": [ 120.5744565, 23.87441837 ] } },
{ "type": "Feature", "properties": { "poi_name": "彰化", "note": "彰化_出口3", "stop_type": "高鐵" }, "geometry": { "type": "Point", "coordinates": [ 120.574286, 23.874049 ] } },
{ "type": "Feature", "properties": { "poi_name": "雲林", "note": "雲林_出口1", "stop_type": "高鐵" }, "geometry": { "type": "Point", "coordinates": [ 120.416333, 23.735937 ] } },
{ "type": "Feature", "properties": { "poi_name": "雲林", "note": "雲林_出口2", "stop_type": "高鐵" }, "geometry": { "type": "Point", "coordinates": [ 120.416804, 23.736121 ] } },
{ "type": "Feature", "properties": { "poi_name": "雲林", "note": "雲林_出口3", "stop_type": "高鐵" }, "geometry": { "type": "Point", "coordinates": [ 120.416803, 23.736875 ] } },
{ "type": "Feature", "properties": { "poi_name": "嘉義", "note": "嘉義_出口1", "stop_type": "高鐵" }, "geometry": { "type": "Point", "coordinates": [ 120.3232999, 23.45895969 ] } },
{ "type": "Feature", "properties": { "poi_name": "嘉義", "note": "嘉義_出口2", "stop_type": "高鐵" }, "geometry": { "type": "Point", "coordinates": [ 120.3227501, 23.4589144 ] } },
{ "type": "Feature", "properties": { "poi_name": "嘉義", "note": "嘉義_出口3", "stop_type": "高鐵" }, "geometry": { "type": "Point", "coordinates": [ 120.3228058, 23.4596842 ] } },
{ "type": "Feature", "properties": { "poi_name": "嘉義", "note": "嘉義_出口4", "stop_type": "高鐵" }, "geometry": { "type": "Point", "coordinates": [ 120.3233253, 23.45947784 ] } },
{ "type": "Feature", "properties": { "poi_name": "台南", "note": "台南_出口1", "stop_type": "高鐵" }, "geometry": { "type": "Point", "coordinates": [ 120.286086, 22.924318 ] } },
{ "type": "Feature", "properties": { "poi_name": "台南", "note": "台南_出口2", "stop_type": "高鐵" }, "geometry": { "type": "Point", "coordinates": [ 120.2856639, 22.92427432 ] } },
{ "type": "Feature", "properties": { "poi_name": "台南", "note": "台南_出口3", "stop_type": "高鐵" }, "geometry": { "type": "Point", "coordinates": [ 120.2853852, 22.92482767 ] } },
{ "type": "Feature", "properties": { "poi_name": "台南", "note": "台南_出口4", "stop_type": "高鐵" }, "geometry": { "type": "Point", "coordinates": [ 120.285766, 22.925073 ] } },
{ "type": "Feature", "properties": { "poi_name": "左營", "note": "左營_出口1", "stop_type": "高鐵" }, "geometry": { "type": "Point", "coordinates": [ 120.3079755, 22.68681651 ] } },
{ "type": "Feature", "properties": { "poi_name": "左營", "note": "左營_出口2", "stop_type": "高鐵" }, "geometry": { "type": "Point", "coordinates": [ 120.3082839, 22.68734572 ] } },
{ "type": "Feature", "properties": { "poi_name": "左營", "note": "左營_出口3", "stop_type": "高鐵" }, "geometry": { "type": "Point", "coordinates": [ 120.3079819, 22.68701373 ] } },
{ "type": "Feature", "properties": { "poi_name": "左營", "note": "左營_出口4", "stop_type": "高鐵" }, "geometry": { "type": "Point", "coordinates": [ 120.3077655, 22.68683245 ] } },
{ "type": "Feature", "properties": { "poi_name": "左營", "note": "左營_出口5", "stop_type": "高鐵" }, "geometry": { "type": "Point", "coordinates": [ 120.307234, 22.686394 ] } },
{ "type": "Feature", "properties": { "poi_name": "基隆", "note": "南站 (中山一路)", "stop_type": "台鐵" }, "geometry": { "type": "Point", "coordinates": [ 121.73837, 25.13191 ] } },
{ "type": "Feature", "properties": { "poi_name": "三坑", "note": null, "stop_type": "台鐵" }, "geometry": { "type": "Point", "coordinates": [ 121.74202, 25.12305 ] } },
{ "type": "Feature", "properties": { "poi_name": "八堵", "note": null, "stop_type": "台鐵" }, "geometry": { "type": "Point", "coordinates": [ 121.72904, 25.10838 ] } },
{ "type": "Feature", "properties": { "poi_name": "七堵", "note": "東新街", "stop_type": "台鐵" }, "geometry": { "type": "Point", "coordinates": [ 121.71415, 25.09294 ] } },
{ "type": "Feature", "properties": { "poi_name": "百福", "note": null, "stop_type": "台鐵" }, "geometry": { "type": "Point", "coordinates": [ 121.69379, 25.07795 ] } },
{ "type": "Feature", "properties": { "poi_name": "五堵", "note": null, "stop_type": "台鐵" }, "geometry": { "type": "Point", "coordinates": [ 121.66758, 25.07799 ] } },
{ "type": "Feature", "properties": { "poi_name": "汐止", "note": "汐止站信義出口(北出口)", "stop_type": "台鐵" }, "geometry": { "type": "Point", "coordinates": [ 121.66199, 25.06863 ] } },
{ "type": "Feature", "properties": { "poi_name": "汐止", "note": "汐止站", "stop_type": "台鐵" }, "geometry": { "type": "Point", "coordinates": [ 121.66115, 25.06789 ] } },
{ "type": "Feature", "properties": { "poi_name": "汐止", "note": "汐止站秀峰出口(南出口)", "stop_type": "台鐵" }, "geometry": { "type": "Point", "coordinates": [ 121.66026, 25.06718 ] } },
{ "type": "Feature", "properties": { "poi_name": "汐科", "note": "汐科站", "stop_type": "台鐵" }, "geometry": { "type": "Point", "coordinates": [ 121.65237, 25.06405 ] } },
{ "type": "Feature", "properties": { "poi_name": "汐科", "note": "汐科南站出口", "stop_type": "台鐵" }, "geometry": { "type": "Point", "coordinates": [ 121.64671, 25.06263 ] } },
{ "type": "Feature", "properties": { "poi_name": "汐科", "note": "汐科北站出口", "stop_type": "台鐵" }, "geometry": { "type": "Point", "coordinates": [ 121.65262, 25.06405 ] } },
{ "type": "Feature", "properties": { "poi_name": "南港", "note": "北出口", "stop_type": "台鐵" }, "geometry": { "type": "Point", "coordinates": [ 121.60706, 25.05348 ] } },
{ "type": "Feature", "properties": { "poi_name": "松山", "note": "東", "stop_type": "台鐵" }, "geometry": { "type": "Point", "coordinates": [ 121.57983, 25.04915 ] } },
{ "type": "Feature", "properties": { "poi_name": "松山", "note": "北 2", "stop_type": "台鐵" }, "geometry": { "type": "Point", "coordinates": [ 121.57935, 25.04943 ] } },
{ "type": "Feature", "properties": { "poi_name": "松山", "note": "北 1", "stop_type": "台鐵" }, "geometry": { "type": "Point", "coordinates": [ 121.57895, 25.04943 ] } },
{ "type": "Feature", "properties": { "poi_name": "松山", "note": "南", "stop_type": "台鐵" }, "geometry": { "type": "Point", "coordinates": [ 121.57917, 25.04911 ] } },
{ "type": "Feature", "properties": { "poi_name": "松山", "note": "西", "stop_type": "台鐵" }, "geometry": { "type": "Point", "coordinates": [ 121.57799, 25.04921 ] } },
{ "type": "Feature", "properties": { "poi_name": "臺北", "note": "東 3", "stop_type": "台鐵" }, "geometry": { "type": "Point", "coordinates": [ 121.51775, 25.04731 ] } },
{ "type": "Feature", "properties": { "poi_name": "臺北", "note": "東 1", "stop_type": "台鐵" }, "geometry": { "type": "Point", "coordinates": [ 121.51793, 25.04811 ] } },
{ "type": "Feature", "properties": { "poi_name": "臺北", "note": "西 1", "stop_type": "台鐵" }, "geometry": { "type": "Point", "coordinates": [ 121.51644, 25.04801 ] } },
{ "type": "Feature", "properties": { "poi_name": "臺北", "note": "南 1", "stop_type": "台鐵" }, "geometry": { "type": "Point", "coordinates": [ 121.51744, 25.04711 ] } },
{ "type": "Feature", "properties": { "poi_name": "臺北", "note": "北 1", "stop_type": "台鐵" }, "geometry": { "type": "Point", "coordinates": [ 121.51766, 25.04823 ] } },
{ "type": "Feature", "properties": { "poi_name": "臺北", "note": "西 2", "stop_type": "台鐵" }, "geometry": { "type": "Point", "coordinates": [ 121.51641, 25.04781 ] } },
{ "type": "Feature", "properties": { "poi_name": "臺北", "note": "南 2", "stop_type": "台鐵" }, "geometry": { "type": "Point", "coordinates": [ 121.51698, 25.04719 ] } },
{ "type": "Feature", "properties": { "poi_name": "臺北", "note": "西 3", "stop_type": "台鐵" }, "geometry": { "type": "Point", "coordinates": [ 121.51632, 25.04754 ] } },
{ "type": "Feature", "properties": { "poi_name": "臺北", "note": "南 3", "stop_type": "台鐵" }, "geometry": { "type": "Point", "coordinates": [ 121.51652, 25.04726 ] } },
{ "type": "Feature", "properties": { "poi_name": "臺北", "note": "東 2", "stop_type": "台鐵" }, "geometry": { "type": "Point", "coordinates": [ 121.51784, 25.04771 ] } },
{ "type": "Feature", "properties": { "poi_name": "臺北", "note": "北 2", "stop_type": "台鐵" }, "geometry": { "type": "Point", "coordinates": [ 121.51724, 25.04831 ] } },
{ "type": "Feature", "properties": { "poi_name": "臺北", "note": "北 3", "stop_type": "台鐵" }, "geometry": { "type": "Point", "coordinates": [ 121.51683, 25.04837 ] } },
{ "type": "Feature", "properties": { "poi_name": "臺北-環島", "note": null, "stop_type": "台鐵" }, "geometry": { "type": "Point", "coordinates": [ 121.51711, 25.04774 ] } },
{ "type": "Feature", "properties": { "poi_name": "萬華", "note": "入口", "stop_type": "台鐵" }, "geometry": { "type": "Point", "coordinates": [ 121.50021, 25.03357 ] } },
{ "type": "Feature", "properties": { "poi_name": "萬華", "note": "出口", "stop_type": "台鐵" }, "geometry": { "type": "Point", "coordinates": [ 121.50141, 25.03326 ] } },
{ "type": "Feature", "properties": { "poi_name": "板橋", "note": "北 2", "stop_type": "台鐵" }, "geometry": { "type": "Point", "coordinates": [ 121.46338, 25.01449 ] } },
{ "type": "Feature", "properties": { "poi_name": "板橋", "note": "東 1", "stop_type": "台鐵" }, "geometry": { "type": "Point", "coordinates": [ 121.46419, 25.01484 ] } },
{ "type": "Feature", "properties": { "poi_name": "板橋", "note": "南 2", "stop_type": "台鐵" }, "geometry": { "type": "Point", "coordinates": [ 121.46406, 25.01401 ] } },
{ "type": "Feature", "properties": { "poi_name": "板橋", "note": "南 3", "stop_type": "台鐵" }, "geometry": { "type": "Point", "coordinates": [ 121.46377, 25.01378 ] } },
{ "type": "Feature", "properties": { "poi_name": "板橋", "note": "北 2A", "stop_type": "台鐵" }, "geometry": { "type": "Point", "coordinates": [ 121.46322, 25.01432 ] } },
{ "type": "Feature", "properties": { "poi_name": "板橋", "note": "南 1", "stop_type": "台鐵" }, "geometry": { "type": "Point", "coordinates": [ 121.46436, 25.01418 ] } },
{ "type": "Feature", "properties": { "poi_name": "板橋", "note": "北 3", "stop_type": "台鐵" }, "geometry": { "type": "Point", "coordinates": [ 121.46318, 25.01425 ] } },
{ "type": "Feature", "properties": { "poi_name": "板橋", "note": "北 1A", "stop_type": "台鐵" }, "geometry": { "type": "Point", "coordinates": [ 121.46358, 25.01475 ] } },
{ "type": "Feature", "properties": { "poi_name": "板橋", "note": "北 1", "stop_type": "台鐵" }, "geometry": { "type": "Point", "coordinates": [ 121.46408, 25.01491 ] } },
{ "type": "Feature", "properties": { "poi_name": "板橋", "note": "西", "stop_type": "台鐵" }, "geometry": { "type": "Point", "coordinates": [ 121.46324, 25.01346 ] } },
{ "type": "Feature", "properties": { "poi_name": "板橋", "note": "東 2", "stop_type": "台鐵" }, "geometry": { "type": "Point", "coordinates": [ 121.46437, 25.01475 ] } },
{ "type": "Feature", "properties": { "poi_name": "浮洲", "note": null, "stop_type": "台鐵" }, "geometry": { "type": "Point", "coordinates": [ 121.44477, 25.00419 ] } },
{ "type": "Feature", "properties": { "poi_name": "樹林", "note": "後站", "stop_type": "台鐵" }, "geometry": { "type": "Point", "coordinates": [ 121.42402, 24.99124 ] } },
{ "type": "Feature", "properties": { "poi_name": "樹林", "note": "前站", "stop_type": "台鐵" }, "geometry": { "type": "Point", "coordinates": [ 121.42481, 24.99121 ] } },
{ "type": "Feature", "properties": { "poi_name": "南樹林", "note": null, "stop_type": "台鐵" }, "geometry": { "type": "Point", "coordinates": [ 121.40884, 24.98044 ] } },
{ "type": "Feature", "properties": { "poi_name": "山佳", "note": null, "stop_type": "台鐵" }, "geometry": { "type": "Point", "coordinates": [ 121.39254, 24.97273 ] } },
{ "type": "Feature", "properties": { "poi_name": "鶯歌", "note": "後站", "stop_type": "台鐵" }, "geometry": { "type": "Point", "coordinates": [ 121.35499, 24.95478 ] } },
{ "type": "Feature", "properties": { "poi_name": "鶯歌", "note": "前站", "stop_type": "台鐵" }, "geometry": { "type": "Point", "coordinates": [ 121.35535, 24.95432 ] } },
{ "type": "Feature", "properties": { "poi_name": "鳳鳴", "note": null, "stop_type": "台鐵" }, "geometry": { "type": "Point", "coordinates": [ 121.33658, 24.97268 ] } },
{ "type": "Feature", "properties": { "poi_name": "桃園", "note": "前站", "stop_type": "台鐵" }, "geometry": { "type": "Point", "coordinates": [ 121.31384, 24.98942 ] } },
{ "type": "Feature", "properties": { "poi_name": "桃園", "note": "後站", "stop_type": "台鐵" }, "geometry": { "type": "Point", "coordinates": [ 121.31415, 24.98861 ] } },
{ "type": "Feature", "properties": { "poi_name": "內壢", "note": null, "stop_type": "台鐵" }, "geometry": { "type": "Point", "coordinates": [ 121.25826, 24.97281 ] } },
{ "type": "Feature", "properties": { "poi_name": "中壢", "note": "後站(新興路)", "stop_type": "台鐵" }, "geometry": { "type": "Point", "coordinates": [ 121.22506, 24.95273 ] } },
{ "type": "Feature", "properties": { "poi_name": "中壢", "note": "前站(中和路)", "stop_type": "台鐵" }, "geometry": { "type": "Point", "coordinates": [ 121.22556, 24.95369 ] } },
{ "type": "Feature", "properties": { "poi_name": "埔心", "note": "前站", "stop_type": "台鐵" }, "geometry": { "type": "Point", "coordinates": [ 121.18366, 24.91945 ] } },
{ "type": "Feature", "properties": { "poi_name": "埔心", "note": "後站", "stop_type": "台鐵" }, "geometry": { "type": "Point", "coordinates": [ 121.18276, 24.91995 ] } },
{ "type": "Feature", "properties": { "poi_name": "楊梅", "note": "後站", "stop_type": "台鐵" }, "geometry": { "type": "Point", "coordinates": [ 121.14633, 24.91451 ] } },
{ "type": "Feature", "properties": { "poi_name": "楊梅", "note": "前站", "stop_type": "台鐵" }, "geometry": { "type": "Point", "coordinates": [ 121.14641, 24.91402 ] } },
{ "type": "Feature", "properties": { "poi_name": "富岡", "note": null, "stop_type": "台鐵" }, "geometry": { "type": "Point", "coordinates": [ 121.08308, 24.93445 ] } },
{ "type": "Feature", "properties": { "poi_name": "新富", "note": null, "stop_type": "台鐵" }, "geometry": { "type": "Point", "coordinates": [ 121.06751, 24.93109 ] } },
{ "type": "Feature", "properties": { "poi_name": "北湖", "note": "東站", "stop_type": "台鐵" }, "geometry": { "type": "Point", "coordinates": [ 121.05592, 24.92201 ] } },
{ "type": "Feature", "properties": { "poi_name": "北湖", "note": "西站", "stop_type": "台鐵" }, "geometry": { "type": "Point", "coordinates": [ 121.05557, 24.92234 ] } },
{ "type": "Feature", "properties": { "poi_name": "湖口", "note": "前站", "stop_type": "台鐵" }, "geometry": { "type": "Point", "coordinates": [ 121.04411, 24.90288 ] } },
{ "type": "Feature", "properties": { "poi_name": "湖口", "note": "後站", "stop_type": "台鐵" }, "geometry": { "type": "Point", "coordinates": [ 121.04357, 24.90307 ] } },
{ "type": "Feature", "properties": { "poi_name": "新豐", "note": "前站", "stop_type": "台鐵" }, "geometry": { "type": "Point", "coordinates": [ 120.99626, 24.86939 ] } },
{ "type": "Feature", "properties": { "poi_name": "竹北", "note": "前站", "stop_type": "台鐵" }, "geometry": { "type": "Point", "coordinates": [ 121.00936, 24.83892 ] } },
{ "type": "Feature", "properties": { "poi_name": "竹北", "note": "後站", "stop_type": "台鐵" }, "geometry": { "type": "Point", "coordinates": [ 121.00906, 24.83915 ] } },
{ "type": "Feature", "properties": { "poi_name": "北新竹", "note": null, "stop_type": "台鐵" }, "geometry": { "type": "Point", "coordinates": [ 120.98381, 24.80875 ] } },
{ "type": "Feature", "properties": { "poi_name": "千甲", "note": null, "stop_type": "台鐵" }, "geometry": { "type": "Point", "coordinates": [ 121.0034, 24.80657 ] } },
{ "type": "Feature", "properties": { "poi_name": "新莊", "note": null, "stop_type": "台鐵" }, "geometry": { "type": "Point", "coordinates": [ 121.02196, 24.78811 ] } },
{ "type": "Feature", "properties": { "poi_name": "竹中", "note": null, "stop_type": "台鐵" }, "geometry": { "type": "Point", "coordinates": [ 121.03141, 24.78145 ] } },
{ "type": "Feature", "properties": { "poi_name": "六家", "note": null, "stop_type": "台鐵" }, "geometry": { "type": "Point", "coordinates": [ 121.03941, 24.80766 ] } },
{ "type": "Feature", "properties": { "poi_name": "上員", "note": null, "stop_type": "台鐵" }, "geometry": { "type": "Point", "coordinates": [ 121.05582, 24.77776 ] } },
{ "type": "Feature", "properties": { "poi_name": "榮華", "note": null, "stop_type": "台鐵" }, "geometry": { "type": "Point", "coordinates": [ 121.08319, 24.74839 ] } },
{ "type": "Feature", "properties": { "poi_name": "竹東", "note": null, "stop_type": "台鐵" }, "geometry": { "type": "Point", "coordinates": [ 121.09472, 24.73823 ] } },
{ "type": "Feature", "properties": { "poi_name": "橫山", "note": null, "stop_type": "台鐵" }, "geometry": { "type": "Point", "coordinates": [ 121.11772, 24.72041 ] } },
{ "type": "Feature", "properties": { "poi_name": "九讚頭", "note": null, "stop_type": "台鐵" }, "geometry": { "type": "Point", "coordinates": [ 121.13622, 24.72062 ] } },
{ "type": "Feature", "properties": { "poi_name": "合興", "note": null, "stop_type": "台鐵" }, "geometry": { "type": "Point", "coordinates": [ 121.15437, 24.71667 ] } },
{ "type": "Feature", "properties": { "poi_name": "富貴", "note": null, "stop_type": "台鐵" }, "geometry": { "type": "Point", "coordinates": [ 121.16743, 24.71551 ] } },
{ "type": "Feature", "properties": { "poi_name": "內灣", "note": null, "stop_type": "台鐵" }, "geometry": { "type": "Point", "coordinates": [ 121.18255, 24.70535 ] } },
{ "type": "Feature", "properties": { "poi_name": "新竹", "note": null, "stop_type": "台鐵" }, "geometry": { "type": "Point", "coordinates": [ 120.97157, 24.80157 ] } },
{ "type": "Feature", "properties": { "poi_name": "三姓橋", "note": null, "stop_type": "台鐵" }, "geometry": { "type": "Point", "coordinates": [ 120.92844, 24.78731 ] } },
{ "type": "Feature", "properties": { "poi_name": "香山", "note": null, "stop_type": "台鐵" }, "geometry": { "type": "Point", "coordinates": [ 120.91388, 24.76311 ] } },
{ "type": "Feature", "properties": { "poi_name": "崎頂", "note": null, "stop_type": "台鐵" }, "geometry": { "type": "Point", "coordinates": [ 120.87183, 24.72291 ] } },
{ "type": "Feature", "properties": { "poi_name": "竹南", "note": "東", "stop_type": "台鐵" }, "geometry": { "type": "Point", "coordinates": [ 120.88122, 24.68631 ] } },
{ "type": "Feature", "properties": { "poi_name": "竹南", "note": "西", "stop_type": "台鐵" }, "geometry": { "type": "Point", "coordinates": [ 120.8806, 24.68662 ] } },
{ "type": "Feature", "properties": { "poi_name": "樹林調車場", "note": null, "stop_type": "台鐵" }, "geometry": null },
{ "type": "Feature", "properties": { "poi_name": "談文", "note": null, "stop_type": "台鐵" }, "geometry": { "type": "Point", "coordinates": [ 120.85825, 24.65641 ] } },
{ "type": "Feature", "properties": { "poi_name": "大山", "note": null, "stop_type": "台鐵" }, "geometry": { "type": "Point", "coordinates": [ 120.80376, 24.64565 ] } },
{ "type": "Feature", "properties": { "poi_name": "後龍", "note": null, "stop_type": "台鐵" }, "geometry": { "type": "Point", "coordinates": [ 120.78731, 24.61621 ] } },
{ "type": "Feature", "properties": { "poi_name": "龍港", "note": null, "stop_type": "台鐵" }, "geometry": { "type": "Point", "coordinates": [ 120.75812, 24.61169 ] } },
{ "type": "Feature", "properties": { "poi_name": "白沙屯", "note": null, "stop_type": "台鐵" }, "geometry": { "type": "Point", "coordinates": [ 120.70824, 24.56481 ] } },
{ "type": "Feature", "properties": { "poi_name": "新埔", "note": null, "stop_type": "台鐵" }, "geometry": { "type": "Point", "coordinates": [ 120.69518, 24.54018 ] } },
{ "type": "Feature", "properties": { "poi_name": "通霄", "note": null, "stop_type": "台鐵" }, "geometry": { "type": "Point", "coordinates": [ 120.67843, 24.49141 ] } },
{ "type": "Feature", "properties": { "poi_name": "苑裡", "note": null, "stop_type": "台鐵" }, "geometry": { "type": "Point", "coordinates": [ 120.65146, 24.44344 ] } },
{ "type": "Feature", "properties": { "poi_name": "日南", "note": null, "stop_type": "台鐵" }, "geometry": { "type": "Point", "coordinates": [ 120.65412, 24.37815 ] } },
{ "type": "Feature", "properties": { "poi_name": "大甲", "note": null, "stop_type": "台鐵" }, "geometry": { "type": "Point", "coordinates": [ 120.62702, 24.34448 ] } },
{ "type": "Feature", "properties": { "poi_name": "臺中港", "note": null, "stop_type": "台鐵" }, "geometry": { "type": "Point", "coordinates": [ 120.60231, 24.30441 ] } },
{ "type": "Feature", "properties": { "poi_name": "清水", "note": null, "stop_type": "台鐵" }, "geometry": { "type": "Point", "coordinates": [ 120.56918, 24.26364 ] } },
{ "type": "Feature", "properties": { "poi_name": "沙鹿", "note": "東", "stop_type": "台鐵" }, "geometry": { "type": "Point", "coordinates": [ 120.55752, 24.23702 ] } },
{ "type": "Feature", "properties": { "poi_name": "龍井", "note": null, "stop_type": "台鐵" }, "geometry": { "type": "Point", "coordinates": [ 120.54335, 24.19748 ] } },
{ "type": "Feature", "properties": { "poi_name": "大肚", "note": null, "stop_type": "台鐵" }, "geometry": { "type": "Point", "coordinates": [ 120.54249, 24.15417 ] } },
{ "type": "Feature", "properties": { "poi_name": "追分", "note": null, "stop_type": "台鐵" }, "geometry": { "type": "Point", "coordinates": [ 120.57018, 24.12051 ] } },
{ "type": "Feature", "properties": { "poi_name": "造橋", "note": null, "stop_type": "台鐵" }, "geometry": { "type": "Point", "coordinates": [ 120.86721, 24.64186 ] } },
{ "type": "Feature", "properties": { "poi_name": "豐富", "note": null, "stop_type": "台鐵" }, "geometry": { "type": "Point", "coordinates": [ 120.82637, 24.60429 ] } },
{ "type": "Feature", "properties": { "poi_name": "苗栗", "note": "東", "stop_type": "台鐵" }, "geometry": { "type": "Point", "coordinates": [ 120.82233, 24.57001 ] } },
{ "type": "Feature", "properties": { "poi_name": "南勢", "note": null, "stop_type": "台鐵" }, "geometry": { "type": "Point", "coordinates": [ 120.79154, 24.52246 ] } },
{ "type": "Feature", "properties": { "poi_name": "銅鑼", "note": null, "stop_type": "台鐵" }, "geometry": { "type": "Point", "coordinates": [ 120.78591, 24.48713 ] } },
{ "type": "Feature", "properties": { "poi_name": "三義", "note": null, "stop_type": "台鐵" }, "geometry": { "type": "Point", "coordinates": [ 120.77393, 24.42066 ] } },
{ "type": "Feature", "properties": { "poi_name": "泰安", "note": null, "stop_type": "台鐵" }, "geometry": { "type": "Point", "coordinates": [ 120.74181, 24.33146 ] } },
{ "type": "Feature", "properties": { "poi_name": "后里", "note": null, "stop_type": "台鐵" }, "geometry": { "type": "Point", "coordinates": [ 120.73288, 24.30933 ] } },
{ "type": "Feature", "properties": { "poi_name": "豐原", "note": null, "stop_type": "台鐵" }, "geometry": { "type": "Point", "coordinates": [ 120.72374, 24.25438 ] } },
{ "type": "Feature", "properties": { "poi_name": "栗林", "note": null, "stop_type": "台鐵" }, "geometry": { "type": "Point", "coordinates": [ 120.7106, 24.23461 ] } },
{ "type": "Feature", "properties": { "poi_name": "潭子", "note": null, "stop_type": "台鐵" }, "geometry": { "type": "Point", "coordinates": [ 120.70564, 24.21214 ] } },
{ "type": "Feature", "properties": { "poi_name": "頭家厝", "note": null, "stop_type": "台鐵" }, "geometry": { "type": "Point", "coordinates": [ 120.70398, 24.19572 ] } },
{ "type": "Feature", "properties": { "poi_name": "松竹", "note": null, "stop_type": "台鐵" }, "geometry": { "type": "Point", "coordinates": [ 120.70193, 24.18035 ] } },
{ "type": "Feature", "properties": { "poi_name": "太原", "note": null, "stop_type": "台鐵" }, "geometry": { "type": "Point", "coordinates": [ 120.69988, 24.16449 ] } },
{ "type": "Feature", "properties": { "poi_name": "精武", "note": null, "stop_type": "台鐵" }, "geometry": { "type": "Point", "coordinates": [ 120.69784, 24.14887 ] } },
{ "type": "Feature", "properties": { "poi_name": "臺中", "note": null, "stop_type": "台鐵" }, "geometry": { "type": "Point", "coordinates": [ 120.68691, 24.13728 ] } },
{ "type": "Feature", "properties": { "poi_name": "五權", "note": null, "stop_type": "台鐵" }, "geometry": { "type": "Point", "coordinates": [ 120.66654, 24.12877 ] } },
{ "type": "Feature", "properties": { "poi_name": "大慶", "note": null, "stop_type": "台鐵" }, "geometry": { "type": "Point", "coordinates": [ 120.64795, 24.11911 ] } },
{ "type": "Feature", "properties": { "poi_name": "烏日", "note": null, "stop_type": "台鐵" }, "geometry": { "type": "Point", "coordinates": [ 120.62244, 24.10867 ] } },
{ "type": "Feature", "properties": { "poi_name": "新烏日", "note": null, "stop_type": "台鐵" }, "geometry": { "type": "Point", "coordinates": [ 120.61421, 24.10937 ] } },
{ "type": "Feature", "properties": { "poi_name": "成功", "note": null, "stop_type": "台鐵" }, "geometry": { "type": "Point", "coordinates": [ 120.59021, 24.11424 ] } },
{ "type": "Feature", "properties": { "poi_name": "彰化", "note": null, "stop_type": "台鐵" }, "geometry": { "type": "Point", "coordinates": [ 120.53854, 24.08177 ] } },
{ "type": "Feature", "properties": { "poi_name": "花壇", "note": null, "stop_type": "台鐵" }, "geometry": { "type": "Point", "coordinates": [ 120.53742, 24.02502 ] } },
{ "type": "Feature", "properties": { "poi_name": "大村", "note": "西", "stop_type": "台鐵" }, "geometry": { "type": "Point", "coordinates": [ 120.56055, 23.99001 ] } },
{ "type": "Feature", "properties": { "poi_name": "大村", "note": "東", "stop_type": "台鐵" }, "geometry": { "type": "Point", "coordinates": [ 120.56068, 23.99003 ] } },
{ "type": "Feature", "properties": { "poi_name": "員林", "note": null, "stop_type": "台鐵" }, "geometry": { "type": "Point", "coordinates": [ 120.56977, 23.95947 ] } },
{ "type": "Feature", "properties": { "poi_name": "永靖", "note": "東", "stop_type": "台鐵" }, "geometry": { "type": "Point", "coordinates": [ 120.57187, 23.92795 ] } },
{ "type": "Feature", "properties": { "poi_name": "永靖", "note": null, "stop_type": "台鐵" }, "geometry": { "type": "Point", "coordinates": [ 120.57167, 23.92817 ] } },
{ "type": "Feature", "properties": { "poi_name": "永靖", "note": "西", "stop_type": "台鐵" }, "geometry": { "type": "Point", "coordinates": [ 120.57165, 23.92811 ] } },
{ "type": "Feature", "properties": { "poi_name": "社頭", "note": null, "stop_type": "台鐵" }, "geometry": { "type": "Point", "coordinates": [ 120.58077, 23.89573 ] } },
{ "type": "Feature", "properties": { "poi_name": "田中", "note": "東", "stop_type": "台鐵" }, "geometry": { "type": "Point", "coordinates": [ 120.59168, 23.85859 ] } },
{ "type": "Feature", "properties": { "poi_name": "田中", "note": "西", "stop_type": "台鐵" }, "geometry": { "type": "Point", "coordinates": [ 120.59123, 23.85826 ] } },
{ "type": "Feature", "properties": { "poi_name": "二水", "note": null, "stop_type": "台鐵" }, "geometry": { "type": "Point", "coordinates": [ 120.61805, 23.81321 ] } },
{ "type": "Feature", "properties": { "poi_name": "源泉", "note": null, "stop_type": "台鐵" }, "geometry": { "type": "Point", "coordinates": [ 120.64211, 23.79845 ] } },
{ "type": "Feature", "properties": { "poi_name": "濁水", "note": null, "stop_type": "台鐵" }, "geometry": { "type": "Point", "coordinates": [ 120.70467, 23.83467 ] } },
{ "type": "Feature", "properties": { "poi_name": "龍泉", "note": null, "stop_type": "台鐵" }, "geometry": { "type": "Point", "coordinates": [ 120.75014, 23.83521 ] } },
{ "type": "Feature", "properties": { "poi_name": "集集", "note": null, "stop_type": "台鐵" }, "geometry": { "type": "Point", "coordinates": [ 120.78495, 23.82647 ] } },
{ "type": "Feature", "properties": { "poi_name": "水里", "note": null, "stop_type": "台鐵" }, "geometry": { "type": "Point", "coordinates": [ 120.85332, 23.81845 ] } },
{ "type": "Feature", "properties": { "poi_name": "車埕", "note": null, "stop_type": "台鐵" }, "geometry": { "type": "Point", "coordinates": [ 120.86572, 23.83263 ] } },
{ "type": "Feature", "properties": { "poi_name": "林內", "note": null, "stop_type": "台鐵" }, "geometry": { "type": "Point", "coordinates": [ 120.61499, 23.75967 ] } },
{ "type": "Feature", "properties": { "poi_name": "石榴", "note": null, "stop_type": "台鐵" }, "geometry": { "type": "Point", "coordinates": [ 120.57998, 23.73167 ] } },
{ "type": "Feature", "properties": { "poi_name": "斗六", "note": "西北", "stop_type": "台鐵" }, "geometry": { "type": "Point", "coordinates": [ 120.54081, 23.71211 ] } },
{ "type": "Feature", "properties": { "poi_name": "斗六", "note": "東南", "stop_type": "台鐵" }, "geometry": { "type": "Point", "coordinates": [ 120.54117, 23.71157 ] } },
{ "type": "Feature", "properties": { "poi_name": "斗南", "note": "後站出入口(信義路)", "stop_type": "台鐵" }, "geometry": { "type": "Point", "coordinates": [ 120.48115, 23.67249 ] } },
{ "type": "Feature", "properties": { "poi_name": "斗南", "note": "前站出入口(中山路)", "stop_type": "台鐵" }, "geometry": { "type": "Point", "coordinates": [ 120.48056, 23.67265 ] } },
{ "type": "Feature", "properties": { "poi_name": "斗南", "note": "車站本體", "stop_type": "台鐵" }, "geometry": { "type": "Point", "coordinates": [ 120.48096, 23.67258 ] } },
{ "type": "Feature", "properties": { "poi_name": "石龜", "note": null, "stop_type": "台鐵" }, "geometry": { "type": "Point", "coordinates": [ 120.47106, 23.63951 ] } },
{ "type": "Feature", "properties": { "poi_name": "大林", "note": "東南", "stop_type": "台鐵" }, "geometry": { "type": "Point", "coordinates": [ 120.45608, 23.60066 ] } },
{ "type": "Feature", "properties": { "poi_name": "大林", "note": "西北", "stop_type": "台鐵" }, "geometry": { "type": "Point", "coordinates": [ 120.45585, 23.60112 ] } },
{ "type": "Feature", "properties": { "poi_name": "民雄", "note": "西", "stop_type": "台鐵" }, "geometry": { "type": "Point", "coordinates": [ 120.43139, 23.55519 ] } },
{ "type": "Feature", "properties": { "poi_name": "民雄", "note": "東", "stop_type": "台鐵" }, "geometry": { "type": "Point", "coordinates": [ 120.4319, 23.55524 ] } },
{ "type": "Feature", "properties": { "poi_name": "嘉北", "note": "東", "stop_type": "台鐵" }, "geometry": { "type": "Point", "coordinates": [ 120.44851, 23.49981 ] } },
{ "type": "Feature", "properties": { "poi_name": "嘉義", "note": "西北", "stop_type": "台鐵" }, "geometry": { "type": "Point", "coordinates": [ 120.43997, 23.47951 ] } },
{ "type": "Feature", "properties": { "poi_name": "嘉義", "note": "東南", "stop_type": "台鐵" }, "geometry": { "type": "Point", "coordinates": [ 120.44124, 23.47902 ] } },
{ "type": "Feature", "properties": { "poi_name": "水上", "note": null, "stop_type": "台鐵" }, "geometry": { "type": "Point", "coordinates": [ 120.39971, 23.43398 ] } },
{ "type": "Feature", "properties": { "poi_name": "南靖", "note": null, "stop_type": "台鐵" }, "geometry": { "type": "Point", "coordinates": [ 120.38654, 23.41344 ] } },
{ "type": "Feature", "properties": { "poi_name": "後壁", "note": null, "stop_type": "台鐵" }, "geometry": { "type": "Point", "coordinates": [ 120.36058, 23.36626 ] } },
{ "type": "Feature", "properties": { "poi_name": "新營", "note": null, "stop_type": "台鐵" }, "geometry": { "type": "Point", "coordinates": [ 120.32307, 23.30673 ] } },
{ "type": "Feature", "properties": { "poi_name": "柳營", "note": null, "stop_type": "台鐵" }, "geometry": { "type": "Point", "coordinates": [ 120.32252, 23.27762 ] } },
{ "type": "Feature", "properties": { "poi_name": "林鳳營", "note": null, "stop_type": "台鐵" }, "geometry": { "type": "Point", "coordinates": [ 120.32107, 23.24259 ] } },
{ "type": "Feature", "properties": { "poi_name": "隆田", "note": null, "stop_type": "台鐵" }, "geometry": { "type": "Point", "coordinates": [ 120.31917, 23.19271 ] } },
{ "type": "Feature", "properties": { "poi_name": "拔林", "note": "西", "stop_type": "台鐵" }, "geometry": { "type": "Point", "coordinates": [ 120.32117, 23.17287 ] } },
{ "type": "Feature", "properties": { "poi_name": "拔林", "note": "東", "stop_type": "台鐵" }, "geometry": { "type": "Point", "coordinates": [ 120.32133, 23.17281 ] } },
{ "type": "Feature", "properties": { "poi_name": "善化", "note": null, "stop_type": "台鐵" }, "geometry": { "type": "Point", "coordinates": [ 120.30653, 23.13333 ] } },
{ "type": "Feature", "properties": { "poi_name": "南科", "note": "東", "stop_type": "台鐵" }, "geometry": { "type": "Point", "coordinates": [ 120.30211, 23.10724 ] } },
{ "type": "Feature", "properties": { "poi_name": "南科", "note": "西", "stop_type": "台鐵" }, "geometry": { "type": "Point", "coordinates": [ 120.30192, 23.10727 ] } },
{ "type": "Feature", "properties": { "poi_name": "新市", "note": null, "stop_type": "台鐵" }, "geometry": { "type": "Point", "coordinates": [ 120.29004, 23.06823 ] } },
{ "type": "Feature", "properties": { "poi_name": "永康", "note": null, "stop_type": "台鐵" }, "geometry": { "type": "Point", "coordinates": [ 120.25347, 23.03825 ] } },
{ "type": "Feature", "properties": { "poi_name": "大橋", "note": null, "stop_type": "台鐵" }, "geometry": { "type": "Point", "coordinates": [ 120.22429, 23.01923 ] } },
{ "type": "Feature", "properties": { "poi_name": "臺南", "note": "後站", "stop_type": "台鐵" }, "geometry": { "type": "Point", "coordinates": [ 120.21341, 22.99643 ] } },
{ "type": "Feature", "properties": { "poi_name": "臺南", "note": "前站", "stop_type": "台鐵" }, "geometry": { "type": "Point", "coordinates": [ 120.21249, 22.99719 ] } },
{ "type": "Feature", "properties": { "poi_name": "保安", "note": null, "stop_type": "台鐵" }, "geometry": { "type": "Point", "coordinates": [ 120.23158, 22.93296 ] } },
{ "type": "Feature", "properties": { "poi_name": "仁德", "note": null, "stop_type": "台鐵" }, "geometry": { "type": "Point", "coordinates": [ 120.24054, 22.92354 ] } },
{ "type": "Feature", "properties": { "poi_name": "中洲", "note": null, "stop_type": "台鐵" }, "geometry": { "type": "Point", "coordinates": [ 120.25284, 22.90446 ] } },
{ "type": "Feature", "properties": { "poi_name": "長榮大學", "note": null, "stop_type": "台鐵" }, "geometry": { "type": "Point", "coordinates": [ 120.27263, 22.90729 ] } },
{ "type": "Feature", "properties": { "poi_name": "沙崙", "note": null, "stop_type": "台鐵" }, "geometry": { "type": "Point", "coordinates": [ 120.28622, 22.92407 ] } },
{ "type": "Feature", "properties": { "poi_name": "大湖", "note": null, "stop_type": "台鐵" }, "geometry": { "type": "Point", "coordinates": [ 120.25384, 22.87821 ] } },
{ "type": "Feature", "properties": { "poi_name": "路竹", "note": null, "stop_type": "台鐵" }, "geometry": { "type": "Point", "coordinates": [ 120.26619, 22.85404 ] } },
{ "type": "Feature", "properties": { "poi_name": "岡山", "note": null, "stop_type": "台鐵" }, "geometry": { "type": "Point", "coordinates": [ 120.30004, 22.79223 ] } },
{ "type": "Feature", "properties": { "poi_name": "橋頭", "note": null, "stop_type": "台鐵" }, "geometry": { "type": "Point", "coordinates": [ 120.31011, 22.76098 ] } },
{ "type": "Feature", "properties": { "poi_name": "楠梓", "note": null, "stop_type": "台鐵" }, "geometry": { "type": "Point", "coordinates": [ 120.32425, 22.72696 ] } },
{ "type": "Feature", "properties": { "poi_name": "新左營", "note": null, "stop_type": "台鐵" }, "geometry": { "type": "Point", "coordinates": [ 120.30678, 22.68754 ] } },
{ "type": "Feature", "properties": { "poi_name": "左營", "note": null, "stop_type": "台鐵" }, "geometry": { "type": "Point", "coordinates": [ 120.29401, 22.67445 ] } },
{ "type": "Feature", "properties": { "poi_name": "內惟", "note": null, "stop_type": "台鐵" }, "geometry": { "type": "Point", "coordinates": [ 120.28701, 22.66589 ] } },
{ "type": "Feature", "properties": { "poi_name": "美術館", "note": null, "stop_type": "台鐵" }, "geometry": { "type": "Point", "coordinates": [ 120.28148, 22.65185 ] } },
{ "type": "Feature", "properties": { "poi_name": "鼓山", "note": null, "stop_type": "台鐵" }, "geometry": { "type": "Point", "coordinates": [ 120.28071, 22.64181 ] } },
{ "type": "Feature", "properties": { "poi_name": "三塊厝", "note": null, "stop_type": "台鐵" }, "geometry": { "type": "Point", "coordinates": [ 120.29414, 22.63931 ] } },
{ "type": "Feature", "properties": { "poi_name": "高雄", "note": "高雄站", "stop_type": "台鐵" }, "geometry": { "type": "Point", "coordinates": [ 120.30292, 22.63946 ] } },
{ "type": "Feature", "properties": { "poi_name": "民族", "note": null, "stop_type": "台鐵" }, "geometry": { "type": "Point", "coordinates": [ 120.31494, 22.63879 ] } },
{ "type": "Feature", "properties": { "poi_name": "科工館", "note": null, "stop_type": "台鐵" }, "geometry": { "type": "Point", "coordinates": [ 120.32603, 22.63709 ] } },
{ "type": "Feature", "properties": { "poi_name": "正義", "note": null, "stop_type": "台鐵" }, "geometry": { "type": "Point", "coordinates": [ 120.34245, 22.63425 ] } },
{ "type": "Feature", "properties": { "poi_name": "鳳山", "note": null, "stop_type": "台鐵" }, "geometry": { "type": "Point", "coordinates": [ 120.35745, 22.63145 ] } },
{ "type": "Feature", "properties": { "poi_name": "後庄", "note": null, "stop_type": "台鐵" }, "geometry": { "type": "Point", "coordinates": [ 120.39131, 22.64016 ] } },
{ "type": "Feature", "properties": { "poi_name": "九曲堂", "note": null, "stop_type": "台鐵" }, "geometry": { "type": "Point", "coordinates": [ 120.42089, 22.65641 ] } },
{ "type": "Feature", "properties": { "poi_name": "六塊厝", "note": null, "stop_type": "台鐵" }, "geometry": { "type": "Point", "coordinates": [ 120.46497, 22.66597 ] } },
{ "type": "Feature", "properties": { "poi_name": "屏東", "note": null, "stop_type": "台鐵" }, "geometry": { "type": "Point", "coordinates": [ 120.48617, 22.66905 ] } },
{ "type": "Feature", "properties": { "poi_name": "歸來", "note": null, "stop_type": "台鐵" }, "geometry": { "type": "Point", "coordinates": [ 120.50263, 22.65246 ] } },
{ "type": "Feature", "properties": { "poi_name": "麟洛", "note": null, "stop_type": "台鐵" }, "geometry": { "type": "Point", "coordinates": [ 120.51432, 22.63481 ] } },
{ "type": "Feature", "properties": { "poi_name": "西勢", "note": "前站", "stop_type": "台鐵" }, "geometry": { "type": "Point", "coordinates": [ 120.52661, 22.61643 ] } },
{ "type": "Feature", "properties": { "poi_name": "西勢", "note": "後站", "stop_type": "台鐵" }, "geometry": { "type": "Point", "coordinates": [ 120.52636, 22.61631 ] } },
{ "type": "Feature", "properties": { "poi_name": "竹田", "note": null, "stop_type": "台鐵" }, "geometry": { "type": "Point", "coordinates": [ 120.53978, 22.58658 ] } },
{ "type": "Feature", "properties": { "poi_name": "潮州", "note": "前站", "stop_type": "台鐵" }, "geometry": { "type": "Point", "coordinates": [ 120.53631, 22.55008 ] } },
{ "type": "Feature", "properties": { "poi_name": "潮州", "note": "後站", "stop_type": "台鐵" }, "geometry": { "type": "Point", "coordinates": [ 120.53576, 22.55008 ] } },
{ "type": "Feature", "properties": { "poi_name": "崁頂", "note": null, "stop_type": "台鐵" }, "geometry": { "type": "Point", "coordinates": [ 120.51481, 22.51311 ] } },
{ "type": "Feature", "properties": { "poi_name": "南州", "note": "南州火車站", "stop_type": "台鐵" }, "geometry": { "type": "Point", "coordinates": [ 120.51174, 22.49207 ] } },
{ "type": "Feature", "properties": { "poi_name": "鎮安", "note": "鎮安火車站", "stop_type": "台鐵" }, "geometry": { "type": "Point", "coordinates": [ 120.51129, 22.45794 ] } },
{ "type": "Feature", "properties": { "poi_name": "林邊", "note": "後站", "stop_type": "台鐵" }, "geometry": { "type": "Point", "coordinates": [ 120.51523, 22.43125 ] } },
{ "type": "Feature", "properties": { "poi_name": "林邊", "note": "前站", "stop_type": "台鐵" }, "geometry": { "type": "Point", "coordinates": [ 120.51535, 22.43144 ] } },
{ "type": "Feature", "properties": { "poi_name": "佳冬", "note": null, "stop_type": "台鐵" }, "geometry": { "type": "Point", "coordinates": [ 120.54774, 22.41409 ] } },
{ "type": "Feature", "properties": { "poi_name": "東海", "note": null, "stop_type": "台鐵" }, "geometry": { "type": "Point", "coordinates": [ 120.57236, 22.39897 ] } },
{ "type": "Feature", "properties": { "poi_name": "枋寮", "note": null, "stop_type": "台鐵" }, "geometry": { "type": "Point", "coordinates": [ 120.59511, 22.36802 ] } },
{ "type": "Feature", "properties": { "poi_name": "加祿", "note": null, "stop_type": "台鐵" }, "geometry": { "type": "Point", "coordinates": [ 120.62445, 22.33085 ] } },
{ "type": "Feature", "properties": { "poi_name": "內獅", "note": null, "stop_type": "台鐵" }, "geometry": { "type": "Point", "coordinates": [ 120.64331, 22.30617 ] } },
{ "type": "Feature", "properties": { "poi_name": "枋山", "note": null, "stop_type": "台鐵" }, "geometry": { "type": "Point", "coordinates": [ 120.65947, 22.26704 ] } },
{ "type": "Feature", "properties": { "poi_name": "枋野", "note": null, "stop_type": "台鐵" }, "geometry": { "type": "Point", "coordinates": [ 120.71709, 22.28091 ] } },
{ "type": "Feature", "properties": { "poi_name": "大武", "note": null, "stop_type": "台鐵" }, "geometry": { "type": "Point", "coordinates": [ 120.90094, 22.36526 ] } },
{ "type": "Feature", "properties": { "poi_name": "瀧溪", "note": null, "stop_type": "台鐵" }, "geometry": { "type": "Point", "coordinates": [ 120.94176, 22.46102 ] } },
{ "type": "Feature", "properties": { "poi_name": "金崙", "note": null, "stop_type": "台鐵" }, "geometry": { "type": "Point", "coordinates": [ 120.96721, 22.53161 ] } },
{ "type": "Feature", "properties": { "poi_name": "太麻里", "note": null, "stop_type": "台鐵" }, "geometry": { "type": "Point", "coordinates": [ 121.00492, 22.61883 ] } },
{ "type": "Feature", "properties": { "poi_name": "知本", "note": null, "stop_type": "台鐵" }, "geometry": { "type": "Point", "coordinates": [ 121.06068, 22.71022 ] } },
{ "type": "Feature", "properties": { "poi_name": "康樂", "note": "史前館", "stop_type": "台鐵" }, "geometry": { "type": "Point", "coordinates": [ 121.09356, 22.76426 ] } },
{ "type": "Feature", "properties": { "poi_name": "南方小站", "note": null, "stop_type": "台鐵" }, "geometry": { "type": "Point", "coordinates": [ 120.53658, 22.52755 ] } },
{ "type": "Feature", "properties": { "poi_name": "潮州基地", "note": null, "stop_type": "台鐵" }, "geometry": { "type": "Point", "coordinates": [ 120.52642, 22.52231 ] } },
{ "type": "Feature", "properties": { "poi_name": "臺東", "note": null, "stop_type": "台鐵" }, "geometry": { "type": "Point", "coordinates": [ 121.1231, 22.79372 ] } },
{ "type": "Feature", "properties": { "poi_name": "山里", "note": null, "stop_type": "台鐵" }, "geometry": { "type": "Point", "coordinates": [ 121.13778, 22.86194 ] } },
{ "type": "Feature", "properties": { "poi_name": "鹿野", "note": null, "stop_type": "台鐵" }, "geometry": { "type": "Point", "coordinates": [ 121.13701, 22.91249 ] } },
{ "type": "Feature", "properties": { "poi_name": "瑞源", "note": null, "stop_type": "台鐵" }, "geometry": { "type": "Point", "coordinates": [ 121.15901, 22.95604 ] } },
{ "type": "Feature", "properties": { "poi_name": "瑞和", "note": null, "stop_type": "台鐵" }, "geometry": { "type": "Point", "coordinates": [ 121.15595, 22.97997 ] } },
{ "type": "Feature", "properties": { "poi_name": "關山", "note": null, "stop_type": "台鐵" }, "geometry": { "type": "Point", "coordinates": [ 121.1643, 23.04566 ] } },
{ "type": "Feature", "properties": { "poi_name": "海端", "note": null, "stop_type": "台鐵" }, "geometry": { "type": "Point", "coordinates": [ 121.17676, 23.10292 ] } },
{ "type": "Feature", "properties": { "poi_name": "池上", "note": null, "stop_type": "台鐵" }, "geometry": { "type": "Point", "coordinates": [ 121.21949, 23.12613 ] } },
{ "type": "Feature", "properties": { "poi_name": "富里", "note": null, "stop_type": "台鐵" }, "geometry": { "type": "Point", "coordinates": [ 121.24864, 23.17924 ] } },
{ "type": "Feature", "properties": { "poi_name": "東竹", "note": null, "stop_type": "台鐵" }, "geometry": { "type": "Point", "coordinates": [ 121.27842, 23.22605 ] } },
{ "type": "Feature", "properties": { "poi_name": "東里", "note": null, "stop_type": "台鐵" }, "geometry": { "type": "Point", "coordinates": [ 121.30418, 23.27234 ] } },
{ "type": "Feature", "properties": { "poi_name": "玉里", "note": null, "stop_type": "台鐵" }, "geometry": { "type": "Point", "coordinates": [ 121.31172, 23.33155 ] } },
{ "type": "Feature", "properties": { "poi_name": "三民", "note": null, "stop_type": "台鐵" }, "geometry": { "type": "Point", "coordinates": [ 121.34539, 23.42458 ] } },
{ "type": "Feature", "properties": { "poi_name": "瑞穗", "note": "東", "stop_type": "台鐵" }, "geometry": { "type": "Point", "coordinates": [ 121.37683, 23.49749 ] } },
{ "type": "Feature", "properties": { "poi_name": "瑞穗", "note": "西", "stop_type": "台鐵" }, "geometry": { "type": "Point", "coordinates": [ 121.3763, 23.49801 ] } },
{ "type": "Feature", "properties": { "poi_name": "富源", "note": null, "stop_type": "台鐵" }, "geometry": { "type": "Point", "coordinates": [ 121.38008, 23.58031 ] } },
{ "type": "Feature", "properties": { "poi_name": "大富", "note": null, "stop_type": "台鐵" }, "geometry": { "type": "Point", "coordinates": [ 121.38963, 23.60571 ] } },
{ "type": "Feature", "properties": { "poi_name": "光復", "note": null, "stop_type": "台鐵" }, "geometry": { "type": "Point", "coordinates": [ 121.42117, 23.66631 ] } },
{ "type": "Feature", "properties": { "poi_name": "萬榮", "note": null, "stop_type": "台鐵" }, "geometry": { "type": "Point", "coordinates": [ 121.41907, 23.71199 ] } },
{ "type": "Feature", "properties": { "poi_name": "鳳林", "note": null, "stop_type": "台鐵" }, "geometry": { "type": "Point", "coordinates": [ 121.44701, 23.74634 ] } },
{ "type": "Feature", "properties": { "poi_name": "南平", "note": null, "stop_type": "台鐵" }, "geometry": { "type": "Point", "coordinates": [ 121.45824, 23.78231 ] } },
{ "type": "Feature", "properties": { "poi_name": "林榮新光", "note": null, "stop_type": "台鐵" }, "geometry": { "type": "Point", "coordinates": [ 121.46169, 23.80176 ] } },
{ "type": "Feature", "properties": { "poi_name": "豐田", "note": null, "stop_type": "台鐵" }, "geometry": { "type": "Point", "coordinates": [ 121.49618, 23.84842 ] } },
{ "type": "Feature", "properties": { "poi_name": "壽豐", "note": null, "stop_type": "台鐵" }, "geometry": { "type": "Point", "coordinates": [ 121.51064, 23.86901 ] } },
{ "type": "Feature", "properties": { "poi_name": "平和", "note": null, "stop_type": "台鐵" }, "geometry": { "type": "Point", "coordinates": [ 121.52045, 23.88279 ] } },
{ "type": "Feature", "properties": { "poi_name": "志學", "note": null, "stop_type": "台鐵" }, "geometry": { "type": "Point", "coordinates": [ 121.5295, 23.90769 ] } },
{ "type": "Feature", "properties": { "poi_name": "吉安", "note": null, "stop_type": "台鐵" }, "geometry": { "type": "Point", "coordinates": [ 121.58266, 23.96823 ] } },
{ "type": "Feature", "properties": { "poi_name": "花蓮", "note": "西", "stop_type": "台鐵" }, "geometry": { "type": "Point", "coordinates": [ 121.60001, 23.99386 ] } },
{ "type": "Feature", "properties": { "poi_name": "花蓮", "note": "東", "stop_type": "台鐵" }, "geometry": { "type": "Point", "coordinates": [ 121.60158, 23.99264 ] } },
{ "type": "Feature", "properties": { "poi_name": "北埔", "note": null, "stop_type": "台鐵" }, "geometry": { "type": "Point", "coordinates": [ 121.60166, 24.03253 ] } },
{ "type": "Feature", "properties": { "poi_name": "景美", "note": "西", "stop_type": "台鐵" }, "geometry": { "type": "Point", "coordinates": [ 121.61056, 24.09057 ] } },
{ "type": "Feature", "properties": { "poi_name": "景美", "note": "東", "stop_type": "台鐵" }, "geometry": { "type": "Point", "coordinates": [ 121.61099, 24.09038 ] } },
{ "type": "Feature", "properties": { "poi_name": "新城", "note": "太魯閣", "stop_type": "台鐵" }, "geometry": { "type": "Point", "coordinates": [ 121.64086, 24.12756 ] } },
{ "type": "Feature", "properties": { "poi_name": "崇德", "note": null, "stop_type": "台鐵" }, "geometry": { "type": "Point", "coordinates": [ 121.65536, 24.17199 ] } },
{ "type": "Feature", "properties": { "poi_name": "和仁", "note": null, "stop_type": "台鐵" }, "geometry": { "type": "Point", "coordinates": [ 121.71182, 24.24225 ] } },
{ "type": "Feature", "properties": { "poi_name": "和平", "note": null, "stop_type": "台鐵" }, "geometry": { "type": "Point", "coordinates": [ 121.75344, 24.29839 ] } },
{ "type": "Feature", "properties": { "poi_name": "漢本", "note": null, "stop_type": "台鐵" }, "geometry": { "type": "Point", "coordinates": [ 121.76838, 24.33543 ] } },
{ "type": "Feature", "properties": { "poi_name": "武塔", "note": null, "stop_type": "台鐵" }, "geometry": { "type": "Point", "coordinates": [ 121.77601, 24.44879 ] } },
{ "type": "Feature", "properties": { "poi_name": "南澳", "note": null, "stop_type": "台鐵" }, "geometry": { "type": "Point", "coordinates": [ 121.80103, 24.46342 ] } },
{ "type": "Feature", "properties": { "poi_name": "東澳", "note": null, "stop_type": "台鐵" }, "geometry": { "type": "Point", "coordinates": [ 121.83072, 24.51827 ] } },
{ "type": "Feature", "properties": { "poi_name": "永樂", "note": null, "stop_type": "台鐵" }, "geometry": { "type": "Point", "coordinates": [ 121.84458, 24.56843 ] } },
{ "type": "Feature", "properties": { "poi_name": "蘇澳", "note": null, "stop_type": "台鐵" }, "geometry": { "type": "Point", "coordinates": [ 121.85143, 24.59516 ] } },
{ "type": "Feature", "properties": { "poi_name": "蘇澳新", "note": "蘇澳新站", "stop_type": "台鐵" }, "geometry": { "type": "Point", "coordinates": [ 121.82735, 24.60852 ] } },
{ "type": "Feature", "properties": { "poi_name": "新馬", "note": "前站", "stop_type": "台鐵" }, "geometry": { "type": "Point", "coordinates": [ 121.82292, 24.61535 ] } },
{ "type": "Feature", "properties": { "poi_name": "新馬", "note": "後站", "stop_type": "台鐵" }, "geometry": { "type": "Point", "coordinates": [ 121.82287, 24.61592 ] } },
{ "type": "Feature", "properties": { "poi_name": "冬山", "note": null, "stop_type": "台鐵" }, "geometry": { "type": "Point", "coordinates": [ 121.79211, 24.63633 ] } },
{ "type": "Feature", "properties": { "poi_name": "羅東", "note": "前站", "stop_type": "台鐵" }, "geometry": { "type": "Point", "coordinates": [ 121.77424, 24.67795 ] } },
{ "type": "Feature", "properties": { "poi_name": "羅東", "note": "後站", "stop_type": "台鐵" }, "geometry": { "type": "Point", "coordinates": [ 121.77504, 24.67787 ] } },
{ "type": "Feature", "properties": { "poi_name": "中里", "note": null, "stop_type": "台鐵" }, "geometry": { "type": "Point", "coordinates": [ 121.77526, 24.69415 ] } },
{ "type": "Feature", "properties": { "poi_name": "二結", "note": null, "stop_type": "台鐵" }, "geometry": { "type": "Point", "coordinates": [ 121.77409, 24.70528 ] } },
{ "type": "Feature", "properties": { "poi_name": "宜蘭", "note": "前站", "stop_type": "台鐵" }, "geometry": { "type": "Point", "coordinates": [ 121.75791, 24.75462 ] } },
{ "type": "Feature", "properties": { "poi_name": "宜蘭", "note": "後站", "stop_type": "台鐵" }, "geometry": { "type": "Point", "coordinates": [ 121.75886, 24.75424 ] } },
{ "type": "Feature", "properties": { "poi_name": "四城", "note": null, "stop_type": "台鐵" }, "geometry": { "type": "Point", "coordinates": [ 121.76271, 24.78681 ] } },
{ "type": "Feature", "properties": { "poi_name": "礁溪", "note": null, "stop_type": "台鐵" }, "geometry": { "type": "Point", "coordinates": [ 121.77535, 24.82703 ] } },
{ "type": "Feature", "properties": { "poi_name": "頂埔", "note": null, "stop_type": "台鐵" }, "geometry": { "type": "Point", "coordinates": [ 121.80913, 24.84391 ] } },
{ "type": "Feature", "properties": { "poi_name": "頭城", "note": null, "stop_type": "台鐵" }, "geometry": { "type": "Point", "coordinates": [ 121.82258, 24.85898 ] } },
{ "type": "Feature", "properties": { "poi_name": "外澳", "note": null, "stop_type": "台鐵" }, "geometry": { "type": "Point", "coordinates": [ 121.84572, 24.88375 ] } },
{ "type": "Feature", "properties": { "poi_name": "龜山", "note": null, "stop_type": "台鐵" }, "geometry": { "type": "Point", "coordinates": [ 121.8689, 24.90484 ] } },
{ "type": "Feature", "properties": { "poi_name": "大溪", "note": null, "stop_type": "台鐵" }, "geometry": { "type": "Point", "coordinates": [ 121.88983, 24.93836 ] } },
{ "type": "Feature", "properties": { "poi_name": "大里", "note": null, "stop_type": "台鐵" }, "geometry": { "type": "Point", "coordinates": [ 121.92253, 24.96677 ] } },
{ "type": "Feature", "properties": { "poi_name": "石城", "note": null, "stop_type": "台鐵" }, "geometry": { "type": "Point", "coordinates": [ 121.94507, 24.97832 ] } },
{ "type": "Feature", "properties": { "poi_name": "福隆", "note": null, "stop_type": "台鐵" }, "geometry": { "type": "Point", "coordinates": [ 121.94471, 25.01595 ] } },
{ "type": "Feature", "properties": { "poi_name": "貢寮", "note": null, "stop_type": "台鐵" }, "geometry": { "type": "Point", "coordinates": [ 121.90879, 25.02197 ] } },
{ "type": "Feature", "properties": { "poi_name": "雙溪", "note": null, "stop_type": "台鐵" }, "geometry": { "type": "Point", "coordinates": [ 121.86654, 25.03851 ] } },
{ "type": "Feature", "properties": { "poi_name": "牡丹", "note": null, "stop_type": "台鐵" }, "geometry": { "type": "Point", "coordinates": [ 121.85197, 25.05871 ] } },
{ "type": "Feature", "properties": { "poi_name": "三貂嶺", "note": null, "stop_type": "台鐵" }, "geometry": { "type": "Point", "coordinates": [ 121.82257, 25.06555 ] } },
{ "type": "Feature", "properties": { "poi_name": "大華", "note": null, "stop_type": "台鐵" }, "geometry": { "type": "Point", "coordinates": [ 121.79732, 25.04998 ] } },
{ "type": "Feature", "properties": { "poi_name": "十分", "note": null, "stop_type": "台鐵" }, "geometry": { "type": "Point", "coordinates": [ 121.77514, 25.04111 ] } },
{ "type": "Feature", "properties": { "poi_name": "望古", "note": null, "stop_type": "台鐵" }, "geometry": { "type": "Point", "coordinates": [ 121.76349, 25.03445 ] } },
{ "type": "Feature", "properties": { "poi_name": "嶺腳", "note": null, "stop_type": "台鐵" }, "geometry": { "type": "Point", "coordinates": [ 121.74795, 25.03016 ] } },
{ "type": "Feature", "properties": { "poi_name": "平溪", "note": null, "stop_type": "台鐵" }, "geometry": { "type": "Point", "coordinates": [ 121.74019, 25.02571 ] } },
{ "type": "Feature", "properties": { "poi_name": "菁桐", "note": null, "stop_type": "台鐵" }, "geometry": { "type": "Point", "coordinates": [ 121.72391, 25.02391 ] } },
{ "type": "Feature", "properties": { "poi_name": "猴硐", "note": null, "stop_type": "台鐵" }, "geometry": { "type": "Point", "coordinates": [ 121.82743, 25.08702 ] } },
{ "type": "Feature", "properties": { "poi_name": "瑞芳", "note": "後站", "stop_type": "台鐵" }, "geometry": { "type": "Point", "coordinates": [ 121.80651, 25.10925 ] } },
{ "type": "Feature", "properties": { "poi_name": "瑞芳", "note": "前站", "stop_type": "台鐵" }, "geometry": { "type": "Point", "coordinates": [ 121.80596, 25.10861 ] } },
{ "type": "Feature", "properties": { "poi_name": "海科館", "note": null, "stop_type": "台鐵" }, "geometry": { "type": "Point", "coordinates": [ 121.79997, 25.13754 ] } },
{ "type": "Feature", "properties": { "poi_name": "八斗子", "note": null, "stop_type": "台鐵" }, "geometry": { "type": "Point", "coordinates": [ 121.80286, 25.13528 ] } },
{ "type": "Feature", "properties": { "poi_name": "四腳亭", "note": null, "stop_type": "台鐵" }, "geometry": { "type": "Point", "coordinates": [ 121.76195, 25.10281 ] } },
{ "type": "Feature", "properties": { "poi_name": "暖暖", "note": null, "stop_type": "台鐵" }, "geometry": { "type": "Point", "coordinates": [ 121.74031, 25.10231 ] } },
{ "type": "Feature", "properties": { "poi_name": "頂埔", "note": "BL01_TRTC_1", "stop_type": "捷運" }, "geometry": { "type": "Point", "coordinates": [ 121.418336, 24.959327 ] } },
{ "type": "Feature", "properties": { "poi_name": "頂埔", "note": "BL01_TRTC_2", "stop_type": "捷運" }, "geometry": { "type": "Point", "coordinates": [ 121.419, 24.95931 ] } },
{ "type": "Feature", "properties": { "poi_name": "頂埔", "note": "BL01_TRTC_3", "stop_type": "捷運" }, "geometry": { "type": "Point", "coordinates": [ 121.41928, 24.959503 ] } },
{ "type": "Feature", "properties": { "poi_name": "頂埔", "note": "BL01_TRTC_4", "stop_type": "捷運" }, "geometry": { "type": "Point", "coordinates": [ 121.4201, 24.96039 ] } },
{ "type": "Feature", "properties": { "poi_name": "永寧", "note": "BL02_TRTC_1", "stop_type": "捷運" }, "geometry": { "type": "Point", "coordinates": [ 121.435254, 24.966714 ] } },
{ "type": "Feature", "properties": { "poi_name": "永寧", "note": "BL02_TRTC_2", "stop_type": "捷運" }, "geometry": { "type": "Point", "coordinates": [ 121.435795, 24.966019 ] } },
{ "type": "Feature", "properties": { "poi_name": "永寧", "note": "BL02_TRTC_3", "stop_type": "捷運" }, "geometry": { "type": "Point", "coordinates": [ 121.437111, 24.967252 ] } },
{ "type": "Feature", "properties": { "poi_name": "永寧", "note": "BL02_TRTC_4", "stop_type": "捷運" }, "geometry": { "type": "Point", "coordinates": [ 121.436412, 24.967191 ] } },
{ "type": "Feature", "properties": { "poi_name": "土城", "note": "BL03_TRTC_1", "stop_type": "捷運" }, "geometry": { "type": "Point", "coordinates": [ 121.444173, 24.973251 ] } },
{ "type": "Feature", "properties": { "poi_name": "土城", "note": "BL03_TRTC_2", "stop_type": "捷運" }, "geometry": { "type": "Point", "coordinates": [ 121.443671, 24.972663 ] } },
{ "type": "Feature", "properties": { "poi_name": "土城", "note": "BL03_TRTC_3", "stop_type": "捷運" }, "geometry": { "type": "Point", "coordinates": [ 121.445266, 24.973714 ] } },
{ "type": "Feature", "properties": { "poi_name": "海山", "note": "BL04_TRTC_1", "stop_type": "捷運" }, "geometry": { "type": "Point", "coordinates": [ 121.44861, 24.985388 ] } },
{ "type": "Feature", "properties": { "poi_name": "海山", "note": "BL04_TRTC_2", "stop_type": "捷運" }, "geometry": { "type": "Point", "coordinates": [ 121.448871, 24.985333 ] } },
{ "type": "Feature", "properties": { "poi_name": "海山", "note": "BL04_TRTC_3", "stop_type": "捷運" }, "geometry": { "type": "Point", "coordinates": [ 121.449127, 24.98609 ] } },
{ "type": "Feature", "properties": { "poi_name": "亞東醫院", "note": "BL05_TRTC_1", "stop_type": "捷運" }, "geometry": { "type": "Point", "coordinates": [ 121.452581, 24.998933 ] } },
{ "type": "Feature", "properties": { "poi_name": "亞東醫院", "note": "BL05_TRTC_2", "stop_type": "捷運" }, "geometry": { "type": "Point", "coordinates": [ 121.452388, 24.998252 ] } },
{ "type": "Feature", "properties": { "poi_name": "亞東醫院", "note": "BL05_TRTC_3", "stop_type": "捷運" }, "geometry": { "type": "Point", "coordinates": [ 121.45287, 24.998875 ] } },
{ "type": "Feature", "properties": { "poi_name": "府中", "note": "BL06_TRTC_1", "stop_type": "捷運" }, "geometry": { "type": "Point", "coordinates": [ 121.459077, 25.008486 ] } },
{ "type": "Feature", "properties": { "poi_name": "府中", "note": "BL06_TRTC_2", "stop_type": "捷運" }, "geometry": { "type": "Point", "coordinates": [ 121.459501, 25.008943 ] } },
{ "type": "Feature", "properties": { "poi_name": "府中", "note": "BL06_TRTC_3", "stop_type": "捷運" }, "geometry": { "type": "Point", "coordinates": [ 121.45897, 25.009162 ] } },
{ "type": "Feature", "properties": { "poi_name": "板橋", "note": "BL07_TRTC_1", "stop_type": "捷運" }, "geometry": { "type": "Point", "coordinates": [ 121.461838, 25.013314 ] } },
{ "type": "Feature", "properties": { "poi_name": "板橋", "note": "BL07_TRTC_2", "stop_type": "捷運" }, "geometry": { "type": "Point", "coordinates": [ 121.462603, 25.013221 ] } },
{ "type": "Feature", "properties": { "poi_name": "板橋", "note": "BL07_TRTC_3", "stop_type": "捷運" }, "geometry": { "type": "Point", "coordinates": [ 121.462653, 25.014442 ] } },
{ "type": "Feature", "properties": { "poi_name": "新埔", "note": "BL08_TRTC_1", "stop_type": "捷運" }, "geometry": { "type": "Point", "coordinates": [ 121.467496, 25.023087 ] } },
{ "type": "Feature", "properties": { "poi_name": "新埔", "note": "BL08_TRTC_2", "stop_type": "捷運" }, "geometry": { "type": "Point", "coordinates": [ 121.468176, 25.0222 ] } },
{ "type": "Feature", "properties": { "poi_name": "新埔", "note": "BL08_TRTC_3", "stop_type": "捷運" }, "geometry": { "type": "Point", "coordinates": [ 121.468562, 25.022942 ] } },
{ "type": "Feature", "properties": { "poi_name": "新埔", "note": "BL08_TRTC_4", "stop_type": "捷運" }, "geometry": { "type": "Point", "coordinates": [ 121.468728, 25.023638 ] } },
{ "type": "Feature", "properties": { "poi_name": "新埔", "note": "BL08_TRTC_5", "stop_type": "捷運" }, "geometry": { "type": "Point", "coordinates": [ 121.468138, 25.024163 ] } },
{ "type": "Feature", "properties": { "poi_name": "江子翠", "note": "BL09_TRTC_1", "stop_type": "捷運" }, "geometry": { "type": "Point", "coordinates": [ 121.471914, 25.030298 ] } },
{ "type": "Feature", "properties": { "poi_name": "江子翠", "note": "BL09_TRTC_2", "stop_type": "捷運" }, "geometry": { "type": "Point", "coordinates": [ 121.471903, 25.029782 ] } },
{ "type": "Feature", "properties": { "poi_name": "江子翠", "note": "BL09_TRTC_3", "stop_type": "捷運" }, "geometry": { "type": "Point", "coordinates": [ 121.472156, 25.029459 ] } },
{ "type": "Feature", "properties": { "poi_name": "江子翠", "note": "BL09_TRTC_4", "stop_type": "捷運" }, "geometry": { "type": "Point", "coordinates": [ 121.472719, 25.029763 ] } },
{ "type": "Feature", "properties": { "poi_name": "江子翠", "note": "BL09_TRTC_5", "stop_type": "捷運" }, "geometry": { "type": "Point", "coordinates": [ 121.473609, 25.031027 ] } },
{ "type": "Feature", "properties": { "poi_name": "江子翠", "note": "BL09_TRTC_6", "stop_type": "捷運" }, "geometry": { "type": "Point", "coordinates": [ 121.473126, 25.031095 ] } },
{ "type": "Feature", "properties": { "poi_name": "龍山寺", "note": "BL10_TRTC_1", "stop_type": "捷運" }, "geometry": { "type": "Point", "coordinates": [ 121.49953, 25.035484 ] } },
{ "type": "Feature", "properties": { "poi_name": "龍山寺", "note": "BL10_TRTC_2", "stop_type": "捷運" }, "geometry": { "type": "Point", "coordinates": [ 121.499798, 25.035109 ] } },
{ "type": "Feature", "properties": { "poi_name": "龍山寺", "note": "BL10_TRTC_3", "stop_type": "捷運" }, "geometry": { "type": "Point", "coordinates": [ 121.501622, 25.035421 ] } },
{ "type": "Feature", "properties": { "poi_name": "西門", "note": "BL11_TRTC_1", "stop_type": "捷運" }, "geometry": { "type": "Point", "coordinates": [ 121.507566, 25.042137 ] } },
{ "type": "Feature", "properties": { "poi_name": "西門", "note": "BL11_TRTC_2", "stop_type": "捷運" }, "geometry": { "type": "Point", "coordinates": [ 121.508435, 25.041545 ] } },
{ "type": "Feature", "properties": { "poi_name": "西門", "note": "BL11_TRTC_3", "stop_type": "捷運" }, "geometry": { "type": "Point", "coordinates": [ 121.508888, 25.041789 ] } },
{ "type": "Feature", "properties": { "poi_name": "西門", "note": "BL11_TRTC_4", "stop_type": "捷運" }, "geometry": { "type": "Point", "coordinates": [ 121.509006, 25.042203 ] } },
{ "type": "Feature", "properties": { "poi_name": "西門", "note": "BL11_TRTC_5", "stop_type": "捷運" }, "geometry": { "type": "Point", "coordinates": [ 121.508789, 25.042935 ] } },
{ "type": "Feature", "properties": { "poi_name": "西門", "note": "BL11_TRTC_6", "stop_type": "捷運" }, "geometry": { "type": "Point", "coordinates": [ 121.507602, 25.042573 ] } },
{ "type": "Feature", "properties": { "poi_name": "台北車站", "note": null, "stop_type": "捷運" }, "geometry": { "type": "Point", "coordinates": [ 121.517345, 25.046485 ] } },
{ "type": "Feature", "properties": { "poi_name": "台北車站", "note": null, "stop_type": "捷運" }, "geometry": { "type": "Point", "coordinates": [ 121.517573, 25.045815 ] } },
{ "type": "Feature", "properties": { "poi_name": "台北車站", "note": null, "stop_type": "捷運" }, "geometry": { "type": "Point", "coordinates": [ 121.517882, 25.046337 ] } },
{ "type": "Feature", "properties": { "poi_name": "台北車站", "note": null, "stop_type": "捷運" }, "geometry": { "type": "Point", "coordinates": [ 121.516787, 25.046234 ] } },
{ "type": "Feature", "properties": { "poi_name": "台北車站", "note": null, "stop_type": "捷運" }, "geometry": { "type": "Point", "coordinates": [ 121.51908, 25.048159 ] } },
{ "type": "Feature", "properties": { "poi_name": "台北車站", "note": null, "stop_type": "捷運" }, "geometry": { "type": "Point", "coordinates": [ 121.518643, 25.046077 ] } },
{ "type": "Feature", "properties": { "poi_name": "台北車站", "note": null, "stop_type": "捷運" }, "geometry": { "type": "Point", "coordinates": [ 121.516246, 25.046755 ] } },
{ "type": "Feature", "properties": { "poi_name": "台北車站", "note": null, "stop_type": "捷運" }, "geometry": { "type": "Point", "coordinates": [ 121.518193, 25.048232 ] } },
{ "type": "Feature", "properties": { "poi_name": "善導寺", "note": "BL13_TRTC_1", "stop_type": "捷運" }, "geometry": { "type": "Point", "coordinates": [ 121.523009, 25.045097 ] } },
{ "type": "Feature", "properties": { "poi_name": "善導寺", "note": "BL13_TRTC_2", "stop_type": "捷運" }, "geometry": { "type": "Point", "coordinates": [ 121.523038, 25.044752 ] } },
{ "type": "Feature", "properties": { "poi_name": "善導寺", "note": "BL13_TRTC_3", "stop_type": "捷運" }, "geometry": { "type": "Point", "coordinates": [ 121.523734, 25.044568 ] } },
{ "type": "Feature", "properties": { "poi_name": "善導寺", "note": "BL13_TRTC_4", "stop_type": "捷運" }, "geometry": { "type": "Point", "coordinates": [ 121.524217, 25.044111 ] } },
{ "type": "Feature", "properties": { "poi_name": "善導寺", "note": "BL13_TRTC_5", "stop_type": "捷運" }, "geometry": { "type": "Point", "coordinates": [ 121.52482, 25.044256 ] } },
{ "type": "Feature", "properties": { "poi_name": "善導寺", "note": "BL13_TRTC_6", "stop_type": "捷運" }, "geometry": { "type": "Point", "coordinates": [ 121.524898, 25.044632 ] } },
{ "type": "Feature", "properties": { "poi_name": "忠孝新生", "note": "BL14_TRTC_1", "stop_type": "捷運" }, "geometry": { "type": "Point", "coordinates": [ 121.531829, 25.042784 ] } },
{ "type": "Feature", "properties": { "poi_name": "忠孝新生", "note": "BL14_TRTC_2", "stop_type": "捷運" }, "geometry": { "type": "Point", "coordinates": [ 121.532065, 25.042103 ] } },
{ "type": "Feature", "properties": { "poi_name": "忠孝新生", "note": "BL14_TRTC_3", "stop_type": "捷運" }, "geometry": { "type": "Point", "coordinates": [ 121.53368, 25.041783 ] } },
{ "type": "Feature", "properties": { "poi_name": "忠孝新生", "note": "BL14_TRTC_4", "stop_type": "捷運" }, "geometry": { "type": "Point", "coordinates": [ 121.533213, 25.042458 ] } },
{ "type": "Feature", "properties": { "poi_name": "忠孝新生", "note": "BL14_TRTC_5", "stop_type": "捷運" }, "geometry": { "type": "Point", "coordinates": [ 121.532232, 25.041214 ] } },
{ "type": "Feature", "properties": { "poi_name": "忠孝新生", "note": "BL14_TRTC_6", "stop_type": "捷運" }, "geometry": { "type": "Point", "coordinates": [ 121.533068, 25.040791 ] } },
{ "type": "Feature", "properties": { "poi_name": "忠孝新生", "note": "BL14_TRTC_7", "stop_type": "捷運" }, "geometry": { "type": "Point", "coordinates": [ 121.533068, 25.041729 ] } },
{ "type": "Feature", "properties": { "poi_name": "忠孝復興", "note": "BL15_TRTC_1", "stop_type": "捷運" }, "geometry": { "type": "Point", "coordinates": [ 121.543143, 25.041797 ] } },
{ "type": "Feature", "properties": { "poi_name": "忠孝復興", "note": "BL15_TRTC_2", "stop_type": "捷運" }, "geometry": { "type": "Point", "coordinates": [ 121.543479, 25.041458 ] } },
{ "type": "Feature", "properties": { "poi_name": "忠孝復興", "note": "BL15_TRTC_3", "stop_type": "捷運" }, "geometry": { "type": "Point", "coordinates": [ 121.544806, 25.041467 ] } },
{ "type": "Feature", "properties": { "poi_name": "忠孝復興", "note": "BL15_TRTC_4", "stop_type": "捷運" }, "geometry": { "type": "Point", "coordinates": [ 121.54506, 25.041772 ] } },
{ "type": "Feature", "properties": { "poi_name": "忠孝復興", "note": "BL15_TRTC_5", "stop_type": "捷運" }, "geometry": { "type": "Point", "coordinates": [ 121.543985, 25.04202 ] } },
{ "type": "Feature", "properties": { "poi_name": "忠孝敦化", "note": "BL16_TRTC_1", "stop_type": "捷運" }, "geometry": { "type": "Point", "coordinates": [ 121.550578, 25.041642 ] } },
{ "type": "Feature", "properties": { "poi_name": "忠孝敦化", "note": "BL16_TRTC_2", "stop_type": "捷運" }, "geometry": { "type": "Point", "coordinates": [ 121.551694, 25.041632 ] } },
{ "type": "Feature", "properties": { "poi_name": "忠孝敦化", "note": "BL16_TRTC_3", "stop_type": "捷運" }, "geometry": { "type": "Point", "coordinates": [ 121.551586, 25.04134 ] } },
{ "type": "Feature", "properties": { "poi_name": "忠孝敦化", "note": "BL16_TRTC_4", "stop_type": "捷運" }, "geometry": { "type": "Point", "coordinates": [ 121.550567, 25.04135 ] } },
{ "type": "Feature", "properties": { "poi_name": "忠孝敦化", "note": "BL16_TRTC_5", "stop_type": "捷運" }, "geometry": { "type": "Point", "coordinates": [ 121.549824, 25.041238 ] } },
{ "type": "Feature", "properties": { "poi_name": "忠孝敦化", "note": "BL16_TRTC_6", "stop_type": "捷運" }, "geometry": { "type": "Point", "coordinates": [ 121.549174, 25.041029 ] } },
{ "type": "Feature", "properties": { "poi_name": "忠孝敦化", "note": "BL16_TRTC_7", "stop_type": "捷運" }, "geometry": { "type": "Point", "coordinates": [ 121.549913, 25.041661 ] } },
{ "type": "Feature", "properties": { "poi_name": "忠孝敦化", "note": "BL16_TRTC_8", "stop_type": "捷運" }, "geometry": { "type": "Point", "coordinates": [ 121.549194, 25.041928 ] } },
{ "type": "Feature", "properties": { "poi_name": "國父紀念館", "note": "BL17_TRTC_1", "stop_type": "捷運" }, "geometry": { "type": "Point", "coordinates": [ 121.556651, 25.041781 ] } },
{ "type": "Feature", "properties": { "poi_name": "國父紀念館", "note": "BL17_TRTC_2", "stop_type": "捷運" }, "geometry": { "type": "Point", "coordinates": [ 121.556704, 25.041029 ] } },
{ "type": "Feature", "properties": { "poi_name": "國父紀念館", "note": "BL17_TRTC_3", "stop_type": "捷運" }, "geometry": { "type": "Point", "coordinates": [ 121.557964, 25.041163 ] } },
{ "type": "Feature", "properties": { "poi_name": "國父紀念館", "note": "BL17_TRTC_4", "stop_type": "捷運" }, "geometry": { "type": "Point", "coordinates": [ 121.558539, 25.04117 ] } },
{ "type": "Feature", "properties": { "poi_name": "國父紀念館", "note": "BL17_TRTC_5", "stop_type": "捷運" }, "geometry": { "type": "Point", "coordinates": [ 121.558002, 25.041501 ] } },
{ "type": "Feature", "properties": { "poi_name": "市政府", "note": "BL18_TRTC_1", "stop_type": "捷運" }, "geometry": { "type": "Point", "coordinates": [ 121.565459, 25.041408 ] } },
{ "type": "Feature", "properties": { "poi_name": "市政府", "note": "BL18_TRTC_2", "stop_type": "捷運" }, "geometry": { "type": "Point", "coordinates": [ 121.565062, 25.040971 ] } },
{ "type": "Feature", "properties": { "poi_name": "市政府", "note": "BL18_TRTC_3", "stop_type": "捷運" }, "geometry": { "type": "Point", "coordinates": [ 121.567149, 25.040903 ] } },
{ "type": "Feature", "properties": { "poi_name": "市政府", "note": "BL18_TRTC_4", "stop_type": "捷運" }, "geometry": { "type": "Point", "coordinates": [ 121.567181, 25.041263 ] } },
{ "type": "Feature", "properties": { "poi_name": "永春", "note": "BL19_TRTC_1", "stop_type": "捷運" }, "geometry": { "type": "Point", "coordinates": [ 121.57512, 25.040995 ] } },
{ "type": "Feature", "properties": { "poi_name": "永春", "note": "BL19_TRTC_2", "stop_type": "捷運" }, "geometry": { "type": "Point", "coordinates": [ 121.575316, 25.040709 ] } },
{ "type": "Feature", "properties": { "poi_name": "永春", "note": "BL19_TRTC_3", "stop_type": "捷運" }, "geometry": { "type": "Point", "coordinates": [ 121.576155, 25.040704 ] } },
{ "type": "Feature", "properties": { "poi_name": "永春", "note": "BL19_TRTC_4", "stop_type": "捷運" }, "geometry": { "type": "Point", "coordinates": [ 121.576574, 25.040699 ] } },
{ "type": "Feature", "properties": { "poi_name": "永春", "note": "BL19_TRTC_5", "stop_type": "捷運" }, "geometry": { "type": "Point", "coordinates": [ 121.576622, 25.040961 ] } },
{ "type": "Feature", "properties": { "poi_name": "後山埤", "note": "BL20_TRTC_1", "stop_type": "捷運" }, "geometry": { "type": "Point", "coordinates": [ 121.58141, 25.044422 ] } },
{ "type": "Feature", "properties": { "poi_name": "後山埤", "note": "BL20_TRTC_2", "stop_type": "捷運" }, "geometry": { "type": "Point", "coordinates": [ 121.581854, 25.043703 ] } },
{ "type": "Feature", "properties": { "poi_name": "後山埤", "note": "BL20_TRTC_3", "stop_type": "捷運" }, "geometry": { "type": "Point", "coordinates": [ 121.583277, 25.045232 ] } },
{ "type": "Feature", "properties": { "poi_name": "後山埤", "note": "BL20_TRTC_4", "stop_type": "捷運" }, "geometry": { "type": "Point", "coordinates": [ 121.582478, 25.045606 ] } },
{ "type": "Feature", "properties": { "poi_name": "昆陽", "note": "BL21_TRTC_1", "stop_type": "捷運" }, "geometry": { "type": "Point", "coordinates": [ 121.592726, 25.050319 ] } },
{ "type": "Feature", "properties": { "poi_name": "昆陽", "note": "BL21_TRTC_2", "stop_type": "捷運" }, "geometry": { "type": "Point", "coordinates": [ 121.592825, 25.050402 ] } },
{ "type": "Feature", "properties": { "poi_name": "昆陽", "note": "BL21_TRTC_3", "stop_type": "捷運" }, "geometry": { "type": "Point", "coordinates": [ 121.59363, 25.050599 ] } },
{ "type": "Feature", "properties": { "poi_name": "昆陽", "note": "BL21_TRTC_4", "stop_type": "捷運" }, "geometry": { "type": "Point", "coordinates": [ 121.593799, 25.050572 ] } },
{ "type": "Feature", "properties": { "poi_name": "南港", "note": "BL22_TRTC_1", "stop_type": "捷運" }, "geometry": { "type": "Point", "coordinates": [ 121.606357, 25.051911 ] } },
{ "type": "Feature", "properties": { "poi_name": "南港", "note": "BL22_TRTC_2", "stop_type": "捷運" }, "geometry": { "type": "Point", "coordinates": [ 121.60743, 25.052025 ] } },
{ "type": "Feature", "properties": { "poi_name": "南港展覽館", "note": null, "stop_type": "捷運" }, "geometry": { "type": "Point", "coordinates": [ 121.617043, 25.05524 ] } },
{ "type": "Feature", "properties": { "poi_name": "南港展覽館", "note": "BL23_TRTC_1", "stop_type": "捷運" }, "geometry": { "type": "Point", "coordinates": [ 121.617074, 25.055784 ] } },
{ "type": "Feature", "properties": { "poi_name": "南港展覽館", "note": "BL23_TRTC_2", "stop_type": "捷運" }, "geometry": { "type": "Point", "coordinates": [ 121.616984, 25.055308 ] } },
{ "type": "Feature", "properties": { "poi_name": "南港展覽館", "note": "BL23_TRTC_3", "stop_type": "捷運" }, "geometry": { "type": "Point", "coordinates": [ 121.618239, 25.055123 ] } },
{ "type": "Feature", "properties": { "poi_name": "南港展覽館", "note": "BL23_TRTC_4", "stop_type": "捷運" }, "geometry": { "type": "Point", "coordinates": [ 121.618263, 25.055356 ] } },
{ "type": "Feature", "properties": { "poi_name": "南港展覽館", "note": "BL23_TRTC_5", "stop_type": "捷運" }, "geometry": { "type": "Point", "coordinates": [ 121.616861, 25.054917 ] } },
{ "type": "Feature", "properties": { "poi_name": "南港展覽館", "note": "BL23_TRTC_6", "stop_type": "捷運" }, "geometry": { "type": "Point", "coordinates": [ 121.618183, 25.054739 ] } },
{ "type": "Feature", "properties": { "poi_name": "南港展覽館", "note": "BL23_TRTC_7", "stop_type": "捷運" }, "geometry": { "type": "Point", "coordinates": [ 121.618148, 25.054035 ] } },
{ "type": "Feature", "properties": { "poi_name": "動物園", "note": "BR01_TRTC_1", "stop_type": "捷運" }, "geometry": { "type": "Point", "coordinates": [ 121.579942, 24.998299 ] } },
{ "type": "Feature", "properties": { "poi_name": "動物園", "note": "BR01_TRTC_2", "stop_type": "捷運" }, "geometry": { "type": "Point", "coordinates": [ 121.579321, 24.997971 ] } },
{ "type": "Feature", "properties": { "poi_name": "木柵", "note": "BR02_TRTC_0", "stop_type": "捷運" }, "geometry": { "type": "Point", "coordinates": [ 121.573417, 24.998174 ] } },
{ "type": "Feature", "properties": { "poi_name": "萬芳社區", "note": "BR03_TRTC_0", "stop_type": "捷運" }, "geometry": { "type": "Point", "coordinates": [ 121.568452, 24.99864 ] } },
{ "type": "Feature", "properties": { "poi_name": "萬芳醫院", "note": "BR04_TRTC_0", "stop_type": "捷運" }, "geometry": { "type": "Point", "coordinates": [ 121.557737, 24.999383 ] } },
{ "type": "Feature", "properties": { "poi_name": "辛亥", "note": "BR05_TRTC_0", "stop_type": "捷運" }, "geometry": { "type": "Point", "coordinates": [ 121.557021, 25.005119 ] } },
{ "type": "Feature", "properties": { "poi_name": "麟光", "note": "BR06_TRTC_0", "stop_type": "捷運" }, "geometry": { "type": "Point", "coordinates": [ 121.558606, 25.018554 ] } },
{ "type": "Feature", "properties": { "poi_name": "六張犁", "note": "BR07_TRTC_0", "stop_type": "捷運" }, "geometry": { "type": "Point", "coordinates": [ 121.552737, 25.023852 ] } },
{ "type": "Feature", "properties": { "poi_name": "科技大樓", "note": "BR08_TRTC_0", "stop_type": "捷運" }, "geometry": { "type": "Point", "coordinates": [ 121.543636, 25.026154 ] } },
{ "type": "Feature", "properties": { "poi_name": "大安", "note": "BR09_TRTC_1", "stop_type": "捷運" }, "geometry": { "type": "Point", "coordinates": [ 121.542, 25.033602 ] } },
{ "type": "Feature", "properties": { "poi_name": "大安", "note": "BR09_TRTC_2", "stop_type": "捷運" }, "geometry": { "type": "Point", "coordinates": [ 121.54159, 25.033649 ] } },
{ "type": "Feature", "properties": { "poi_name": "大安", "note": "BR09_TRTC_3", "stop_type": "捷運" }, "geometry": { "type": "Point", "coordinates": [ 121.54233, 25.033241 ] } },
{ "type": "Feature", "properties": { "poi_name": "大安", "note": "BR09_TRTC_4", "stop_type": "捷運" }, "geometry": { "type": "Point", "coordinates": [ 121.544012, 25.033172 ] } },
{ "type": "Feature", "properties": { "poi_name": "大安", "note": "BR09_TRTC_5", "stop_type": "捷運" }, "geometry": { "type": "Point", "coordinates": [ 121.543882, 25.032911 ] } },
{ "type": "Feature", "properties": { "poi_name": "大安", "note": "BR09_TRTC_6", "stop_type": "捷運" }, "geometry": { "type": "Point", "coordinates": [ 121.543755, 25.034182 ] } },
{ "type": "Feature", "properties": { "poi_name": "忠孝復興", "note": "BR10_TRTC_1", "stop_type": "捷運" }, "geometry": { "type": "Point", "coordinates": [ 121.543143, 25.041797 ] } },
{ "type": "Feature", "properties": { "poi_name": "忠孝復興", "note": "BR10_TRTC_2", "stop_type": "捷運" }, "geometry": { "type": "Point", "coordinates": [ 121.543479, 25.041458 ] } },
{ "type": "Feature", "properties": { "poi_name": "忠孝復興", "note": "BR10_TRTC_3", "stop_type": "捷運" }, "geometry": { "type": "Point", "coordinates": [ 121.544806, 25.041467 ] } },
{ "type": "Feature", "properties": { "poi_name": "忠孝復興", "note": "BR10_TRTC_4", "stop_type": "捷運" }, "geometry": { "type": "Point", "coordinates": [ 121.54506, 25.041772 ] } },
{ "type": "Feature", "properties": { "poi_name": "忠孝復興", "note": "BR10_TRTC_5", "stop_type": "捷運" }, "geometry": { "type": "Point", "coordinates": [ 121.543985, 25.04202 ] } },
{ "type": "Feature", "properties": { "poi_name": "南京復興", "note": "BR11_TRTC_1", "stop_type": "捷運" }, "geometry": { "type": "Point", "coordinates": [ 121.542121, 25.052625 ] } },
{ "type": "Feature", "properties": { "poi_name": "南京復興", "note": "BR11_TRTC_2", "stop_type": "捷運" }, "geometry": { "type": "Point", "coordinates": [ 121.541863, 25.051748 ] } },
{ "type": "Feature", "properties": { "poi_name": "南京復興", "note": "BR11_TRTC_3", "stop_type": "捷運" }, "geometry": { "type": "Point", "coordinates": [ 121.543237, 25.051719 ] } },
{ "type": "Feature", "properties": { "poi_name": "南京復興", "note": "BR11_TRTC_4", "stop_type": "捷運" }, "geometry": { "type": "Point", "coordinates": [ 121.543237, 25.051719 ] } },
{ "type": "Feature", "properties": { "poi_name": "南京復興", "note": "BR11_TRTC_5", "stop_type": "捷運" }, "geometry": { "type": "Point", "coordinates": [ 121.544594, 25.051687 ] } },
{ "type": "Feature", "properties": { "poi_name": "南京復興", "note": "BR11_TRTC_6", "stop_type": "捷運" }, "geometry": { "type": "Point", "coordinates": [ 121.544908, 25.052057 ] } },
{ "type": "Feature", "properties": { "poi_name": "南京復興", "note": "BR11_TRTC_7", "stop_type": "捷運" }, "geometry": { "type": "Point", "coordinates": [ 121.544592, 25.052487 ] } },
{ "type": "Feature", "properties": { "poi_name": "南京復興", "note": "BR11_TRTC_8", "stop_type": "捷運" }, "geometry": { "type": "Point", "coordinates": [ 121.543819, 25.052018 ] } },
{ "type": "Feature", "properties": { "poi_name": "中山國中", "note": "BR12_TRTC_0", "stop_type": "捷運" }, "geometry": { "type": "Point", "coordinates": [ 121.544031, 25.060889 ] } },
{ "type": "Feature", "properties": { "poi_name": "松山機場", "note": "BR13_TRTC_1", "stop_type": "捷運" }, "geometry": { "type": "Point", "coordinates": [ 121.552043, 25.063631 ] } },
{ "type": "Feature", "properties": { "poi_name": "松山機場", "note": "BR13_TRTC_2", "stop_type": "捷運" }, "geometry": { "type": "Point", "coordinates": [ 121.550987, 25.063535 ] } },
{ "type": "Feature", "properties": { "poi_name": "松山機場", "note": "BR13_TRTC_3", "stop_type": "捷運" }, "geometry": { "type": "Point", "coordinates": [ 121.551841, 25.063171 ] } },
{ "type": "Feature", "properties": { "poi_name": "大直", "note": "BR14_TRTC_1", "stop_type": "捷運" }, "geometry": { "type": "Point", "coordinates": [ 121.546926, 25.080361 ] } },
{ "type": "Feature", "properties": { "poi_name": "大直", "note": "BR14_TRTC_2", "stop_type": "捷運" }, "geometry": { "type": "Point", "coordinates": [ 121.546823, 25.079584 ] } },
{ "type": "Feature", "properties": { "poi_name": "大直", "note": "BR14_TRTC_3", "stop_type": "捷運" }, "geometry": { "type": "Point", "coordinates": [ 121.546901, 25.07931 ] } },
{ "type": "Feature", "properties": { "poi_name": "劍南路", "note": "BR15_TRTC_1", "stop_type": "捷運" }, "geometry": { "type": "Point", "coordinates": [ 121.555226, 25.085174 ] } },
{ "type": "Feature", "properties": { "poi_name": "劍南路", "note": "BR15_TRTC_2", "stop_type": "捷運" }, "geometry": { "type": "Point", "coordinates": [ 121.555097, 25.084754 ] } },
{ "type": "Feature", "properties": { "poi_name": "劍南路", "note": "BR15_TRTC_3", "stop_type": "捷運" }, "geometry": { "type": "Point", "coordinates": [ 121.556098, 25.084484 ] } },
{ "type": "Feature", "properties": { "poi_name": "西湖", "note": "BR16_TRTC_1", "stop_type": "捷運" }, "geometry": { "type": "Point", "coordinates": [ 121.566647, 25.082339 ] } },
{ "type": "Feature", "properties": { "poi_name": "西湖", "note": "BR16_TRTC_2", "stop_type": "捷運" }, "geometry": { "type": "Point", "coordinates": [ 121.567141, 25.082023 ] } },
{ "type": "Feature", "properties": { "poi_name": "港墘", "note": "BR17_TRTC_1", "stop_type": "捷運" }, "geometry": { "type": "Point", "coordinates": [ 121.57556, 25.080152 ] } },
{ "type": "Feature", "properties": { "poi_name": "港墘", "note": "BR17_TRTC_2", "stop_type": "捷運" }, "geometry": { "type": "Point", "coordinates": [ 121.574704, 25.080065 ] } },
{ "type": "Feature", "properties": { "poi_name": "文德", "note": "BR18_TRTC_1", "stop_type": "捷運" }, "geometry": { "type": "Point", "coordinates": [ 121.585702, 25.078781 ] } },
{ "type": "Feature", "properties": { "poi_name": "文德", "note": "BR18_TRTC_2", "stop_type": "捷運" }, "geometry": { "type": "Point", "coordinates": [ 121.58447, 25.078408 ] } },
{ "type": "Feature", "properties": { "poi_name": "內湖", "note": "BR19_TRTC_1", "stop_type": "捷運" }, "geometry": { "type": "Point", "coordinates": [ 121.594266, 25.083745 ] } },
{ "type": "Feature", "properties": { "poi_name": "內湖", "note": "BR19_TRTC_2", "stop_type": "捷運" }, "geometry": { "type": "Point", "coordinates": [ 121.594612, 25.083636 ] } },
{ "type": "Feature", "properties": { "poi_name": "大湖公園", "note": "BR20_TRTC_1", "stop_type": "捷運" }, "geometry": { "type": "Point", "coordinates": [ 121.602377, 25.083894 ] } },
{ "type": "Feature", "properties": { "poi_name": "大湖公園", "note": "BR20_TRTC_2", "stop_type": "捷運" }, "geometry": { "type": "Point", "coordinates": [ 121.60221, 25.083675 ] } },
{ "type": "Feature", "properties": { "poi_name": "葫洲", "note": "BR21_TRTC_1", "stop_type": "捷運" }, "geometry": { "type": "Point", "coordinates": [ 121.608068, 25.07251 ] } },
{ "type": "Feature", "properties": { "poi_name": "葫洲", "note": "BR21_TRTC_2", "stop_type": "捷運" }, "geometry": { "type": "Point", "coordinates": [ 121.607197, 25.072534 ] } },
{ "type": "Feature", "properties": { "poi_name": "東湖", "note": "BR22_TRTC_1", "stop_type": "捷運" }, "geometry": { "type": "Point", "coordinates": [ 121.610899, 25.067189 ] } },
{ "type": "Feature", "properties": { "poi_name": "東湖", "note": "BR22_TRTC_2", "stop_type": "捷運" }, "geometry": { "type": "Point", "coordinates": [ 121.611239, 25.067111 ] } },
{ "type": "Feature", "properties": { "poi_name": "東湖", "note": "BR22_TRTC_3", "stop_type": "捷運" }, "geometry": { "type": "Point", "coordinates": [ 121.611724, 25.067053 ] } },
{ "type": "Feature", "properties": { "poi_name": "南港軟體園區", "note": "BR23_TRTC_1", "stop_type": "捷運" }, "geometry": { "type": "Point", "coordinates": [ 121.615817, 25.059995 ] } },
{ "type": "Feature", "properties": { "poi_name": "南港軟體園區", "note": "BR23_TRTC_2", "stop_type": "捷運" }, "geometry": { "type": "Point", "coordinates": [ 121.616091, 25.059883 ] } },
{ "type": "Feature", "properties": { "poi_name": "南港展覽館", "note": null, "stop_type": "捷運" }, "geometry": { "type": "Point", "coordinates": [ 121.617043, 25.05524 ] } },
{ "type": "Feature", "properties": { "poi_name": "南港展覽館", "note": "BR24_TRTC_1", "stop_type": "捷運" }, "geometry": { "type": "Point", "coordinates": [ 121.617074, 25.055784 ] } },
{ "type": "Feature", "properties": { "poi_name": "南港展覽館", "note": "BR24_TRTC_2", "stop_type": "捷運" }, "geometry": { "type": "Point", "coordinates": [ 121.616984, 25.055308 ] } },
{ "type": "Feature", "properties": { "poi_name": "南港展覽館", "note": "BR24_TRTC_3", "stop_type": "捷運" }, "geometry": { "type": "Point", "coordinates": [ 121.618239, 25.055123 ] } },
{ "type": "Feature", "properties": { "poi_name": "南港展覽館", "note": "BR24_TRTC_4", "stop_type": "捷運" }, "geometry": { "type": "Point", "coordinates": [ 121.618263, 25.055356 ] } },
{ "type": "Feature", "properties": { "poi_name": "南港展覽館", "note": "BR24_TRTC_5", "stop_type": "捷運" }, "geometry": { "type": "Point", "coordinates": [ 121.616861, 25.054917 ] } },
{ "type": "Feature", "properties": { "poi_name": "南港展覽館", "note": "BR24_TRTC_6", "stop_type": "捷運" }, "geometry": { "type": "Point", "coordinates": [ 121.618183, 25.054739 ] } },
{ "type": "Feature", "properties": { "poi_name": "南港展覽館", "note": "BR24_TRTC_7", "stop_type": "捷運" }, "geometry": { "type": "Point", "coordinates": [ 121.618148, 25.054035 ] } },
{ "type": "Feature", "properties": { "poi_name": "新店", "note": "G01_TRTC_0", "stop_type": "捷運" }, "geometry": { "type": "Point", "coordinates": [ 121.537844, 24.958524 ] } },
{ "type": "Feature", "properties": { "poi_name": "新店區公所", "note": "G02_TRTC_1", "stop_type": "捷運" }, "geometry": { "type": "Point", "coordinates": [ 121.541124, 24.967393 ] } },
{ "type": "Feature", "properties": { "poi_name": "新店區公所", "note": "G02_TRTC_2", "stop_type": "捷運" }, "geometry": { "type": "Point", "coordinates": [ 121.541845, 24.967986 ] } },
{ "type": "Feature", "properties": { "poi_name": "七張", "note": "G03_TRTC_1", "stop_type": "捷運" }, "geometry": { "type": "Point", "coordinates": [ 121.543068, 24.975025 ] } },
{ "type": "Feature", "properties": { "poi_name": "七張", "note": "G03_TRTC_2", "stop_type": "捷運" }, "geometry": { "type": "Point", "coordinates": [ 121.542641, 24.97691 ] } },
{ "type": "Feature", "properties": { "poi_name": "大坪林", "note": "G04_TRTC_1", "stop_type": "捷運" }, "geometry": { "type": "Point", "coordinates": [ 121.540874, 24.982754 ] } },
{ "type": "Feature", "properties": { "poi_name": "大坪林", "note": "G04_TRTC_2", "stop_type": "捷運" }, "geometry": { "type": "Point", "coordinates": [ 121.541619, 24.982051 ] } },
{ "type": "Feature", "properties": { "poi_name": "大坪林", "note": "G04_TRTC_3", "stop_type": "捷運" }, "geometry": { "type": "Point", "coordinates": [ 121.541721, 24.983079 ] } },
{ "type": "Feature", "properties": { "poi_name": "大坪林", "note": "G04_TRTC_4", "stop_type": "捷運" }, "geometry": { "type": "Point", "coordinates": [ 121.541405, 24.983539 ] } },
{ "type": "Feature", "properties": { "poi_name": "大坪林", "note": "G04_TRTC_5", "stop_type": "捷運" }, "geometry": { "type": "Point", "coordinates": [ 121.543136, 24.982775 ] } },
{ "type": "Feature", "properties": { "poi_name": "景美", "note": "G05_TRTC_1", "stop_type": "捷運" }, "geometry": { "type": "Point", "coordinates": [ 121.540693, 24.992133 ] } },
{ "type": "Feature", "properties": { "poi_name": "景美", "note": "G05_TRTC_2", "stop_type": "捷運" }, "geometry": { "type": "Point", "coordinates": [ 121.541517, 24.993069 ] } },
{ "type": "Feature", "properties": { "poi_name": "景美", "note": "G05_TRTC_3", "stop_type": "捷運" }, "geometry": { "type": "Point", "coordinates": [ 121.540546, 24.992744 ] } },
{ "type": "Feature", "properties": { "poi_name": "萬隆", "note": "G06_TRTC_1", "stop_type": "捷運" }, "geometry": { "type": "Point", "coordinates": [ 121.538896, 25.001367 ] } },
{ "type": "Feature", "properties": { "poi_name": "萬隆", "note": "G06_TRTC_2", "stop_type": "捷運" }, "geometry": { "type": "Point", "coordinates": [ 121.539391, 25.001412 ] } },
{ "type": "Feature", "properties": { "poi_name": "萬隆", "note": "G06_TRTC_3", "stop_type": "捷運" }, "geometry": { "type": "Point", "coordinates": [ 121.539195, 25.002215 ] } },
{ "type": "Feature", "properties": { "poi_name": "萬隆", "note": "G06_TRTC_4", "stop_type": "捷運" }, "geometry": { "type": "Point", "coordinates": [ 121.538572, 25.002676 ] } },
{ "type": "Feature", "properties": { "poi_name": "公館", "note": "G07_TRTC_1", "stop_type": "捷運" }, "geometry": { "type": "Point", "coordinates": [ 121.534337, 25.014469 ] } },
{ "type": "Feature", "properties": { "poi_name": "公館", "note": "G07_TRTC_2", "stop_type": "捷運" }, "geometry": { "type": "Point", "coordinates": [ 121.534721, 25.014718 ] } },
{ "type": "Feature", "properties": { "poi_name": "公館", "note": "G07_TRTC_3", "stop_type": "捷運" }, "geometry": { "type": "Point", "coordinates": [ 121.534025, 25.015421 ] } },
{ "type": "Feature", "properties": { "poi_name": "公館", "note": "G07_TRTC_4", "stop_type": "捷運" }, "geometry": { "type": "Point", "coordinates": [ 121.533623, 25.015148 ] } },
{ "type": "Feature", "properties": { "poi_name": "台電大樓", "note": "G08_TRTC_1", "stop_type": "捷運" }, "geometry": { "type": "Point", "coordinates": [ 121.528577, 25.01962 ] } },
{ "type": "Feature", "properties": { "poi_name": "台電大樓", "note": "G08_TRTC_2", "stop_type": "捷運" }, "geometry": { "type": "Point", "coordinates": [ 121.529093, 25.020192 ] } },
{ "type": "Feature", "properties": { "poi_name": "台電大樓", "note": "G08_TRTC_3", "stop_type": "捷運" }, "geometry": { "type": "Point", "coordinates": [ 121.527849, 25.021179 ] } },
{ "type": "Feature", "properties": { "poi_name": "台電大樓", "note": "G08_TRTC_4", "stop_type": "捷運" }, "geometry": { "type": "Point", "coordinates": [ 121.527297, 25.021018 ] } },
{ "type": "Feature", "properties": { "poi_name": "台電大樓", "note": "G08_TRTC_5", "stop_type": "捷運" }, "geometry": { "type": "Point", "coordinates": [ 121.527739, 25.020758 ] } },
{ "type": "Feature", "properties": { "poi_name": "古亭", "note": "G09_TRTC_1", "stop_type": "捷運" }, "geometry": { "type": "Point", "coordinates": [ 121.522973, 25.025976 ] } },
{ "type": "Feature", "properties": { "poi_name": "古亭", "note": "G09_TRTC_2", "stop_type": "捷運" }, "geometry": { "type": "Point", "coordinates": [ 121.523353, 25.025502 ] } },
{ "type": "Feature", "properties": { "poi_name": "古亭", "note": "G09_TRTC_3", "stop_type": "捷運" }, "geometry": { "type": "Point", "coordinates": [ 121.523353, 25.026078 ] } },
{ "type": "Feature", "properties": { "poi_name": "古亭", "note": "G09_TRTC_4", "stop_type": "捷運" }, "geometry": { "type": "Point", "coordinates": [ 121.522983, 25.026559 ] } },
{ "type": "Feature", "properties": { "poi_name": "古亭", "note": "G09_TRTC_5", "stop_type": "捷運" }, "geometry": { "type": "Point", "coordinates": [ 121.522778, 25.02726 ] } },
{ "type": "Feature", "properties": { "poi_name": "古亭", "note": "G09_TRTC_6", "stop_type": "捷運" }, "geometry": { "type": "Point", "coordinates": [ 121.522297, 25.027537 ] } },
{ "type": "Feature", "properties": { "poi_name": "古亭", "note": "G09_TRTC_7", "stop_type": "捷運" }, "geometry": { "type": "Point", "coordinates": [ 121.521937, 25.02742 ] } },
{ "type": "Feature", "properties": { "poi_name": "古亭", "note": "G09_TRTC_8", "stop_type": "捷運" }, "geometry": { "type": "Point", "coordinates": [ 121.521847, 25.027152 ] } },
{ "type": "Feature", "properties": { "poi_name": "古亭", "note": "G09_TRTC_9", "stop_type": "捷運" }, "geometry": { "type": "Point", "coordinates": [ 121.522404, 25.026798 ] } },
{ "type": "Feature", "properties": { "poi_name": "小南門", "note": "G11_TRTC_1", "stop_type": "捷運" }, "geometry": { "type": "Point", "coordinates": [ 121.509752, 25.036434 ] } },
{ "type": "Feature", "properties": { "poi_name": "小南門", "note": "G11_TRTC_2", "stop_type": "捷運" }, "geometry": { "type": "Point", "coordinates": [ 121.509865, 25.035736 ] } },
{ "type": "Feature", "properties": { "poi_name": "小南門", "note": "G11_TRTC_3", "stop_type": "捷運" }, "geometry": { "type": "Point", "coordinates": [ 121.510988, 25.035309 ] } },
{ "type": "Feature", "properties": { "poi_name": "小南門", "note": "G11_TRTC_4", "stop_type": "捷運" }, "geometry": { "type": "Point", "coordinates": [ 121.511455, 25.035226 ] } },
{ "type": "Feature", "properties": { "poi_name": "北門", "note": "G13_TRTC_1", "stop_type": "捷運" }, "geometry": { "type": "Point", "coordinates": [ 121.509986, 25.048861 ] } },
{ "type": "Feature", "properties": { "poi_name": "北門", "note": "G13_TRTC_2", "stop_type": "捷運" }, "geometry": { "type": "Point", "coordinates": [ 121.510506, 25.049583 ] } },
{ "type": "Feature", "properties": { "poi_name": "北門", "note": "G13_TRTC_3", "stop_type": "捷運" }, "geometry": { "type": "Point", "coordinates": [ 121.510227, 25.049943 ] } },
{ "type": "Feature", "properties": { "poi_name": "中山", "note": "G14_TRTC_1", "stop_type": "捷運" }, "geometry": { "type": "Point", "coordinates": [ 121.520303, 25.052414 ] } },
{ "type": "Feature", "properties": { "poi_name": "中山", "note": "G14_TRTC_2", "stop_type": "捷運" }, "geometry": { "type": "Point", "coordinates": [ 121.521063, 25.052382 ] } },
{ "type": "Feature", "properties": { "poi_name": "中山", "note": "G14_TRTC_3", "stop_type": "捷運" }, "geometry": { "type": "Point", "coordinates": [ 121.521154, 25.052611 ] } },
{ "type": "Feature", "properties": { "poi_name": "中山", "note": "G14_TRTC_4", "stop_type": "捷運" }, "geometry": { "type": "Point", "coordinates": [ 121.520306, 25.052858 ] } },
{ "type": "Feature", "properties": { "poi_name": "中山", "note": "G14_TRTC_5", "stop_type": "捷運" }, "geometry": { "type": "Point", "coordinates": [ 121.519329, 25.053037 ] } },
{ "type": "Feature", "properties": { "poi_name": "中山", "note": "G14_TRTC_6", "stop_type": "捷運" }, "geometry": { "type": "Point", "coordinates": [ 121.519007, 25.052833 ] } },
{ "type": "Feature", "properties": { "poi_name": "松江南京", "note": "G15_TRTC_1", "stop_type": "捷運" }, "geometry": { "type": "Point", "coordinates": [ 121.532388, 25.051842 ] } },
{ "type": "Feature", "properties": { "poi_name": "松江南京", "note": "G15_TRTC_2", "stop_type": "捷運" }, "geometry": { "type": "Point", "coordinates": [ 121.532694, 25.051312 ] } },
{ "type": "Feature", "properties": { "poi_name": "松江南京", "note": "G15_TRTC_3", "stop_type": "捷運" }, "geometry": { "type": "Point", "coordinates": [ 121.532701, 25.051122 ] } },
{ "type": "Feature", "properties": { "poi_name": "松江南京", "note": "G15_TRTC_4", "stop_type": "捷運" }, "geometry": { "type": "Point", "coordinates": [ 121.53324, 25.051624 ] } },
{ "type": "Feature", "properties": { "poi_name": "松江南京", "note": "G15_TRTC_5", "stop_type": "捷運" }, "geometry": { "type": "Point", "coordinates": [ 121.534081, 25.051882 ] } },
{ "type": "Feature", "properties": { "poi_name": "松江南京", "note": "G15_TRTC_6", "stop_type": "捷運" }, "geometry": { "type": "Point", "coordinates": [ 121.533808, 25.052205 ] } },
{ "type": "Feature", "properties": { "poi_name": "松江南京", "note": "G15_TRTC_7", "stop_type": "捷運" }, "geometry": { "type": "Point", "coordinates": [ 121.533195, 25.05247 ] } },
{ "type": "Feature", "properties": { "poi_name": "松江南京", "note": "G15_TRTC_8", "stop_type": "捷運" }, "geometry": { "type": "Point", "coordinates": [ 121.532822, 25.052644 ] } },
{ "type": "Feature", "properties": { "poi_name": "南京復興", "note": "G16_TRTC_1", "stop_type": "捷運" }, "geometry": { "type": "Point", "coordinates": [ 121.542121, 25.052625 ] } },
{ "type": "Feature", "properties": { "poi_name": "南京復興", "note": "G16_TRTC_2", "stop_type": "捷運" }, "geometry": { "type": "Point", "coordinates": [ 121.541863, 25.051748 ] } },
{ "type": "Feature", "properties": { "poi_name": "南京復興", "note": "G16_TRTC_3", "stop_type": "捷運" }, "geometry": { "type": "Point", "coordinates": [ 121.543237, 25.051719 ] } },
{ "type": "Feature", "properties": { "poi_name": "南京復興", "note": "G16_TRTC_4", "stop_type": "捷運" }, "geometry": { "type": "Point", "coordinates": [ 121.543237, 25.051719 ] } },
{ "type": "Feature", "properties": { "poi_name": "南京復興", "note": "G16_TRTC_5", "stop_type": "捷運" }, "geometry": { "type": "Point", "coordinates": [ 121.544594, 25.051687 ] } },
{ "type": "Feature", "properties": { "poi_name": "南京復興", "note": "G16_TRTC_6", "stop_type": "捷運" }, "geometry": { "type": "Point", "coordinates": [ 121.544908, 25.052057 ] } },
{ "type": "Feature", "properties": { "poi_name": "南京復興", "note": "G16_TRTC_7", "stop_type": "捷運" }, "geometry": { "type": "Point", "coordinates": [ 121.544592, 25.052487 ] } },
{ "type": "Feature", "properties": { "poi_name": "南京復興", "note": "G16_TRTC_8", "stop_type": "捷運" }, "geometry": { "type": "Point", "coordinates": [ 121.543819, 25.052018 ] } },
{ "type": "Feature", "properties": { "poi_name": "台北小巨蛋", "note": "G17_TRTC_1", "stop_type": "捷運" }, "geometry": { "type": "Point", "coordinates": [ 121.55153, 25.051836 ] } },
{ "type": "Feature", "properties": { "poi_name": "台北小巨蛋", "note": "G17_TRTC_2", "stop_type": "捷運" }, "geometry": { "type": "Point", "coordinates": [ 121.550715, 25.051571 ] } },
{ "type": "Feature", "properties": { "poi_name": "台北小巨蛋", "note": "G17_TRTC_3", "stop_type": "捷運" }, "geometry": { "type": "Point", "coordinates": [ 121.552549, 25.05152 ] } },
{ "type": "Feature", "properties": { "poi_name": "台北小巨蛋", "note": "G17_TRTC_4", "stop_type": "捷運" }, "geometry": { "type": "Point", "coordinates": [ 121.553046, 25.051515 ] } },
{ "type": "Feature", "properties": { "poi_name": "台北小巨蛋", "note": "G17_TRTC_5", "stop_type": "捷運" }, "geometry": { "type": "Point", "coordinates": [ 121.552069, 25.051838 ] } },
{ "type": "Feature", "properties": { "poi_name": "南京三民", "note": "G18_TRTC_1", "stop_type": "捷運" }, "geometry": { "type": "Point", "coordinates": [ 121.563203, 25.051633 ] } },
{ "type": "Feature", "properties": { "poi_name": "南京三民", "note": "G18_TRTC_2", "stop_type": "捷運" }, "geometry": { "type": "Point", "coordinates": [ 121.563073, 25.051215 ] } },
{ "type": "Feature", "properties": { "poi_name": "南京三民", "note": "G18_TRTC_3", "stop_type": "捷運" }, "geometry": { "type": "Point", "coordinates": [ 121.564551, 25.051262 ] } },
{ "type": "Feature", "properties": { "poi_name": "南京三民", "note": "G18_TRTC_4", "stop_type": "捷運" }, "geometry": { "type": "Point", "coordinates": [ 121.56471, 25.051588 ] } },
{ "type": "Feature", "properties": { "poi_name": "松山", "note": "G19_TRTC_1", "stop_type": "捷運" }, "geometry": { "type": "Point", "coordinates": [ 121.577022, 25.050171 ] } },
{ "type": "Feature", "properties": { "poi_name": "松山", "note": "G19_TRTC_2", "stop_type": "捷運" }, "geometry": { "type": "Point", "coordinates": [ 121.576244, 25.050171 ] } },
{ "type": "Feature", "properties": { "poi_name": "松山", "note": "G19_TRTC_3", "stop_type": "捷運" }, "geometry": { "type": "Point", "coordinates": [ 121.577533, 25.049939 ] } },
{ "type": "Feature", "properties": { "poi_name": "松山", "note": "G19_TRTC_4", "stop_type": "捷運" }, "geometry": { "type": "Point", "coordinates": [ 121.577971, 25.049799 ] } },
{ "type": "Feature", "properties": { "poi_name": "松山", "note": "G19_TRTC_5", "stop_type": "捷運" }, "geometry": { "type": "Point", "coordinates": [ 121.577782, 25.050559 ] } },
{ "type": "Feature", "properties": { "poi_name": "小碧潭", "note": "G03A_TRTC_1", "stop_type": "捷運" }, "geometry": { "type": "Point", "coordinates": [ 121.530311, 24.971684 ] } },
{ "type": "Feature", "properties": { "poi_name": "小碧潭", "note": "G03A_TRTC_2", "stop_type": "捷運" }, "geometry": { "type": "Point", "coordinates": [ 121.52995, 24.973192 ] } },
{ "type": "Feature", "properties": { "poi_name": "南勢角", "note": "O01_TRTC_1", "stop_type": "捷運" }, "geometry": { "type": "Point", "coordinates": [ 121.507876, 24.990529 ] } },
{ "type": "Feature", "properties": { "poi_name": "南勢角", "note": "O01_TRTC_2", "stop_type": "捷運" }, "geometry": { "type": "Point", "coordinates": [ 121.50872, 24.990161 ] } },
{ "type": "Feature", "properties": { "poi_name": "南勢角", "note": "O01_TRTC_3", "stop_type": "捷運" }, "geometry": { "type": "Point", "coordinates": [ 121.508946, 24.990061 ] } },
{ "type": "Feature", "properties": { "poi_name": "南勢角", "note": "O01_TRTC_4", "stop_type": "捷運" }, "geometry": { "type": "Point", "coordinates": [ 121.509974, 24.989661 ] } },
{ "type": "Feature", "properties": { "poi_name": "景安", "note": "O02_TRTC_0", "stop_type": "捷運" }, "geometry": { "type": "Point", "coordinates": [ 121.504632, 24.993731 ] } },
{ "type": "Feature", "properties": { "poi_name": "永安市場", "note": "O03_TRTC_0", "stop_type": "捷運" }, "geometry": { "type": "Point", "coordinates": [ 121.510962, 25.002375 ] } },
{ "type": "Feature", "properties": { "poi_name": "頂溪", "note": "O04_TRTC_1", "stop_type": "捷運" }, "geometry": { "type": "Point", "coordinates": [ 121.515414, 25.012895 ] } },
{ "type": "Feature", "properties": { "poi_name": "頂溪", "note": "O04_TRTC_2", "stop_type": "捷運" }, "geometry": { "type": "Point", "coordinates": [ 121.515446, 25.014222 ] } },
{ "type": "Feature", "properties": { "poi_name": "東門", "note": "O06_TRTC_1", "stop_type": "捷運" }, "geometry": { "type": "Point", "coordinates": [ 121.527994, 25.034157 ] } },
{ "type": "Feature", "properties": { "poi_name": "東門", "note": "O06_TRTC_2", "stop_type": "捷運" }, "geometry": { "type": "Point", "coordinates": [ 121.527565, 25.03422 ] } },
{ "type": "Feature", "properties": { "poi_name": "東門", "note": "O06_TRTC_3", "stop_type": "捷運" }, "geometry": { "type": "Point", "coordinates": [ 121.527854, 25.033676 ] } },
{ "type": "Feature", "properties": { "poi_name": "東門", "note": "O06_TRTC_4", "stop_type": "捷運" }, "geometry": { "type": "Point", "coordinates": [ 121.528879, 25.033646 ] } },
{ "type": "Feature", "properties": { "poi_name": "東門", "note": "O06_TRTC_5", "stop_type": "捷運" }, "geometry": { "type": "Point", "coordinates": [ 121.529506, 25.033564 ] } },
{ "type": "Feature", "properties": { "poi_name": "東門", "note": "O06_TRTC_6", "stop_type": "捷運" }, "geometry": { "type": "Point", "coordinates": [ 121.529957, 25.033924 ] } },
{ "type": "Feature", "properties": { "poi_name": "東門", "note": "O06_TRTC_7", "stop_type": "捷運" }, "geometry": { "type": "Point", "coordinates": [ 121.529678, 25.033962 ] } },
{ "type": "Feature", "properties": { "poi_name": "東門", "note": "O06_TRTC_8", "stop_type": "捷運" }, "geometry": { "type": "Point", "coordinates": [ 121.528965, 25.034074 ] } },
{ "type": "Feature", "properties": { "poi_name": "忠孝新生", "note": "O07_TRTC_1", "stop_type": "捷運" }, "geometry": { "type": "Point", "coordinates": [ 121.531829, 25.042784 ] } },
{ "type": "Feature", "properties": { "poi_name": "忠孝新生", "note": "O07_TRTC_2", "stop_type": "捷運" }, "geometry": { "type": "Point", "coordinates": [ 121.532065, 25.042103 ] } },
{ "type": "Feature", "properties": { "poi_name": "忠孝新生", "note": "O07_TRTC_3", "stop_type": "捷運" }, "geometry": { "type": "Point", "coordinates": [ 121.53368, 25.041783 ] } },
{ "type": "Feature", "properties": { "poi_name": "忠孝新生", "note": "O07_TRTC_4", "stop_type": "捷運" }, "geometry": { "type": "Point", "coordinates": [ 121.533213, 25.042458 ] } },
{ "type": "Feature", "properties": { "poi_name": "忠孝新生", "note": "O07_TRTC_5", "stop_type": "捷運" }, "geometry": { "type": "Point", "coordinates": [ 121.532232, 25.041214 ] } },
{ "type": "Feature", "properties": { "poi_name": "忠孝新生", "note": "O07_TRTC_6", "stop_type": "捷運" }, "geometry": { "type": "Point", "coordinates": [ 121.533068, 25.040791 ] } },
{ "type": "Feature", "properties": { "poi_name": "忠孝新生", "note": "O07_TRTC_7", "stop_type": "捷運" }, "geometry": { "type": "Point", "coordinates": [ 121.533068, 25.041729 ] } },
{ "type": "Feature", "properties": { "poi_name": "松江南京", "note": "O08_TRTC_1", "stop_type": "捷運" }, "geometry": { "type": "Point", "coordinates": [ 121.532388, 25.051842 ] } },
{ "type": "Feature", "properties": { "poi_name": "松江南京", "note": "O08_TRTC_2", "stop_type": "捷運" }, "geometry": { "type": "Point", "coordinates": [ 121.532694, 25.051312 ] } },
{ "type": "Feature", "properties": { "poi_name": "松江南京", "note": "O08_TRTC_3", "stop_type": "捷運" }, "geometry": { "type": "Point", "coordinates": [ 121.532701, 25.051122 ] } },
{ "type": "Feature", "properties": { "poi_name": "松江南京", "note": "O08_TRTC_4", "stop_type": "捷運" }, "geometry": { "type": "Point", "coordinates": [ 121.53324, 25.051624 ] } },
{ "type": "Feature", "properties": { "poi_name": "松江南京", "note": "O08_TRTC_5", "stop_type": "捷運" }, "geometry": { "type": "Point", "coordinates": [ 121.534081, 25.051882 ] } },
{ "type": "Feature", "properties": { "poi_name": "松江南京", "note": "O08_TRTC_6", "stop_type": "捷運" }, "geometry": { "type": "Point", "coordinates": [ 121.533808, 25.052205 ] } },
{ "type": "Feature", "properties": { "poi_name": "松江南京", "note": "O08_TRTC_7", "stop_type": "捷運" }, "geometry": { "type": "Point", "coordinates": [ 121.533195, 25.05247 ] } },
{ "type": "Feature", "properties": { "poi_name": "松江南京", "note": "O08_TRTC_8", "stop_type": "捷運" }, "geometry": { "type": "Point", "coordinates": [ 121.532822, 25.052644 ] } },
{ "type": "Feature", "properties": { "poi_name": "行天宮", "note": "O09_TRTC_1", "stop_type": "捷運" }, "geometry": { "type": "Point", "coordinates": [ 121.533004, 25.058316 ] } },
{ "type": "Feature", "properties": { "poi_name": "行天宮", "note": "O09_TRTC_2", "stop_type": "捷運" }, "geometry": { "type": "Point", "coordinates": [ 121.533342, 25.058792 ] } },
{ "type": "Feature", "properties": { "poi_name": "行天宮", "note": "O09_TRTC_3", "stop_type": "捷運" }, "geometry": { "type": "Point", "coordinates": [ 121.533393, 25.059868 ] } },
{ "type": "Feature", "properties": { "poi_name": "行天宮", "note": "O09_TRTC_4", "stop_type": "捷運" }, "geometry": { "type": "Point", "coordinates": [ 121.532873, 25.060479 ] } },
{ "type": "Feature", "properties": { "poi_name": "中山國小", "note": "O10_TRTC_1", "stop_type": "捷運" }, "geometry": { "type": "Point", "coordinates": [ 121.526095, 25.06284 ] } },
{ "type": "Feature", "properties": { "poi_name": "中山國小", "note": "O10_TRTC_2", "stop_type": "捷運" }, "geometry": { "type": "Point", "coordinates": [ 121.526148, 25.062461 ] } },
{ "type": "Feature", "properties": { "poi_name": "中山國小", "note": "O10_TRTC_3", "stop_type": "捷運" }, "geometry": { "type": "Point", "coordinates": [ 121.527114, 25.062476 ] } },
{ "type": "Feature", "properties": { "poi_name": "中山國小", "note": "O10_TRTC_4", "stop_type": "捷運" }, "geometry": { "type": "Point", "coordinates": [ 121.526835, 25.062835 ] } },
{ "type": "Feature", "properties": { "poi_name": "民權西路", "note": "O11_TRTC_1", "stop_type": "捷運" }, "geometry": { "type": "Point", "coordinates": [ 121.519454, 25.062641 ] } },
{ "type": "Feature", "properties": { "poi_name": "民權西路", "note": "O11_TRTC_10", "stop_type": "捷運" }, "geometry": { "type": "Point", "coordinates": [ 121.519791, 25.063063 ] } },
{ "type": "Feature", "properties": { "poi_name": "民權西路", "note": "O11_TRTC_2", "stop_type": "捷運" }, "geometry": { "type": "Point", "coordinates": [ 121.51963, 25.061846 ] } },
{ "type": "Feature", "properties": { "poi_name": "民權西路", "note": "O11_TRTC_3", "stop_type": "捷運" }, "geometry": { "type": "Point", "coordinates": [ 121.51983, 25.061704 ] } },
{ "type": "Feature", "properties": { "poi_name": "民權西路", "note": "O11_TRTC_4", "stop_type": "捷運" }, "geometry": { "type": "Point", "coordinates": [ 121.519867, 25.061936 ] } },
{ "type": "Feature", "properties": { "poi_name": "民權西路", "note": "O11_TRTC_5", "stop_type": "捷運" }, "geometry": { "type": "Point", "coordinates": [ 121.518558, 25.063122 ] } },
{ "type": "Feature", "properties": { "poi_name": "民權西路", "note": "O11_TRTC_6", "stop_type": "捷運" }, "geometry": { "type": "Point", "coordinates": [ 121.51853, 25.062693 ] } },
{ "type": "Feature", "properties": { "poi_name": "民權西路", "note": "O11_TRTC_7", "stop_type": "捷運" }, "geometry": { "type": "Point", "coordinates": [ 121.520092, 25.06267 ] } },
{ "type": "Feature", "properties": { "poi_name": "民權西路", "note": "O11_TRTC_8", "stop_type": "捷運" }, "geometry": { "type": "Point", "coordinates": [ 121.520602, 25.06266 ] } },
{ "type": "Feature", "properties": { "poi_name": "民權西路", "note": "O11_TRTC_9", "stop_type": "捷運" }, "geometry": { "type": "Point", "coordinates": [ 121.520744, 25.063027 ] } },
{ "type": "Feature", "properties": { "poi_name": "大橋頭", "note": "O12_TRTC_0", "stop_type": "捷運" }, "geometry": { "type": "Point", "coordinates": [ 121.511735, 25.063332 ] } },
{ "type": "Feature", "properties": { "poi_name": "大橋頭", "note": "O12_TRTC_1", "stop_type": "捷運" }, "geometry": { "type": "Point", "coordinates": [ 121.512319, 25.06318 ] } },
{ "type": "Feature", "properties": { "poi_name": "大橋頭", "note": "O12_TRTC_2", "stop_type": "捷運" }, "geometry": { "type": "Point", "coordinates": [ 121.513258, 25.063195 ] } },
{ "type": "Feature", "properties": { "poi_name": "大橋頭", "note": "O12_TRTC_3", "stop_type": "捷運" }, "geometry": { "type": "Point", "coordinates": [ 121.51344, 25.063739 ] } },
{ "type": "Feature", "properties": { "poi_name": "台北橋", "note": "O13_TRTC_0", "stop_type": "捷運" }, "geometry": { "type": "Point", "coordinates": [ 121.500281, 25.062966 ] } },
{ "type": "Feature", "properties": { "poi_name": "菜寮", "note": "O14_TRTC_1", "stop_type": "捷運" }, "geometry": { "type": "Point", "coordinates": [ 121.490673, 25.05971 ] } },
{ "type": "Feature", "properties": { "poi_name": "菜寮", "note": "O14_TRTC_2", "stop_type": "捷運" }, "geometry": { "type": "Point", "coordinates": [ 121.491106, 25.059287 ] } },
{ "type": "Feature", "properties": { "poi_name": "菜寮", "note": "O14_TRTC_3", "stop_type": "捷運" }, "geometry": { "type": "Point", "coordinates": [ 121.492111, 25.060556 ] } },
{ "type": "Feature", "properties": { "poi_name": "三重", "note": "O15_TRTC_1", "stop_type": "捷運" }, "geometry": { "type": "Point", "coordinates": [ 121.483303, 25.055352 ] } },
{ "type": "Feature", "properties": { "poi_name": "三重", "note": "O15_TRTC_2", "stop_type": "捷運" }, "geometry": { "type": "Point", "coordinates": [ 121.484452, 25.055617 ] } },
{ "type": "Feature", "properties": { "poi_name": "三重", "note": "O15_TRTC_3", "stop_type": "捷運" }, "geometry": { "type": "Point", "coordinates": [ 121.484983, 25.056134 ] } },
{ "type": "Feature", "properties": { "poi_name": "先嗇宮", "note": "O16_TRTC_1", "stop_type": "捷運" }, "geometry": { "type": "Point", "coordinates": [ 121.471319, 25.046497 ] } },
{ "type": "Feature", "properties": { "poi_name": "先嗇宮", "note": "O16_TRTC_2", "stop_type": "捷運" }, "geometry": { "type": "Point", "coordinates": [ 121.471372, 25.046094 ] } },
{ "type": "Feature", "properties": { "poi_name": "先嗇宮", "note": "O16_TRTC_3", "stop_type": "捷運" }, "geometry": { "type": "Point", "coordinates": [ 121.471801, 25.046239 ] } },
{ "type": "Feature", "properties": { "poi_name": "頭前庄", "note": "O17_TRTC_1", "stop_type": "捷運" }, "geometry": { "type": "Point", "coordinates": [ 121.4605, 25.039893 ] } },
{ "type": "Feature", "properties": { "poi_name": "頭前庄", "note": "O17_TRTC_2", "stop_type": "捷運" }, "geometry": { "type": "Point", "coordinates": [ 121.460931, 25.039068 ] } },
{ "type": "Feature", "properties": { "poi_name": "頭前庄", "note": "O17_TRTC_3", "stop_type": "捷運" }, "geometry": { "type": "Point", "coordinates": [ 121.462247, 25.039853 ] } },
{ "type": "Feature", "properties": { "poi_name": "頭前庄", "note": "O17_TRTC_4", "stop_type": "捷運" }, "geometry": { "type": "Point", "coordinates": [ 121.46227, 25.04026 ] } },
{ "type": "Feature", "properties": { "poi_name": "新莊", "note": "O18_TRTC_1", "stop_type": "捷運" }, "geometry": { "type": "Point", "coordinates": [ 121.452444, 25.036303 ] } },
{ "type": "Feature", "properties": { "poi_name": "新莊", "note": "O18_TRTC_2", "stop_type": "捷運" }, "geometry": { "type": "Point", "coordinates": [ 121.4525, 25.036014 ] } },
{ "type": "Feature", "properties": { "poi_name": "輔大", "note": "O19_TRTC_1", "stop_type": "捷運" }, "geometry": { "type": "Point", "coordinates": [ 121.435264, 25.032932 ] } },
{ "type": "Feature", "properties": { "poi_name": "輔大", "note": "O19_TRTC_2", "stop_type": "捷運" }, "geometry": { "type": "Point", "coordinates": [ 121.435277, 25.032315 ] } },
{ "type": "Feature", "properties": { "poi_name": "輔大", "note": "O19_TRTC_3", "stop_type": "捷運" }, "geometry": { "type": "Point", "coordinates": [ 121.436541, 25.032776 ] } },
{ "type": "Feature", "properties": { "poi_name": "輔大", "note": "O19_TRTC_4", "stop_type": "捷運" }, "geometry": { "type": "Point", "coordinates": [ 121.436534, 25.033016 ] } },
{ "type": "Feature", "properties": { "poi_name": "丹鳳", "note": "O20_TRTC_1", "stop_type": "捷運" }, "geometry": { "type": "Point", "coordinates": [ 121.422182, 25.028962 ] } },
{ "type": "Feature", "properties": { "poi_name": "丹鳳", "note": "O20_TRTC_2", "stop_type": "捷運" }, "geometry": { "type": "Point", "coordinates": [ 121.422615, 25.028742 ] } },
{ "type": "Feature", "properties": { "poi_name": "迴龍", "note": "O21_TRTC_1", "stop_type": "捷運" }, "geometry": { "type": "Point", "coordinates": [ 121.411195, 25.021829 ] } },
{ "type": "Feature", "properties": { "poi_name": "迴龍", "note": "O21_TRTC_2", "stop_type": "捷運" }, "geometry": { "type": "Point", "coordinates": [ 121.410899, 25.02107 ] } },
{ "type": "Feature", "properties": { "poi_name": "迴龍", "note": "O21_TRTC_3", "stop_type": "捷運" }, "geometry": { "type": "Point", "coordinates": [ 121.412564, 25.02254 ] } },
{ "type": "Feature", "properties": { "poi_name": "三重國小", "note": "O50_TRTC_0", "stop_type": "捷運" }, "geometry": { "type": "Point", "coordinates": [ 121.496702, 25.070646 ] } },
{ "type": "Feature", "properties": { "poi_name": "三和國中", "note": "O51_TRTC_1", "stop_type": "捷運" }, "geometry": { "type": "Point", "coordinates": [ 121.486398, 25.076586 ] } },
{ "type": "Feature", "properties": { "poi_name": "三和國中", "note": "O51_TRTC_2", "stop_type": "捷運" }, "geometry": { "type": "Point", "coordinates": [ 121.486484, 25.076984 ] } },
{ "type": "Feature", "properties": { "poi_name": "徐匯中學", "note": "O52_TRTC_1", "stop_type": "捷運" }, "geometry": { "type": "Point", "coordinates": [ 121.47988, 25.080303 ] } },
{ "type": "Feature", "properties": { "poi_name": "徐匯中學", "note": "O52_TRTC_2", "stop_type": "捷運" }, "geometry": { "type": "Point", "coordinates": [ 121.480583, 25.080332 ] } },
{ "type": "Feature", "properties": { "poi_name": "三民高中", "note": "O53_TRTC_1", "stop_type": "捷運" }, "geometry": { "type": "Point", "coordinates": [ 121.472542, 25.085494 ] } },
{ "type": "Feature", "properties": { "poi_name": "三民高中", "note": "O53_TRTC_2", "stop_type": "捷運" }, "geometry": { "type": "Point", "coordinates": [ 121.473739, 25.085791 ] } },
{ "type": "Feature", "properties": { "poi_name": "蘆洲", "note": "O54_TRTC_1", "stop_type": "捷運" }, "geometry": { "type": "Point", "coordinates": [ 121.464733, 25.091327 ] } },
{ "type": "Feature", "properties": { "poi_name": "蘆洲", "note": "O54_TRTC_2", "stop_type": "捷運" }, "geometry": { "type": "Point", "coordinates": [ 121.464892, 25.091708 ] } },
{ "type": "Feature", "properties": { "poi_name": "蘆洲", "note": "O54_TRTC_3", "stop_type": "捷運" }, "geometry": { "type": "Point", "coordinates": [ 121.464262, 25.09187 ] } },
{ "type": "Feature", "properties": { "poi_name": "象山", "note": "R02_TRTC_1", "stop_type": "捷運" }, "geometry": { "type": "Point", "coordinates": [ 121.569394, 25.033025 ] } },
{ "type": "Feature", "properties": { "poi_name": "象山", "note": "R02_TRTC_2", "stop_type": "捷運" }, "geometry": { "type": "Point", "coordinates": [ 121.592825, 25.050402 ] } },
{ "type": "Feature", "properties": { "poi_name": "象山", "note": "R02_TRTC_3", "stop_type": "捷運" }, "geometry": { "type": "Point", "coordinates": [ 121.570408, 25.03302 ] } },
{ "type": "Feature", "properties": { "poi_name": "台北101/世貿", "note": "R03_TRTC_1", "stop_type": "捷運" }, "geometry": { "type": "Point", "coordinates": [ 121.561671, 25.033107 ] } },
{ "type": "Feature", "properties": { "poi_name": "台北101/世貿", "note": "R03_TRTC_2", "stop_type": "捷運" }, "geometry": { "type": "Point", "coordinates": [ 121.562324, 25.033259 ] } },
{ "type": "Feature", "properties": { "poi_name": "台北101/世貿", "note": "R03_TRTC_3", "stop_type": "捷運" }, "geometry": { "type": "Point", "coordinates": [ 121.563646, 25.032742 ] } },
{ "type": "Feature", "properties": { "poi_name": "台北101/世貿", "note": "R03_TRTC_4", "stop_type": "捷運" }, "geometry": { "type": "Point", "coordinates": [ 121.564185, 25.033172 ] } },
{ "type": "Feature", "properties": { "poi_name": "台北101/世貿", "note": "R03_TRTC_5", "stop_type": "捷運" }, "geometry": { "type": "Point", "coordinates": [ 121.563292, 25.033102 ] } },
{ "type": "Feature", "properties": { "poi_name": "信義安和", "note": null, "stop_type": "捷運" }, "geometry": { "type": "Point", "coordinates": [ 121.552582, 25.03284 ] } },
{ "type": "Feature", "properties": { "poi_name": "信義安和", "note": "R04_TRTC_1", "stop_type": "捷運" }, "geometry": { "type": "Point", "coordinates": [ 121.552602, 25.033377 ] } },
{ "type": "Feature", "properties": { "poi_name": "信義安和", "note": "R04_TRTC_2", "stop_type": "捷運" }, "geometry": { "type": "Point", "coordinates": [ 121.552332, 25.033032 ] } },
{ "type": "Feature", "properties": { "poi_name": "信義安和", "note": "R04_TRTC_3", "stop_type": "捷運" }, "geometry": { "type": "Point", "coordinates": [ 121.553282, 25.033022 ] } },
{ "type": "Feature", "properties": { "poi_name": "信義安和", "note": "R04_TRTC_4", "stop_type": "捷運" }, "geometry": { "type": "Point", "coordinates": [ 121.5534, 25.033022 ] } },
{ "type": "Feature", "properties": { "poi_name": "信義安和", "note": "R04_TRTC_5", "stop_type": "捷運" }, "geometry": { "type": "Point", "coordinates": [ 121.553526, 25.033326 ] } },
{ "type": "Feature", "properties": { "poi_name": "大安", "note": "R05_TRTC_1", "stop_type": "捷運" }, "geometry": { "type": "Point", "coordinates": [ 121.542, 25.033602 ] } },
{ "type": "Feature", "properties": { "poi_name": "大安", "note": "R05_TRTC_2", "stop_type": "捷運" }, "geometry": { "type": "Point", "coordinates": [ 121.54159, 25.033649 ] } },
{ "type": "Feature", "properties": { "poi_name": "大安", "note": "R05_TRTC_3", "stop_type": "捷運" }, "geometry": { "type": "Point", "coordinates": [ 121.54233, 25.033241 ] } },
{ "type": "Feature", "properties": { "poi_name": "大安", "note": "R05_TRTC_4", "stop_type": "捷運" }, "geometry": { "type": "Point", "coordinates": [ 121.544012, 25.033172 ] } },
{ "type": "Feature", "properties": { "poi_name": "大安", "note": "R05_TRTC_5", "stop_type": "捷運" }, "geometry": { "type": "Point", "coordinates": [ 121.543882, 25.032911 ] } },
{ "type": "Feature", "properties": { "poi_name": "大安", "note": "R05_TRTC_6", "stop_type": "捷運" }, "geometry": { "type": "Point", "coordinates": [ 121.543755, 25.034182 ] } },
{ "type": "Feature", "properties": { "poi_name": "大安森林公園", "note": "R06_TRTC_1", "stop_type": "捷運" }, "geometry": { "type": "Point", "coordinates": [ 121.534408, 25.033848 ] } },
{ "type": "Feature", "properties": { "poi_name": "大安森林公園", "note": "R06_TRTC_2", "stop_type": "捷運" }, "geometry": { "type": "Point", "coordinates": [ 121.534487, 25.033391 ] } },
{ "type": "Feature", "properties": { "poi_name": "大安森林公園", "note": "R06_TRTC_3", "stop_type": "捷運" }, "geometry": { "type": "Point", "coordinates": [ 121.534882, 25.033396 ] } },
{ "type": "Feature", "properties": { "poi_name": "大安森林公園", "note": "R06_TRTC_4", "stop_type": "捷運" }, "geometry": { "type": "Point", "coordinates": [ 121.535292, 25.033391 ] } },
{ "type": "Feature", "properties": { "poi_name": "大安森林公園", "note": "R06_TRTC_5", "stop_type": "捷運" }, "geometry": { "type": "Point", "coordinates": [ 121.535989, 25.033369 ] } },
{ "type": "Feature", "properties": { "poi_name": "大安森林公園", "note": "R06_TRTC_6", "stop_type": "捷運" }, "geometry": { "type": "Point", "coordinates": [ 121.536014, 25.033916 ] } },
{ "type": "Feature", "properties": { "poi_name": "中正紀念堂", "note": "R08_TRTC_1", "stop_type": "捷運" }, "geometry": { "type": "Point", "coordinates": [ 121.517764, 25.033034 ] } },
{ "type": "Feature", "properties": { "poi_name": "中正紀念堂", "note": "R08_TRTC_2", "stop_type": "捷運" }, "geometry": { "type": "Point", "coordinates": [ 121.518261, 25.032406 ] } },
{ "type": "Feature", "properties": { "poi_name": "中正紀念堂", "note": "R08_TRTC_3", "stop_type": "捷運" }, "geometry": { "type": "Point", "coordinates": [ 121.519, 25.032281 ] } },
{ "type": "Feature", "properties": { "poi_name": "中正紀念堂", "note": "R08_TRTC_4", "stop_type": "捷運" }, "geometry": { "type": "Point", "coordinates": [ 121.51796, 25.033525 ] } },
{ "type": "Feature", "properties": { "poi_name": "中正紀念堂", "note": "R08_TRTC_5", "stop_type": "捷運" }, "geometry": { "type": "Point", "coordinates": [ 121.517071, 25.035221 ] } },
{ "type": "Feature", "properties": { "poi_name": "中正紀念堂", "note": "R08_TRTC_6", "stop_type": "捷運" }, "geometry": { "type": "Point", "coordinates": [ 121.516543, 25.03588 ] } },
{ "type": "Feature", "properties": { "poi_name": "中正紀念堂", "note": "R08_TRTC_7", "stop_type": "捷運" }, "geometry": { "type": "Point", "coordinates": [ 121.515983, 25.034565 ] } },
{ "type": "Feature", "properties": { "poi_name": "台大醫院", "note": "R09_TRTC_1", "stop_type": "捷運" }, "geometry": { "type": "Point", "coordinates": [ 121.515731, 25.040913 ] } },
{ "type": "Feature", "properties": { "poi_name": "台大醫院", "note": "R09_TRTC_2", "stop_type": "捷運" }, "geometry": { "type": "Point", "coordinates": [ 121.516589, 25.041224 ] } },
{ "type": "Feature", "properties": { "poi_name": "台大醫院", "note": "R09_TRTC_3", "stop_type": "捷運" }, "geometry": { "type": "Point", "coordinates": [ 121.516632, 25.042808 ] } },
{ "type": "Feature", "properties": { "poi_name": "台大醫院", "note": "R09_TRTC_4", "stop_type": "捷運" }, "geometry": { "type": "Point", "coordinates": [ 121.516299, 25.042876 ] } },
{ "type": "Feature", "properties": { "poi_name": "台北車站", "note": null, "stop_type": "捷運" }, "geometry": { "type": "Point", "coordinates": [ 121.51908, 25.048159 ] } },
{ "type": "Feature", "properties": { "poi_name": "台北車站", "note": null, "stop_type": "捷運" }, "geometry": { "type": "Point", "coordinates": [ 121.518193, 25.048232 ] } },
{ "type": "Feature", "properties": { "poi_name": "台北車站", "note": null, "stop_type": "捷運" }, "geometry": { "type": "Point", "coordinates": [ 121.516246, 25.046755 ] } },
{ "type": "Feature", "properties": { "poi_name": "台北車站", "note": null, "stop_type": "捷運" }, "geometry": { "type": "Point", "coordinates": [ 121.518643, 25.046077 ] } },
{ "type": "Feature", "properties": { "poi_name": "台北車站", "note": null, "stop_type": "捷運" }, "geometry": { "type": "Point", "coordinates": [ 121.516787, 25.046234 ] } },
{ "type": "Feature", "properties": { "poi_name": "台北車站", "note": null, "stop_type": "捷運" }, "geometry": { "type": "Point", "coordinates": [ 121.517573, 25.045815 ] } },
{ "type": "Feature", "properties": { "poi_name": "台北車站", "note": null, "stop_type": "捷運" }, "geometry": { "type": "Point", "coordinates": [ 121.517882, 25.046337 ] } },
{ "type": "Feature", "properties": { "poi_name": "台北車站", "note": null, "stop_type": "捷運" }, "geometry": { "type": "Point", "coordinates": [ 121.517345, 25.046485 ] } },
{ "type": "Feature", "properties": { "poi_name": "中山", "note": "R11_TRTC_1", "stop_type": "捷運" }, "geometry": { "type": "Point", "coordinates": [ 121.520303, 25.052414 ] } },
{ "type": "Feature", "properties": { "poi_name": "中山", "note": "R11_TRTC_2", "stop_type": "捷運" }, "geometry": { "type": "Point", "coordinates": [ 121.521063, 25.052382 ] } },
{ "type": "Feature", "properties": { "poi_name": "中山", "note": "R11_TRTC_3", "stop_type": "捷運" }, "geometry": { "type": "Point", "coordinates": [ 121.521154, 25.052611 ] } },
{ "type": "Feature", "properties": { "poi_name": "中山", "note": "R11_TRTC_4", "stop_type": "捷運" }, "geometry": { "type": "Point", "coordinates": [ 121.520306, 25.052858 ] } },
{ "type": "Feature", "properties": { "poi_name": "中山", "note": "R11_TRTC_5", "stop_type": "捷運" }, "geometry": { "type": "Point", "coordinates": [ 121.519329, 25.053037 ] } },
{ "type": "Feature", "properties": { "poi_name": "中山", "note": "R11_TRTC_6", "stop_type": "捷運" }, "geometry": { "type": "Point", "coordinates": [ 121.519007, 25.052833 ] } },
{ "type": "Feature", "properties": { "poi_name": "雙連", "note": "R12_TRTC_1", "stop_type": "捷運" }, "geometry": { "type": "Point", "coordinates": [ 121.520588, 25.057499 ] } },
{ "type": "Feature", "properties": { "poi_name": "雙連", "note": "R12_TRTC_2", "stop_type": "捷運" }, "geometry": { "type": "Point", "coordinates": [ 121.520615, 25.057825 ] } },
{ "type": "Feature", "properties": { "poi_name": "民權西路", "note": "R13_TRTC_1", "stop_type": "捷運" }, "geometry": { "type": "Point", "coordinates": [ 121.519454, 25.062641 ] } },
{ "type": "Feature", "properties": { "poi_name": "民權西路", "note": "R13_TRTC_10", "stop_type": "捷運" }, "geometry": { "type": "Point", "coordinates": [ 121.519791, 25.063063 ] } },
{ "type": "Feature", "properties": { "poi_name": "民權西路", "note": "R13_TRTC_2", "stop_type": "捷運" }, "geometry": { "type": "Point", "coordinates": [ 121.51963, 25.061846 ] } },
{ "type": "Feature", "properties": { "poi_name": "民權西路", "note": "R13_TRTC_3", "stop_type": "捷運" }, "geometry": { "type": "Point", "coordinates": [ 121.51983, 25.061704 ] } },
{ "type": "Feature", "properties": { "poi_name": "民權西路", "note": "R13_TRTC_4", "stop_type": "捷運" }, "geometry": { "type": "Point", "coordinates": [ 121.519867, 25.061936 ] } },
{ "type": "Feature", "properties": { "poi_name": "民權西路", "note": "R13_TRTC_5", "stop_type": "捷運" }, "geometry": { "type": "Point", "coordinates": [ 121.518558, 25.063122 ] } },
{ "type": "Feature", "properties": { "poi_name": "民權西路", "note": "R13_TRTC_6", "stop_type": "捷運" }, "geometry": { "type": "Point", "coordinates": [ 121.51853, 25.062693 ] } },
{ "type": "Feature", "properties": { "poi_name": "民權西路", "note": "R13_TRTC_7", "stop_type": "捷運" }, "geometry": { "type": "Point", "coordinates": [ 121.520092, 25.06267 ] } },
{ "type": "Feature", "properties": { "poi_name": "民權西路", "note": "R13_TRTC_8", "stop_type": "捷運" }, "geometry": { "type": "Point", "coordinates": [ 121.520602, 25.06266 ] } },
{ "type": "Feature", "properties": { "poi_name": "民權西路", "note": "R13_TRTC_9", "stop_type": "捷運" }, "geometry": { "type": "Point", "coordinates": [ 121.520744, 25.063027 ] } },
{ "type": "Feature", "properties": { "poi_name": "圓山", "note": "R14_TRTC_1", "stop_type": "捷運" }, "geometry": { "type": "Point", "coordinates": [ 121.520033, 25.070785 ] } },
{ "type": "Feature", "properties": { "poi_name": "圓山", "note": "R14_TRTC_2", "stop_type": "捷運" }, "geometry": { "type": "Point", "coordinates": [ 121.520108, 25.071776 ] } },
{ "type": "Feature", "properties": { "poi_name": "劍潭", "note": "R15_TRTC_1", "stop_type": "捷運" }, "geometry": { "type": "Point", "coordinates": [ 121.525175, 25.08503 ] } },
{ "type": "Feature", "properties": { "poi_name": "劍潭", "note": "R15_TRTC_2", "stop_type": "捷運" }, "geometry": { "type": "Point", "coordinates": [ 121.524751, 25.083273 ] } },
{ "type": "Feature", "properties": { "poi_name": "劍潭", "note": "R15_TRTC_3", "stop_type": "捷運" }, "geometry": { "type": "Point", "coordinates": [ 121.524978, 25.084467 ] } },
{ "type": "Feature", "properties": { "poi_name": "士林", "note": "R16_TRTC_1", "stop_type": "捷運" }, "geometry": { "type": "Point", "coordinates": [ 121.525966, 25.094106 ] } },
{ "type": "Feature", "properties": { "poi_name": "士林", "note": "R16_TRTC_2", "stop_type": "捷運" }, "geometry": { "type": "Point", "coordinates": [ 121.526543, 25.092914 ] } },
{ "type": "Feature", "properties": { "poi_name": "芝山", "note": "R17_TRTC_1", "stop_type": "捷運" }, "geometry": { "type": "Point", "coordinates": [ 121.522636, 25.102046 ] } },
{ "type": "Feature", "properties": { "poi_name": "芝山", "note": "R17_TRTC_2", "stop_type": "捷運" }, "geometry": { "type": "Point", "coordinates": [ 121.522242, 25.103801 ] } },
{ "type": "Feature", "properties": { "poi_name": "明德", "note": "R18_TRTC_1", "stop_type": "捷運" }, "geometry": { "type": "Point", "coordinates": [ 121.519153, 25.109298 ] } },
{ "type": "Feature", "properties": { "poi_name": "明德", "note": "R18_TRTC_2", "stop_type": "捷運" }, "geometry": { "type": "Point", "coordinates": [ 121.518728, 25.110008 ] } },
{ "type": "Feature", "properties": { "poi_name": "明德", "note": "R18_TRTC_3", "stop_type": "捷運" }, "geometry": { "type": "Point", "coordinates": [ 121.518538, 25.109964 ] } },
{ "type": "Feature", "properties": { "poi_name": "石牌", "note": "R19_TRTC_1", "stop_type": "捷運" }, "geometry": { "type": "Point", "coordinates": [ 121.515254, 25.114963 ] } },
{ "type": "Feature", "properties": { "poi_name": "石牌", "note": "R19_TRTC_2", "stop_type": "捷運" }, "geometry": { "type": "Point", "coordinates": [ 121.51625, 25.11352 ] } },
{ "type": "Feature", "properties": { "poi_name": "唭哩岸", "note": "R20_TRTC_1", "stop_type": "捷運" }, "geometry": { "type": "Point", "coordinates": [ 121.506192, 25.120843 ] } },
{ "type": "Feature", "properties": { "poi_name": "唭哩岸", "note": "R20_TRTC_2", "stop_type": "捷運" }, "geometry": { "type": "Point", "coordinates": [ 121.50589, 25.120854 ] } },
{ "type": "Feature", "properties": { "poi_name": "奇岩", "note": "R21_TRTC_0", "stop_type": "捷運" }, "geometry": { "type": "Point", "coordinates": [ 121.50096, 25.126169 ] } },
{ "type": "Feature", "properties": { "poi_name": "北投", "note": "R22_TRTC_1", "stop_type": "捷運" }, "geometry": { "type": "Point", "coordinates": [ 121.498119, 25.132327 ] } },
{ "type": "Feature", "properties": { "poi_name": "北投", "note": "R22_TRTC_2", "stop_type": "捷運" }, "geometry": { "type": "Point", "coordinates": [ 121.499194, 25.131025 ] } },
{ "type": "Feature", "properties": { "poi_name": "復興崗", "note": "R23_TRTC_1", "stop_type": "捷運" }, "geometry": { "type": "Point", "coordinates": [ 121.485373, 25.137665 ] } },
{ "type": "Feature", "properties": { "poi_name": "復興崗", "note": "R23_TRTC_2", "stop_type": "捷運" }, "geometry": { "type": "Point", "coordinates": [ 121.485126, 25.137329 ] } },
{ "type": "Feature", "properties": { "poi_name": "忠義", "note": "R24_TRTC_1", "stop_type": "捷運" }, "geometry": { "type": "Point", "coordinates": [ 121.473169, 25.131056 ] } },
{ "type": "Feature", "properties": { "poi_name": "忠義", "note": "R24_TRTC_2", "stop_type": "捷運" }, "geometry": { "type": "Point", "coordinates": [ 121.473646, 25.130985 ] } },
{ "type": "Feature", "properties": { "poi_name": "關渡", "note": "R25_TRTC_1", "stop_type": "捷運" }, "geometry": { "type": "Point", "coordinates": [ 121.467215, 25.125431 ] } },
{ "type": "Feature", "properties": { "poi_name": "關渡", "note": "R25_TRTC_2", "stop_type": "捷運" }, "geometry": { "type": "Point", "coordinates": [ 121.466861, 25.12547 ] } },
{ "type": "Feature", "properties": { "poi_name": "竹圍", "note": "R26_TRTC_1", "stop_type": "捷運" }, "geometry": { "type": "Point", "coordinates": [ 121.459713, 25.136949 ] } },
{ "type": "Feature", "properties": { "poi_name": "竹圍", "note": "R26_TRTC_2", "stop_type": "捷運" }, "geometry": { "type": "Point", "coordinates": [ 121.459383, 25.136854 ] } },
{ "type": "Feature", "properties": { "poi_name": "紅樹林", "note": "R27_TRTC_1", "stop_type": "捷運" }, "geometry": { "type": "Point", "coordinates": [ 121.459039, 25.154137 ] } },
{ "type": "Feature", "properties": { "poi_name": "紅樹林", "note": "R27_TRTC_2", "stop_type": "捷運" }, "geometry": { "type": "Point", "coordinates": [ 121.458733, 25.154597 ] } },
{ "type": "Feature", "properties": { "poi_name": "淡水", "note": "R28_TRTC_1", "stop_type": "捷運" }, "geometry": { "type": "Point", "coordinates": [ 121.445502, 25.168266 ] } },
{ "type": "Feature", "properties": { "poi_name": "淡水", "note": "R28_TRTC_2", "stop_type": "捷運" }, "geometry": { "type": "Point", "coordinates": [ 121.44579, 25.167762 ] } },
{ "type": "Feature", "properties": { "poi_name": "淡水", "note": "R28_TRTC_3", "stop_type": "捷運" }, "geometry": { "type": "Point", "coordinates": [ 121.445573, 25.167601 ] } },
{ "type": "Feature", "properties": { "poi_name": "新北投", "note": "R22A_TRTC_1", "stop_type": "捷運" }, "geometry": { "type": "Point", "coordinates": [ 121.503524, 25.136968 ] } },
{ "type": "Feature", "properties": { "poi_name": "新北投", "note": "R22A_TRTC_2", "stop_type": "捷運" }, "geometry": { "type": "Point", "coordinates": [ 121.502455, 25.136834 ] } },
{ "type": "Feature", "properties": { "poi_name": "哈瑪星", "note": "O1_KRTC_O1-1", "stop_type": "捷運" }, "geometry": { "type": "Point", "coordinates": [ 120.2734, 22.62202 ] } },
{ "type": "Feature", "properties": { "poi_name": "哈瑪星", "note": "O1_KRTC_O1-2", "stop_type": "捷運" }, "geometry": { "type": "Point", "coordinates": [ 120.27542, 22.62154 ] } },
{ "type": "Feature", "properties": { "poi_name": "鹽埕埔", "note": "O2_KRTC_O2-1", "stop_type": "捷運" }, "geometry": { "type": "Point", "coordinates": [ 120.28348, 22.62328 ] } },
{ "type": "Feature", "properties": { "poi_name": "鹽埕埔", "note": "O2_KRTC_O2-2", "stop_type": "捷運" }, "geometry": { "type": "Point", "coordinates": [ 120.28449, 22.62448 ] } },
{ "type": "Feature", "properties": { "poi_name": "鹽埕埔", "note": "O2_KRTC_O2-3", "stop_type": "捷運" }, "geometry": { "type": "Point", "coordinates": [ 120.28409, 22.62411 ] } },
{ "type": "Feature", "properties": { "poi_name": "鹽埕埔", "note": "O2_KRTC_O2-4", "stop_type": "捷運" }, "geometry": { "type": "Point", "coordinates": [ 120.28382, 22.62369 ] } },
{ "type": "Feature", "properties": { "poi_name": "前金", "note": "O4_KRTC_O4-1", "stop_type": "捷運" }, "geometry": { "type": "Point", "coordinates": [ 120.29369, 22.62911 ] } },
{ "type": "Feature", "properties": { "poi_name": "前金", "note": "O4_KRTC_O4-2", "stop_type": "捷運" }, "geometry": { "type": "Point", "coordinates": [ 120.29379, 22.62839 ] } },
{ "type": "Feature", "properties": { "poi_name": "前金", "note": "O4_KRTC_O4-3", "stop_type": "捷運" }, "geometry": { "type": "Point", "coordinates": [ 120.2954, 22.62901 ] } },
{ "type": "Feature", "properties": { "poi_name": "前金", "note": "O4_KRTC_O4-4", "stop_type": "捷運" }, "geometry": { "type": "Point", "coordinates": [ 120.29531, 22.62929 ] } },
{ "type": "Feature", "properties": { "poi_name": "美麗島", "note": "O5_KRTC_O5-1", "stop_type": "捷運" }, "geometry": { "type": "Point", "coordinates": [ 120.30142, 22.63171 ] } },
{ "type": "Feature", "properties": { "poi_name": "美麗島", "note": "O5_KRTC_O5-10", "stop_type": "捷運" }, "geometry": { "type": "Point", "coordinates": [ 120.30221, 22.63232 ] } },
{ "type": "Feature", "properties": { "poi_name": "美麗島", "note": "O5_KRTC_O5-11", "stop_type": "捷運" }, "geometry": { "type": "Point", "coordinates": [ 120.30191, 22.63279 ] } },
{ "type": "Feature", "properties": { "poi_name": "美麗島", "note": "O5_KRTC_O5-2", "stop_type": "捷運" }, "geometry": { "type": "Point", "coordinates": [ 120.30154, 22.63093 ] } },
{ "type": "Feature", "properties": { "poi_name": "美麗島", "note": "O5_KRTC_O5-3", "stop_type": "捷運" }, "geometry": { "type": "Point", "coordinates": [ 120.30238, 22.63093 ] } },
{ "type": "Feature", "properties": { "poi_name": "美麗島", "note": "O5_KRTC_O5-4", "stop_type": "捷運" }, "geometry": { "type": "Point", "coordinates": [ 120.30249, 22.63176 ] } },
{ "type": "Feature", "properties": { "poi_name": "美麗島", "note": "O5_KRTC_O5-5", "stop_type": "捷運" }, "geometry": { "type": "Point", "coordinates": [ 120.30345, 22.6311 ] } },
{ "type": "Feature", "properties": { "poi_name": "美麗島", "note": "O5_KRTC_O5-6", "stop_type": "捷運" }, "geometry": { "type": "Point", "coordinates": [ 120.30423, 22.63104 ] } },
{ "type": "Feature", "properties": { "poi_name": "美麗島", "note": "O5_KRTC_O5-7", "stop_type": "捷運" }, "geometry": { "type": "Point", "coordinates": [ 120.30353, 22.6314 ] } },
{ "type": "Feature", "properties": { "poi_name": "美麗島", "note": "O5_KRTC_O5-8", "stop_type": "捷運" }, "geometry": { "type": "Point", "coordinates": [ 120.30434, 22.63131 ] } },
{ "type": "Feature", "properties": { "poi_name": "美麗島", "note": "O5_KRTC_O5-9", "stop_type": "捷運" }, "geometry": { "type": "Point", "coordinates": [ 120.30187, 22.63233 ] } },
{ "type": "Feature", "properties": { "poi_name": "信義國小", "note": "O6_KRTC_O6-1", "stop_type": "捷運" }, "geometry": { "type": "Point", "coordinates": [ 120.31062, 22.63096 ] } },
{ "type": "Feature", "properties": { "poi_name": "信義國小", "note": "O6_KRTC_O6-2", "stop_type": "捷運" }, "geometry": { "type": "Point", "coordinates": [ 120.31129, 22.63093 ] } },
{ "type": "Feature", "properties": { "poi_name": "信義國小", "note": "O6_KRTC_O6-3", "stop_type": "捷運" }, "geometry": { "type": "Point", "coordinates": [ 120.31052, 22.63063 ] } },
{ "type": "Feature", "properties": { "poi_name": "信義國小", "note": "O6_KRTC_O6-4", "stop_type": "捷運" }, "geometry": { "type": "Point", "coordinates": [ 120.31214, 22.63052 ] } },
{ "type": "Feature", "properties": { "poi_name": "信義國小", "note": "O6_KRTC_O6-5", "stop_type": "捷運" }, "geometry": { "type": "Point", "coordinates": [ 120.31231, 22.63079 ] } },
{ "type": "Feature", "properties": { "poi_name": "文化中心", "note": "O7_KRTC_O7-1", "stop_type": "捷運" }, "geometry": { "type": "Point", "coordinates": [ 120.31671, 22.63048 ] } },
{ "type": "Feature", "properties": { "poi_name": "文化中心", "note": "O7_KRTC_O7-2", "stop_type": "捷運" }, "geometry": { "type": "Point", "coordinates": [ 120.31702, 22.63021 ] } },
{ "type": "Feature", "properties": { "poi_name": "文化中心", "note": "O7_KRTC_O7-3", "stop_type": "捷運" }, "geometry": { "type": "Point", "coordinates": [ 120.31839, 22.62987 ] } },
{ "type": "Feature", "properties": { "poi_name": "文化中心", "note": "O7_KRTC_O7-4", "stop_type": "捷運" }, "geometry": { "type": "Point", "coordinates": [ 120.31842, 22.63044 ] } },
{ "type": "Feature", "properties": { "poi_name": "五塊厝", "note": "O8_KRTC_O8-1", "stop_type": "捷運" }, "geometry": { "type": "Point", "coordinates": [ 120.32696, 22.62974 ] } },
{ "type": "Feature", "properties": { "poi_name": "五塊厝", "note": "O8_KRTC_O8-2", "stop_type": "捷運" }, "geometry": { "type": "Point", "coordinates": [ 120.32738, 22.62971 ] } },
{ "type": "Feature", "properties": { "poi_name": "五塊厝", "note": "O8_KRTC_O8-3", "stop_type": "捷運" }, "geometry": { "type": "Point", "coordinates": [ 120.32685, 22.62949 ] } },
{ "type": "Feature", "properties": { "poi_name": "五塊厝", "note": "O8_KRTC_O8-4", "stop_type": "捷運" }, "geometry": { "type": "Point", "coordinates": [ 120.32778, 22.62918 ] } },
{ "type": "Feature", "properties": { "poi_name": "五塊厝", "note": "O8_KRTC_O8-5", "stop_type": "捷運" }, "geometry": { "type": "Point", "coordinates": [ 120.32799, 22.62967 ] } },
{ "type": "Feature", "properties": { "poi_name": "五塊厝", "note": "O8_KRTC_O8-6", "stop_type": "捷運" }, "geometry": { "type": "Point", "coordinates": [ 120.3287, 22.62942 ] } },
{ "type": "Feature", "properties": { "poi_name": "苓雅運動園區", "note": "O9_KRTC_O9-1", "stop_type": "捷運" }, "geometry": { "type": "Point", "coordinates": [ 120.33385, 22.62776 ] } },
{ "type": "Feature", "properties": { "poi_name": "苓雅運動園區", "note": "O9_KRTC_O9-2", "stop_type": "捷運" }, "geometry": { "type": "Point", "coordinates": [ 120.33402, 22.62715 ] } },
{ "type": "Feature", "properties": { "poi_name": "苓雅運動園區", "note": "O9_KRTC_O9-3", "stop_type": "捷運" }, "geometry": { "type": "Point", "coordinates": [ 120.33493, 22.62683 ] } },
{ "type": "Feature", "properties": { "poi_name": "苓雅運動園區", "note": "O9_KRTC_O9-4", "stop_type": "捷運" }, "geometry": { "type": "Point", "coordinates": [ 120.33504, 22.62737 ] } },
{ "type": "Feature", "properties": { "poi_name": "衛武營", "note": "O10_KRTC_O10-1", "stop_type": "捷運" }, "geometry": { "type": "Point", "coordinates": [ 120.34044, 22.62559 ] } },
{ "type": "Feature", "properties": { "poi_name": "衛武營", "note": "O10_KRTC_O10-2", "stop_type": "捷運" }, "geometry": { "type": "Point", "coordinates": [ 120.34035, 22.6251 ] } },
{ "type": "Feature", "properties": { "poi_name": "衛武營", "note": "O10_KRTC_O10-3", "stop_type": "捷運" }, "geometry": { "type": "Point", "coordinates": [ 120.34097, 22.62481 ] } },
{ "type": "Feature", "properties": { "poi_name": "衛武營", "note": "O10_KRTC_O10-4", "stop_type": "捷運" }, "geometry": { "type": "Point", "coordinates": [ 120.34196, 22.62512 ] } },
{ "type": "Feature", "properties": { "poi_name": "衛武營", "note": "O10_KRTC_O10-5", "stop_type": "捷運" }, "geometry": { "type": "Point", "coordinates": [ 120.34252, 22.625 ] } },
{ "type": "Feature", "properties": { "poi_name": "衛武營", "note": "O10_KRTC_O10-6", "stop_type": "捷運" }, "geometry": { "type": "Point", "coordinates": [ 120.34128, 22.62415 ] } },
{ "type": "Feature", "properties": { "poi_name": "鳳山西站", "note": "O11_KRTC_O11-1", "stop_type": "捷運" }, "geometry": { "type": "Point", "coordinates": [ 120.34738, 22.62499 ] } },
{ "type": "Feature", "properties": { "poi_name": "鳳山西站", "note": "O11_KRTC_O11-2", "stop_type": "捷運" }, "geometry": { "type": "Point", "coordinates": [ 120.34906, 22.62515 ] } },
{ "type": "Feature", "properties": { "poi_name": "鳳山", "note": "O12_KRTC_O12-1", "stop_type": "捷運" }, "geometry": { "type": "Point", "coordinates": [ 120.35596, 22.62594 ] } },
{ "type": "Feature", "properties": { "poi_name": "鳳山", "note": "O12_KRTC_O12-2", "stop_type": "捷運" }, "geometry": { "type": "Point", "coordinates": [ 120.35588, 22.6262 ] } },
{ "type": "Feature", "properties": { "poi_name": "大東", "note": "O13_KRTC_O13-1", "stop_type": "捷運" }, "geometry": { "type": "Point", "coordinates": [ 120.36363, 22.62545 ] } },
{ "type": "Feature", "properties": { "poi_name": "大東", "note": "O13_KRTC_O13-2", "stop_type": "捷運" }, "geometry": { "type": "Point", "coordinates": [ 120.3628, 22.62523 ] } },
{ "type": "Feature", "properties": { "poi_name": "鳳山國中", "note": "O14_KRTC_O14-1", "stop_type": "捷運" }, "geometry": { "type": "Point", "coordinates": [ 120.37136, 22.62469 ] } },
{ "type": "Feature", "properties": { "poi_name": "鳳山國中", "note": "O14_KRTC_O14-2", "stop_type": "捷運" }, "geometry": { "type": "Point", "coordinates": [ 120.37172, 22.62424 ] } },
{ "type": "Feature", "properties": { "poi_name": "鳳山國中", "note": "O14_KRTC_O14-3", "stop_type": "捷運" }, "geometry": { "type": "Point", "coordinates": [ 120.37359, 22.62507 ] } },
{ "type": "Feature", "properties": { "poi_name": "大寮", "note": "OT1_KRTC_OT1-1", "stop_type": "捷運" }, "geometry": { "type": "Point", "coordinates": [ 120.39058, 22.62128 ] } },
{ "type": "Feature", "properties": { "poi_name": "大寮", "note": "OT1_KRTC_OT1-2", "stop_type": "捷運" }, "geometry": { "type": "Point", "coordinates": [ 120.39177, 22.62134 ] } },
{ "type": "Feature", "properties": { "poi_name": "小港", "note": "R3_KRTC_R3-1", "stop_type": "捷運" }, "geometry": { "type": "Point", "coordinates": [ 120.354, 22.56436 ] } },
{ "type": "Feature", "properties": { "poi_name": "小港", "note": "R3_KRTC_R3-2", "stop_type": "捷運" }, "geometry": { "type": "Point", "coordinates": [ 120.35457, 22.56428 ] } },
{ "type": "Feature", "properties": { "poi_name": "小港", "note": "R3_KRTC_R3-3", "stop_type": "捷運" }, "geometry": { "type": "Point", "coordinates": [ 120.35359, 22.56535 ] } },
{ "type": "Feature", "properties": { "poi_name": "小港", "note": "R3_KRTC_R3-4", "stop_type": "捷運" }, "geometry": { "type": "Point", "coordinates": [ 120.35327, 22.56481 ] } },
{ "type": "Feature", "properties": { "poi_name": "高雄國際機場", "note": "R4_KRTC_R4-1", "stop_type": "捷運" }, "geometry": { "type": "Point", "coordinates": [ 120.34409, 22.56928 ] } },
{ "type": "Feature", "properties": { "poi_name": "高雄國際機場", "note": "R4_KRTC_R4-2", "stop_type": "捷運" }, "geometry": { "type": "Point", "coordinates": [ 120.34382, 22.57063 ] } },
{ "type": "Feature", "properties": { "poi_name": "高雄國際機場", "note": "R4_KRTC_R4-3", "stop_type": "捷運" }, "geometry": { "type": "Point", "coordinates": [ 120.34176, 22.57025 ] } },
{ "type": "Feature", "properties": { "poi_name": "高雄國際機場", "note": "R4_KRTC_R4-4", "stop_type": "捷運" }, "geometry": { "type": "Point", "coordinates": [ 120.34314, 22.5702 ] } },
{ "type": "Feature", "properties": { "poi_name": "高雄國際機場", "note": "R4_KRTC_R4-5", "stop_type": "捷運" }, "geometry": { "type": "Point", "coordinates": [ 120.34145, 22.57026 ] } },
{ "type": "Feature", "properties": { "poi_name": "高雄國際機場", "note": "R4_KRTC_R4-6", "stop_type": "捷運" }, "geometry": { "type": "Point", "coordinates": [ 120.34171, 22.57124 ] } },
{ "type": "Feature", "properties": { "poi_name": "高雄國際機場", "note": "R4_KRTC_R4-7", "stop_type": "捷運" }, "geometry": { "type": "Point", "coordinates": [ 120.34116, 22.57025 ] } },
{ "type": "Feature", "properties": { "poi_name": "草衙", "note": "R4A_KRTC_R4A-1", "stop_type": "捷運" }, "geometry": { "type": "Point", "coordinates": [ 120.32876, 22.5794 ] } },
{ "type": "Feature", "properties": { "poi_name": "草衙", "note": "R4A_KRTC_R4A-2", "stop_type": "捷運" }, "geometry": { "type": "Point", "coordinates": [ 120.32921, 22.58076 ] } },
{ "type": "Feature", "properties": { "poi_name": "草衙", "note": "R4A_KRTC_R4A-3", "stop_type": "捷運" }, "geometry": { "type": "Point", "coordinates": [ 120.32847, 22.58013 ] } },
{ "type": "Feature", "properties": { "poi_name": "草衙", "note": "R4A_KRTC_R4A-4", "stop_type": "捷運" }, "geometry": { "type": "Point", "coordinates": [ 120.32793, 22.58075 ] } },
{ "type": "Feature", "properties": { "poi_name": "前鎮高中", "note": "R5_KRTC_R5-1", "stop_type": "捷運" }, "geometry": { "type": "Point", "coordinates": [ 120.32187, 22.58774 ] } },
{ "type": "Feature", "properties": { "poi_name": "前鎮高中", "note": "R5_KRTC_R5-2", "stop_type": "捷運" }, "geometry": { "type": "Point", "coordinates": [ 120.32228, 22.58882 ] } },
{ "type": "Feature", "properties": { "poi_name": "前鎮高中", "note": "R5_KRTC_R5-3", "stop_type": "捷運" }, "geometry": { "type": "Point", "coordinates": [ 0.0, 0.0 ] } },
{ "type": "Feature", "properties": { "poi_name": "凱旋", "note": "R6_KRTC_R6-1", "stop_type": "捷運" }, "geometry": { "type": "Point", "coordinates": [ 120.31535, 22.59605 ] } },
{ "type": "Feature", "properties": { "poi_name": "凱旋", "note": "R6_KRTC_R6-2", "stop_type": "捷運" }, "geometry": { "type": "Point", "coordinates": [ 120.31611, 22.59652 ] } },
{ "type": "Feature", "properties": { "poi_name": "凱旋", "note": "R6_KRTC_R6-3", "stop_type": "捷運" }, "geometry": { "type": "Point", "coordinates": [ 120.31432, 22.59757 ] } },
{ "type": "Feature", "properties": { "poi_name": "獅甲", "note": "R7_KRTC_R7-1", "stop_type": "捷運" }, "geometry": { "type": "Point", "coordinates": [ 120.30827, 22.60546 ] } },
{ "type": "Feature", "properties": { "poi_name": "獅甲", "note": "R7_KRTC_R7-2", "stop_type": "捷運" }, "geometry": { "type": "Point", "coordinates": [ 120.30875, 22.60563 ] } },
{ "type": "Feature", "properties": { "poi_name": "獅甲", "note": "R7_KRTC_R7-3", "stop_type": "捷運" }, "geometry": { "type": "Point", "coordinates": [ 120.30798, 22.60665 ] } },
{ "type": "Feature", "properties": { "poi_name": "獅甲", "note": "R7_KRTC_R7-4", "stop_type": "捷運" }, "geometry": { "type": "Point", "coordinates": [ 120.30753, 22.60637 ] } },
{ "type": "Feature", "properties": { "poi_name": "三多商圈", "note": "R8_KRTC_R8-1", "stop_type": "捷運" }, "geometry": { "type": "Point", "coordinates": [ 120.30438, 22.61321 ] } },
{ "type": "Feature", "properties": { "poi_name": "三多商圈", "note": "R8_KRTC_R8-2", "stop_type": "捷運" }, "geometry": { "type": "Point", "coordinates": [ 120.30466, 22.61299 ] } },
{ "type": "Feature", "properties": { "poi_name": "三多商圈", "note": "R8_KRTC_R8-3", "stop_type": "捷運" }, "geometry": { "type": "Point", "coordinates": [ 120.30506, 22.6131 ] } },
{ "type": "Feature", "properties": { "poi_name": "三多商圈", "note": "R8_KRTC_R8-4", "stop_type": "捷運" }, "geometry": { "type": "Point", "coordinates": [ 120.30515, 22.61389 ] } },
{ "type": "Feature", "properties": { "poi_name": "三多商圈", "note": "R8_KRTC_R8-5", "stop_type": "捷運" }, "geometry": { "type": "Point", "coordinates": [ 120.30467, 22.61424 ] } },
{ "type": "Feature", "properties": { "poi_name": "三多商圈", "note": "R8_KRTC_R8-6", "stop_type": "捷運" }, "geometry": { "type": "Point", "coordinates": [ 120.30438, 22.61483 ] } },
{ "type": "Feature", "properties": { "poi_name": "三多商圈", "note": "R8_KRTC_R8-7", "stop_type": "捷運" }, "geometry": { "type": "Point", "coordinates": [ 120.30404, 22.61466 ] } },
{ "type": "Feature", "properties": { "poi_name": "中央公園", "note": "R9_KRTC_R9-1", "stop_type": "捷運" }, "geometry": { "type": "Point", "coordinates": [ 120.30046, 22.6249 ] } },
{ "type": "Feature", "properties": { "poi_name": "中央公園", "note": "R9_KRTC_R9-2", "stop_type": "捷運" }, "geometry": { "type": "Point", "coordinates": [ 120.30124, 22.62363 ] } },
{ "type": "Feature", "properties": { "poi_name": "中央公園", "note": "R9_KRTC_R9-3", "stop_type": "捷運" }, "geometry": { "type": "Point", "coordinates": [ 120.30155, 22.62599 ] } },
{ "type": "Feature", "properties": { "poi_name": "美麗島", "note": "R10_KRTC_R10-1", "stop_type": "捷運" }, "geometry": { "type": "Point", "coordinates": [ 120.30142, 22.63171 ] } },
{ "type": "Feature", "properties": { "poi_name": "美麗島", "note": "R10_KRTC_R10-10", "stop_type": "捷運" }, "geometry": { "type": "Point", "coordinates": [ 120.30221, 22.63232 ] } },
{ "type": "Feature", "properties": { "poi_name": "美麗島", "note": "R10_KRTC_R10-11", "stop_type": "捷運" }, "geometry": { "type": "Point", "coordinates": [ 120.30191, 22.63279 ] } },
{ "type": "Feature", "properties": { "poi_name": "美麗島", "note": "R10_KRTC_R10-2", "stop_type": "捷運" }, "geometry": { "type": "Point", "coordinates": [ 120.30154, 22.63093 ] } },
{ "type": "Feature", "properties": { "poi_name": "美麗島", "note": "R10_KRTC_R10-3", "stop_type": "捷運" }, "geometry": { "type": "Point", "coordinates": [ 120.30238, 22.63093 ] } },
{ "type": "Feature", "properties": { "poi_name": "美麗島", "note": "R10_KRTC_R10-4", "stop_type": "捷運" }, "geometry": { "type": "Point", "coordinates": [ 120.30249, 22.63176 ] } },
{ "type": "Feature", "properties": { "poi_name": "美麗島", "note": "R10_KRTC_R10-5", "stop_type": "捷運" }, "geometry": { "type": "Point", "coordinates": [ 120.30345, 22.6311 ] } },
{ "type": "Feature", "properties": { "poi_name": "美麗島", "note": "R10_KRTC_R10-6", "stop_type": "捷運" }, "geometry": { "type": "Point", "coordinates": [ 120.30423, 22.63104 ] } },
{ "type": "Feature", "properties": { "poi_name": "美麗島", "note": "R10_KRTC_R10-7", "stop_type": "捷運" }, "geometry": { "type": "Point", "coordinates": [ 120.30353, 22.6314 ] } },
{ "type": "Feature", "properties": { "poi_name": "美麗島", "note": "R10_KRTC_R10-8", "stop_type": "捷運" }, "geometry": { "type": "Point", "coordinates": [ 120.30434, 22.63131 ] } },
{ "type": "Feature", "properties": { "poi_name": "美麗島", "note": "R10_KRTC_R10-9", "stop_type": "捷運" }, "geometry": { "type": "Point", "coordinates": [ 120.30187, 22.63233 ] } },
{ "type": "Feature", "properties": { "poi_name": "高雄車站", "note": "R11_KRTC_R11-1", "stop_type": "捷運" }, "geometry": { "type": "Point", "coordinates": [ 0.0, 0.0 ] } },
{ "type": "Feature", "properties": { "poi_name": "高雄車站", "note": "R11_KRTC_R11-2", "stop_type": "捷運" }, "geometry": { "type": "Point", "coordinates": [ 0.0, 0.0 ] } },
{ "type": "Feature", "properties": { "poi_name": "高雄車站", "note": "R11_KRTC_R11-3", "stop_type": "捷運" }, "geometry": { "type": "Point", "coordinates": [ 0.0, 0.0 ] } },
{ "type": "Feature", "properties": { "poi_name": "後驛", "note": "R12_KRTC_R12-1", "stop_type": "捷運" }, "geometry": { "type": "Point", "coordinates": [ 120.3031, 22.64782 ] } },
{ "type": "Feature", "properties": { "poi_name": "後驛", "note": "R12_KRTC_R12-2", "stop_type": "捷運" }, "geometry": { "type": "Point", "coordinates": [ 120.30362, 22.6478 ] } },
{ "type": "Feature", "properties": { "poi_name": "後驛", "note": "R12_KRTC_R12-3", "stop_type": "捷運" }, "geometry": { "type": "Point", "coordinates": [ 120.30372, 22.64896 ] } },
{ "type": "Feature", "properties": { "poi_name": "後驛", "note": "R12_KRTC_R12-4", "stop_type": "捷運" }, "geometry": { "type": "Point", "coordinates": [ 120.30322, 22.64918 ] } },
{ "type": "Feature", "properties": { "poi_name": "凹子底", "note": "R13_KRTC_R13-1", "stop_type": "捷運" }, "geometry": { "type": "Point", "coordinates": [ 120.3029, 22.65706 ] } },
{ "type": "Feature", "properties": { "poi_name": "凹子底", "note": "R13_KRTC_R13-2", "stop_type": "捷運" }, "geometry": { "type": "Point", "coordinates": [ 120.30342, 22.657 ] } },
{ "type": "Feature", "properties": { "poi_name": "凹子底", "note": "R13_KRTC_R13-3", "stop_type": "捷運" }, "geometry": { "type": "Point", "coordinates": [ 120.30318, 22.65793 ] } },
{ "type": "Feature", "properties": { "poi_name": "凹子底", "note": "R13_KRTC_R13-4", "stop_type": "捷運" }, "geometry": { "type": "Point", "coordinates": [ 120.30251, 22.65872 ] } },
{ "type": "Feature", "properties": { "poi_name": "巨蛋", "note": "R14_KRTC_R14-1", "stop_type": "捷運" }, "geometry": { "type": "Point", "coordinates": [ 120.30269, 22.66587 ] } },
{ "type": "Feature", "properties": { "poi_name": "巨蛋", "note": "R14_KRTC_R14-2", "stop_type": "捷運" }, "geometry": { "type": "Point", "coordinates": [ 120.30301, 22.66553 ] } },
{ "type": "Feature", "properties": { "poi_name": "巨蛋", "note": "R14_KRTC_R14-3", "stop_type": "捷運" }, "geometry": { "type": "Point", "coordinates": [ 120.30317, 22.66638 ] } },
{ "type": "Feature", "properties": { "poi_name": "巨蛋", "note": "R14_KRTC_R14-4", "stop_type": "捷運" }, "geometry": { "type": "Point", "coordinates": [ 120.30353, 22.66671 ] } },
{ "type": "Feature", "properties": { "poi_name": "巨蛋", "note": "R14_KRTC_R14-5", "stop_type": "捷運" }, "geometry": { "type": "Point", "coordinates": [ 120.30318, 22.66683 ] } },
{ "type": "Feature", "properties": { "poi_name": "生態園區", "note": "R15_KRTC_R15-1", "stop_type": "捷運" }, "geometry": { "type": "Point", "coordinates": [ 120.30648, 22.676 ] } },
{ "type": "Feature", "properties": { "poi_name": "生態園區", "note": "R15_KRTC_R15-2", "stop_type": "捷運" }, "geometry": { "type": "Point", "coordinates": [ 120.30667, 22.67736 ] } },
{ "type": "Feature", "properties": { "poi_name": "左營", "note": "R16_KRTC_R16-1", "stop_type": "捷運" }, "geometry": { "type": "Point", "coordinates": [ 120.30863, 22.68762 ] } },
{ "type": "Feature", "properties": { "poi_name": "左營", "note": "R16_KRTC_R16-2", "stop_type": "捷運" }, "geometry": { "type": "Point", "coordinates": [ 120.30784, 22.6886 ] } },
{ "type": "Feature", "properties": { "poi_name": "世運", "note": "R17_KRTC_R17-1", "stop_type": "捷運" }, "geometry": { "type": "Point", "coordinates": [ 120.30241, 22.70127 ] } },
{ "type": "Feature", "properties": { "poi_name": "世運", "note": "R17_KRTC_R17-2", "stop_type": "捷運" }, "geometry": { "type": "Point", "coordinates": [ 120.30237, 22.702 ] } },
{ "type": "Feature", "properties": { "poi_name": "世運", "note": "R17_KRTC_R17-3", "stop_type": "捷運" }, "geometry": { "type": "Point", "coordinates": [ 120.30271, 22.70126 ] } },
{ "type": "Feature", "properties": { "poi_name": "世運", "note": "R17_KRTC_R17-4", "stop_type": "捷運" }, "geometry": { "type": "Point", "coordinates": [ 120.3027, 22.70177 ] } },
{ "type": "Feature", "properties": { "poi_name": "油廠國小", "note": "R18_KRTC_R18-1", "stop_type": "捷運" }, "geometry": { "type": "Point", "coordinates": [ 120.3021, 22.70823 ] } },
{ "type": "Feature", "properties": { "poi_name": "油廠國小", "note": "R18_KRTC_R18-2", "stop_type": "捷運" }, "geometry": { "type": "Point", "coordinates": [ 120.30209, 22.70893 ] } },
{ "type": "Feature", "properties": { "poi_name": "油廠國小", "note": "R18_KRTC_R18-3", "stop_type": "捷運" }, "geometry": { "type": "Point", "coordinates": [ 120.30249, 22.70824 ] } },
{ "type": "Feature", "properties": { "poi_name": "油廠國小", "note": "R18_KRTC_R18-4", "stop_type": "捷運" }, "geometry": { "type": "Point", "coordinates": [ 120.30244, 22.70894 ] } },
{ "type": "Feature", "properties": { "poi_name": "楠梓科技園區", "note": "R19_KRTC_R19-1", "stop_type": "捷運" }, "geometry": { "type": "Point", "coordinates": [ 120.30636, 22.71844 ] } },
{ "type": "Feature", "properties": { "poi_name": "楠梓科技園區", "note": "R19_KRTC_R19-2", "stop_type": "捷運" }, "geometry": { "type": "Point", "coordinates": [ 120.30645, 22.71833 ] } },
{ "type": "Feature", "properties": { "poi_name": "楠梓科技園區", "note": "R19_KRTC_R19-3", "stop_type": "捷運" }, "geometry": { "type": "Point", "coordinates": [ 120.30725, 22.71864 ] } },
{ "type": "Feature", "properties": { "poi_name": "楠梓科技園區", "note": "R19_KRTC_R19-4", "stop_type": "捷運" }, "geometry": { "type": "Point", "coordinates": [ 120.3079, 22.71883 ] } },
{ "type": "Feature", "properties": { "poi_name": "楠梓科技園區", "note": "R19_KRTC_R19-5", "stop_type": "捷運" }, "geometry": { "type": "Point", "coordinates": [ 120.30778, 22.71905 ] } },
{ "type": "Feature", "properties": { "poi_name": "楠梓科技園區", "note": "R19_KRTC_R19-6", "stop_type": "捷運" }, "geometry": { "type": "Point", "coordinates": [ 120.30801, 22.71913 ] } },
{ "type": "Feature", "properties": { "poi_name": "後勁", "note": "R20_KRTC_R20-1", "stop_type": "捷運" }, "geometry": { "type": "Point", "coordinates": [ 120.31626, 22.72246 ] } },
{ "type": "Feature", "properties": { "poi_name": "後勁", "note": "R20_KRTC_R20-2", "stop_type": "捷運" }, "geometry": { "type": "Point", "coordinates": [ 120.31684, 22.7227 ] } },
{ "type": "Feature", "properties": { "poi_name": "後勁", "note": "R20_KRTC_R20-3", "stop_type": "捷運" }, "geometry": { "type": "Point", "coordinates": [ 120.31693, 22.72245 ] } },
{ "type": "Feature", "properties": { "poi_name": "都會公園", "note": "R21_KRTC_R21-1", "stop_type": "捷運" }, "geometry": { "type": "Point", "coordinates": [ 120.32093, 22.72876 ] } },
{ "type": "Feature", "properties": { "poi_name": "都會公園", "note": "R21_KRTC_R21-2", "stop_type": "捷運" }, "geometry": { "type": "Point", "coordinates": [ 120.32131, 22.72884 ] } },
{ "type": "Feature", "properties": { "poi_name": "都會公園", "note": "R21_KRTC_R21-3", "stop_type": "捷運" }, "geometry": { "type": "Point", "coordinates": [ 120.321, 22.73004 ] } },
{ "type": "Feature", "properties": { "poi_name": "都會公園", "note": "R21_KRTC_R21-4", "stop_type": "捷運" }, "geometry": { "type": "Point", "coordinates": [ 120.32058, 22.72994 ] } },
{ "type": "Feature", "properties": { "poi_name": "青埔", "note": "R22_KRTC_R22-1", "stop_type": "捷運" }, "geometry": { "type": "Point", "coordinates": [ 120.31769, 22.74366 ] } },
{ "type": "Feature", "properties": { "poi_name": "橋頭糖廠", "note": "R22A_KRTC_R22A-1", "stop_type": "捷運" }, "geometry": { "type": "Point", "coordinates": [ 120.31458, 22.7527 ] } },
{ "type": "Feature", "properties": { "poi_name": "橋頭糖廠", "note": "R22A_KRTC_R22A-2", "stop_type": "捷運" }, "geometry": { "type": "Point", "coordinates": [ 120.31474, 22.75312 ] } },
{ "type": "Feature", "properties": { "poi_name": "橋頭糖廠", "note": "R22A_KRTC_R22A-3", "stop_type": "捷運" }, "geometry": { "type": "Point", "coordinates": [ 120.31481, 22.75292 ] } },
{ "type": "Feature", "properties": { "poi_name": "橋頭火車站", "note": "R23_KRTC_R23-1", "stop_type": "捷運" }, "geometry": { "type": "Point", "coordinates": [ 120.31124, 22.75998 ] } },
{ "type": "Feature", "properties": { "poi_name": "橋頭火車站", "note": "R23_KRTC_R23-2", "stop_type": "捷運" }, "geometry": { "type": "Point", "coordinates": [ 120.31013, 22.76092 ] } },
{ "type": "Feature", "properties": { "poi_name": "岡山高醫", "note": "R24_KRTC_R24-1", "stop_type": "捷運" }, "geometry": { "type": "Point", "coordinates": [ 120.30126, 22.78046 ] } },
{ "type": "Feature", "properties": { "poi_name": "岡山高醫", "note": "R24_KRTC_R24-2", "stop_type": "捷運" }, "geometry": { "type": "Point", "coordinates": [ 120.30191, 22.78071 ] } },
{ "type": "Feature", "properties": { "poi_name": "岡山車站", "note": "RK1_KRTC_RK1-1", "stop_type": "捷運" }, "geometry": { "type": "Point", "coordinates": [ 120.29891, 22.79237 ] } },
{ "type": "Feature", "properties": { "poi_name": "岡山車站", "note": "RK1_KRTC_RK1-2", "stop_type": "捷運" }, "geometry": { "type": "Point", "coordinates": [ 120.29923, 22.79245 ] } },
{ "type": "Feature", "properties": { "poi_name": "台北車站", "note": "A1_TYMC_A1-E1", "stop_type": "捷運" }, "geometry": { "type": "Point", "coordinates": [ 121.51493, 25.04855 ] } },
{ "type": "Feature", "properties": { "poi_name": "台北車站", "note": "A1_TYMC_A1-E2", "stop_type": "捷運" }, "geometry": { "type": "Point", "coordinates": [ 121.51453, 25.04887 ] } },
{ "type": "Feature", "properties": { "poi_name": "台北車站", "note": "A1_TYMC_A1-E3", "stop_type": "捷運" }, "geometry": { "type": "Point", "coordinates": [ 121.51364, 25.04898 ] } },
{ "type": "Feature", "properties": { "poi_name": "台北車站", "note": "A1_TYMC_A1-E4", "stop_type": "捷運" }, "geometry": { "type": "Point", "coordinates": [ 121.51355, 25.04864 ] } },
{ "type": "Feature", "properties": { "poi_name": "台北車站", "note": "A1_TYMC_A1-E5", "stop_type": "捷運" }, "geometry": { "type": "Point", "coordinates": [ 121.5127, 25.04897 ] } },
{ "type": "Feature", "properties": { "poi_name": "台北車站", "note": "A1_TYMC_A1-E6", "stop_type": "捷運" }, "geometry": { "type": "Point", "coordinates": [ 121.51207, 25.04945 ] } },
{ "type": "Feature", "properties": { "poi_name": "台北車站", "note": "A1_TYMC_A1-E7", "stop_type": "捷運" }, "geometry": { "type": "Point", "coordinates": [ 121.51196, 25.04928 ] } },
{ "type": "Feature", "properties": { "poi_name": "三重站", "note": "A2_TYMC_A2-E1", "stop_type": "捷運" }, "geometry": { "type": "Point", "coordinates": [ 121.48312, 25.05528 ] } },
{ "type": "Feature", "properties": { "poi_name": "三重站", "note": "A2_TYMC_A2-E1A", "stop_type": "捷運" }, "geometry": { "type": "Point", "coordinates": [ 121.48256, 25.05489 ] } },
{ "type": "Feature", "properties": { "poi_name": "新北產業園區站", "note": "A3_TYMC_A3-E1", "stop_type": "捷運" }, "geometry": { "type": "Point", "coordinates": [ 121.45949, 25.06153 ] } },
{ "type": "Feature", "properties": { "poi_name": "新北產業園區站", "note": "A3_TYMC_A3-E2", "stop_type": "捷運" }, "geometry": { "type": "Point", "coordinates": [ 121.45951, 25.06156 ] } },
{ "type": "Feature", "properties": { "poi_name": "新莊副都心站", "note": "A4_TYMC_A4-E1", "stop_type": "捷運" }, "geometry": { "type": "Point", "coordinates": [ 121.44598, 25.05927 ] } },
{ "type": "Feature", "properties": { "poi_name": "新莊副都心站", "note": "A4_TYMC_A4-E2", "stop_type": "捷運" }, "geometry": { "type": "Point", "coordinates": [ 121.44657, 25.05909 ] } },
{ "type": "Feature", "properties": { "poi_name": "泰山站", "note": "A5_TYMC_A5-E1", "stop_type": "捷運" }, "geometry": { "type": "Point", "coordinates": [ 121.43973, 25.05292 ] } },
{ "type": "Feature", "properties": { "poi_name": "泰山站", "note": "A5_TYMC_A5-E2", "stop_type": "捷運" }, "geometry": { "type": "Point", "coordinates": [ 121.44001, 25.05296 ] } },
{ "type": "Feature", "properties": { "poi_name": "泰山站", "note": "A5_TYMC_A5-E3", "stop_type": "捷運" }, "geometry": { "type": "Point", "coordinates": [ 121.43979, 25.05268 ] } },
{ "type": "Feature", "properties": { "poi_name": "泰山站", "note": "A5_TYMC_A5-E4", "stop_type": "捷運" }, "geometry": { "type": "Point", "coordinates": [ 121.43863, 25.05277 ] } },
{ "type": "Feature", "properties": { "poi_name": "泰山貴和站", "note": "A6_TYMC_A6-E1", "stop_type": "捷運" }, "geometry": { "type": "Point", "coordinates": [ 121.42221, 25.0332 ] } },
{ "type": "Feature", "properties": { "poi_name": "體育大學站", "note": "A7_TYMC_A7-E1", "stop_type": "捷運" }, "geometry": { "type": "Point", "coordinates": [ 121.38514, 25.04132 ] } },
{ "type": "Feature", "properties": { "poi_name": "體育大學站", "note": "A7_TYMC_A7-E2", "stop_type": "捷運" }, "geometry": { "type": "Point", "coordinates": [ 121.38563, 25.04124 ] } },
{ "type": "Feature", "properties": { "poi_name": "長庚醫院站", "note": "A8_TYMC_A8-E1", "stop_type": "捷運" }, "geometry": { "type": "Point", "coordinates": [ 121.37034, 25.06053 ] } },
{ "type": "Feature", "properties": { "poi_name": "林口站", "note": "A9_TYMC_A9-E1", "stop_type": "捷運" }, "geometry": { "type": "Point", "coordinates": [ 121.36146, 25.06596 ] } },
{ "type": "Feature", "properties": { "poi_name": "林口站", "note": "A9_TYMC_A9-E2", "stop_type": "捷運" }, "geometry": { "type": "Point", "coordinates": [ 121.36129, 25.06597 ] } },
{ "type": "Feature", "properties": { "poi_name": "山鼻站", "note": "A10_TYMC_A10-E1", "stop_type": "捷運" }, "geometry": { "type": "Point", "coordinates": [ 121.28541, 25.08082 ] } },
{ "type": "Feature", "properties": { "poi_name": "坑口站", "note": "A11_TYMC_A11-E1", "stop_type": "捷運" }, "geometry": { "type": "Point", "coordinates": [ 121.26589, 25.08674 ] } },
{ "type": "Feature", "properties": { "poi_name": "機場第一航廈站", "note": "A12_TYMC_A12-E1", "stop_type": "捷運" }, "geometry": { "type": "Point", "coordinates": [ 121.23926, 25.08182 ] } },
{ "type": "Feature", "properties": { "poi_name": "機場第一航廈站", "note": "A12_TYMC_A12-E2", "stop_type": "捷運" }, "geometry": { "type": "Point", "coordinates": [ 121.23899, 25.08159 ] } },
{ "type": "Feature", "properties": { "poi_name": "機場第二航廈站", "note": "A13_TYMC_A13-E1", "stop_type": "捷運" }, "geometry": { "type": "Point", "coordinates": [ 121.23226, 25.07746 ] } },
{ "type": "Feature", "properties": { "poi_name": "機場旅館站", "note": "A14a_TYMC_A14a-E1", "stop_type": "捷運" }, "geometry": { "type": "Point", "coordinates": [ 121.2209, 25.0691 ] } },
{ "type": "Feature", "properties": { "poi_name": "大園站", "note": "A15_TYMC_A15-E1", "stop_type": "捷運" }, "geometry": { "type": "Point", "coordinates": [ 121.21034, 25.05618 ] } },
{ "type": "Feature", "properties": { "poi_name": "橫山站", "note": "A16_TYMC_A16-E1", "stop_type": "捷運" }, "geometry": { "type": "Point", "coordinates": [ 121.21586, 25.03634 ] } },
{ "type": "Feature", "properties": { "poi_name": "領航站", "note": "A17_TYMC_A17-E1", "stop_type": "捷運" }, "geometry": { "type": "Point", "coordinates": [ 121.22125, 25.02377 ] } },
{ "type": "Feature", "properties": { "poi_name": "高鐵桃園站", "note": "A18_TYMC_A18-E1", "stop_type": "捷運" }, "geometry": { "type": "Point", "coordinates": [ 121.2141, 25.0133 ] } },
{ "type": "Feature", "properties": { "poi_name": "高鐵桃園站", "note": "A18_TYMC_A18-E2", "stop_type": "捷運" }, "geometry": { "type": "Point", "coordinates": [ 121.21368, 25.01361 ] } },
{ "type": "Feature", "properties": { "poi_name": "桃園體育園區站", "note": "A19_TYMC_A19-E1", "stop_type": "捷運" }, "geometry": { "type": "Point", "coordinates": [ 121.20333, 25.00205 ] } },
{ "type": "Feature", "properties": { "poi_name": "興南站", "note": "A20_TYMC_A20-E1", "stop_type": "捷運" }, "geometry": { "type": "Point", "coordinates": [ 121.21602, 24.9801 ] } },
{ "type": "Feature", "properties": { "poi_name": "環北站", "note": "A21_TYMC_A21-E1", "stop_type": "捷運" }, "geometry": { "type": "Point", "coordinates": [ 121.22104, 24.96708 ] } },
{ "type": "Feature", "properties": { "poi_name": "老街溪站", "note": "A22_TYMC_A22-E1", "stop_type": "捷運" }, "geometry": { "type": "Point", "coordinates": [ 121.2195, 24.95827 ] } },
{ "type": "Feature", "properties": { "poi_name": "老街溪站", "note": "A22_TYMC_A22-E2", "stop_type": "捷運" }, "geometry": { "type": "Point", "coordinates": [ 121.21932, 24.95954 ] } },
{ "type": "Feature", "properties": { "poi_name": "北屯總站", "note": "G0_TMRT_G0-1", "stop_type": "捷運" }, "geometry": { "type": "Point", "coordinates": [ 120.70846, 24.18917 ] } },
{ "type": "Feature", "properties": { "poi_name": "北屯總站", "note": "G0_TMRT_G0-2", "stop_type": "捷運" }, "geometry": { "type": "Point", "coordinates": [ 120.70867, 24.18852 ] } },
{ "type": "Feature", "properties": { "poi_name": "北屯總站", "note": "G0_TMRT_G0-3", "stop_type": "捷運" }, "geometry": { "type": "Point", "coordinates": [ 120.70901, 24.18893 ] } },
{ "type": "Feature", "properties": { "poi_name": "舊社", "note": "G3_TMRT_G3-1", "stop_type": "捷運" }, "geometry": { "type": "Point", "coordinates": [ 120.70771, 24.18247 ] } },
{ "type": "Feature", "properties": { "poi_name": "松竹", "note": "G4_TMRT_G4-1", "stop_type": "捷運" }, "geometry": { "type": "Point", "coordinates": [ 120.70106, 24.18058 ] } },
{ "type": "Feature", "properties": { "poi_name": "松竹", "note": "G4_TMRT_G4-2", "stop_type": "捷運" }, "geometry": { "type": "Point", "coordinates": [ 120.70158, 24.18067 ] } },
{ "type": "Feature", "properties": { "poi_name": "松竹", "note": "G4_TMRT_G4-3", "stop_type": "捷運" }, "geometry": { "type": "Point", "coordinates": [ 120.70183, 24.18044 ] } },
{ "type": "Feature", "properties": { "poi_name": "四維國小", "note": "G5_TMRT_G5-1", "stop_type": "捷運" }, "geometry": { "type": "Point", "coordinates": [ 120.69328, 24.17105 ] } },
{ "type": "Feature", "properties": { "poi_name": "文心崇德", "note": "G6_TMRT_G6-1", "stop_type": "捷運" }, "geometry": { "type": "Point", "coordinates": [ 120.68507, 24.17198 ] } },
{ "type": "Feature", "properties": { "poi_name": "文心中清", "note": "G7_TMRT_G7-1", "stop_type": "捷運" }, "geometry": { "type": "Point", "coordinates": [ 120.67098, 24.17351 ] } },
{ "type": "Feature", "properties": { "poi_name": "文華高中", "note": "G8_TMRT_G8-1", "stop_type": "捷運" }, "geometry": { "type": "Point", "coordinates": [ 120.66034, 24.17166 ] } },
{ "type": "Feature", "properties": { "poi_name": "文心櫻花", "note": "G8a_TMRT_G8a-1", "stop_type": "捷運" }, "geometry": { "type": "Point", "coordinates": [ 120.65352, 24.1678 ] } },
{ "type": "Feature", "properties": { "poi_name": "市政府", "note": "G9_TMRT_G9-1", "stop_type": "捷運" }, "geometry": { "type": "Point", "coordinates": [ 120.64902, 24.16227 ] } },
{ "type": "Feature", "properties": { "poi_name": "市政府", "note": "G9_TMRT_G9-2", "stop_type": "捷運" }, "geometry": { "type": "Point", "coordinates": [ 120.64913, 24.16163 ] } },
{ "type": "Feature", "properties": { "poi_name": "水安宮", "note": "G10_TMRT_G10-1", "stop_type": "捷運" }, "geometry": { "type": "Point", "coordinates": [ 120.64651, 24.15343 ] } },
{ "type": "Feature", "properties": { "poi_name": "文心森林公園", "note": "G10a_TMRT_G10a-1", "stop_type": "捷運" }, "geometry": { "type": "Point", "coordinates": [ 120.64642, 24.14523 ] } },
{ "type": "Feature", "properties": { "poi_name": "南屯", "note": "G11_TMRT_G11-1", "stop_type": "捷運" }, "geometry": { "type": "Point", "coordinates": [ 120.64722, 24.14017 ] } },
{ "type": "Feature", "properties": { "poi_name": "豐樂公園", "note": "G12_TMRT_G12-1", "stop_type": "捷運" }, "geometry": { "type": "Point", "coordinates": [ 120.64671, 24.13239 ] } },
{ "type": "Feature", "properties": { "poi_name": "大慶", "note": "G13_TMRT_G13-1", "stop_type": "捷運" }, "geometry": { "type": "Point", "coordinates": [ 120.64746, 24.11923 ] } },
{ "type": "Feature", "properties": { "poi_name": "大慶", "note": "G13_TMRT_G13-2", "stop_type": "捷運" }, "geometry": { "type": "Point", "coordinates": [ 120.64768, 24.11896 ] } },
{ "type": "Feature", "properties": { "poi_name": "大慶", "note": "G13_TMRT_G13-3", "stop_type": "捷運" }, "geometry": { "type": "Point", "coordinates": [ 120.64768, 24.11896 ] } },
{ "type": "Feature", "properties": { "poi_name": "九張犁", "note": "G14_TMRT_G14-1", "stop_type": "捷運" }, "geometry": { "type": "Point", "coordinates": [ 120.63963, 24.11445 ] } },
{ "type": "Feature", "properties": { "poi_name": "九德", "note": "G15_TMRT_G15-1", "stop_type": "捷運" }, "geometry": { "type": "Point", "coordinates": [ 120.63437, 24.11019 ] } },
{ "type": "Feature", "properties": { "poi_name": "九德", "note": "G15_TMRT_G15-2", "stop_type": "捷運" }, "geometry": { "type": "Point", "coordinates": [ 120.63432, 24.11115 ] } },
{ "type": "Feature", "properties": { "poi_name": "烏日", "note": "G16_TMRT_G16-1", "stop_type": "捷運" }, "geometry": { "type": "Point", "coordinates": [ 120.62514, 24.10815 ] } },
{ "type": "Feature", "properties": { "poi_name": "烏日", "note": "G16_TMRT_G16-2", "stop_type": "捷運" }, "geometry": { "type": "Point", "coordinates": [ 120.62514, 24.10903 ] } },
{ "type": "Feature", "properties": { "poi_name": "高鐵臺中站", "note": "G17_TMRT_G17-1", "stop_type": "捷運" }, "geometry": { "type": "Point", "coordinates": [ 120.61522, 24.11008 ] } },
{ "type": "Feature", "properties": { "poi_name": "高鐵臺中站", "note": "G17_TMRT_G17-2", "stop_type": "捷運" }, "geometry": { "type": "Point", "coordinates": [ 120.61371, 24.11051 ] } },
{ "type": "Feature", "properties": { "poi_name": "高鐵臺中站", "note": "G17_TMRT_G17-3", "stop_type": "捷運" }, "geometry": { "type": "Point", "coordinates": [ 120.61406, 24.11001 ] } },
{ "type": "Feature", "properties": { "poi_name": "大坪林", "note": "Y07_NTMC_1", "stop_type": "捷運" }, "geometry": { "type": "Point", "coordinates": [ 121.540874, 24.982754 ] } },
{ "type": "Feature", "properties": { "poi_name": "大坪林", "note": "Y07_NTMC_2", "stop_type": "捷運" }, "geometry": { "type": "Point", "coordinates": [ 121.541619, 24.982051 ] } },
{ "type": "Feature", "properties": { "poi_name": "大坪林", "note": "Y07_NTMC_3", "stop_type": "捷運" }, "geometry": { "type": "Point", "coordinates": [ 121.541572, 24.982982 ] } },
{ "type": "Feature", "properties": { "poi_name": "大坪林", "note": "Y07_NTMC_4", "stop_type": "捷運" }, "geometry": { "type": "Point", "coordinates": [ 121.541405, 24.983539 ] } },
{ "type": "Feature", "properties": { "poi_name": "大坪林", "note": "Y07_NTMC_5", "stop_type": "捷運" }, "geometry": { "type": "Point", "coordinates": [ 121.54311, 24.982728 ] } },
{ "type": "Feature", "properties": { "poi_name": "十四張", "note": "Y08_NTMC_0", "stop_type": "捷運" }, "geometry": { "type": "Point", "coordinates": [ 121.527701, 24.984467 ] } },
{ "type": "Feature", "properties": { "poi_name": "秀朗橋", "note": "Y09_NTMC_1", "stop_type": "捷運" }, "geometry": { "type": "Point", "coordinates": [ 121.525287, 24.990499 ] } },
{ "type": "Feature", "properties": { "poi_name": "秀朗橋", "note": "Y09_NTMC_2", "stop_type": "捷運" }, "geometry": { "type": "Point", "coordinates": [ 121.525051, 24.990549 ] } },
{ "type": "Feature", "properties": { "poi_name": "景平", "note": "Y10_NTMC_0", "stop_type": "捷運" }, "geometry": { "type": "Point", "coordinates": [ 121.516359, 24.991975 ] } },
{ "type": "Feature", "properties": { "poi_name": "景安", "note": "Y11_NTMC_0", "stop_type": "捷運" }, "geometry": { "type": "Point", "coordinates": [ 121.504632, 24.993731 ] } },
{ "type": "Feature", "properties": { "poi_name": "中和", "note": "Y12_NTMC_0", "stop_type": "捷運" }, "geometry": { "type": "Point", "coordinates": [ 121.496251, 25.002385 ] } },
{ "type": "Feature", "properties": { "poi_name": "橋和", "note": "Y13_NTMC_0", "stop_type": "捷運" }, "geometry": { "type": "Point", "coordinates": [ 121.490461, 25.004413 ] } },
{ "type": "Feature", "properties": { "poi_name": "中原", "note": "Y14_NTMC_0", "stop_type": "捷運" }, "geometry": { "type": "Point", "coordinates": [ 121.484159, 25.00841 ] } },
{ "type": "Feature", "properties": { "poi_name": "板新", "note": "Y15_NTMC_0", "stop_type": "捷運" }, "geometry": { "type": "Point", "coordinates": [ 121.472212, 25.014491 ] } },
{ "type": "Feature", "properties": { "poi_name": "板橋", "note": "Y16_NTMC_4", "stop_type": "捷運" }, "geometry": { "type": "Point", "coordinates": [ 121.464938, 25.015105 ] } },
{ "type": "Feature", "properties": { "poi_name": "板橋", "note": "Y16_NTMC_5", "stop_type": "捷運" }, "geometry": { "type": "Point", "coordinates": [ 121.464312, 25.015502 ] } },
{ "type": "Feature", "properties": { "poi_name": "新埔民生", "note": "Y17_NTMC_0", "stop_type": "捷運" }, "geometry": { "type": "Point", "coordinates": [ 121.466839, 25.026125 ] } },
{ "type": "Feature", "properties": { "poi_name": "頭前庄", "note": "Y18_NTMC_1", "stop_type": "捷運" }, "geometry": { "type": "Point", "coordinates": [ 121.460303, 25.039844 ] } },
{ "type": "Feature", "properties": { "poi_name": "頭前庄", "note": "Y18_NTMC_2", "stop_type": "捷運" }, "geometry": { "type": "Point", "coordinates": [ 121.460931, 25.039068 ] } },
{ "type": "Feature", "properties": { "poi_name": "頭前庄", "note": "Y18_NTMC_3", "stop_type": "捷運" }, "geometry": { "type": "Point", "coordinates": [ 121.462247, 25.039853 ] } },
{ "type": "Feature", "properties": { "poi_name": "頭前庄", "note": "Y18_NTMC_4", "stop_type": "捷運" }, "geometry": { "type": "Point", "coordinates": [ 121.46037, 25.03986 ] } },
{ "type": "Feature", "properties": { "poi_name": "幸福", "note": "Y19_NTMC_1", "stop_type": "捷運" }, "geometry": { "type": "Point", "coordinates": [ 121.460146, 25.050126 ] } },
{ "type": "Feature", "properties": { "poi_name": "幸福", "note": "Y19_NTMC_2", "stop_type": "捷運" }, "geometry": { "type": "Point", "coordinates": [ 121.460593, 25.049545 ] } },
{ "type": "Feature", "properties": { "poi_name": "新北產業園區", "note": "Y20_NTMC_0", "stop_type": "捷運" }, "geometry": { "type": "Point", "coordinates": [ 121.45976, 25.06132 ] } },
{ "type": "Feature", "properties": { "poi_name": "動物園站", "note": "MK01_TRTCMG_0", "stop_type": "捷運" }, "geometry": { "type": "Point", "coordinates": [ 121.576244, 24.996173 ] } },
{ "type": "Feature", "properties": { "poi_name": "動物園南站", "note": "MK02_TRTCMG_0", "stop_type": "捷運" }, "geometry": { "type": "Point", "coordinates": [ 121.587404, 24.990233 ] } },
{ "type": "Feature", "properties": { "poi_name": "指南宮站", "note": "MK03_TRTCMG_0", "stop_type": "捷運" }, "geometry": { "type": "Point", "coordinates": [ 121.589748, 24.979004 ] } },
{ "type": "Feature", "properties": { "poi_name": "貓空站", "note": "MK04_TRTCMG_0", "stop_type": "捷運" }, "geometry": { "type": "Point", "coordinates": [ 121.588237, 24.968469 ] } },
{ "type": "Feature", "properties": { "poi_name": "下庄市場", "note": "20", "stop_type": "YouBike" }, "geometry": { "type": "Point", "coordinates": [ 121.3999, 25.14678 ] } },
{ "type": "Feature", "properties": { "poi_name": "八里行政中心", "note": "20", "stop_type": "YouBike" }, "geometry": { "type": "Point", "coordinates": [ 121.40721, 25.15397 ] } },
{ "type": "Feature", "properties": { "poi_name": "八里中庄市場綜合大樓", "note": "28", "stop_type": "YouBike" }, "geometry": { "type": "Point", "coordinates": [ 121.41407, 25.15993 ] } },
{ "type": "Feature", "properties": { "poi_name": "大崁國小", "note": "20", "stop_type": "YouBike" }, "geometry": { "type": "Point", "coordinates": [ 121.41938, 25.16064 ] } },
{ "type": "Feature", "properties": { "poi_name": "龍形停車場", "note": "40", "stop_type": "YouBike" }, "geometry": { "type": "Point", "coordinates": [ 121.4513, 25.13041 ] } },
{ "type": "Feature", "properties": { "poi_name": "十三行博物館", "note": "46", "stop_type": "YouBike" }, "geometry": { "type": "Point", "coordinates": [ 121.406, 25.157 ] } },
{ "type": "Feature", "properties": { "poi_name": "八里區民活動中心", "note": "14", "stop_type": "YouBike" }, "geometry": { "type": "Point", "coordinates": [ 121.40126, 25.14933 ] } },
{ "type": "Feature", "properties": { "poi_name": "挖仔尾自然生態保留區", "note": "15", "stop_type": "YouBike" }, "geometry": { "type": "Point", "coordinates": [ 121.41586, 25.16419 ] } },
{ "type": "Feature", "properties": { "poi_name": "文昌公園", "note": "15", "stop_type": "YouBike" }, "geometry": { "type": "Point", "coordinates": [ 121.41033, 25.15709 ] } },
{ "type": "Feature", "properties": { "poi_name": "八里國小", "note": "15", "stop_type": "YouBike" }, "geometry": { "type": "Point", "coordinates": [ 121.4026, 25.14896 ] } },
{ "type": "Feature", "properties": { "poi_name": "八里文化公園(棒球場)", "note": "60", "stop_type": "YouBike" }, "geometry": { "type": "Point", "coordinates": [ 121.41251, 25.16359 ] } },
{ "type": "Feature", "properties": { "poi_name": "水興公", "note": "15", "stop_type": "YouBike" }, "geometry": { "type": "Point", "coordinates": [ 121.42509, 25.16208 ] } },
{ "type": "Feature", "properties": { "poi_name": "片仔溝公園", "note": "20", "stop_type": "YouBike" }, "geometry": { "type": "Point", "coordinates": [ 121.40581, 25.1502 ] } },
{ "type": "Feature", "properties": { "poi_name": "八里福朋喜來登酒店", "note": "30", "stop_type": "YouBike" }, "geometry": { "type": "Point", "coordinates": [ 121.42945, 25.15922 ] } },
{ "type": "Feature", "properties": { "poi_name": "訊塘社區公園", "note": "13", "stop_type": "YouBike" }, "geometry": { "type": "Point", "coordinates": [ 121.39609, 25.1455 ] } },
{ "type": "Feature", "properties": { "poi_name": "商港公園(商港八商港一路口)", "note": "15", "stop_type": "YouBike" }, "geometry": { "type": "Point", "coordinates": [ 121.40026, 25.15039 ] } },
{ "type": "Feature", "properties": { "poi_name": "商港公園(商港七商港一路口)", "note": "15", "stop_type": "YouBike" }, "geometry": { "type": "Point", "coordinates": [ 121.39841, 25.14916 ] } },
{ "type": "Feature", "properties": { "poi_name": "渡船頭平面停車場", "note": "33", "stop_type": "YouBike" }, "geometry": { "type": "Point", "coordinates": [ 121.43527, 25.15687 ] } },
{ "type": "Feature", "properties": { "poi_name": "訊塘廣場(義民中華路口)", "note": "21", "stop_type": "YouBike" }, "geometry": { "type": "Point", "coordinates": [ 121.39564, 25.14256 ] } },
{ "type": "Feature", "properties": { "poi_name": "八里停五平面停車場", "note": "30", "stop_type": "YouBike" }, "geometry": { "type": "Point", "coordinates": [ 121.41758, 25.15779 ] } },
{ "type": "Feature", "properties": { "poi_name": "頂罟公園", "note": "15", "stop_type": "YouBike" }, "geometry": { "type": "Point", "coordinates": [ 121.40413, 25.1533 ] } },
{ "type": "Feature", "properties": { "poi_name": "狀元公園", "note": "20", "stop_type": "YouBike" }, "geometry": { "type": "Point", "coordinates": [ 121.41036, 25.1545 ] } },
{ "type": "Feature", "properties": { "poi_name": "商港三頂罟二路口", "note": "25", "stop_type": "YouBike" }, "geometry": { "type": "Point", "coordinates": [ 121.40168, 25.15333 ] } },
{ "type": "Feature", "properties": { "poi_name": "商港六商港三路口", "note": "15", "stop_type": "YouBike" }, "geometry": { "type": "Point", "coordinates": [ 121.39589, 25.14968 ] } },
{ "type": "Feature", "properties": { "poi_name": "訊庄埔公園", "note": "15", "stop_type": "YouBike" }, "geometry": { "type": "Point", "coordinates": [ 121.39222, 25.14244 ] } },
{ "type": "Feature", "properties": { "poi_name": "八里左岸自行車道(4.4K福德宮)", "note": "15", "stop_type": "YouBike" }, "geometry": { "type": "Point", "coordinates": [ 121.44789, 25.14315 ] } },
{ "type": "Feature", "properties": { "poi_name": "中山賢一街口", "note": "17", "stop_type": "YouBike" }, "geometry": { "type": "Point", "coordinates": [ 121.42144, 25.15916 ] } },
{ "type": "Feature", "properties": { "poi_name": "商港一十三行路口", "note": "30", "stop_type": "YouBike" }, "geometry": { "type": "Point", "coordinates": [ 121.40558, 25.15483 ] } },
{ "type": "Feature", "properties": { "poi_name": "龍米路二段205巷口", "note": "22", "stop_type": "YouBike" }, "geometry": { "type": "Point", "coordinates": [ 121.43231, 25.1585 ] } },
{ "type": "Feature", "properties": { "poi_name": "淺水灣", "note": "48", "stop_type": "YouBike" }, "geometry": { "type": "Point", "coordinates": [ 121.47131, 25.25232 ] } },
{ "type": "Feature", "properties": { "poi_name": "三芝國中", "note": "14", "stop_type": "YouBike" }, "geometry": { "type": "Point", "coordinates": [ 121.50182, 25.25898 ] } },
{ "type": "Feature", "properties": { "poi_name": "櫻花水車公園", "note": "15", "stop_type": "YouBike" }, "geometry": { "type": "Point", "coordinates": [ 121.50125, 25.25119 ] } },
{ "type": "Feature", "properties": { "poi_name": "三芝兒一公園", "note": "15", "stop_type": "YouBike" }, "geometry": { "type": "Point", "coordinates": [ 121.4994, 25.25719 ] } },
{ "type": "Feature", "properties": { "poi_name": "三芝區公所", "note": "15", "stop_type": "YouBike" }, "geometry": { "type": "Point", "coordinates": [ 121.50082, 25.25788 ] } },
{ "type": "Feature", "properties": { "poi_name": "馬偕醫學大學(第二教研大樓)", "note": "26", "stop_type": "YouBike" }, "geometry": { "type": "Point", "coordinates": [ 121.49559, 25.25303 ] } },
{ "type": "Feature", "properties": { "poi_name": "馬偕醫學大學(圓環)", "note": "20", "stop_type": "YouBike" }, "geometry": { "type": "Point", "coordinates": [ 121.49571, 25.25438 ] } },
{ "type": "Feature", "properties": { "poi_name": "三芝兒三公園(三民街)", "note": "17", "stop_type": "YouBike" }, "geometry": { "type": "Point", "coordinates": [ 121.50499, 25.25874 ] } },
{ "type": "Feature", "properties": { "poi_name": "三生步道", "note": "20", "stop_type": "YouBike" }, "geometry": { "type": "Point", "coordinates": [ 121.51005, 25.26815 ] } },
{ "type": "Feature", "properties": { "poi_name": "重新重安街口", "note": "35", "stop_type": "YouBike" }, "geometry": { "type": "Point", "coordinates": [ 121.48975, 25.05844 ] } },
{ "type": "Feature", "properties": { "poi_name": "三重高中", "note": "48", "stop_type": "YouBike" }, "geometry": { "type": "Point", "coordinates": [ 121.49171, 25.05478 ] } },
{ "type": "Feature", "properties": { "poi_name": "三重國民運動中心", "note": "38", "stop_type": "YouBike" }, "geometry": { "type": "Point", "coordinates": [ 121.48849, 25.05439 ] } },
{ "type": "Feature", "properties": { "poi_name": "捷運三重站(1號出口)", "note": "61", "stop_type": "YouBike" }, "geometry": { "type": "Point", "coordinates": [ 121.48322, 25.05464 ] } },
{ "type": "Feature", "properties": { "poi_name": "中興橋(環河南路254巷口)", "note": "26", "stop_type": "YouBike" }, "geometry": { "type": "Point", "coordinates": [ 121.49138, 25.05052 ] } },
{ "type": "Feature", "properties": { "poi_name": "疏洪東竹圍仔街口", "note": "25", "stop_type": "YouBike" }, "geometry": { "type": "Point", "coordinates": [ 121.4864, 25.04861 ] } },
{ "type": "Feature", "properties": { "poi_name": "環河福德南路口", "note": "28", "stop_type": "YouBike" }, "geometry": { "type": "Point", "coordinates": [ 121.50217, 25.06029 ] } },
{ "type": "Feature", "properties": { "poi_name": "光興國小", "note": "30", "stop_type": "YouBike" }, "geometry": { "type": "Point", "coordinates": [ 121.49978, 25.06027 ] } },
{ "type": "Feature", "properties": { "poi_name": "三光國小(金滿意)", "note": "45", "stop_type": "YouBike" }, "geometry": { "type": "Point", "coordinates": [ 121.49687, 25.05596 ] } },
{ "type": "Feature", "properties": { "poi_name": "聯邦公園", "note": "54", "stop_type": "YouBike" }, "geometry": { "type": "Point", "coordinates": [ 121.48371, 25.06445 ] } },
{ "type": "Feature", "properties": { "poi_name": "興華公園", "note": "45", "stop_type": "YouBike" }, "geometry": { "type": "Point", "coordinates": [ 121.4831, 25.06013 ] } },
{ "type": "Feature", "properties": { "poi_name": "文中小停車場", "note": "44", "stop_type": "YouBike" }, "geometry": { "type": "Point", "coordinates": [ 121.48255, 25.05899 ] } },
{ "type": "Feature", "properties": { "poi_name": "三重行政中心", "note": "59", "stop_type": "YouBike" }, "geometry": { "type": "Point", "coordinates": [ 121.48823, 25.06057 ] } },
{ "type": "Feature", "properties": { "poi_name": "捷運菜寮站(3號出口)", "note": "60", "stop_type": "YouBike" }, "geometry": { "type": "Point", "coordinates": [ 121.4922, 25.06047 ] } },
{ "type": "Feature", "properties": { "poi_name": "三重綜合體育館", "note": "52", "stop_type": "YouBike" }, "geometry": { "type": "Point", "coordinates": [ 121.49193, 25.06145 ] } },
{ "type": "Feature", "properties": { "poi_name": "三重商工(後竹圍街)", "note": "30", "stop_type": "YouBike" }, "geometry": { "type": "Point", "coordinates": [ 121.47976, 25.07031 ] } },
{ "type": "Feature", "properties": { "poi_name": "力行大勇街口", "note": "33", "stop_type": "YouBike" }, "geometry": { "type": "Point", "coordinates": [ 121.48151, 25.07193 ] } },
{ "type": "Feature", "properties": { "poi_name": "後竹圍市民活動中心", "note": "45", "stop_type": "YouBike" }, "geometry": { "type": "Point", "coordinates": [ 121.48576, 25.07246 ] } },
{ "type": "Feature", "properties": { "poi_name": "和平公園", "note": "20", "stop_type": "YouBike" }, "geometry": { "type": "Point", "coordinates": [ 121.48571, 25.07088 ] } },
{ "type": "Feature", "properties": { "poi_name": "六合公園", "note": "44", "stop_type": "YouBike" }, "geometry": { "type": "Point", "coordinates": [ 121.48759, 25.0695 ] } },
{ "type": "Feature", "properties": { "poi_name": "三張公園", "note": "45", "stop_type": "YouBike" }, "geometry": { "type": "Point", "coordinates": [ 121.49094, 25.07051 ] } },
{ "type": "Feature", "properties": { "poi_name": "厚德公園", "note": "41", "stop_type": "YouBike" }, "geometry": { "type": "Point", "coordinates": [ 121.4912, 25.07199 ] } },
{ "type": "Feature", "properties": { "poi_name": "修德國小", "note": "34", "stop_type": "YouBike" }, "geometry": { "type": "Point", "coordinates": [ 121.49045, 25.0653 ] } },
{ "type": "Feature", "properties": { "poi_name": "明志國中", "note": "57", "stop_type": "YouBike" }, "geometry": { "type": "Point", "coordinates": [ 121.48898, 25.0634 ] } },
{ "type": "Feature", "properties": { "poi_name": "龍門龍濱路口", "note": "30", "stop_type": "YouBike" }, "geometry": { "type": "Point", "coordinates": [ 121.50098, 25.07348 ] } },
{ "type": "Feature", "properties": { "poi_name": "三德公園", "note": "36", "stop_type": "YouBike" }, "geometry": { "type": "Point", "coordinates": [ 121.500769240454019, 25.075005324200696 ] } },
{ "type": "Feature", "properties": { "poi_name": "開元市民活動中心", "note": "36", "stop_type": "YouBike" }, "geometry": { "type": "Point", "coordinates": [ 121.50356, 25.06607 ] } },
{ "type": "Feature", "properties": { "poi_name": "信義公園", "note": "32", "stop_type": "YouBike" }, "geometry": { "type": "Point", "coordinates": [ 121.49875, 25.0648 ] } },
{ "type": "Feature", "properties": { "poi_name": "集成成功路口", "note": "35", "stop_type": "YouBike" }, "geometry": { "type": "Point", "coordinates": [ 121.48821, 25.05154 ] } },
{ "type": "Feature", "properties": { "poi_name": "翔譽雙子星", "note": "36", "stop_type": "YouBike" }, "geometry": { "type": "Point", "coordinates": [ 121.49292, 25.05364 ] } },
{ "type": "Feature", "properties": { "poi_name": "穀保家商", "note": "33", "stop_type": "YouBike" }, "geometry": { "type": "Point", "coordinates": [ 121.47103, 25.0681 ] } },
{ "type": "Feature", "properties": { "poi_name": "正義公園", "note": "48", "stop_type": "YouBike" }, "geometry": { "type": "Point", "coordinates": [ 121.49782, 25.06855 ] } },
{ "type": "Feature", "properties": { "poi_name": "大智公園", "note": "30", "stop_type": "YouBike" }, "geometry": { "type": "Point", "coordinates": [ 121.49445, 25.06361 ] } },
{ "type": "Feature", "properties": { "poi_name": "捷運三重國小站", "note": "52", "stop_type": "YouBike" }, "geometry": { "type": "Point", "coordinates": [ 121.49713, 25.07042 ] } },
{ "type": "Feature", "properties": { "poi_name": "碧華公園", "note": "36", "stop_type": "YouBike" }, "geometry": { "type": "Point", "coordinates": [ 121.48749, 25.08374 ] } },
{ "type": "Feature", "properties": { "poi_name": "三重永豐公園", "note": "31", "stop_type": "YouBike" }, "geometry": { "type": "Point", "coordinates": [ 121.47816, 25.07463 ] } },
{ "type": "Feature", "properties": { "poi_name": "先嗇宮", "note": "30", "stop_type": "YouBike" }, "geometry": { "type": "Point", "coordinates": [ 121.47601, 25.05119 ] } },
{ "type": "Feature", "properties": { "poi_name": "中興北街42巷17弄", "note": "28", "stop_type": "YouBike" }, "geometry": { "type": "Point", "coordinates": [ 121.46892, 25.05006 ] } },
{ "type": "Feature", "properties": { "poi_name": "慈愛公園", "note": "23", "stop_type": "YouBike" }, "geometry": { "type": "Point", "coordinates": [ 121.48461, 25.08119 ] } },
{ "type": "Feature", "properties": { "poi_name": "進安公園", "note": "33", "stop_type": "YouBike" }, "geometry": { "type": "Point", "coordinates": [ 121.49377, 25.08603 ] } },
{ "type": "Feature", "properties": { "poi_name": "三重五常公園", "note": "32", "stop_type": "YouBike" }, "geometry": { "type": "Point", "coordinates": [ 121.49615, 25.08065 ] } },
{ "type": "Feature", "properties": { "poi_name": "五福里(五華街)", "note": "39", "stop_type": "YouBike" }, "geometry": { "type": "Point", "coordinates": [ 121.4939, 25.08173 ] } },
{ "type": "Feature", "properties": { "poi_name": "碧華公園(集勇街)", "note": "45", "stop_type": "YouBike" }, "geometry": { "type": "Point", "coordinates": [ 121.48554, 25.08415 ] } },
{ "type": "Feature", "properties": { "poi_name": "新北高中", "note": "88", "stop_type": "YouBike" }, "geometry": { "type": "Point", "coordinates": [ 121.48953, 25.08723 ] } },
{ "type": "Feature", "properties": { "poi_name": "三重商工", "note": "77", "stop_type": "YouBike" }, "geometry": { "type": "Point", "coordinates": [ 121.48071, 25.06868 ] } },
{ "type": "Feature", "properties": { "poi_name": "二重國中", "note": "38", "stop_type": "YouBike" }, "geometry": { "type": "Point", "coordinates": [ 121.48047, 25.06596 ] } },
{ "type": "Feature", "properties": { "poi_name": "自強溪尾街口", "note": "52", "stop_type": "YouBike" }, "geometry": { "type": "Point", "coordinates": [ 121.49016, 25.07822 ] } },
{ "type": "Feature", "properties": { "poi_name": "捷運三和國中站(1號出口)", "note": "95", "stop_type": "YouBike" }, "geometry": { "type": "Point", "coordinates": [ 121.4878, 25.07588 ] } },
{ "type": "Feature", "properties": { "poi_name": "永盛公園", "note": "45", "stop_type": "YouBike" }, "geometry": { "type": "Point", "coordinates": [ 121.4843, 25.07613 ] } },
{ "type": "Feature", "properties": { "poi_name": "捷運先嗇宮站(2號出口)", "note": "64", "stop_type": "YouBike" }, "geometry": { "type": "Point", "coordinates": [ 121.47099, 25.04607 ] } },
{ "type": "Feature", "properties": { "poi_name": "藍天大樓", "note": "30", "stop_type": "YouBike" }, "geometry": { "type": "Point", "coordinates": [ 121.47017, 25.0531 ] } },
{ "type": "Feature", "properties": { "poi_name": "中興北街175巷口", "note": "36", "stop_type": "YouBike" }, "geometry": { "type": "Point", "coordinates": [ 121.4696, 25.05595 ] } },
{ "type": "Feature", "properties": { "poi_name": "同安公園", "note": "38", "stop_type": "YouBike" }, "geometry": { "type": "Point", "coordinates": [ 121.49907, 25.05732 ] } },
{ "type": "Feature", "properties": { "poi_name": "東海高中", "note": "31", "stop_type": "YouBike" }, "geometry": { "type": "Point", "coordinates": [ 121.47942, 25.06484 ] } },
{ "type": "Feature", "properties": { "poi_name": "二重國小", "note": "43", "stop_type": "YouBike" }, "geometry": { "type": "Point", "coordinates": [ 121.47766, 25.06598 ] } },
{ "type": "Feature", "properties": { "poi_name": "新北市立圖書館三重分館", "note": "45", "stop_type": "YouBike" }, "geometry": { "type": "Point", "coordinates": [ 121.49553, 25.0661 ] } },
{ "type": "Feature", "properties": { "poi_name": "龍門公園", "note": "48", "stop_type": "YouBike" }, "geometry": { "type": "Point", "coordinates": [ 121.49848, 25.07482 ] } },
{ "type": "Feature", "properties": { "poi_name": "永福國小", "note": "33", "stop_type": "YouBike" }, "geometry": { "type": "Point", "coordinates": [ 121.48032, 25.07771 ] } },
{ "type": "Feature", "properties": { "poi_name": "太陽公園", "note": "44", "stop_type": "YouBike" }, "geometry": { "type": "Point", "coordinates": [ 121.4856, 25.08645 ] } },
{ "type": "Feature", "properties": { "poi_name": "捷運三重站(3號出口)", "note": "33", "stop_type": "YouBike" }, "geometry": { "type": "Point", "coordinates": [ 121.48474, 25.05588 ] } },
{ "type": "Feature", "properties": { "poi_name": "仁愛街112巷", "note": "26", "stop_type": "YouBike" }, "geometry": { "type": "Point", "coordinates": [ 121.49488, 25.07486 ] } },
{ "type": "Feature", "properties": { "poi_name": "頂崁公園", "note": "24", "stop_type": "YouBike" }, "geometry": { "type": "Point", "coordinates": [ 121.4756, 25.05493 ] } },
{ "type": "Feature", "properties": { "poi_name": "重陽國小", "note": "61", "stop_type": "YouBike" }, "geometry": { "type": "Point", "coordinates": [ 121.48488, 25.0662 ] } },
{ "type": "Feature", "properties": { "poi_name": "力行地下停車場", "note": "20", "stop_type": "YouBike" }, "geometry": { "type": "Point", "coordinates": [ 121.48287, 25.07787 ] } },
{ "type": "Feature", "properties": { "poi_name": "三重親水公園", "note": "18", "stop_type": "YouBike" }, "geometry": { "type": "Point", "coordinates": [ 121.49039, 25.09114 ] } },
{ "type": "Feature", "properties": { "poi_name": "中正北路193巷(愛買三重店)", "note": "37", "stop_type": "YouBike" }, "geometry": { "type": "Point", "coordinates": [ 121.47599, 25.07136 ] } },
{ "type": "Feature", "properties": { "poi_name": "三重商工地下停車場", "note": "64", "stop_type": "YouBike" }, "geometry": { "type": "Point", "coordinates": [ 121.48352, 25.06966 ] } },
{ "type": "Feature", "properties": { "poi_name": "三重棒球場", "note": "25", "stop_type": "YouBike" }, "geometry": { "type": "Point", "coordinates": [ 121.4815, 25.0613 ] } },
{ "type": "Feature", "properties": { "poi_name": "溪尾街196巷/仁美街口", "note": "18", "stop_type": "YouBike" }, "geometry": { "type": "Point", "coordinates": [ 121.48587, 25.0802 ] } },
{ "type": "Feature", "properties": { "poi_name": "六張公園", "note": "42", "stop_type": "YouBike" }, "geometry": { "type": "Point", "coordinates": [ 121.49405, 25.06966 ] } },
{ "type": "Feature", "properties": { "poi_name": "自然公園", "note": "36", "stop_type": "YouBike" }, "geometry": { "type": "Point", "coordinates": [ 121.48799, 25.08984 ] } },
{ "type": "Feature", "properties": { "poi_name": "仁美街/三和路四段145巷口", "note": "12", "stop_type": "YouBike" }, "geometry": { "type": "Point", "coordinates": [ 121.48636, 25.07872 ] } },
{ "type": "Feature", "properties": { "poi_name": "光明市場", "note": "27", "stop_type": "YouBike" }, "geometry": { "type": "Point", "coordinates": [ 121.49181, 25.05734 ] } },
{ "type": "Feature", "properties": { "poi_name": "元富一街/仁義街79巷口", "note": "15", "stop_type": "YouBike" }, "geometry": { "type": "Point", "coordinates": [ 121.49955, 25.08006 ] } },
{ "type": "Feature", "properties": { "poi_name": "國隆大仁街口", "note": "17", "stop_type": "YouBike" }, "geometry": { "type": "Point", "coordinates": [ 121.492, 25.06468 ] } },
{ "type": "Feature", "properties": { "poi_name": "三和慈愛街口", "note": "11", "stop_type": "YouBike" }, "geometry": { "type": "Point", "coordinates": [ 121.48417, 25.07814 ] } },
{ "type": "Feature", "properties": { "poi_name": "三重社會福利服務中心", "note": "11", "stop_type": "YouBike" }, "geometry": { "type": "Point", "coordinates": [ 121.49128, 25.07781 ] } },
{ "type": "Feature", "properties": { "poi_name": "捷運三和國中站(2號出口)", "note": "17", "stop_type": "YouBike" }, "geometry": { "type": "Point", "coordinates": [ 121.48635, 25.07703 ] } },
{ "type": "Feature", "properties": { "poi_name": "三和龍門路口", "note": "18", "stop_type": "YouBike" }, "geometry": { "type": "Point", "coordinates": [ 121.4949, 25.0718 ] } },
{ "type": "Feature", "properties": { "poi_name": "元信二仁愛街口", "note": "20", "stop_type": "YouBike" }, "geometry": { "type": "Point", "coordinates": [ 121.49417, 25.07709 ] } },
{ "type": "Feature", "properties": { "poi_name": "力行路二段91巷口", "note": "13", "stop_type": "YouBike" }, "geometry": { "type": "Point", "coordinates": [ 121.48255, 25.07583 ] } },
{ "type": "Feature", "properties": { "poi_name": "永福國小(永福街72巷)", "note": "31", "stop_type": "YouBike" }, "geometry": { "type": "Point", "coordinates": [ 121.47985, 25.07657 ] } },
{ "type": "Feature", "properties": { "poi_name": "格致中學", "note": "24", "stop_type": "YouBike" }, "geometry": { "type": "Point", "coordinates": [ 121.48907, 25.07403 ] } },
{ "type": "Feature", "properties": { "poi_name": "三重派出所", "note": "15", "stop_type": "YouBike" }, "geometry": { "type": "Point", "coordinates": [ 121.5023, 25.06395 ] } },
{ "type": "Feature", "properties": { "poi_name": "重陽橋市民活動中心", "note": "15", "stop_type": "YouBike" }, "geometry": { "type": "Point", "coordinates": [ 121.49602, 25.08634 ] } },
{ "type": "Feature", "properties": { "poi_name": "二重埔市民活動中心", "note": "30", "stop_type": "YouBike" }, "geometry": { "type": "Point", "coordinates": [ 121.47492, 25.06622 ] } },
{ "type": "Feature", "properties": { "poi_name": "神農街/光復路二段129巷口", "note": "26", "stop_type": "YouBike" }, "geometry": { "type": "Point", "coordinates": [ 121.47409, 25.05899 ] } },
{ "type": "Feature", "properties": { "poi_name": "光榮國中(秀江街)", "note": "20", "stop_type": "YouBike" }, "geometry": { "type": "Point", "coordinates": [ 121.49994, 25.07221 ] } },
{ "type": "Feature", "properties": { "poi_name": "神農興德路口(恆美社區)", "note": "40", "stop_type": "YouBike" }, "geometry": { "type": "Point", "coordinates": [ 121.47427, 25.05333 ] } },
{ "type": "Feature", "properties": { "poi_name": "正義國小地下停車場", "note": "13", "stop_type": "YouBike" }, "geometry": { "type": "Point", "coordinates": [ 121.49491, 25.06492 ] } },
{ "type": "Feature", "properties": { "poi_name": "群光公園", "note": "15", "stop_type": "YouBike" }, "geometry": { "type": "Point", "coordinates": [ 121.47404, 25.05604 ] } },
{ "type": "Feature", "properties": { "poi_name": "仁信段平面停車場", "note": "12", "stop_type": "YouBike" }, "geometry": { "type": "Point", "coordinates": [ 121.49629, 25.07914 ] } },
{ "type": "Feature", "properties": { "poi_name": "中正北路25巷(交響院社區)", "note": "40", "stop_type": "YouBike" }, "geometry": { "type": "Point", "coordinates": [ 121.49185, 25.06318 ] } },
{ "type": "Feature", "properties": { "poi_name": "興穀國小", "note": "35", "stop_type": "YouBike" }, "geometry": { "type": "Point", "coordinates": [ 121.47421, 25.04937 ] } },
{ "type": "Feature", "properties": { "poi_name": "三重區停八停車場", "note": "17", "stop_type": "YouBike" }, "geometry": { "type": "Point", "coordinates": [ 121.47621, 25.05365 ] } },
{ "type": "Feature", "properties": { "poi_name": "國道車路頭街口", "note": "20", "stop_type": "YouBike" }, "geometry": { "type": "Point", "coordinates": [ 121.48424, 25.07307 ] } },
{ "type": "Feature", "properties": { "poi_name": "仁愛街422巷口", "note": "17", "stop_type": "YouBike" }, "geometry": { "type": "Point", "coordinates": [ 121.49026, 25.08153 ] } },
{ "type": "Feature", "properties": { "poi_name": "德厚公園", "note": "15", "stop_type": "YouBike" }, "geometry": { "type": "Point", "coordinates": [ 121.47809, 25.04883 ] } },
{ "type": "Feature", "properties": { "poi_name": "永德市民活動中心", "note": "20", "stop_type": "YouBike" }, "geometry": { "type": "Point", "coordinates": [ 121.48842, 25.07285 ] } },
{ "type": "Feature", "properties": { "poi_name": "龍濱公園", "note": "14", "stop_type": "YouBike" }, "geometry": { "type": "Point", "coordinates": [ 121.50218, 25.07298 ] } },
{ "type": "Feature", "properties": { "poi_name": "簡仔舍街(河家歡社區)", "note": "40", "stop_type": "YouBike" }, "geometry": { "type": "Point", "coordinates": [ 121.48652, 25.05138 ] } },
{ "type": "Feature", "properties": { "poi_name": "碧華國中(三賢街)", "note": "30", "stop_type": "YouBike" }, "geometry": { "type": "Point", "coordinates": [ 121.48832, 25.08861 ] } },
{ "type": "Feature", "properties": { "poi_name": "溪尾街(國道橋下)", "note": "15", "stop_type": "YouBike" }, "geometry": { "type": "Point", "coordinates": [ 121.49151, 25.07486 ] } },
{ "type": "Feature", "properties": { "poi_name": "重新路五段(心天匯社區)", "note": "40", "stop_type": "YouBike" }, "geometry": { "type": "Point", "coordinates": [ 121.46815, 25.04468 ] } },
{ "type": "Feature", "properties": { "poi_name": "興德路134號(前)", "note": "20", "stop_type": "YouBike" }, "geometry": { "type": "Point", "coordinates": [ 121.47102, 25.05287 ] } },
{ "type": "Feature", "properties": { "poi_name": "自強臨時平面停車場", "note": "21", "stop_type": "YouBike" }, "geometry": { "type": "Point", "coordinates": [ 121.49515, 25.08229 ] } },
{ "type": "Feature", "properties": { "poi_name": "仁義街26巷", "note": "17", "stop_type": "YouBike" }, "geometry": { "type": "Point", "coordinates": [ 121.49811, 25.0774 ] } },
{ "type": "Feature", "properties": { "poi_name": "中正北重陽路口", "note": "12", "stop_type": "YouBike" }, "geometry": { "type": "Point", "coordinates": [ 121.48736, 25.06417 ] } },
{ "type": "Feature", "properties": { "poi_name": "光復路一段15巷口", "note": "29", "stop_type": "YouBike" }, "geometry": { "type": "Point", "coordinates": [ 121.47213, 25.04751 ] } },
{ "type": "Feature", "properties": { "poi_name": "光復路一段99巷口", "note": "18", "stop_type": "YouBike" }, "geometry": { "type": "Point", "coordinates": [ 121.47209, 25.05109 ] } },
{ "type": "Feature", "properties": { "poi_name": "光復興德路口(東南側)", "note": "18", "stop_type": "YouBike" }, "geometry": { "type": "Point", "coordinates": [ 121.4721, 25.05251 ] } },
{ "type": "Feature", "properties": { "poi_name": "光復路二段42巷口", "note": "18", "stop_type": "YouBike" }, "geometry": { "type": "Point", "coordinates": [ 121.47203, 25.05452 ] } },
{ "type": "Feature", "properties": { "poi_name": "光復中興北街175巷口(西北側)", "note": "41", "stop_type": "YouBike" }, "geometry": { "type": "Point", "coordinates": [ 121.47205, 25.05676 ] } },
{ "type": "Feature", "properties": { "poi_name": "集美街58巷口(東北側)", "note": "16", "stop_type": "YouBike" }, "geometry": { "type": "Point", "coordinates": [ 121.48833, 25.055 ] } },
{ "type": "Feature", "properties": { "poi_name": "三和路四段73號旁", "note": "15", "stop_type": "YouBike" }, "geometry": { "type": "Point", "coordinates": [ 121.48977, 25.07513 ] } },
{ "type": "Feature", "properties": { "poi_name": "三信集英路口", "note": "13", "stop_type": "YouBike" }, "geometry": { "type": "Point", "coordinates": [ 121.48748, 25.08563 ] } },
{ "type": "Feature", "properties": { "poi_name": "慈化公園", "note": "16", "stop_type": "YouBike" }, "geometry": { "type": "Point", "coordinates": [ 121.48864, 25.08461 ] } },
{ "type": "Feature", "properties": { "poi_name": "三張地下停車場", "note": "22", "stop_type": "YouBike" }, "geometry": { "type": "Point", "coordinates": [ 121.48981, 25.07054 ] } },
{ "type": "Feature", "properties": { "poi_name": "仁愛仁和街口", "note": "15", "stop_type": "YouBike" }, "geometry": { "type": "Point", "coordinates": [ 121.49569, 25.07354 ] } },
{ "type": "Feature", "properties": { "poi_name": "修德國小(重陽路三段)", "note": "22", "stop_type": "YouBike" }, "geometry": { "type": "Point", "coordinates": [ 121.48895, 25.0662 ] } },
{ "type": "Feature", "properties": { "poi_name": "三重重陽公園", "note": "15", "stop_type": "YouBike" }, "geometry": { "type": "Point", "coordinates": [ 121.48367, 25.05753 ] } },
{ "type": "Feature", "properties": { "poi_name": "三和國中(自強路三段110巷)", "note": "22", "stop_type": "YouBike" }, "geometry": { "type": "Point", "coordinates": [ 121.48694, 25.0748 ] } },
{ "type": "Feature", "properties": { "poi_name": "頂崁街210巷28弄口", "note": "15", "stop_type": "YouBike" }, "geometry": { "type": "Point", "coordinates": [ 121.47586, 25.06803 ] } },
{ "type": "Feature", "properties": { "poi_name": "河邊北街100巷口", "note": "20", "stop_type": "YouBike" }, "geometry": { "type": "Point", "coordinates": [ 121.50404, 25.07043 ] } },
{ "type": "Feature", "properties": { "poi_name": "谷王公園", "note": "18", "stop_type": "YouBike" }, "geometry": { "type": "Point", "coordinates": [ 121.47718, 25.05283 ] } },
{ "type": "Feature", "properties": { "poi_name": "仁義街37巷元富一街口", "note": "40", "stop_type": "YouBike" }, "geometry": { "type": "Point", "coordinates": [ 121.5003, 25.07785 ] } },
{ "type": "Feature", "properties": { "poi_name": "仁信段平面停車場(元信一街)", "note": "30", "stop_type": "YouBike" }, "geometry": { "type": "Point", "coordinates": [ 121.49692, 25.07791 ] } },
{ "type": "Feature", "properties": { "poi_name": "三重忠孝公園", "note": "28", "stop_type": "YouBike" }, "geometry": { "type": "Point", "coordinates": [ 121.47932, 25.06325 ] } },
{ "type": "Feature", "properties": { "poi_name": "三重環河陸橋", "note": "16", "stop_type": "YouBike" }, "geometry": { "type": "Point", "coordinates": [ 121.49943, 25.08149 ] } },
{ "type": "Feature", "properties": { "poi_name": "仁愛仁政街145巷口", "note": "18", "stop_type": "YouBike" }, "geometry": { "type": "Point", "coordinates": [ 121.49219, 25.07949 ] } },
{ "type": "Feature", "properties": { "poi_name": "仁愛街458巷口", "note": "23", "stop_type": "YouBike" }, "geometry": { "type": "Point", "coordinates": [ 121.49015, 25.08211 ] } },
{ "type": "Feature", "properties": { "poi_name": "重新橋第1市民活動中心", "note": "15", "stop_type": "YouBike" }, "geometry": { "type": "Point", "coordinates": [ 121.48563, 25.05355 ] } },
{ "type": "Feature", "properties": { "poi_name": "集賢三信路口(南側)", "note": "17", "stop_type": "YouBike" }, "geometry": { "type": "Point", "coordinates": [ 121.49187, 25.08861 ] } },
{ "type": "Feature", "properties": { "poi_name": "水漾成功一街口", "note": "32", "stop_type": "YouBike" }, "geometry": { "type": "Point", "coordinates": [ 121.48557, 25.05004 ] } },
{ "type": "Feature", "properties": { "poi_name": "新北大道二段139巷", "note": "11", "stop_type": "YouBike" }, "geometry": { "type": "Point", "coordinates": [ 121.46662, 25.05981 ] } },
{ "type": "Feature", "properties": { "poi_name": "長榮龍濱路口", "note": "19", "stop_type": "YouBike" }, "geometry": { "type": "Point", "coordinates": [ 121.50238, 25.06908 ] } },
{ "type": "Feature", "properties": { "poi_name": "恩主公醫院", "note": "54", "stop_type": "YouBike" }, "geometry": { "type": "Point", "coordinates": [ 121.36355, 24.93891 ] } },
{ "type": "Feature", "properties": { "poi_name": "安溪國小", "note": "28", "stop_type": "YouBike" }, "geometry": { "type": "Point", "coordinates": [ 121.37265, 24.93122 ] } },
{ "type": "Feature", "properties": { "poi_name": "介壽國小", "note": "26", "stop_type": "YouBike" }, "geometry": { "type": "Point", "coordinates": [ 121.37912, 24.93026 ] } },
{ "type": "Feature", "properties": { "poi_name": "安溪國中", "note": "20", "stop_type": "YouBike" }, "geometry": { "type": "Point", "coordinates": [ 121.37185, 24.92638 ] } },
{ "type": "Feature", "properties": { "poi_name": "三峽國光青年社會住宅", "note": "30", "stop_type": "YouBike" }, "geometry": { "type": "Point", "coordinates": [ 121.37686, 24.93743 ] } },
{ "type": "Feature", "properties": { "poi_name": "三峽區公所(三峽老街)", "note": "33", "stop_type": "YouBike" }, "geometry": { "type": "Point", "coordinates": [ 121.36929, 24.9339 ] } },
{ "type": "Feature", "properties": { "poi_name": "中園國小", "note": "20", "stop_type": "YouBike" }, "geometry": { "type": "Point", "coordinates": [ 121.366740350529099, 24.927562225588048 ] } },
{ "type": "Feature", "properties": { "poi_name": "復興民生街口", "note": "32", "stop_type": "YouBike" }, "geometry": { "type": "Point", "coordinates": [ 121.373398093427113, 24.936959752151225 ] } },
{ "type": "Feature", "properties": { "poi_name": "三峽國中", "note": "33", "stop_type": "YouBike" }, "geometry": { "type": "Point", "coordinates": [ 121.369, 24.9389 ] } },
{ "type": "Feature", "properties": { "poi_name": "海洋公園", "note": "25", "stop_type": "YouBike" }, "geometry": { "type": "Point", "coordinates": [ 121.37676, 24.94776 ] } },
{ "type": "Feature", "properties": { "poi_name": "龍埔國小", "note": "45", "stop_type": "YouBike" }, "geometry": { "type": "Point", "coordinates": [ 121.37676, 24.94104 ] } },
{ "type": "Feature", "properties": { "poi_name": "國立臺北大學(三峽校區)", "note": "63", "stop_type": "YouBike" }, "geometry": { "type": "Point", "coordinates": [ 121.3729, 24.94594 ] } },
{ "type": "Feature", "properties": { "poi_name": "三鶯國民運動中心", "note": "17", "stop_type": "YouBike" }, "geometry": { "type": "Point", "coordinates": [ 121.36858, 24.93697 ] } },
{ "type": "Feature", "properties": { "poi_name": "臺北大學(音律資訊大樓)", "note": "78", "stop_type": "YouBike" }, "geometry": { "type": "Point", "coordinates": [ 121.36992, 24.94278 ] } },
{ "type": "Feature", "properties": { "poi_name": "臺北大學體育館", "note": "44", "stop_type": "YouBike" }, "geometry": { "type": "Point", "coordinates": [ 121.36688, 24.93974 ] } },
{ "type": "Feature", "properties": { "poi_name": "中華愛國路口", "note": "10", "stop_type": "YouBike" }, "geometry": { "type": "Point", "coordinates": [ 121.37462, 24.9327 ] } },
{ "type": "Feature", "properties": { "poi_name": "中山科學研究院", "note": "14", "stop_type": "YouBike" }, "geometry": { "type": "Point", "coordinates": [ 121.35512, 24.90328 ] } },
{ "type": "Feature", "properties": { "poi_name": "學成大義路口(學成路一)", "note": "13", "stop_type": "YouBike" }, "geometry": { "type": "Point", "coordinates": [ 121.37803, 24.94477 ] } },
{ "type": "Feature", "properties": { "poi_name": "龍埔三樹路98巷口", "note": "42", "stop_type": "YouBike" }, "geometry": { "type": "Point", "coordinates": [ 121.38393, 24.93989 ] } },
{ "type": "Feature", "properties": { "poi_name": "三峽區礁溪行政中心", "note": "20", "stop_type": "YouBike" }, "geometry": { "type": "Point", "coordinates": [ 121.37592, 24.92843 ] } },
{ "type": "Feature", "properties": { "poi_name": "新北市客家文化園區", "note": "39", "stop_type": "YouBike" }, "geometry": { "type": "Point", "coordinates": [ 121.36034, 24.94207 ] } },
{ "type": "Feature", "properties": { "poi_name": "龍恩公園", "note": "26", "stop_type": "YouBike" }, "geometry": { "type": "Point", "coordinates": [ 121.37052, 24.94135 ] } },
{ "type": "Feature", "properties": { "poi_name": "龍埔公園", "note": "28", "stop_type": "YouBike" }, "geometry": { "type": "Point", "coordinates": [ 121.3742, 24.93841 ] } },
{ "type": "Feature", "properties": { "poi_name": "大智中山路口", "note": "20", "stop_type": "YouBike" }, "geometry": { "type": "Point", "coordinates": [ 121.36059, 24.93708 ] } },
{ "type": "Feature", "properties": { "poi_name": "明德高中", "note": "52", "stop_type": "YouBike" }, "geometry": { "type": "Point", "coordinates": [ 121.36472, 24.90742 ] } },
{ "type": "Feature", "properties": { "poi_name": "學府大學路口", "note": "18", "stop_type": "YouBike" }, "geometry": { "type": "Point", "coordinates": [ 121.3718, 24.94779 ] } },
{ "type": "Feature", "properties": { "poi_name": "學府大德路口", "note": "12", "stop_type": "YouBike" }, "geometry": { "type": "Point", "coordinates": [ 121.37362, 24.94864 ] } },
{ "type": "Feature", "properties": { "poi_name": "大德學勤路口", "note": "15", "stop_type": "YouBike" }, "geometry": { "type": "Point", "coordinates": [ 121.37506, 24.94634 ] } },
{ "type": "Feature", "properties": { "poi_name": "學勤大觀路口", "note": "15", "stop_type": "YouBike" }, "geometry": { "type": "Point", "coordinates": [ 121.3743, 24.94584 ] } },
{ "type": "Feature", "properties": { "poi_name": "學成大德路口", "note": "19", "stop_type": "YouBike" }, "geometry": { "type": "Point", "coordinates": [ 121.37634, 24.94334 ] } },
{ "type": "Feature", "properties": { "poi_name": "三樹大德路口", "note": "15", "stop_type": "YouBike" }, "geometry": { "type": "Point", "coordinates": [ 121.37871, 24.94163 ] } },
{ "type": "Feature", "properties": { "poi_name": "大義三樹路口", "note": "14", "stop_type": "YouBike" }, "geometry": { "type": "Point", "coordinates": [ 121.37899, 24.94357 ] } },
{ "type": "Feature", "properties": { "poi_name": "中園國小(民權街)", "note": "19", "stop_type": "YouBike" }, "geometry": { "type": "Point", "coordinates": [ 121.36767, 24.92853 ] } },
{ "type": "Feature", "properties": { "poi_name": "三峽國小(中山路)", "note": "21", "stop_type": "YouBike" }, "geometry": { "type": "Point", "coordinates": [ 121.36779, 24.93474 ] } },
{ "type": "Feature", "properties": { "poi_name": "臺北大學宿舍(學成路)", "note": "36", "stop_type": "YouBike" }, "geometry": { "type": "Point", "coordinates": [ 121.36856, 24.94092 ] } },
{ "type": "Feature", "properties": { "poi_name": "國際二國學街口", "note": "15", "stop_type": "YouBike" }, "geometry": { "type": "Point", "coordinates": [ 121.37233, 24.94319 ] } },
{ "type": "Feature", "properties": { "poi_name": "大學學成路口", "note": "11", "stop_type": "YouBike" }, "geometry": { "type": "Point", "coordinates": [ 121.37521, 24.94298 ] } },
{ "type": "Feature", "properties": { "poi_name": "國慶三樹路口", "note": "20", "stop_type": "YouBike" }, "geometry": { "type": "Point", "coordinates": [ 121.37738, 24.93826 ] } },
{ "type": "Feature", "properties": { "poi_name": "三樹大學路口", "note": "24", "stop_type": "YouBike" }, "geometry": { "type": "Point", "coordinates": [ 121.37816, 24.93951 ] } },
{ "type": "Feature", "properties": { "poi_name": "薇多綠雅社區(警衛亭)", "note": "19", "stop_type": "YouBike" }, "geometry": { "type": "Point", "coordinates": [ 121.35816, 24.90883 ] } },
{ "type": "Feature", "properties": { "poi_name": "薇多綠雅社區(活動中心)", "note": "15", "stop_type": "YouBike" }, "geometry": { "type": "Point", "coordinates": [ 121.35727, 24.90955 ] } },
{ "type": "Feature", "properties": { "poi_name": "溪東市民活動中心", "note": "20", "stop_type": "YouBike" }, "geometry": { "type": "Point", "coordinates": [ 121.40753, 24.93192 ] } },
{ "type": "Feature", "properties": { "poi_name": "光明路69巷口", "note": "17", "stop_type": "YouBike" }, "geometry": { "type": "Point", "coordinates": [ 121.37726, 24.92918 ] } },
{ "type": "Feature", "properties": { "poi_name": "大同路270巷口", "note": "15", "stop_type": "YouBike" }, "geometry": { "type": "Point", "coordinates": [ 121.36551, 24.92526 ] } },
{ "type": "Feature", "properties": { "poi_name": "龍埔自行車道(民生街1巷)", "note": "20", "stop_type": "YouBike" }, "geometry": { "type": "Point", "coordinates": [ 121.37824, 24.93455 ] } },
{ "type": "Feature", "properties": { "poi_name": "龍埔介壽路口", "note": "30", "stop_type": "YouBike" }, "geometry": { "type": "Point", "coordinates": [ 121.39008, 24.93513 ] } },
{ "type": "Feature", "properties": { "poi_name": "國慶學成路口", "note": "10", "stop_type": "YouBike" }, "geometry": { "type": "Point", "coordinates": [ 121.37397, 24.94095 ] } },
{ "type": "Feature", "properties": { "poi_name": "中園街福隆宮", "note": "15", "stop_type": "YouBike" }, "geometry": { "type": "Point", "coordinates": [ 121.36717, 24.92239 ] } },
{ "type": "Feature", "properties": { "poi_name": "臺北大學蓮池", "note": "34", "stop_type": "YouBike" }, "geometry": { "type": "Point", "coordinates": [ 121.37117, 24.94723 ] } },
{ "type": "Feature", "properties": { "poi_name": "臺北大學商學院(尋鳶大道)", "note": "11", "stop_type": "YouBike" }, "geometry": { "type": "Point", "coordinates": [ 121.37249, 24.94557 ] } },
{ "type": "Feature", "properties": { "poi_name": "臺北大學商學院(法商大道)", "note": "26", "stop_type": "YouBike" }, "geometry": { "type": "Point", "coordinates": [ 121.37146, 24.94499 ] } },
{ "type": "Feature", "properties": { "poi_name": "臺北大學行政大樓(法商大道)", "note": "23", "stop_type": "YouBike" }, "geometry": { "type": "Point", "coordinates": [ 121.3712, 24.94494 ] } },
{ "type": "Feature", "properties": { "poi_name": "臺北大學法學院(鳶飛大道)", "note": "29", "stop_type": "YouBike" }, "geometry": { "type": "Point", "coordinates": [ 121.37333, 24.94438 ] } },
{ "type": "Feature", "properties": { "poi_name": "臺北大學公共事務大樓(法商大道)", "note": "44", "stop_type": "YouBike" }, "geometry": { "type": "Point", "coordinates": [ 121.37212, 24.94363 ] } },
{ "type": "Feature", "properties": { "poi_name": "臺北大學公共事務大樓(公政大道)", "note": "23", "stop_type": "YouBike" }, "geometry": { "type": "Point", "coordinates": [ 121.37121, 24.94325 ] } },
{ "type": "Feature", "properties": { "poi_name": "臺北大學行政大樓(公政大道)", "note": "34", "stop_type": "YouBike" }, "geometry": { "type": "Point", "coordinates": [ 121.37037, 24.94457 ] } },
{ "type": "Feature", "properties": { "poi_name": "臺北大學社科院(公政大道)", "note": "40", "stop_type": "YouBike" }, "geometry": { "type": "Point", "coordinates": [ 121.3701, 24.94441 ] } },
{ "type": "Feature", "properties": { "poi_name": "臺北大學社科院(圖資大道)", "note": "37", "stop_type": "YouBike" }, "geometry": { "type": "Point", "coordinates": [ 121.36912, 24.94396 ] } },
{ "type": "Feature", "properties": { "poi_name": "臺北大學田徑場(體風路)", "note": "52", "stop_type": "YouBike" }, "geometry": { "type": "Point", "coordinates": [ 121.36433, 24.9395 ] } },
{ "type": "Feature", "properties": { "poi_name": "臺北大學隆恩哨(忘憂路)", "note": "15", "stop_type": "YouBike" }, "geometry": { "type": "Point", "coordinates": [ 121.36547, 24.94254 ] } },
{ "type": "Feature", "properties": { "poi_name": "臺北大學懷德居木師基地", "note": "21", "stop_type": "YouBike" }, "geometry": { "type": "Point", "coordinates": [ 121.36743, 24.94334 ] } },
{ "type": "Feature", "properties": { "poi_name": "北大高中", "note": "23", "stop_type": "YouBike" }, "geometry": { "type": "Point", "coordinates": [ 121.37505, 24.9492 ] } },
{ "type": "Feature", "properties": { "poi_name": "光明停車場", "note": "15", "stop_type": "YouBike" }, "geometry": { "type": "Point", "coordinates": [ 121.3741, 24.93036 ] } },
{ "type": "Feature", "properties": { "poi_name": "八安大橋(清水街)", "note": "10", "stop_type": "YouBike" }, "geometry": { "type": "Point", "coordinates": [ 121.36891, 24.92701 ] } },
{ "type": "Feature", "properties": { "poi_name": "三峽中山公園", "note": "15", "stop_type": "YouBike" }, "geometry": { "type": "Point", "coordinates": [ 121.36584, 24.93561 ] } },
{ "type": "Feature", "properties": { "poi_name": "三鶯國民運動中心停車場", "note": "32", "stop_type": "YouBike" }, "geometry": { "type": "Point", "coordinates": [ 121.36941, 24.93614 ] } },
{ "type": "Feature", "properties": { "poi_name": "國光街330巷口", "note": "16", "stop_type": "YouBike" }, "geometry": { "type": "Point", "coordinates": [ 121.37212, 24.93942 ] } },
{ "type": "Feature", "properties": { "poi_name": "添福里(添福15號之33)", "note": "16", "stop_type": "YouBike" }, "geometry": { "type": "Point", "coordinates": [ 121.37254, 24.90475 ] } },
{ "type": "Feature", "properties": { "poi_name": "民族街78巷口", "note": "11", "stop_type": "YouBike" }, "geometry": { "type": "Point", "coordinates": [ 121.36986, 24.93021 ] } },
{ "type": "Feature", "properties": { "poi_name": "三峽原住民族生活文化園區", "note": "31", "stop_type": "YouBike" }, "geometry": { "type": "Point", "coordinates": [ 121.36672, 24.94565 ] } },
{ "type": "Feature", "properties": { "poi_name": "華南頂埔科技大樓", "note": "40", "stop_type": "YouBike" }, "geometry": { "type": "Point", "coordinates": [ 121.41716, 24.96046 ] } },
{ "type": "Feature", "properties": { "poi_name": "新北高工(學士路)", "note": "28", "stop_type": "YouBike" }, "geometry": { "type": "Point", "coordinates": [ 121.45277, 24.98216 ] } },
{ "type": "Feature", "properties": { "poi_name": "清水社區公園", "note": "42", "stop_type": "YouBike" }, "geometry": { "type": "Point", "coordinates": [ 121.46353, 24.98382 ] } },
{ "type": "Feature", "properties": { "poi_name": "土城仁愛社區公園", "note": "39", "stop_type": "YouBike" }, "geometry": { "type": "Point", "coordinates": [ 121.46035, 24.98071 ] } },
{ "type": "Feature", "properties": { "poi_name": "清和里(青雲路)", "note": "37", "stop_type": "YouBike" }, "geometry": { "type": "Point", "coordinates": [ 121.45874, 24.97513 ] } },
{ "type": "Feature", "properties": { "poi_name": "斬龍山遺址文化公園", "note": "64", "stop_type": "YouBike" }, "geometry": { "type": "Point", "coordinates": [ 121.4477, 24.97666 ] } },
{ "type": "Feature", "properties": { "poi_name": "中央路一段292巷口", "note": "53", "stop_type": "YouBike" }, "geometry": { "type": "Point", "coordinates": [ 121.44383, 24.98279 ] } },
{ "type": "Feature", "properties": { "poi_name": "中華城林路口", "note": "30", "stop_type": "YouBike" }, "geometry": { "type": "Point", "coordinates": [ 121.43883, 24.97525 ] } },
{ "type": "Feature", "properties": { "poi_name": "頂埔市場", "note": "29", "stop_type": "YouBike" }, "geometry": { "type": "Point", "coordinates": [ 121.41504, 24.95816 ] } },
{ "type": "Feature", "properties": { "poi_name": "土城綜合體育場", "note": "56", "stop_type": "YouBike" }, "geometry": { "type": "Point", "coordinates": [ 121.453797, 24.984095 ] } },
{ "type": "Feature", "properties": { "poi_name": "捷運海山站(1號出口)", "note": "80", "stop_type": "YouBike" }, "geometry": { "type": "Point", "coordinates": [ 121.44855, 24.98441 ] } },
{ "type": "Feature", "properties": { "poi_name": "學成公園", "note": "42", "stop_type": "YouBike" }, "geometry": { "type": "Point", "coordinates": [ 121.45151, 24.98803 ] } },
{ "type": "Feature", "properties": { "poi_name": "員和公園", "note": "34", "stop_type": "YouBike" }, "geometry": { "type": "Point", "coordinates": [ 121.442750332079555, 24.978918316048684 ] } },
{ "type": "Feature", "properties": { "poi_name": "捷運土城站(2號出口)", "note": "33", "stop_type": "YouBike" }, "geometry": { "type": "Point", "coordinates": [ 121.44395, 24.9728 ] } },
{ "type": "Feature", "properties": { "poi_name": "金城忠義路口", "note": "40", "stop_type": "YouBike" }, "geometry": { "type": "Point", "coordinates": [ 121.44024, 24.9691 ] } },
{ "type": "Feature", "properties": { "poi_name": "捷運永寧站(2號出口)", "note": "47", "stop_type": "YouBike" }, "geometry": { "type": "Point", "coordinates": [ 121.43554, 24.96613 ] } },
{ "type": "Feature", "properties": { "poi_name": "亞洲員安路口", "note": "38", "stop_type": "YouBike" }, "geometry": { "type": "Point", "coordinates": [ 121.43485, 24.97256 ] } },
{ "type": "Feature", "properties": { "poi_name": "金城立德路口", "note": "47", "stop_type": "YouBike" }, "geometry": { "type": "Point", "coordinates": [ 121.46602, 24.98689 ] } },
{ "type": "Feature", "properties": { "poi_name": "金城立體停車場", "note": "60", "stop_type": "YouBike" }, "geometry": { "type": "Point", "coordinates": [ 121.45795, 24.98367 ] } },
{ "type": "Feature", "properties": { "poi_name": "土城國中", "note": "50", "stop_type": "YouBike" }, "geometry": { "type": "Point", "coordinates": [ 121.43037, 24.96243 ] } },
{ "type": "Feature", "properties": { "poi_name": "沛陂社區公園", "note": "28", "stop_type": "YouBike" }, "geometry": { "type": "Point", "coordinates": [ 121.419698779774137, 24.963262311576905 ] } },
{ "type": "Feature", "properties": { "poi_name": "捷運頂埔站(福田路)", "note": "66", "stop_type": "YouBike" }, "geometry": { "type": "Point", "coordinates": [ 121.4178, 24.95852 ] } },
{ "type": "Feature", "properties": { "poi_name": "頂埔國小", "note": "40", "stop_type": "YouBike" }, "geometry": { "type": "Point", "coordinates": [ 121.4144, 24.95636 ] } },
{ "type": "Feature", "properties": { "poi_name": "頂新祖田市民活動中心", "note": "43", "stop_type": "YouBike" }, "geometry": { "type": "Point", "coordinates": [ 121.41211, 24.95319 ] } },
{ "type": "Feature", "properties": { "poi_name": "捷運海山站(3號出口)轉乘停車場", "note": "80", "stop_type": "YouBike" }, "geometry": { "type": "Point", "coordinates": [ 121.44911, 24.98639 ] } },
{ "type": "Feature", "properties": { "poi_name": "大安中央路口", "note": "27", "stop_type": "YouBike" }, "geometry": { "type": "Point", "coordinates": [ 121.43264, 24.96576 ] } },
{ "type": "Feature", "properties": { "poi_name": "中山1號科技總部", "note": "42", "stop_type": "YouBike" }, "geometry": { "type": "Point", "coordinates": [ 121.412123962445335, 24.96044660965163 ] } },
{ "type": "Feature", "properties": { "poi_name": "長風社區", "note": "30", "stop_type": "YouBike" }, "geometry": { "type": "Point", "coordinates": [ 121.43937, 24.97811 ] } },
{ "type": "Feature", "properties": { "poi_name": "中央慶利街口(風華綠中央社區)", "note": "22", "stop_type": "YouBike" }, "geometry": { "type": "Point", "coordinates": [ 121.44052, 24.97338 ] } },
{ "type": "Feature", "properties": { "poi_name": "金城裕民路口(金城舞社區)", "note": "40", "stop_type": "YouBike" }, "geometry": { "type": "Point", "coordinates": [ 121.45466, 24.98156 ] } },
{ "type": "Feature", "properties": { "poi_name": "青雲路451巷口(紐約艾美社區)", "note": "41", "stop_type": "YouBike" }, "geometry": { "type": "Point", "coordinates": [ 121.45873, 24.97475 ] } },
{ "type": "Feature", "properties": { "poi_name": "學士學府路口(大苑社區)", "note": "47", "stop_type": "YouBike" }, "geometry": { "type": "Point", "coordinates": [ 121.445801014714476, 24.9769584499386 ] } },
{ "type": "Feature", "properties": { "poi_name": "新北高工", "note": "57", "stop_type": "YouBike" }, "geometry": { "type": "Point", "coordinates": [ 121.45054, 24.98344 ] } },
{ "type": "Feature", "properties": { "poi_name": "中華裕華街口", "note": "13", "stop_type": "YouBike" }, "geometry": { "type": "Point", "coordinates": [ 121.4472, 24.99003 ] } },
{ "type": "Feature", "properties": { "poi_name": "金城裕民路口(中正國中)", "note": "54", "stop_type": "YouBike" }, "geometry": { "type": "Point", "coordinates": [ 121.45619, 24.98288 ] } },
{ "type": "Feature", "properties": { "poi_name": "中華中央路一段242巷口", "note": "38", "stop_type": "YouBike" }, "geometry": { "type": "Point", "coordinates": [ 121.44348, 24.98551 ] } },
{ "type": "Feature", "properties": { "poi_name": "員林社區公園", "note": "50", "stop_type": "YouBike" }, "geometry": { "type": "Point", "coordinates": [ 121.44328, 24.97784 ] } },
{ "type": "Feature", "properties": { "poi_name": "延和社區公園", "note": "40", "stop_type": "YouBike" }, "geometry": { "type": "Point", "coordinates": [ 121.46882, 24.99018 ] } },
{ "type": "Feature", "properties": { "poi_name": "青山廣場", "note": "42", "stop_type": "YouBike" }, "geometry": { "type": "Point", "coordinates": [ 121.45987, 24.97793 ] } },
{ "type": "Feature", "properties": { "poi_name": "立德青雲路口", "note": "40", "stop_type": "YouBike" }, "geometry": { "type": "Point", "coordinates": [ 121.46102, 24.9883 ] } },
{ "type": "Feature", "properties": { "poi_name": "廣福派出所", "note": "43", "stop_type": "YouBike" }, "geometry": { "type": "Point", "coordinates": [ 121.45655, 24.98816 ] } },
{ "type": "Feature", "properties": { "poi_name": "延吉街291巷口", "note": "10", "stop_type": "YouBike" }, "geometry": { "type": "Point", "coordinates": [ 121.46716, 24.98394 ] } },
{ "type": "Feature", "properties": { "poi_name": "清水高中", "note": "46", "stop_type": "YouBike" }, "geometry": { "type": "Point", "coordinates": [ 121.46547, 24.982 ] } },
{ "type": "Feature", "properties": { "poi_name": "裕民路口(清水路)", "note": "34", "stop_type": "YouBike" }, "geometry": { "type": "Point", "coordinates": [ 121.45616, 24.98157 ] } },
{ "type": "Feature", "properties": { "poi_name": "青隆青福街口", "note": "20", "stop_type": "YouBike" }, "geometry": { "type": "Point", "coordinates": [ 121.45665, 24.97974 ] } },
{ "type": "Feature", "properties": { "poi_name": "中華日新街口", "note": "10", "stop_type": "YouBike" }, "geometry": { "type": "Point", "coordinates": [ 121.44463, 24.98756 ] } },
{ "type": "Feature", "properties": { "poi_name": "清水高中(國際路)", "note": "13", "stop_type": "YouBike" }, "geometry": { "type": "Point", "coordinates": [ 121.46498, 24.98034 ] } },
{ "type": "Feature", "properties": { "poi_name": "延吉街111巷1弄", "note": "18", "stop_type": "YouBike" }, "geometry": { "type": "Point", "coordinates": [ 121.47171, 24.98623 ] } },
{ "type": "Feature", "properties": { "poi_name": "大安市民活動中心", "note": "25", "stop_type": "YouBike" }, "geometry": { "type": "Point", "coordinates": [ 121.43935, 24.96595 ] } },
{ "type": "Feature", "properties": { "poi_name": "中央中華路口(金城)", "note": "16", "stop_type": "YouBike" }, "geometry": { "type": "Point", "coordinates": [ 121.43808, 24.96875 ] } },
{ "type": "Feature", "properties": { "poi_name": "土城國小(興城路)", "note": "17", "stop_type": "YouBike" }, "geometry": { "type": "Point", "coordinates": [ 121.44149, 24.97267 ] } },
{ "type": "Feature", "properties": { "poi_name": "金城龍山二街口", "note": "20", "stop_type": "YouBike" }, "geometry": { "type": "Point", "coordinates": [ 121.45096, 24.97881 ] } },
{ "type": "Feature", "properties": { "poi_name": "新北高工(明德路)", "note": "18", "stop_type": "YouBike" }, "geometry": { "type": "Point", "coordinates": [ 121.4515, 24.98112 ] } },
{ "type": "Feature", "properties": { "poi_name": "廣福國小", "note": "20", "stop_type": "YouBike" }, "geometry": { "type": "Point", "coordinates": [ 121.45506, 24.98713 ] } },
{ "type": "Feature", "properties": { "poi_name": "裕民路55巷", "note": "17", "stop_type": "YouBike" }, "geometry": { "type": "Point", "coordinates": [ 121.44948, 24.9886 ] } },
{ "type": "Feature", "properties": { "poi_name": "裕生停車場", "note": "15", "stop_type": "YouBike" }, "geometry": { "type": "Point", "coordinates": [ 121.44687, 24.9846 ] } },
{ "type": "Feature", "properties": { "poi_name": "中央路四段33號北側", "note": "15", "stop_type": "YouBike" }, "geometry": { "type": "Point", "coordinates": [ 121.42329, 24.96222 ] } },
{ "type": "Feature", "properties": { "poi_name": "和平路105號", "note": "10", "stop_type": "YouBike" }, "geometry": { "type": "Point", "coordinates": [ 121.45129, 24.96847 ] } },
{ "type": "Feature", "properties": { "poi_name": "金城路三段52巷", "note": "16", "stop_type": "YouBike" }, "geometry": { "type": "Point", "coordinates": [ 121.46609, 24.98635 ] } },
{ "type": "Feature", "properties": { "poi_name": "延吉街47巷口", "note": "10", "stop_type": "YouBike" }, "geometry": { "type": "Point", "coordinates": [ 121.47236, 24.98795 ] } },
{ "type": "Feature", "properties": { "poi_name": "莒光四村停車場", "note": "12", "stop_type": "YouBike" }, "geometry": { "type": "Point", "coordinates": [ 121.44639, 24.98716 ] } },
{ "type": "Feature", "properties": { "poi_name": "中央路三段281巷", "note": "24", "stop_type": "YouBike" }, "geometry": { "type": "Point", "coordinates": [ 121.42679, 24.96314 ] } },
{ "type": "Feature", "properties": { "poi_name": "捷運永寧站(3號出口)", "note": "23", "stop_type": "YouBike" }, "geometry": { "type": "Point", "coordinates": [ 121.43688, 24.96711 ] } },
{ "type": "Feature", "properties": { "poi_name": "捷運永寧站(4號出口)", "note": "12", "stop_type": "YouBike" }, "geometry": { "type": "Point", "coordinates": [ 121.43677, 24.96744 ] } },
{ "type": "Feature", "properties": { "poi_name": "捷運土城站(1號出口)", "note": "10", "stop_type": "YouBike" }, "geometry": { "type": "Point", "coordinates": [ 121.44418, 24.97314 ] } },
{ "type": "Feature", "properties": { "poi_name": "青雲路434巷口", "note": "18", "stop_type": "YouBike" }, "geometry": { "type": "Point", "coordinates": [ 121.45915, 24.97193 ] } },
{ "type": "Feature", "properties": { "poi_name": "中央路二段180巷", "note": "15", "stop_type": "YouBike" }, "geometry": { "type": "Point", "coordinates": [ 121.44162, 24.97616 ] } },
{ "type": "Feature", "properties": { "poi_name": "日和中華路口", "note": "21", "stop_type": "YouBike" }, "geometry": { "type": "Point", "coordinates": [ 121.44283, 24.98402 ] } },
{ "type": "Feature", "properties": { "poi_name": "員林平面停車場", "note": "9", "stop_type": "YouBike" }, "geometry": { "type": "Point", "coordinates": [ 121.44437, 24.97681 ] } },
{ "type": "Feature", "properties": { "poi_name": "學士龍山二街口(金城舞2社區)", "note": "31", "stop_type": "YouBike" }, "geometry": { "type": "Point", "coordinates": [ 121.45049, 24.97991 ] } },
{ "type": "Feature", "properties": { "poi_name": "中央公園地下停車場", "note": "15", "stop_type": "YouBike" }, "geometry": { "type": "Point", "coordinates": [ 121.44478, 24.98276 ] } },
{ "type": "Feature", "properties": { "poi_name": "中華路一段70巷口", "note": "12", "stop_type": "YouBike" }, "geometry": { "type": "Point", "coordinates": [ 121.4454, 24.98825 ] } },
{ "type": "Feature", "properties": { "poi_name": "延和廣場", "note": "19", "stop_type": "YouBike" }, "geometry": { "type": "Point", "coordinates": [ 121.46415, 24.98704 ] } },
{ "type": "Feature", "properties": { "poi_name": "明德平面停車場", "note": "10", "stop_type": "YouBike" }, "geometry": { "type": "Point", "coordinates": [ 121.46628, 24.98403 ] } },
{ "type": "Feature", "properties": { "poi_name": "惜福公園", "note": "20", "stop_type": "YouBike" }, "geometry": { "type": "Point", "coordinates": [ 121.44815, 24.98144 ] } },
{ "type": "Feature", "properties": { "poi_name": "中山三民路口(土城工業區)", "note": "40", "stop_type": "YouBike" }, "geometry": { "type": "Point", "coordinates": [ 121.42122, 24.96287 ] } },
{ "type": "Feature", "properties": { "poi_name": "中央公園(莊園街)", "note": "33", "stop_type": "YouBike" }, "geometry": { "type": "Point", "coordinates": [ 121.44565, 24.98205 ] } },
{ "type": "Feature", "properties": { "poi_name": "承天路4巷(MRT社區)", "note": "40", "stop_type": "YouBike" }, "geometry": { "type": "Point", "coordinates": [ 121.43617, 24.964 ] } },
{ "type": "Feature", "properties": { "poi_name": "金城路三段156號前", "note": "15", "stop_type": "YouBike" }, "geometry": { "type": "Point", "coordinates": [ 121.46708, 24.98728 ] } },
{ "type": "Feature", "properties": { "poi_name": "金城路二段61巷口(聯邦銀行)", "note": "40", "stop_type": "YouBike" }, "geometry": { "type": "Point", "coordinates": [ 121.45077, 24.97886 ] } },
{ "type": "Feature", "properties": { "poi_name": "裕華街", "note": "15", "stop_type": "YouBike" }, "geometry": { "type": "Point", "coordinates": [ 121.44643, 24.9905 ] } },
{ "type": "Feature", "properties": { "poi_name": "土城區公所", "note": "28", "stop_type": "YouBike" }, "geometry": { "type": "Point", "coordinates": [ 121.44316, 24.9719 ] } },
{ "type": "Feature", "properties": { "poi_name": "捷運土城站(3號出口)", "note": "33", "stop_type": "YouBike" }, "geometry": { "type": "Point", "coordinates": [ 121.44527, 24.9739 ] } },
{ "type": "Feature", "properties": { "poi_name": "金城峯廷街口", "note": "9", "stop_type": "YouBike" }, "geometry": { "type": "Point", "coordinates": [ 121.46864, 24.98814 ] } },
{ "type": "Feature", "properties": { "poi_name": "永豐路157巷口", "note": "21", "stop_type": "YouBike" }, "geometry": { "type": "Point", "coordinates": [ 121.46709, 24.98171 ] } },
{ "type": "Feature", "properties": { "poi_name": "捷運海山站(2號出口)", "note": "99", "stop_type": "YouBike" }, "geometry": { "type": "Point", "coordinates": [ 121.44875, 24.98457 ] } },
{ "type": "Feature", "properties": { "poi_name": "青雲路411巷口(樂晴市樂郡區社區)", "note": "39", "stop_type": "YouBike" }, "geometry": { "type": "Point", "coordinates": [ 121.45911, 24.97582 ] } },
{ "type": "Feature", "properties": { "poi_name": "學府中正路口(A+社區)", "note": "40", "stop_type": "YouBike" }, "geometry": { "type": "Point", "coordinates": [ 121.44534, 24.97551 ] } },
{ "type": "Feature", "properties": { "poi_name": "莊園街(金城舞5社區)", "note": "40", "stop_type": "YouBike" }, "geometry": { "type": "Point", "coordinates": [ 121.44792, 24.981311 ] } },
{ "type": "Feature", "properties": { "poi_name": "捷運海山站(3號出口)", "note": "40", "stop_type": "YouBike" }, "geometry": { "type": "Point", "coordinates": [ 121.44935, 24.98677 ] } },
{ "type": "Feature", "properties": { "poi_name": "土城國中(永安街115巷)", "note": "39", "stop_type": "YouBike" }, "geometry": { "type": "Point", "coordinates": [ 121.42894, 24.96316 ] } },
{ "type": "Feature", "properties": { "poi_name": "土城紫藤廊道(學海街)", "note": "25", "stop_type": "YouBike" }, "geometry": { "type": "Point", "coordinates": [ 121.44836, 24.97923 ] } },
{ "type": "Feature", "properties": { "poi_name": "明德青和街口", "note": "31", "stop_type": "YouBike" }, "geometry": { "type": "Point", "coordinates": [ 121.45754, 24.97738 ] } },
{ "type": "Feature", "properties": { "poi_name": "土城綜合球場", "note": "30", "stop_type": "YouBike" }, "geometry": { "type": "Point", "coordinates": [ 121.4542, 24.97872 ] } },
{ "type": "Feature", "properties": { "poi_name": "頂新公園", "note": "21", "stop_type": "YouBike" }, "geometry": { "type": "Point", "coordinates": [ 121.41425, 24.95397 ] } },
{ "type": "Feature", "properties": { "poi_name": "新洲擺接堡路口", "note": "28", "stop_type": "YouBike" }, "geometry": { "type": "Point", "coordinates": [ 121.43742, 24.97781 ] } },
{ "type": "Feature", "properties": { "poi_name": "民有公園", "note": "48", "stop_type": "YouBike" }, "geometry": { "type": "Point", "coordinates": [ 121.47468, 25.00863 ] } },
{ "type": "Feature", "properties": { "poi_name": "台灣科技廣場", "note": "70", "stop_type": "YouBike" }, "geometry": { "type": "Point", "coordinates": [ 121.48906, 25.00572 ] } },
{ "type": "Feature", "properties": { "poi_name": "漳和國中", "note": "65", "stop_type": "YouBike" }, "geometry": { "type": "Point", "coordinates": [ 121.50505, 25.00244 ] } },
{ "type": "Feature", "properties": { "poi_name": "光華橋(保平路)", "note": "31", "stop_type": "YouBike" }, "geometry": { "type": "Point", "coordinates": [ 121.50779, 25.00467 ] } },
{ "type": "Feature", "properties": { "poi_name": "捷運南勢角站(4號出口)", "note": "96", "stop_type": "YouBike" }, "geometry": { "type": "Point", "coordinates": [ 121.50998, 24.98942 ] } },
{ "type": "Feature", "properties": { "poi_name": "中正路161巷口", "note": "56", "stop_type": "YouBike" }, "geometry": { "type": "Point", "coordinates": [ 121.49935, 24.99299 ] } },
{ "type": "Feature", "properties": { "poi_name": "景安板南路口", "note": "39", "stop_type": "YouBike" }, "geometry": { "type": "Point", "coordinates": [ 121.50424, 24.99228 ] } },
{ "type": "Feature", "properties": { "poi_name": "新北市立中和高級中學", "note": "42", "stop_type": "YouBike" }, "geometry": { "type": "Point", "coordinates": [ 121.4786, 24.99424 ] } },
{ "type": "Feature", "properties": { "poi_name": "民享藝文特區", "note": "50", "stop_type": "YouBike" }, "geometry": { "type": "Point", "coordinates": [ 121.47529, 25.00354 ] } },
{ "type": "Feature", "properties": { "poi_name": "雙和醫院", "note": "37", "stop_type": "YouBike" }, "geometry": { "type": "Point", "coordinates": [ 121.49411, 24.99367 ] } },
{ "type": "Feature", "properties": { "poi_name": "捷運景安站", "note": "96", "stop_type": "YouBike" }, "geometry": { "type": "Point", "coordinates": [ 121.50472, 24.99352 ] } },
{ "type": "Feature", "properties": { "poi_name": "中原東街(左岸牡丹園)", "note": "51", "stop_type": "YouBike" }, "geometry": { "type": "Point", "coordinates": [ 121.48601, 25.01297 ] } },
{ "type": "Feature", "properties": { "poi_name": "安邦公園", "note": "53", "stop_type": "YouBike" }, "geometry": { "type": "Point", "coordinates": [ 121.49651, 24.99678 ] } },
{ "type": "Feature", "properties": { "poi_name": "中和國民運動中心", "note": "64", "stop_type": "YouBike" }, "geometry": { "type": "Point", "coordinates": [ 121.48758, 24.99348 ] } },
{ "type": "Feature", "properties": { "poi_name": "捷運景平站", "note": "51", "stop_type": "YouBike" }, "geometry": { "type": "Point", "coordinates": [ 121.51563, 24.99202 ] } },
{ "type": "Feature", "properties": { "poi_name": "中和安和路口", "note": "44", "stop_type": "YouBike" }, "geometry": { "type": "Point", "coordinates": [ 121.50602, 24.99966 ] } },
{ "type": "Feature", "properties": { "poi_name": "民樂人行廣場", "note": "42", "stop_type": "YouBike" }, "geometry": { "type": "Point", "coordinates": [ 121.48265, 25.00184 ] } },
{ "type": "Feature", "properties": { "poi_name": "碧河宮", "note": "46", "stop_type": "YouBike" }, "geometry": { "type": "Point", "coordinates": [ 121.49314, 24.99665 ] } },
{ "type": "Feature", "properties": { "poi_name": "圓通錦和路口", "note": "54", "stop_type": "YouBike" }, "geometry": { "type": "Point", "coordinates": [ 121.49125, 24.98955 ] } },
{ "type": "Feature", "properties": { "poi_name": "福和宮", "note": "57", "stop_type": "YouBike" }, "geometry": { "type": "Point", "coordinates": [ 121.50195, 25.00111 ] } },
{ "type": "Feature", "properties": { "poi_name": "華新街109巷11弄", "note": "53", "stop_type": "YouBike" }, "geometry": { "type": "Point", "coordinates": [ 121.50873, 24.97996 ] } },
{ "type": "Feature", "properties": { "poi_name": "中和青年社會住宅", "note": "57", "stop_type": "YouBike" }, "geometry": { "type": "Point", "coordinates": [ 121.51918, 24.99099 ] } },
{ "type": "Feature", "properties": { "poi_name": "捷運中原站", "note": "99", "stop_type": "YouBike" }, "geometry": { "type": "Point", "coordinates": [ 121.48486, 25.00765 ] } },
{ "type": "Feature", "properties": { "poi_name": "環河西路三段(日安社區)", "note": "32", "stop_type": "YouBike" }, "geometry": { "type": "Point", "coordinates": [ 121.49321, 25.00774 ] } },
{ "type": "Feature", "properties": { "poi_name": "中和地政事務所", "note": "28", "stop_type": "YouBike" }, "geometry": { "type": "Point", "coordinates": [ 121.5024, 24.99039 ] } },
{ "type": "Feature", "properties": { "poi_name": "員勝公園", "note": "47", "stop_type": "YouBike" }, "geometry": { "type": "Point", "coordinates": [ 121.4786, 25.0109 ] } },
{ "type": "Feature", "properties": { "poi_name": "元氣大鎮社區", "note": "29", "stop_type": "YouBike" }, "geometry": { "type": "Point", "coordinates": [ 121.479, 25.00572 ] } },
{ "type": "Feature", "properties": { "poi_name": "積穗國中", "note": "33", "stop_type": "YouBike" }, "geometry": { "type": "Point", "coordinates": [ 121.47808, 24.99977 ] } },
{ "type": "Feature", "properties": { "poi_name": "興南路二段34巷口", "note": "32", "stop_type": "YouBike" }, "geometry": { "type": "Point", "coordinates": [ 121.50701, 24.98539 ] } },
{ "type": "Feature", "properties": { "poi_name": "捷運中和站", "note": "36", "stop_type": "YouBike" }, "geometry": { "type": "Point", "coordinates": [ 121.49587, 25.00221 ] } },
{ "type": "Feature", "properties": { "poi_name": "福祥里(中和溝)", "note": "39", "stop_type": "YouBike" }, "geometry": { "type": "Point", "coordinates": [ 121.49957, 25.00593 ] } },
{ "type": "Feature", "properties": { "poi_name": "中和區公所", "note": "32", "stop_type": "YouBike" }, "geometry": { "type": "Point", "coordinates": [ 121.50053, 24.99856 ] } },
{ "type": "Feature", "properties": { "poi_name": "飛駝社區(興南路)", "note": "40", "stop_type": "YouBike" }, "geometry": { "type": "Point", "coordinates": [ 121.50483, 24.98347 ] } },
{ "type": "Feature", "properties": { "poi_name": "安樂宜安路口", "note": "35", "stop_type": "YouBike" }, "geometry": { "type": "Point", "coordinates": [ 121.51351, 24.99527 ] } },
{ "type": "Feature", "properties": { "poi_name": "中和環球購物中心", "note": "38", "stop_type": "YouBike" }, "geometry": { "type": "Point", "coordinates": [ 121.47422, 25.00637 ] } },
{ "type": "Feature", "properties": { "poi_name": "華福市民活動中心", "note": "36", "stop_type": "YouBike" }, "geometry": { "type": "Point", "coordinates": [ 121.46753, 24.99548 ] } },
{ "type": "Feature", "properties": { "poi_name": "圓通路335巷33弄", "note": "26", "stop_type": "YouBike" }, "geometry": { "type": "Point", "coordinates": [ 121.49303, 24.98899 ] } },
{ "type": "Feature", "properties": { "poi_name": "山北公園", "note": "32", "stop_type": "YouBike" }, "geometry": { "type": "Point", "coordinates": [ 121.50014, 25.00653 ] } },
{ "type": "Feature", "properties": { "poi_name": "遠雄左岸", "note": "50", "stop_type": "YouBike" }, "geometry": { "type": "Point", "coordinates": [ 121.48808, 25.00983 ] } },
{ "type": "Feature", "properties": { "poi_name": "瓦磘溝(福真里)", "note": "41", "stop_type": "YouBike" }, "geometry": { "type": "Point", "coordinates": [ 121.49439, 25.00402 ] } },
{ "type": "Feature", "properties": { "poi_name": "佳和公園", "note": "27", "stop_type": "YouBike" }, "geometry": { "type": "Point", "coordinates": [ 121.5032, 25.00694 ] } },
{ "type": "Feature", "properties": { "poi_name": "捷運秀朗橋站", "note": "77", "stop_type": "YouBike" }, "geometry": { "type": "Point", "coordinates": [ 121.52496, 24.99045 ] } },
{ "type": "Feature", "properties": { "poi_name": "德光莒光路口", "note": "30", "stop_type": "YouBike" }, "geometry": { "type": "Point", "coordinates": [ 121.47178, 25.0047 ] } },
{ "type": "Feature", "properties": { "poi_name": "中和公園", "note": "57", "stop_type": "YouBike" }, "geometry": { "type": "Point", "coordinates": [ 121.51435, 25.00073 ] } },
{ "type": "Feature", "properties": { "poi_name": "秀朗成功路口", "note": "51", "stop_type": "YouBike" }, "geometry": { "type": "Point", "coordinates": [ 121.52655, 24.9956 ] } },
{ "type": "Feature", "properties": { "poi_name": "捷運永安市場站", "note": "99", "stop_type": "YouBike" }, "geometry": { "type": "Point", "coordinates": [ 121.51111, 25.00049 ] } },
{ "type": "Feature", "properties": { "poi_name": "德光國光街口", "note": "39", "stop_type": "YouBike" }, "geometry": { "type": "Point", "coordinates": [ 121.46809, 25.00314 ] } },
{ "type": "Feature", "properties": { "poi_name": "錦和高中", "note": "28", "stop_type": "YouBike" }, "geometry": { "type": "Point", "coordinates": [ 121.49076, 24.99351 ] } },
{ "type": "Feature", "properties": { "poi_name": "民德立體停車場", "note": "32", "stop_type": "YouBike" }, "geometry": { "type": "Point", "coordinates": [ 121.46836, 24.99909 ] } },
{ "type": "Feature", "properties": { "poi_name": "景新國小", "note": "14", "stop_type": "YouBike" }, "geometry": { "type": "Point", "coordinates": [ 121.5148, 24.98893 ] } },
{ "type": "Feature", "properties": { "poi_name": "南華路56巷", "note": "16", "stop_type": "YouBike" }, "geometry": { "type": "Point", "coordinates": [ 121.50431, 24.99706 ] } },
{ "type": "Feature", "properties": { "poi_name": "中和自強公園", "note": "39", "stop_type": "YouBike" }, "geometry": { "type": "Point", "coordinates": [ 121.47238, 24.99886 ] } },
{ "type": "Feature", "properties": { "poi_name": "烘爐地山下籃球場", "note": "14", "stop_type": "YouBike" }, "geometry": { "type": "Point", "coordinates": [ 121.4987, 24.9798 ] } },
{ "type": "Feature", "properties": { "poi_name": "秀山國小", "note": "70", "stop_type": "YouBike" }, "geometry": { "type": "Point", "coordinates": [ 121.52192, 24.99612 ] } },
{ "type": "Feature", "properties": { "poi_name": "華夏科技大學", "note": "58", "stop_type": "YouBike" }, "geometry": { "type": "Point", "coordinates": [ 121.50765, 24.98067 ] } },
{ "type": "Feature", "properties": { "poi_name": "圓通綠廊", "note": "13", "stop_type": "YouBike" }, "geometry": { "type": "Point", "coordinates": [ 121.49711, 24.9945 ] } },
{ "type": "Feature", "properties": { "poi_name": "板南路492號", "note": "29", "stop_type": "YouBike" }, "geometry": { "type": "Point", "coordinates": [ 121.48582, 25.00754 ] } },
{ "type": "Feature", "properties": { "poi_name": "壽德新村", "note": "18", "stop_type": "YouBike" }, "geometry": { "type": "Point", "coordinates": [ 121.46536, 24.99548 ] } },
{ "type": "Feature", "properties": { "poi_name": "雙和醫院(圓通路252巷口)", "note": "36", "stop_type": "YouBike" }, "geometry": { "type": "Point", "coordinates": [ 121.49373, 24.99092 ] } },
{ "type": "Feature", "properties": { "poi_name": "安平橋", "note": "27", "stop_type": "YouBike" }, "geometry": { "type": "Point", "coordinates": [ 121.50936, 24.99474 ] } },
{ "type": "Feature", "properties": { "poi_name": "景本里集會所", "note": "15", "stop_type": "YouBike" }, "geometry": { "type": "Point", "coordinates": [ 121.51326, 24.98933 ] } },
{ "type": "Feature", "properties": { "poi_name": "秀山公園(北側)", "note": "14", "stop_type": "YouBike" }, "geometry": { "type": "Point", "coordinates": [ 121.52327, 24.99592 ] } },
{ "type": "Feature", "properties": { "poi_name": "華福公園", "note": "16", "stop_type": "YouBike" }, "geometry": { "type": "Point", "coordinates": [ 121.46529, 24.99728 ] } },
{ "type": "Feature", "properties": { "poi_name": "中和公園(秀安街口)", "note": "15", "stop_type": "YouBike" }, "geometry": { "type": "Point", "coordinates": [ 121.51498, 25.00218 ] } },
{ "type": "Feature", "properties": { "poi_name": "台灣電力公司中和服務所", "note": "17", "stop_type": "YouBike" }, "geometry": { "type": "Point", "coordinates": [ 121.50683, 24.99149 ] } },
{ "type": "Feature", "properties": { "poi_name": "碧河里公園(建康路)", "note": "16", "stop_type": "YouBike" }, "geometry": { "type": "Point", "coordinates": [ 121.49171, 25.00013 ] } },
{ "type": "Feature", "properties": { "poi_name": "捷運景平站(景平路278巷口)", "note": "23", "stop_type": "YouBike" }, "geometry": { "type": "Point", "coordinates": [ 121.51513, 24.99244 ] } },
{ "type": "Feature", "properties": { "poi_name": "華新街143巷", "note": "15", "stop_type": "YouBike" }, "geometry": { "type": "Point", "coordinates": [ 121.50632, 24.97942 ] } },
{ "type": "Feature", "properties": { "poi_name": "華夏科技大學(華新街)", "note": "16", "stop_type": "YouBike" }, "geometry": { "type": "Point", "coordinates": [ 121.50785, 24.98247 ] } },
{ "type": "Feature", "properties": { "poi_name": "中原中板路口", "note": "18", "stop_type": "YouBike" }, "geometry": { "type": "Point", "coordinates": [ 121.48521, 25.01169 ] } },
{ "type": "Feature", "properties": { "poi_name": "中原五街口", "note": "20", "stop_type": "YouBike" }, "geometry": { "type": "Point", "coordinates": [ 121.48603, 25.01086 ] } },
{ "type": "Feature", "properties": { "poi_name": "飛駝二村", "note": "11", "stop_type": "YouBike" }, "geometry": { "type": "Point", "coordinates": [ 121.51138, 24.9836 ] } },
{ "type": "Feature", "properties": { "poi_name": "國光街圓環小公園", "note": "16", "stop_type": "YouBike" }, "geometry": { "type": "Point", "coordinates": [ 121.46987, 25.00135 ] } },
{ "type": "Feature", "properties": { "poi_name": "興南路二段231巷口", "note": "19", "stop_type": "YouBike" }, "geometry": { "type": "Point", "coordinates": [ 121.5035, 24.98229 ] } },
{ "type": "Feature", "properties": { "poi_name": "嘉穗公園", "note": "10", "stop_type": "YouBike" }, "geometry": { "type": "Point", "coordinates": [ 121.4784, 24.99566 ] } },
{ "type": "Feature", "properties": { "poi_name": "中山橋安街口", "note": "12", "stop_type": "YouBike" }, "geometry": { "type": "Point", "coordinates": [ 121.49253, 25.00274 ] } },
{ "type": "Feature", "properties": { "poi_name": "板南立言街口", "note": "50", "stop_type": "YouBike" }, "geometry": { "type": "Point", "coordinates": [ 121.48791, 25.00655 ] } },
{ "type": "Feature", "properties": { "poi_name": "中原抽水站", "note": "15", "stop_type": "YouBike" }, "geometry": { "type": "Point", "coordinates": [ 121.48968, 25.00985 ] } },
{ "type": "Feature", "properties": { "poi_name": "建六中正路口", "note": "12", "stop_type": "YouBike" }, "geometry": { "type": "Point", "coordinates": [ 121.48526, 25.00223 ] } },
{ "type": "Feature", "properties": { "poi_name": "審計人員訓練大樓", "note": "10", "stop_type": "YouBike" }, "geometry": { "type": "Point", "coordinates": [ 121.50956, 24.98184 ] } },
{ "type": "Feature", "properties": { "poi_name": "遠東世紀廣場C棟", "note": "26", "stop_type": "YouBike" }, "geometry": { "type": "Point", "coordinates": [ 121.48645, 24.99853 ] } },
{ "type": "Feature", "properties": { "poi_name": "員山路36巷口", "note": "19", "stop_type": "YouBike" }, "geometry": { "type": "Point", "coordinates": [ 121.48211, 24.9908 ] } },
{ "type": "Feature", "properties": { "poi_name": "民德路口", "note": "15", "stop_type": "YouBike" }, "geometry": { "type": "Point", "coordinates": [ 121.46885, 25.00203 ] } },
{ "type": "Feature", "properties": { "poi_name": "台灣科技公園", "note": "30", "stop_type": "YouBike" }, "geometry": { "type": "Point", "coordinates": [ 121.49115, 24.99855 ] } },
{ "type": "Feature", "properties": { "poi_name": "和城停車場", "note": "15", "stop_type": "YouBike" }, "geometry": { "type": "Point", "coordinates": [ 121.48917, 24.99404 ] } },
{ "type": "Feature", "properties": { "poi_name": "民樂停車場", "note": "20", "stop_type": "YouBike" }, "geometry": { "type": "Point", "coordinates": [ 121.48391, 25.00134 ] } },
{ "type": "Feature", "properties": { "poi_name": "佳和公園(中山路二段64巷7弄)", "note": "15", "stop_type": "YouBike" }, "geometry": { "type": "Point", "coordinates": [ 121.50358, 25.00492 ] } },
{ "type": "Feature", "properties": { "poi_name": "水源路29巷/光華街口", "note": "11", "stop_type": "YouBike" }, "geometry": { "type": "Point", "coordinates": [ 121.50429, 25.00414 ] } },
{ "type": "Feature", "properties": { "poi_name": "莒光路136巷口", "note": "15", "stop_type": "YouBike" }, "geometry": { "type": "Point", "coordinates": [ 121.47261, 25.00133 ] } },
{ "type": "Feature", "properties": { "poi_name": "佳和公園(中山路二段64巷5弄)", "note": "26", "stop_type": "YouBike" }, "geometry": { "type": "Point", "coordinates": [ 121.50186, 25.00435 ] } },
{ "type": "Feature", "properties": { "poi_name": "景新立體停車場", "note": "12", "stop_type": "YouBike" }, "geometry": { "type": "Point", "coordinates": [ 121.51301, 24.98985 ] } },
{ "type": "Feature", "properties": { "poi_name": "秀朗路三段10巷12弄", "note": "17", "stop_type": "YouBike" }, "geometry": { "type": "Point", "coordinates": [ 121.52567, 24.99719 ] } },
{ "type": "Feature", "properties": { "poi_name": "景平橋和路口", "note": "15", "stop_type": "YouBike" }, "geometry": { "type": "Point", "coordinates": [ 121.49479, 25.00672 ] } },
{ "type": "Feature", "properties": { "poi_name": "中興街180巷口", "note": "18", "stop_type": "YouBike" }, "geometry": { "type": "Point", "coordinates": [ 121.49985, 24.99098 ] } },
{ "type": "Feature", "properties": { "poi_name": "大仁街20巷口", "note": "33", "stop_type": "YouBike" }, "geometry": { "type": "Point", "coordinates": [ 121.52008, 24.9934 ] } },
{ "type": "Feature", "properties": { "poi_name": "中和公園(安平中安街口)", "note": "40", "stop_type": "YouBike" }, "geometry": { "type": "Point", "coordinates": [ 121.51258, 24.99856 ] } },
{ "type": "Feature", "properties": { "poi_name": "福祥永和路口", "note": "11", "stop_type": "YouBike" }, "geometry": { "type": "Point", "coordinates": [ 121.49938, 25.00365 ] } },
{ "type": "Feature", "properties": { "poi_name": "員山市場臨時平面停車場", "note": "27", "stop_type": "YouBike" }, "geometry": { "type": "Point", "coordinates": [ 121.48063, 25.00676 ] } },
{ "type": "Feature", "properties": { "poi_name": "建二建三路口", "note": "20", "stop_type": "YouBike" }, "geometry": { "type": "Point", "coordinates": [ 121.4868, 25.00369 ] } },
{ "type": "Feature", "properties": { "poi_name": "光寶科技中和數位大樓", "note": "40", "stop_type": "YouBike" }, "geometry": { "type": "Point", "coordinates": [ 121.48761, 25.00214 ] } },
{ "type": "Feature", "properties": { "poi_name": "錦和運動公園", "note": "64", "stop_type": "YouBike" }, "geometry": { "type": "Point", "coordinates": [ 121.49073, 24.99213 ] } },
{ "type": "Feature", "properties": { "poi_name": "新生街112巷口(欽禾社區)", "note": "40", "stop_type": "YouBike" }, "geometry": { "type": "Point", "coordinates": [ 121.48345, 25.00273 ] } },
{ "type": "Feature", "properties": { "poi_name": "中坑公園", "note": "13", "stop_type": "YouBike" }, "geometry": { "type": "Point", "coordinates": [ 121.48294, 24.98515 ] } },
{ "type": "Feature", "properties": { "poi_name": "莒光德光路口", "note": "15", "stop_type": "YouBike" }, "geometry": { "type": "Point", "coordinates": [ 121.47223, 25.00429 ] } },
{ "type": "Feature", "properties": { "poi_name": "光之公園", "note": "21", "stop_type": "YouBike" }, "geometry": { "type": "Point", "coordinates": [ 121.48667, 25.01184 ] } },
{ "type": "Feature", "properties": { "poi_name": "安邦段青年社會住宅", "note": "40", "stop_type": "YouBike" }, "geometry": { "type": "Point", "coordinates": [ 121.49542, 24.9989 ] } },
{ "type": "Feature", "properties": { "poi_name": "水之公園", "note": "18", "stop_type": "YouBike" }, "geometry": { "type": "Point", "coordinates": [ 121.48411, 25.013 ] } },
{ "type": "Feature", "properties": { "poi_name": "大勇立人街口", "note": "18", "stop_type": "YouBike" }, "geometry": { "type": "Point", "coordinates": [ 121.5175, 24.99397 ] } },
{ "type": "Feature", "properties": { "poi_name": "莒光華安街口", "note": "17", "stop_type": "YouBike" }, "geometry": { "type": "Point", "coordinates": [ 121.46876, 24.99467 ] } },
{ "type": "Feature", "properties": { "poi_name": "捷運橋和站", "note": "62", "stop_type": "YouBike" }, "geometry": { "type": "Point", "coordinates": [ 121.49082, 25.00381 ] } },
{ "type": "Feature", "properties": { "poi_name": "中和福美公園", "note": "40", "stop_type": "YouBike" }, "geometry": { "type": "Point", "coordinates": [ 121.50265, 25.00606 ] } },
{ "type": "Feature", "properties": { "poi_name": "中興公園", "note": "17", "stop_type": "YouBike" }, "geometry": { "type": "Point", "coordinates": [ 121.50061, 24.98805 ] } },
{ "type": "Feature", "properties": { "poi_name": "連城路469巷21弄", "note": "12", "stop_type": "YouBike" }, "geometry": { "type": "Point", "coordinates": [ 121.48432, 24.99508 ] } },
{ "type": "Feature", "properties": { "poi_name": "圓通路369巷口", "note": "18", "stop_type": "YouBike" }, "geometry": { "type": "Point", "coordinates": [ 121.48737, 24.98852 ] } },
{ "type": "Feature", "properties": { "poi_name": "新城一路(守讓堂)", "note": "15", "stop_type": "YouBike" }, "geometry": { "type": "Point", "coordinates": [ 121.4407, 25.08373 ] } },
{ "type": "Feature", "properties": { "poi_name": "德音國小", "note": "20", "stop_type": "YouBike" }, "geometry": { "type": "Point", "coordinates": [ 121.43564, 25.07198 ] } },
{ "type": "Feature", "properties": { "poi_name": "五股工商立體停車場", "note": "22", "stop_type": "YouBike" }, "geometry": { "type": "Point", "coordinates": [ 121.43955, 25.08245 ] } },
{ "type": "Feature", "properties": { "poi_name": "成德公園", "note": "20", "stop_type": "YouBike" }, "geometry": { "type": "Point", "coordinates": [ 121.45282, 25.10484 ] } },
{ "type": "Feature", "properties": { "poi_name": "五股國民運動中心", "note": "22", "stop_type": "YouBike" }, "geometry": { "type": "Point", "coordinates": [ 121.44832, 25.09537 ] } },
{ "type": "Feature", "properties": { "poi_name": "貿商國宅", "note": "23", "stop_type": "YouBike" }, "geometry": { "type": "Point", "coordinates": [ 121.43068, 25.06939 ] } },
{ "type": "Feature", "properties": { "poi_name": "新北市工商展覽中心", "note": "30", "stop_type": "YouBike" }, "geometry": { "type": "Point", "coordinates": [ 121.44761, 25.06433 ] } },
{ "type": "Feature", "properties": { "poi_name": "公五公園", "note": "39", "stop_type": "YouBike" }, "geometry": { "type": "Point", "coordinates": [ 121.44529, 25.08655 ] } },
{ "type": "Feature", "properties": { "poi_name": "芳洲八路", "note": "20", "stop_type": "YouBike" }, "geometry": { "type": "Point", "coordinates": [ 121.44631, 25.0888 ] } },
{ "type": "Feature", "properties": { "poi_name": "凌雲路一段158巷口", "note": "20", "stop_type": "YouBike" }, "geometry": { "type": "Point", "coordinates": [ 121.44818, 25.10356 ] } },
{ "type": "Feature", "properties": { "poi_name": "德泰公園", "note": "13", "stop_type": "YouBike" }, "geometry": { "type": "Point", "coordinates": [ 121.43505, 25.06812 ] } },
{ "type": "Feature", "properties": { "poi_name": "新北市立圖書館五股成功分館", "note": "15", "stop_type": "YouBike" }, "geometry": { "type": "Point", "coordinates": [ 121.44685, 25.09472 ] } },
{ "type": "Feature", "properties": { "poi_name": "成州國小", "note": "20", "stop_type": "YouBike" }, "geometry": { "type": "Point", "coordinates": [ 121.4509, 25.09952 ] } },
{ "type": "Feature", "properties": { "poi_name": "台北得意GO", "note": "20", "stop_type": "YouBike" }, "geometry": { "type": "Point", "coordinates": [ 121.46769, 25.07429 ] } },
{ "type": "Feature", "properties": { "poi_name": "陸光國宅", "note": "20", "stop_type": "YouBike" }, "geometry": { "type": "Point", "coordinates": [ 121.43232, 25.08832 ] } },
{ "type": "Feature", "properties": { "poi_name": "成泰路一段(中油)", "note": "20", "stop_type": "YouBike" }, "geometry": { "type": "Point", "coordinates": [ 121.43555, 25.07785 ] } },
{ "type": "Feature", "properties": { "poi_name": "新北市勞工活動中心", "note": "35", "stop_type": "YouBike" }, "geometry": { "type": "Point", "coordinates": [ 121.451, 25.0615 ] } },
{ "type": "Feature", "properties": { "poi_name": "御史路1巷", "note": "20", "stop_type": "YouBike" }, "geometry": { "type": "Point", "coordinates": [ 121.442, 25.0904 ] } },
{ "type": "Feature", "properties": { "poi_name": "成泰路4段22巷", "note": "42", "stop_type": "YouBike" }, "geometry": { "type": "Point", "coordinates": [ 121.456, 25.1083 ] } },
{ "type": "Feature", "properties": { "poi_name": "五股郵局", "note": "30", "stop_type": "YouBike" }, "geometry": { "type": "Point", "coordinates": [ 121.45098, 25.10165 ] } },
{ "type": "Feature", "properties": { "poi_name": "民義公園", "note": "20", "stop_type": "YouBike" }, "geometry": { "type": "Point", "coordinates": [ 121.434748379418636, 25.088190170416901 ] } },
{ "type": "Feature", "properties": { "poi_name": "成功運動公園", "note": "14", "stop_type": "YouBike" }, "geometry": { "type": "Point", "coordinates": [ 121.44472, 25.09283 ] } },
{ "type": "Feature", "properties": { "poi_name": "五工五五權路口", "note": "18", "stop_type": "YouBike" }, "geometry": { "type": "Point", "coordinates": [ 121.4497, 25.0665 ] } },
{ "type": "Feature", "properties": { "poi_name": "成州停車場", "note": "18", "stop_type": "YouBike" }, "geometry": { "type": "Point", "coordinates": [ 121.44836, 25.10013 ] } },
{ "type": "Feature", "properties": { "poi_name": "永安橋下停車場", "note": "14", "stop_type": "YouBike" }, "geometry": { "type": "Point", "coordinates": [ 121.44905, 25.07978 ] } },
{ "type": "Feature", "properties": { "poi_name": "中興路二段37巷口", "note": "20", "stop_type": "YouBike" }, "geometry": { "type": "Point", "coordinates": [ 121.4624, 25.0754 ] } },
{ "type": "Feature", "properties": { "poi_name": "五工二五工一路口(泰博科技)", "note": "20", "stop_type": "YouBike" }, "geometry": { "type": "Point", "coordinates": [ 121.45362, 25.07155 ] } },
{ "type": "Feature", "properties": { "poi_name": "新五路二段299號", "note": "26", "stop_type": "YouBike" }, "geometry": { "type": "Point", "coordinates": [ 121.44361, 25.08707 ] } },
{ "type": "Feature", "properties": { "poi_name": "獅子頭山水匯集廣場", "note": "25", "stop_type": "YouBike" }, "geometry": { "type": "Point", "coordinates": [ 121.45769, 25.11171 ] } },
{ "type": "Feature", "properties": { "poi_name": "五股戶政事務所", "note": "30", "stop_type": "YouBike" }, "geometry": { "type": "Point", "coordinates": [ 121.44561, 25.09155 ] } },
{ "type": "Feature", "properties": { "poi_name": "五股環保藝術公園(芳洲路)", "note": "18", "stop_type": "YouBike" }, "geometry": { "type": "Point", "coordinates": [ 121.44308, 25.08425 ] } },
{ "type": "Feature", "properties": { "poi_name": "成州派出所", "note": "49", "stop_type": "YouBike" }, "geometry": { "type": "Point", "coordinates": [ 121.44785, 25.09155 ] } },
{ "type": "Feature", "properties": { "poi_name": "名利橋", "note": "39", "stop_type": "YouBike" }, "geometry": { "type": "Point", "coordinates": [ 121.50099, 25.00785 ] } },
{ "type": "Feature", "properties": { "poi_name": "保順環河西路口", "note": "69", "stop_type": "YouBike" }, "geometry": { "type": "Point", "coordinates": [ 121.50285, 25.01135 ] } },
{ "type": "Feature", "properties": { "poi_name": "永平高中", "note": "40", "stop_type": "YouBike" }, "geometry": { "type": "Point", "coordinates": [ 121.50909, 25.00979 ] } },
{ "type": "Feature", "properties": { "poi_name": "仁愛公園", "note": "79", "stop_type": "YouBike" }, "geometry": { "type": "Point", "coordinates": [ 121.50542, 25.00952 ] } },
{ "type": "Feature", "properties": { "poi_name": "永和國小", "note": "42", "stop_type": "YouBike" }, "geometry": { "type": "Point", "coordinates": [ 121.51744, 25.00227 ] } },
{ "type": "Feature", "properties": { "poi_name": "秀朗國小", "note": "48", "stop_type": "YouBike" }, "geometry": { "type": "Point", "coordinates": [ 121.52278, 24.99896 ] } },
{ "type": "Feature", "properties": { "poi_name": "永和國民運動中心", "note": "53", "stop_type": "YouBike" }, "geometry": { "type": "Point", "coordinates": [ 121.52407, 25.00317 ] } },
{ "type": "Feature", "properties": { "poi_name": "福和國中停車場", "note": "48", "stop_type": "YouBike" }, "geometry": { "type": "Point", "coordinates": [ 121.52267, 25.00501 ] } },
{ "type": "Feature", "properties": { "poi_name": "福和國中", "note": "63", "stop_type": "YouBike" }, "geometry": { "type": "Point", "coordinates": [ 121.52093, 25.00595 ] } },
{ "type": "Feature", "properties": { "poi_name": "保安永平路口", "note": "47", "stop_type": "YouBike" }, "geometry": { "type": "Point", "coordinates": [ 121.50604, 25.01233 ] } },
{ "type": "Feature", "properties": { "poi_name": "頂溪國小", "note": "44", "stop_type": "YouBike" }, "geometry": { "type": "Point", "coordinates": [ 121.51126, 25.01581 ] } },
{ "type": "Feature", "properties": { "poi_name": "保平路214巷", "note": "25", "stop_type": "YouBike" }, "geometry": { "type": "Point", "coordinates": [ 121.50921, 25.00701 ] } },
{ "type": "Feature", "properties": { "poi_name": "環河西路一段95巷口", "note": "35", "stop_type": "YouBike" }, "geometry": { "type": "Point", "coordinates": [ 121.51196, 25.01783 ] } },
{ "type": "Feature", "properties": { "poi_name": "忠孝活動中心", "note": "28", "stop_type": "YouBike" }, "geometry": { "type": "Point", "coordinates": [ 121.51528, 25.01677 ] } },
{ "type": "Feature", "properties": { "poi_name": "秀得里(成功路二段)", "note": "28", "stop_type": "YouBike" }, "geometry": { "type": "Point", "coordinates": [ 121.52673, 25.00071 ] } },
{ "type": "Feature", "properties": { "poi_name": "永和國父紀念館", "note": "30", "stop_type": "YouBike" }, "geometry": { "type": "Point", "coordinates": [ 121.52023, 25.00839 ] } },
{ "type": "Feature", "properties": { "poi_name": "永和自由街", "note": "32", "stop_type": "YouBike" }, "geometry": { "type": "Point", "coordinates": [ 121.51334, 25.0052 ] } },
{ "type": "Feature", "properties": { "poi_name": "民權社區活動中心", "note": "35", "stop_type": "YouBike" }, "geometry": { "type": "Point", "coordinates": [ 121.51968, 24.99778 ] } },
{ "type": "Feature", "properties": { "poi_name": "中正橋", "note": "40", "stop_type": "YouBike" }, "geometry": { "type": "Point", "coordinates": [ 121.51681, 25.01776 ] } },
{ "type": "Feature", "properties": { "poi_name": "上林里(環河東路一段)", "note": "42", "stop_type": "YouBike" }, "geometry": { "type": "Point", "coordinates": [ 121.52095, 25.015 ] } },
{ "type": "Feature", "properties": { "poi_name": "福和路7巷口", "note": "35", "stop_type": "YouBike" }, "geometry": { "type": "Point", "coordinates": [ 121.52473, 25.00854 ] } },
{ "type": "Feature", "properties": { "poi_name": "福和橋", "note": "41", "stop_type": "YouBike" }, "geometry": { "type": "Point", "coordinates": [ 121.52785, 25.00454 ] } },
{ "type": "Feature", "properties": { "poi_name": "雙和橋", "note": "39", "stop_type": "YouBike" }, "geometry": { "type": "Point", "coordinates": [ 121.50574, 25.00573 ] } },
{ "type": "Feature", "properties": { "poi_name": "捷運頂溪站(2號出口)", "note": "15", "stop_type": "YouBike" }, "geometry": { "type": "Point", "coordinates": [ 121.51549, 25.01424 ] } },
{ "type": "Feature", "properties": { "poi_name": "永和耕莘醫院", "note": "32", "stop_type": "YouBike" }, "geometry": { "type": "Point", "coordinates": [ 121.5177, 25.01123 ] } },
{ "type": "Feature", "properties": { "poi_name": "環河民樂街59巷26弄口", "note": "15", "stop_type": "YouBike" }, "geometry": { "type": "Point", "coordinates": [ 121.52844, 24.99798 ] } },
{ "type": "Feature", "properties": { "poi_name": "仁愛公園(仁愛路)", "note": "15", "stop_type": "YouBike" }, "geometry": { "type": "Point", "coordinates": [ 121.50796, 25.01138 ] } },
{ "type": "Feature", "properties": { "poi_name": "永福橋", "note": "70", "stop_type": "YouBike" }, "geometry": { "type": "Point", "coordinates": [ 121.52418, 25.01003 ] } },
{ "type": "Feature", "properties": { "poi_name": "保平永和路一段口", "note": "14", "stop_type": "YouBike" }, "geometry": { "type": "Point", "coordinates": [ 121.5134, 25.00746 ] } },
{ "type": "Feature", "properties": { "poi_name": "福和自強街28巷口", "note": "19", "stop_type": "YouBike" }, "geometry": { "type": "Point", "coordinates": [ 121.51572, 25.00725 ] } },
{ "type": "Feature", "properties": { "poi_name": "永和國中(國中路)", "note": "15", "stop_type": "YouBike" }, "geometry": { "type": "Point", "coordinates": [ 121.52269, 25.00674 ] } },
{ "type": "Feature", "properties": { "poi_name": "中正路666巷口", "note": "10", "stop_type": "YouBike" }, "geometry": { "type": "Point", "coordinates": [ 121.51917, 25.00913 ] } },
{ "type": "Feature", "properties": { "poi_name": "永貞水源街口", "note": "12", "stop_type": "YouBike" }, "geometry": { "type": "Point", "coordinates": [ 121.5117, 25.00492 ] } },
{ "type": "Feature", "properties": { "poi_name": "永和區公所公有新生市場", "note": "12", "stop_type": "YouBike" }, "geometry": { "type": "Point", "coordinates": [ 121.50704, 25.01402 ] } },
{ "type": "Feature", "properties": { "poi_name": "保安保福路二段口", "note": "14", "stop_type": "YouBike" }, "geometry": { "type": "Point", "coordinates": [ 121.5087, 25.01497 ] } },
{ "type": "Feature", "properties": { "poi_name": "保福保福路二段133巷口", "note": "14", "stop_type": "YouBike" }, "geometry": { "type": "Point", "coordinates": [ 121.5097, 25.01422 ] } },
{ "type": "Feature", "properties": { "poi_name": "仁愛信義路口", "note": "20", "stop_type": "YouBike" }, "geometry": { "type": "Point", "coordinates": [ 121.51269, 25.01329 ] } },
{ "type": "Feature", "properties": { "poi_name": "永和勵行街口", "note": "10", "stop_type": "YouBike" }, "geometry": { "type": "Point", "coordinates": [ 121.51583, 25.01455 ] } },
{ "type": "Feature", "properties": { "poi_name": "仁愛路306巷18弄口", "note": "13", "stop_type": "YouBike" }, "geometry": { "type": "Point", "coordinates": [ 121.50303, 25.00888 ] } },
{ "type": "Feature", "properties": { "poi_name": "瓦磘截流站", "note": "11", "stop_type": "YouBike" }, "geometry": { "type": "Point", "coordinates": [ 121.49972, 25.009 ] } },
{ "type": "Feature", "properties": { "poi_name": "永成市民活動中心", "note": "12", "stop_type": "YouBike" }, "geometry": { "type": "Point", "coordinates": [ 121.5101, 25.0173 ] } },
{ "type": "Feature", "properties": { "poi_name": "秀朗路二段24巷16弄24號", "note": "14", "stop_type": "YouBike" }, "geometry": { "type": "Point", "coordinates": [ 121.52007, 25.00239 ] } },
{ "type": "Feature", "properties": { "poi_name": "中正橋(環河西路一段)", "note": "24", "stop_type": "YouBike" }, "geometry": { "type": "Point", "coordinates": [ 121.51553, 25.01803 ] } },
{ "type": "Feature", "properties": { "poi_name": "仁愛路40巷口", "note": "23", "stop_type": "YouBike" }, "geometry": { "type": "Point", "coordinates": [ 121.51416, 25.01346 ] } },
{ "type": "Feature", "properties": { "poi_name": "捷運頂溪站(復興街1巷)", "note": "15", "stop_type": "YouBike" }, "geometry": { "type": "Point", "coordinates": [ 121.51544, 25.0131 ] } },
{ "type": "Feature", "properties": { "poi_name": "捷運頂溪站(中興街)", "note": "48", "stop_type": "YouBike" }, "geometry": { "type": "Point", "coordinates": [ 121.51526, 25.01223 ] } },
{ "type": "Feature", "properties": { "poi_name": "頂溪國小地下停車場", "note": "13", "stop_type": "YouBike" }, "geometry": { "type": "Point", "coordinates": [ 121.51057, 25.01452 ] } },
{ "type": "Feature", "properties": { "poi_name": "中山路一段17巷口", "note": "11", "stop_type": "YouBike" }, "geometry": { "type": "Point", "coordinates": [ 121.51375, 25.01039 ] } },
{ "type": "Feature", "properties": { "poi_name": "中信停車場(中興街)", "note": "17", "stop_type": "YouBike" }, "geometry": { "type": "Point", "coordinates": [ 121.51864, 25.01228 ] } },
{ "type": "Feature", "properties": { "poi_name": "雙和公園", "note": "11", "stop_type": "YouBike" }, "geometry": { "type": "Point", "coordinates": [ 121.50883, 25.00229 ] } },
{ "type": "Feature", "properties": { "poi_name": "中正路465巷", "note": "17", "stop_type": "YouBike" }, "geometry": { "type": "Point", "coordinates": [ 121.51591, 25.00587 ] } },
{ "type": "Feature", "properties": { "poi_name": "環河西路二段217巷口", "note": "17", "stop_type": "YouBike" }, "geometry": { "type": "Point", "coordinates": [ 121.50109, 25.01016 ] } },
{ "type": "Feature", "properties": { "poi_name": "保平路268巷", "note": "13", "stop_type": "YouBike" }, "geometry": { "type": "Point", "coordinates": [ 121.50857, 25.00532 ] } },
{ "type": "Feature", "properties": { "poi_name": "中正路242巷口", "note": "13", "stop_type": "YouBike" }, "geometry": { "type": "Point", "coordinates": [ 121.51634, 24.99816 ] } },
{ "type": "Feature", "properties": { "poi_name": "福和國中(永利路)", "note": "22", "stop_type": "YouBike" }, "geometry": { "type": "Point", "coordinates": [ 121.52033, 25.00432 ] } },
{ "type": "Feature", "properties": { "poi_name": "白沙灣", "note": "56", "stop_type": "YouBike" }, "geometry": { "type": "Point", "coordinates": [ 121.52209, 25.28549 ] } },
{ "type": "Feature", "properties": { "poi_name": "富基漁港", "note": "26", "stop_type": "YouBike" }, "geometry": { "type": "Point", "coordinates": [ 121.53624, 25.29301 ] } },
{ "type": "Feature", "properties": { "poi_name": "草里", "note": "20", "stop_type": "YouBike" }, "geometry": { "type": "Point", "coordinates": [ 121.60759, 25.2807 ] } },
{ "type": "Feature", "properties": { "poi_name": "石門風箏公園停車場", "note": "25", "stop_type": "YouBike" }, "geometry": { "type": "Point", "coordinates": [ 121.54766, 25.290158 ] } },
{ "type": "Feature", "properties": { "poi_name": "石門婚紗廣場", "note": "17", "stop_type": "YouBike" }, "geometry": { "type": "Point", "coordinates": [ 121.53101, 25.28747 ] } },
{ "type": "Feature", "properties": { "poi_name": "烏塗窟聚福宮", "note": "15", "stop_type": "YouBike" }, "geometry": { "type": "Point", "coordinates": [ 121.6562, 24.97551 ] } },
{ "type": "Feature", "properties": { "poi_name": "淡蘭吊橋", "note": "14", "stop_type": "YouBike" }, "geometry": { "type": "Point", "coordinates": [ 121.65159, 25.0057 ] } },
{ "type": "Feature", "properties": { "poi_name": "石碇", "note": "23", "stop_type": "YouBike" }, "geometry": { "type": "Point", "coordinates": [ 121.65891, 24.99139 ] } },
{ "type": "Feature", "properties": { "poi_name": "菁桐老街", "note": "27", "stop_type": "YouBike" }, "geometry": { "type": "Point", "coordinates": [ 121.72448, 25.02398 ] } },
{ "type": "Feature", "properties": { "poi_name": "平溪國中", "note": "55", "stop_type": "YouBike" }, "geometry": { "type": "Point", "coordinates": [ 121.73422, 25.02348 ] } },
{ "type": "Feature", "properties": { "poi_name": "平溪市民活動中心", "note": "20", "stop_type": "YouBike" }, "geometry": { "type": "Point", "coordinates": [ 121.7372, 25.02484 ] } },
{ "type": "Feature", "properties": { "poi_name": "嶺腳車站", "note": "30", "stop_type": "YouBike" }, "geometry": { "type": "Point", "coordinates": [ 121.74788, 25.03005 ] } },
{ "type": "Feature", "properties": { "poi_name": "十分遊客中心", "note": "42", "stop_type": "YouBike" }, "geometry": { "type": "Point", "coordinates": [ 121.78279, 25.04711 ] } },
{ "type": "Feature", "properties": { "poi_name": "東勢宜興活動中心", "note": "33", "stop_type": "YouBike" }, "geometry": { "type": "Point", "coordinates": [ 121.62429, 25.03881 ] } },
{ "type": "Feature", "properties": { "poi_name": "工建樟樹一路口", "note": "44", "stop_type": "YouBike" }, "geometry": { "type": "Point", "coordinates": [ 121.64112, 25.06319 ] } },
{ "type": "Feature", "properties": { "poi_name": "樟樹國小", "note": "50", "stop_type": "YouBike" }, "geometry": { "type": "Point", "coordinates": [ 121.64039, 25.06693 ] } },
{ "type": "Feature", "properties": { "poi_name": "台灣科學園區", "note": "54", "stop_type": "YouBike" }, "geometry": { "type": "Point", "coordinates": [ 121.63496, 25.05793 ] } },
{ "type": "Feature", "properties": { "poi_name": "雍和科學園區", "note": "33", "stop_type": "YouBike" }, "geometry": { "type": "Point", "coordinates": [ 121.62602, 25.05808 ] } },
{ "type": "Feature", "properties": { "poi_name": "汐科火車站(南)", "note": "77", "stop_type": "YouBike" }, "geometry": { "type": "Point", "coordinates": [ 121.646842261842366, 25.062744824864289 ] } },
{ "type": "Feature", "properties": { "poi_name": "原興廣場", "note": "49", "stop_type": "YouBike" }, "geometry": { "type": "Point", "coordinates": [ 121.63304, 25.06507 ] } },
{ "type": "Feature", "properties": { "poi_name": "東方科學園區", "note": "63", "stop_type": "YouBike" }, "geometry": { "type": "Point", "coordinates": [ 121.64951, 25.06126 ] } },
{ "type": "Feature", "properties": { "poi_name": "汐科火車站(北)", "note": "76", "stop_type": "YouBike" }, "geometry": { "type": "Point", "coordinates": [ 121.65294, 25.06426 ] } },
{ "type": "Feature", "properties": { "poi_name": "青山國民中小學", "note": "56", "stop_type": "YouBike" }, "geometry": { "type": "Point", "coordinates": [ 121.65559, 25.06103 ] } },
{ "type": "Feature", "properties": { "poi_name": "白雲國小", "note": "43", "stop_type": "YouBike" }, "geometry": { "type": "Point", "coordinates": [ 121.61889, 25.04758 ] } },
{ "type": "Feature", "properties": { "poi_name": "文化白雲公園", "note": "76", "stop_type": "YouBike" }, "geometry": { "type": "Point", "coordinates": [ 121.65521, 25.05688 ] } },
{ "type": "Feature", "properties": { "poi_name": "連興龍安路口", "note": "70", "stop_type": "YouBike" }, "geometry": { "type": "Point", "coordinates": [ 121.65443, 25.06299 ] } },
{ "type": "Feature", "properties": { "poi_name": "南興公園", "note": "32", "stop_type": "YouBike" }, "geometry": { "type": "Point", "coordinates": [ 121.65255, 25.05978 ] } },
{ "type": "Feature", "properties": { "poi_name": "民族二街明峰街口", "note": "22", "stop_type": "YouBike" }, "geometry": { "type": "Point", "coordinates": [ 121.63502, 25.07105 ] } },
{ "type": "Feature", "properties": { "poi_name": "康福公園", "note": "28", "stop_type": "YouBike" }, "geometry": { "type": "Point", "coordinates": [ 121.63748, 25.06894 ] } },
{ "type": "Feature", "properties": { "poi_name": "汐止火車站", "note": "56", "stop_type": "YouBike" }, "geometry": { "type": "Point", "coordinates": [ 121.66275, 25.06891 ] } },
{ "type": "Feature", "properties": { "poi_name": "橋東里(忠孝東路)", "note": "36", "stop_type": "YouBike" }, "geometry": { "type": "Point", "coordinates": [ 121.66626, 25.07368 ] } },
{ "type": "Feature", "properties": { "poi_name": "崇德橋東活動中心", "note": "22", "stop_type": "YouBike" }, "geometry": { "type": "Point", "coordinates": [ 121.667, 25.07051 ] } },
{ "type": "Feature", "properties": { "poi_name": "世貿國家公園社區", "note": "20", "stop_type": "YouBike" }, "geometry": { "type": "Point", "coordinates": [ 121.65865, 25.07289 ] } },
{ "type": "Feature", "properties": { "poi_name": "蘭庭序大廈", "note": "30", "stop_type": "YouBike" }, "geometry": { "type": "Point", "coordinates": [ 121.65207, 25.07207 ] } },
{ "type": "Feature", "properties": { "poi_name": "國泰綜合醫院", "note": "44", "stop_type": "YouBike" }, "geometry": { "type": "Point", "coordinates": [ 121.66256, 25.07315 ] } },
{ "type": "Feature", "properties": { "poi_name": "北港國小", "note": "20", "stop_type": "YouBike" }, "geometry": { "type": "Point", "coordinates": [ 121.64595, 25.08903 ] } },
{ "type": "Feature", "properties": { "poi_name": "康寧街307巷", "note": "28", "stop_type": "YouBike" }, "geometry": { "type": "Point", "coordinates": [ 121.62697, 25.06809 ] } },
{ "type": "Feature", "properties": { "poi_name": "忠山市民活動中心", "note": "38", "stop_type": "YouBike" }, "geometry": { "type": "Point", "coordinates": [ 121.62449, 25.0782 ] } },
{ "type": "Feature", "properties": { "poi_name": "汐止公園", "note": "10", "stop_type": "YouBike" }, "geometry": { "type": "Point", "coordinates": [ 121.65964, 25.06781 ] } },
{ "type": "Feature", "properties": { "poi_name": "汐止火車站停車場", "note": "99", "stop_type": "YouBike" }, "geometry": { "type": "Point", "coordinates": [ 121.66168, 25.06795 ] } },
{ "type": "Feature", "properties": { "poi_name": "崇德國小", "note": "47", "stop_type": "YouBike" }, "geometry": { "type": "Point", "coordinates": [ 121.66979, 25.06938 ] } },
{ "type": "Feature", "properties": { "poi_name": "保長公園", "note": "66", "stop_type": "YouBike" }, "geometry": { "type": "Point", "coordinates": [ 121.67434, 25.07952 ] } },
{ "type": "Feature", "properties": { "poi_name": "長安橋(吉祥街12巷)", "note": "43", "stop_type": "YouBike" }, "geometry": { "type": "Point", "coordinates": [ 121.66846, 25.08033 ] } },
{ "type": "Feature", "properties": { "poi_name": "金龍國小", "note": "29", "stop_type": "YouBike" }, "geometry": { "type": "Point", "coordinates": [ 121.62867, 25.0691 ] } },
{ "type": "Feature", "properties": { "poi_name": "汐止區綜合運動場", "note": "34", "stop_type": "YouBike" }, "geometry": { "type": "Point", "coordinates": [ 121.65907, 25.06624 ] } },
{ "type": "Feature", "properties": { "poi_name": "金龍公園", "note": "42", "stop_type": "YouBike" }, "geometry": { "type": "Point", "coordinates": [ 121.63153, 25.06947 ] } },
{ "type": "Feature", "properties": { "poi_name": "五堵火車站", "note": "66", "stop_type": "YouBike" }, "geometry": { "type": "Point", "coordinates": [ 121.66764, 25.07823 ] } },
{ "type": "Feature", "properties": { "poi_name": "汐止區公所", "note": "32", "stop_type": "YouBike" }, "geometry": { "type": "Point", "coordinates": [ 121.6583, 25.06416 ] } },
{ "type": "Feature", "properties": { "poi_name": "仁愛路151巷口", "note": "59", "stop_type": "YouBike" }, "geometry": { "type": "Point", "coordinates": [ 121.6641, 25.0652 ] } },
{ "type": "Feature", "properties": { "poi_name": "福德一路201巷口(福德ONE社區)", "note": "37", "stop_type": "YouBike" }, "geometry": { "type": "Point", "coordinates": [ 121.6351, 25.06575 ] } },
{ "type": "Feature", "properties": { "poi_name": "矽谷園區", "note": "48", "stop_type": "YouBike" }, "geometry": { "type": "Point", "coordinates": [ 121.63447, 25.06227 ] } },
{ "type": "Feature", "properties": { "poi_name": "華城橋（康寧街61巷）", "note": "30", "stop_type": "YouBike" }, "geometry": { "type": "Point", "coordinates": [ 121.61988, 25.06833 ] } },
{ "type": "Feature", "properties": { "poi_name": "伯爵山莊第二期(康寧街)", "note": "15", "stop_type": "YouBike" }, "geometry": { "type": "Point", "coordinates": [ 121.6384, 25.07299 ] } },
{ "type": "Feature", "properties": { "poi_name": "啟德橋(招商街)", "note": "19", "stop_type": "YouBike" }, "geometry": { "type": "Point", "coordinates": [ 121.66801, 25.06786 ] } },
{ "type": "Feature", "properties": { "poi_name": "樟江大橋", "note": "13", "stop_type": "YouBike" }, "geometry": { "type": "Point", "coordinates": [ 121.64481, 25.07578 ] } },
{ "type": "Feature", "properties": { "poi_name": "秀峰高中(忠孝東路)", "note": "16", "stop_type": "YouBike" }, "geometry": { "type": "Point", "coordinates": [ 121.66172, 25.06635 ] } },
{ "type": "Feature", "properties": { "poi_name": "台練橋", "note": "14", "stop_type": "YouBike" }, "geometry": { "type": "Point", "coordinates": [ 121.6627, 25.07201 ] } },
{ "type": "Feature", "properties": { "poi_name": "樟樹一山光路口", "note": "30", "stop_type": "YouBike" }, "geometry": { "type": "Point", "coordinates": [ 121.64286319301776, 25.070296258183784 ] } },
{ "type": "Feature", "properties": { "poi_name": "汐止國民運動中心", "note": "12", "stop_type": "YouBike" }, "geometry": { "type": "Point", "coordinates": [ 121.65693, 25.06538 ] } },
{ "type": "Feature", "properties": { "poi_name": "中興福德三路口", "note": "10", "stop_type": "YouBike" }, "geometry": { "type": "Point", "coordinates": [ 121.63077, 25.06641 ] } },
{ "type": "Feature", "properties": { "poi_name": "建成路142巷口", "note": "53", "stop_type": "YouBike" }, "geometry": { "type": "Point", "coordinates": [ 121.66255, 25.07335 ] } },
{ "type": "Feature", "properties": { "poi_name": "福德二路19巷口", "note": "12", "stop_type": "YouBike" }, "geometry": { "type": "Point", "coordinates": [ 121.63533, 25.06841 ] } },
{ "type": "Feature", "properties": { "poi_name": "中興工建路口", "note": "20", "stop_type": "YouBike" }, "geometry": { "type": "Point", "coordinates": [ 121.63535, 25.06128 ] } },
{ "type": "Feature", "properties": { "poi_name": "長興橋", "note": "15", "stop_type": "YouBike" }, "geometry": { "type": "Point", "coordinates": [ 121.67187, 25.08055 ] } },
{ "type": "Feature", "properties": { "poi_name": "五堵車站(長安路)", "note": "13", "stop_type": "YouBike" }, "geometry": { "type": "Point", "coordinates": [ 121.66821, 25.07813 ] } },
{ "type": "Feature", "properties": { "poi_name": "大同建成路口", "note": "30", "stop_type": "YouBike" }, "geometry": { "type": "Point", "coordinates": [ 121.66558, 25.07258 ] } },
{ "type": "Feature", "properties": { "poi_name": "茄苳茄福街口", "note": "15", "stop_type": "YouBike" }, "geometry": { "type": "Point", "coordinates": [ 121.673, 25.06723 ] } },
{ "type": "Feature", "properties": { "poi_name": "春之霖社區", "note": "11", "stop_type": "YouBike" }, "geometry": { "type": "Point", "coordinates": [ 121.6625, 25.0794 ] } },
{ "type": "Feature", "properties": { "poi_name": "五堵橋下籃球場", "note": "17", "stop_type": "YouBike" }, "geometry": { "type": "Point", "coordinates": [ 121.66558, 25.07553 ] } },
{ "type": "Feature", "properties": { "poi_name": "建成段平面停車場", "note": "15", "stop_type": "YouBike" }, "geometry": { "type": "Point", "coordinates": [ 121.66542, 25.07336 ] } },
{ "type": "Feature", "properties": { "poi_name": "汐止國民運動中心游泳池(忠孝東路)", "note": "12", "stop_type": "YouBike" }, "geometry": { "type": "Point", "coordinates": [ 121.65726, 25.06416 ] } },
{ "type": "Feature", "properties": { "poi_name": "樟樹國小(樟樹一路145巷口)", "note": "20", "stop_type": "YouBike" }, "geometry": { "type": "Point", "coordinates": [ 121.6424, 25.06735 ] } },
{ "type": "Feature", "properties": { "poi_name": "秀峰國小(仁愛路106巷)", "note": "16", "stop_type": "YouBike" }, "geometry": { "type": "Point", "coordinates": [ 121.66294, 25.06266 ] } },
{ "type": "Feature", "properties": { "poi_name": "汐止區農會附設老人活動中心", "note": "16", "stop_type": "YouBike" }, "geometry": { "type": "Point", "coordinates": [ 121.64241, 25.09705 ] } },
{ "type": "Feature", "properties": { "poi_name": "長興街二段62號", "note": "13", "stop_type": "YouBike" }, "geometry": { "type": "Point", "coordinates": [ 121.67449, 25.08192 ] } },
{ "type": "Feature", "properties": { "poi_name": "水返腳公園", "note": "28", "stop_type": "YouBike" }, "geometry": { "type": "Point", "coordinates": [ 121.65901, 25.06813 ] } },
{ "type": "Feature", "properties": { "poi_name": "大同路三段148號", "note": "19", "stop_type": "YouBike" }, "geometry": { "type": "Point", "coordinates": [ 121.67296, 25.07617 ] } },
{ "type": "Feature", "properties": { "poi_name": "汐萬抽水站", "note": "9", "stop_type": "YouBike" }, "geometry": { "type": "Point", "coordinates": [ 121.64843, 25.0827 ] } },
{ "type": "Feature", "properties": { "poi_name": "汐萬康寧街口", "note": "13", "stop_type": "YouBike" }, "geometry": { "type": "Point", "coordinates": [ 121.65023, 25.07479 ] } },
{ "type": "Feature", "properties": { "poi_name": "同興大同路口", "note": "30", "stop_type": "YouBike" }, "geometry": { "type": "Point", "coordinates": [ 121.63882, 25.05981 ] } },
{ "type": "Feature", "properties": { "poi_name": "保長路51巷口", "note": "21", "stop_type": "YouBike" }, "geometry": { "type": "Point", "coordinates": [ 121.67382, 25.0784 ] } },
{ "type": "Feature", "properties": { "poi_name": "汐萬路一段343巷", "note": "16", "stop_type": "YouBike" }, "geometry": { "type": "Point", "coordinates": [ 121.64971, 25.07716 ] } },
{ "type": "Feature", "properties": { "poi_name": "濱湖大第(康寧街)", "note": "20", "stop_type": "YouBike" }, "geometry": { "type": "Point", "coordinates": [ 121.63758, 25.07225 ] } },
{ "type": "Feature", "properties": { "poi_name": "汐止國小", "note": "18", "stop_type": "YouBike" }, "geometry": { "type": "Point", "coordinates": [ 121.65433, 25.06612 ] } },
{ "type": "Feature", "properties": { "poi_name": "同興工建路口", "note": "20", "stop_type": "YouBike" }, "geometry": { "type": "Point", "coordinates": [ 121.63682, 25.06249 ] } },
{ "type": "Feature", "properties": { "poi_name": "水蓮山莊", "note": "22", "stop_type": "YouBike" }, "geometry": { "type": "Point", "coordinates": [ 121.6301, 25.07797 ] } },
{ "type": "Feature", "properties": { "poi_name": "江北二橋", "note": "32", "stop_type": "YouBike" }, "geometry": { "type": "Point", "coordinates": [ 121.65297, 25.06997 ] } },
{ "type": "Feature", "properties": { "poi_name": "中華街57巷口", "note": "17", "stop_type": "YouBike" }, "geometry": { "type": "Point", "coordinates": [ 121.66763, 25.07148 ] } },
{ "type": "Feature", "properties": { "poi_name": "福德一路392巷41弄口", "note": "20", "stop_type": "YouBike" }, "geometry": { "type": "Point", "coordinates": [ 121.62637, 25.06314 ] } },
{ "type": "Feature", "properties": { "poi_name": "福德一路392巷口", "note": "20", "stop_type": "YouBike" }, "geometry": { "type": "Point", "coordinates": [ 121.62754, 25.06098 ] } },
{ "type": "Feature", "properties": { "poi_name": "湖光市民活動中心", "note": "16", "stop_type": "YouBike" }, "geometry": { "type": "Point", "coordinates": [ 121.63362, 25.06849 ] } },
{ "type": "Feature", "properties": { "poi_name": "下街福德宮", "note": "19", "stop_type": "YouBike" }, "geometry": { "type": "Point", "coordinates": [ 121.65555, 25.06807 ] } },
{ "type": "Feature", "properties": { "poi_name": "臺大醫院金山分院", "note": "16", "stop_type": "YouBike" }, "geometry": { "type": "Point", "coordinates": [ 121.62916, 25.21974 ] } },
{ "type": "Feature", "properties": { "poi_name": "中山環金路口", "note": "30", "stop_type": "YouBike" }, "geometry": { "type": "Point", "coordinates": [ 121.6414, 25.21794 ] } },
{ "type": "Feature", "properties": { "poi_name": "金美國小", "note": "20", "stop_type": "YouBike" }, "geometry": { "type": "Point", "coordinates": [ 121.63633, 25.21973 ] } },
{ "type": "Feature", "properties": { "poi_name": "金山八德街", "note": "24", "stop_type": "YouBike" }, "geometry": { "type": "Point", "coordinates": [ 121.63469, 25.22365 ] } },
{ "type": "Feature", "properties": { "poi_name": "中角灣", "note": "28", "stop_type": "YouBike" }, "geometry": { "type": "Point", "coordinates": [ 121.63234, 25.239 ] } },
{ "type": "Feature", "properties": { "poi_name": "中山溫泉公園", "note": "30", "stop_type": "YouBike" }, "geometry": { "type": "Point", "coordinates": [ 121.64177, 25.22108 ] } },
{ "type": "Feature", "properties": { "poi_name": "金山立體停車場(中興路)", "note": "15", "stop_type": "YouBike" }, "geometry": { "type": "Point", "coordinates": [ 121.64169, 25.22043 ] } },
{ "type": "Feature", "properties": { "poi_name": "捷運林口站(1號出口)", "note": "97", "stop_type": "YouBike" }, "geometry": { "type": "Point", "coordinates": [ 121.36251, 25.06599 ] } },
{ "type": "Feature", "properties": { "poi_name": "新林國小", "note": "29", "stop_type": "YouBike" }, "geometry": { "type": "Point", "coordinates": [ 121.3595, 25.07079 ] } },
{ "type": "Feature", "properties": { "poi_name": "立言公園", "note": "31", "stop_type": "YouBike" }, "geometry": { "type": "Point", "coordinates": [ 121.36281, 25.07324 ] } },
{ "type": "Feature", "properties": { "poi_name": "南勢市民活動中心", "note": "25", "stop_type": "YouBike" }, "geometry": { "type": "Point", "coordinates": [ 121.35914, 25.07393 ] } },
{ "type": "Feature", "properties": { "poi_name": "立德公園", "note": "42", "stop_type": "YouBike" }, "geometry": { "type": "Point", "coordinates": [ 121.36762, 25.07639 ] } },
{ "type": "Feature", "properties": { "poi_name": "扶輪公園", "note": "48", "stop_type": "YouBike" }, "geometry": { "type": "Point", "coordinates": [ 121.36932, 25.07298 ] } },
{ "type": "Feature", "properties": { "poi_name": "廣停二停車場", "note": "41", "stop_type": "YouBike" }, "geometry": { "type": "Point", "coordinates": [ 121.37045, 25.0755 ] } },
{ "type": "Feature", "properties": { "poi_name": "三井Outlet", "note": "63", "stop_type": "YouBike" }, "geometry": { "type": "Point", "coordinates": [ 121.36629, 25.07158 ] } },
{ "type": "Feature", "properties": { "poi_name": "新北市林口行政園區", "note": "56", "stop_type": "YouBike" }, "geometry": { "type": "Point", "coordinates": [ 121.36394, 25.07 ] } },
{ "type": "Feature", "properties": { "poi_name": "國立師範大學林口校區", "note": "59", "stop_type": "YouBike" }, "geometry": { "type": "Point", "coordinates": [ 121.39795, 25.06804 ] } },
{ "type": "Feature", "properties": { "poi_name": "林口老街", "note": "17", "stop_type": "YouBike" }, "geometry": { "type": "Point", "coordinates": [ 121.39378, 25.07715 ] } },
{ "type": "Feature", "properties": { "poi_name": "竹林山觀音寺", "note": "20", "stop_type": "YouBike" }, "geometry": { "type": "Point", "coordinates": [ 121.38983, 25.08452 ] } },
{ "type": "Feature", "properties": { "poi_name": "林口高中", "note": "31", "stop_type": "YouBike" }, "geometry": { "type": "Point", "coordinates": [ 121.3803, 25.07384 ] } },
{ "type": "Feature", "properties": { "poi_name": "林口國民運動中心", "note": "32", "stop_type": "YouBike" }, "geometry": { "type": "Point", "coordinates": [ 121.38093, 25.08601 ] } },
{ "type": "Feature", "properties": { "poi_name": "富貴森林公園", "note": "46", "stop_type": "YouBike" }, "geometry": { "type": "Point", "coordinates": [ 121.37831, 25.08296 ] } },
{ "type": "Feature", "properties": { "poi_name": "湖南市民活動中心", "note": "26", "stop_type": "YouBike" }, "geometry": { "type": "Point", "coordinates": [ 121.37432, 25.08428 ] } },
{ "type": "Feature", "properties": { "poi_name": "頭湖國小", "note": "27", "stop_type": "YouBike" }, "geometry": { "type": "Point", "coordinates": [ 121.37268, 25.08167 ] } },
{ "type": "Feature", "properties": { "poi_name": "民視數位媒體總部", "note": "30", "stop_type": "YouBike" }, "geometry": { "type": "Point", "coordinates": [ 121.37925, 25.07987 ] } },
{ "type": "Feature", "properties": { "poi_name": "仁愛文化二路口", "note": "55", "stop_type": "YouBike" }, "geometry": { "type": "Point", "coordinates": [ 121.37354, 25.0777 ] } },
{ "type": "Feature", "properties": { "poi_name": "林口新創園", "note": "40", "stop_type": "YouBike" }, "geometry": { "type": "Point", "coordinates": [ 121.37609, 25.07583 ] } },
{ "type": "Feature", "properties": { "poi_name": "林口郵局", "note": "25", "stop_type": "YouBike" }, "geometry": { "type": "Point", "coordinates": [ 121.36453, 25.06667 ] } },
{ "type": "Feature", "properties": { "poi_name": "新麗園社區", "note": "51", "stop_type": "YouBike" }, "geometry": { "type": "Point", "coordinates": [ 121.37691, 25.07005 ] } },
{ "type": "Feature", "properties": { "poi_name": "林口社區運動公園", "note": "30", "stop_type": "YouBike" }, "geometry": { "type": "Point", "coordinates": [ 121.37694, 25.07411 ] } },
{ "type": "Feature", "properties": { "poi_name": "林口社區運動公園(公園路)", "note": "47", "stop_type": "YouBike" }, "geometry": { "type": "Point", "coordinates": [ 121.37429, 25.07447 ] } },
{ "type": "Feature", "properties": { "poi_name": "林口自強公園", "note": "20", "stop_type": "YouBike" }, "geometry": { "type": "Point", "coordinates": [ 121.397, 25.0781 ] } },
{ "type": "Feature", "properties": { "poi_name": "林口國小", "note": "24", "stop_type": "YouBike" }, "geometry": { "type": "Point", "coordinates": [ 121.389, 25.0805 ] } },
{ "type": "Feature", "properties": { "poi_name": "大崙公園", "note": "30", "stop_type": "YouBike" }, "geometry": { "type": "Point", "coordinates": [ 121.36, 25.0766 ] } },
{ "type": "Feature", "properties": { "poi_name": "林口區公所", "note": "29", "stop_type": "YouBike" }, "geometry": { "type": "Point", "coordinates": [ 121.38818, 25.07674 ] } },
{ "type": "Feature", "properties": { "poi_name": "崇林國中", "note": "20", "stop_type": "YouBike" }, "geometry": { "type": "Point", "coordinates": [ 121.37134, 25.06754 ] } },
{ "type": "Feature", "properties": { "poi_name": "林口吉祥公園", "note": "29", "stop_type": "YouBike" }, "geometry": { "type": "Point", "coordinates": [ 121.37576, 25.08027 ] } },
{ "type": "Feature", "properties": { "poi_name": "麗林公有市場", "note": "28", "stop_type": "YouBike" }, "geometry": { "type": "Point", "coordinates": [ 121.36776, 25.06912 ] } },
{ "type": "Feature", "properties": { "poi_name": "中山佳林路口", "note": "26", "stop_type": "YouBike" }, "geometry": { "type": "Point", "coordinates": [ 121.38527, 25.07923 ] } },
{ "type": "Feature", "properties": { "poi_name": "林口婦幼公園", "note": "28", "stop_type": "YouBike" }, "geometry": { "type": "Point", "coordinates": [ 121.37752, 25.07231 ] } },
{ "type": "Feature", "properties": { "poi_name": "足夢運動公園", "note": "15", "stop_type": "YouBike" }, "geometry": { "type": "Point", "coordinates": [ 121.39643, 25.07562 ] } },
{ "type": "Feature", "properties": { "poi_name": "興林路151巷口", "note": "25", "stop_type": "YouBike" }, "geometry": { "type": "Point", "coordinates": [ 121.389173254433842, 25.073449376722625 ] } },
{ "type": "Feature", "properties": { "poi_name": "四維文化一路口", "note": "16", "stop_type": "YouBike" }, "geometry": { "type": "Point", "coordinates": [ 121.37982, 25.07664 ] } },
{ "type": "Feature", "properties": { "poi_name": "林口仁愛公共托育中心", "note": "18", "stop_type": "YouBike" }, "geometry": { "type": "Point", "coordinates": [ 121.37412, 25.07209 ] } },
{ "type": "Feature", "properties": { "poi_name": "文化一路一段91巷口", "note": "30", "stop_type": "YouBike" }, "geometry": { "type": "Point", "coordinates": [ 121.37217, 25.07048 ] } },
{ "type": "Feature", "properties": { "poi_name": "力行公園", "note": "16", "stop_type": "YouBike" }, "geometry": { "type": "Point", "coordinates": [ 121.36892, 25.07776 ] } },
{ "type": "Feature", "properties": { "poi_name": "文化三路一段249巷", "note": "15", "stop_type": "YouBike" }, "geometry": { "type": "Point", "coordinates": [ 121.36309, 25.07204 ] } },
{ "type": "Feature", "properties": { "poi_name": "井泉公園", "note": "25", "stop_type": "YouBike" }, "geometry": { "type": "Point", "coordinates": [ 121.35665, 25.0697 ] } },
{ "type": "Feature", "properties": { "poi_name": "築禾樂社區", "note": "15", "stop_type": "YouBike" }, "geometry": { "type": "Point", "coordinates": [ 121.38552, 25.08859 ] } },
{ "type": "Feature", "properties": { "poi_name": "八德文化三路口", "note": "26", "stop_type": "YouBike" }, "geometry": { "type": "Point", "coordinates": [ 121.35992, 25.06597 ] } },
{ "type": "Feature", "properties": { "poi_name": "立功公園", "note": "14", "stop_type": "YouBike" }, "geometry": { "type": "Point", "coordinates": [ 121.35858, 25.06763 ] } },
{ "type": "Feature", "properties": { "poi_name": "林口轉運站", "note": "99", "stop_type": "YouBike" }, "geometry": { "type": "Point", "coordinates": [ 121.36123, 25.06687 ] } },
{ "type": "Feature", "properties": { "poi_name": "民享中山路口", "note": "12", "stop_type": "YouBike" }, "geometry": { "type": "Point", "coordinates": [ 121.38138, 25.08203 ] } },
{ "type": "Feature", "properties": { "poi_name": "文化一路一段190巷口", "note": "10", "stop_type": "YouBike" }, "geometry": { "type": "Point", "coordinates": [ 121.37905, 25.07549 ] } },
{ "type": "Feature", "properties": { "poi_name": "西林簡易籃球場", "note": "16", "stop_type": "YouBike" }, "geometry": { "type": "Point", "coordinates": [ 121.38133, 25.07511 ] } },
{ "type": "Feature", "properties": { "poi_name": "林口夜市(中山路)", "note": "11", "stop_type": "YouBike" }, "geometry": { "type": "Point", "coordinates": [ 121.38689, 25.07914 ] } },
{ "type": "Feature", "properties": { "poi_name": "林口區停三停車場", "note": "13", "stop_type": "YouBike" }, "geometry": { "type": "Point", "coordinates": [ 121.38918, 25.0788 ] } },
{ "type": "Feature", "properties": { "poi_name": "東明公園(興林路221巷)", "note": "18", "stop_type": "YouBike" }, "geometry": { "type": "Point", "coordinates": [ 121.39021, 25.07195 ] } },
{ "type": "Feature", "properties": { "poi_name": "醒吾科技大學(粉寮路)", "note": "26", "stop_type": "YouBike" }, "geometry": { "type": "Point", "coordinates": [ 121.39804, 25.08048 ] } },
{ "type": "Feature", "properties": { "poi_name": "佳林國中(文化一路)", "note": "18", "stop_type": "YouBike" }, "geometry": { "type": "Point", "coordinates": [ 121.38353, 25.08141 ] } },
{ "type": "Feature", "properties": { "poi_name": "林口國民運動中心(文化三路)", "note": "20", "stop_type": "YouBike" }, "geometry": { "type": "Point", "coordinates": [ 121.37961, 25.08712 ] } },
{ "type": "Feature", "properties": { "poi_name": "文化三路一段447巷口", "note": "15", "stop_type": "YouBike" }, "geometry": { "type": "Point", "coordinates": [ 121.36821, 25.07464 ] } },
{ "type": "Feature", "properties": { "poi_name": "林口東湖國小", "note": "15", "stop_type": "YouBike" }, "geometry": { "type": "Point", "coordinates": [ 121.38195, 25.07713 ] } },
{ "type": "Feature", "properties": { "poi_name": "竹林一文化一路口", "note": "15", "stop_type": "YouBike" }, "geometry": { "type": "Point", "coordinates": [ 121.38538, 25.08565 ] } },
{ "type": "Feature", "properties": { "poi_name": "文化北中華路口", "note": "19", "stop_type": "YouBike" }, "geometry": { "type": "Point", "coordinates": [ 121.37874, 25.09322 ] } },
{ "type": "Feature", "properties": { "poi_name": "四維文化二路口", "note": "27", "stop_type": "YouBike" }, "geometry": { "type": "Point", "coordinates": [ 121.37604, 25.07899 ] } },
{ "type": "Feature", "properties": { "poi_name": "文化二路一段260巷口", "note": "14", "stop_type": "YouBike" }, "geometry": { "type": "Point", "coordinates": [ 121.37107, 25.07366 ] } },
{ "type": "Feature", "properties": { "poi_name": "湖北市民活動中心", "note": "10", "stop_type": "YouBike" }, "geometry": { "type": "Point", "coordinates": [ 121.3867, 25.09612 ] } },
{ "type": "Feature", "properties": { "poi_name": "松柏公園", "note": "10", "stop_type": "YouBike" }, "geometry": { "type": "Point", "coordinates": [ 121.37942, 25.09129 ] } },
{ "type": "Feature", "properties": { "poi_name": "東明一街121巷", "note": "20", "stop_type": "YouBike" }, "geometry": { "type": "Point", "coordinates": [ 121.39018, 25.06976 ] } },
{ "type": "Feature", "properties": { "poi_name": "師大林口校區行政大樓", "note": "18", "stop_type": "YouBike" }, "geometry": { "type": "Point", "coordinates": [ 121.40133, 25.06726 ] } },
{ "type": "Feature", "properties": { "poi_name": "師大林口校區體育館前", "note": "16", "stop_type": "YouBike" }, "geometry": { "type": "Point", "coordinates": [ 121.40216, 25.06703 ] } },
{ "type": "Feature", "properties": { "poi_name": "師大林口校區誠樓前", "note": "29", "stop_type": "YouBike" }, "geometry": { "type": "Point", "coordinates": [ 121.4022, 25.06929 ] } },
{ "type": "Feature", "properties": { "poi_name": "師大林口校區正樓後", "note": "27", "stop_type": "YouBike" }, "geometry": { "type": "Point", "coordinates": [ 121.4033, 25.06944 ] } },
{ "type": "Feature", "properties": { "poi_name": "宗北公園", "note": "15", "stop_type": "YouBike" }, "geometry": { "type": "Point", "coordinates": [ 121.3838, 25.08809 ] } },
{ "type": "Feature", "properties": { "poi_name": "文化廣場", "note": "30", "stop_type": "YouBike" }, "geometry": { "type": "Point", "coordinates": [ 121.36629, 25.07294 ] } },
{ "type": "Feature", "properties": { "poi_name": "文化二路一段68巷口", "note": "21", "stop_type": "YouBike" }, "geometry": { "type": "Point", "coordinates": [ 121.36524, 25.06812 ] } },
{ "type": "Feature", "properties": { "poi_name": "忠福南勢一街口", "note": "20", "stop_type": "YouBike" }, "geometry": { "type": "Point", "coordinates": [ 121.36137, 25.07744 ] } },
{ "type": "Feature", "properties": { "poi_name": "文林公園", "note": "15", "stop_type": "YouBike" }, "geometry": { "type": "Point", "coordinates": [ 121.37525, 25.08711 ] } },
{ "type": "Feature", "properties": { "poi_name": "扶輪公園(忠孝路)", "note": "33", "stop_type": "YouBike" }, "geometry": { "type": "Point", "coordinates": [ 121.3685, 25.07239 ] } },
{ "type": "Feature", "properties": { "poi_name": "民族仁愛路口", "note": "17", "stop_type": "YouBike" }, "geometry": { "type": "Point", "coordinates": [ 121.37068, 25.07951 ] } },
{ "type": "Feature", "properties": { "poi_name": "信義文化三路口", "note": "24", "stop_type": "YouBike" }, "geometry": { "type": "Point", "coordinates": [ 121.37541, 25.08214 ] } },
{ "type": "Feature", "properties": { "poi_name": "樂活公園", "note": "14", "stop_type": "YouBike" }, "geometry": { "type": "Point", "coordinates": [ 121.37612, 25.06705 ] } },
{ "type": "Feature", "properties": { "poi_name": "林口高中(四維路)", "note": "23", "stop_type": "YouBike" }, "geometry": { "type": "Point", "coordinates": [ 121.38159, 25.07386 ] } },
{ "type": "Feature", "properties": { "poi_name": "八德路500巷", "note": "20", "stop_type": "YouBike" }, "geometry": { "type": "Point", "coordinates": [ 121.35626, 25.06715 ] } },
{ "type": "Feature", "properties": { "poi_name": "南勢六街81巷口", "note": "15", "stop_type": "YouBike" }, "geometry": { "type": "Point", "coordinates": [ 121.35475, 25.07255 ] } },
{ "type": "Feature", "properties": { "poi_name": "湖子和福宮", "note": "15", "stop_type": "YouBike" }, "geometry": { "type": "Point", "coordinates": [ 121.38847, 25.0926 ] } },
{ "type": "Feature", "properties": { "poi_name": "文化北路一段412巷口", "note": "27", "stop_type": "YouBike" }, "geometry": { "type": "Point", "coordinates": [ 121.36492, 25.07659 ] } },
{ "type": "Feature", "properties": { "poi_name": "國家檔案館", "note": "17", "stop_type": "YouBike" }, "geometry": { "type": "Point", "coordinates": [ 121.37472, 25.07353 ] } },
{ "type": "Feature", "properties": { "poi_name": "國家檔案館(文化一路)", "note": "25", "stop_type": "YouBike" }, "geometry": { "type": "Point", "coordinates": [ 121.37527, 25.07285 ] } },
{ "type": "Feature", "properties": { "poi_name": "文化三四維路口", "note": "29", "stop_type": "YouBike" }, "geometry": { "type": "Point", "coordinates": [ 121.37414, 25.07979 ] } },
{ "type": "Feature", "properties": { "poi_name": "文化北忠孝一路口", "note": "18", "stop_type": "YouBike" }, "geometry": { "type": "Point", "coordinates": [ 121.36119, 25.07376 ] } },
{ "type": "Feature", "properties": { "poi_name": "中山文化二路口", "note": "17", "stop_type": "YouBike" }, "geometry": { "type": "Point", "coordinates": [ 121.37942, 25.08288 ] } },
{ "type": "Feature", "properties": { "poi_name": "樂活公園(文化一路)", "note": "26", "stop_type": "YouBike" }, "geometry": { "type": "Point", "coordinates": [ 121.36922, 25.06722 ] } },
{ "type": "Feature", "properties": { "poi_name": "文化一麗園路2巷口", "note": "18", "stop_type": "YouBike" }, "geometry": { "type": "Point", "coordinates": [ 121.37494, 25.07222 ] } },
{ "type": "Feature", "properties": { "poi_name": "忠孝二文化二路口", "note": "23", "stop_type": "YouBike" }, "geometry": { "type": "Point", "coordinates": [ 121.36541, 25.06913 ] } },
{ "type": "Feature", "properties": { "poi_name": "忠孝公園路口", "note": "16", "stop_type": "YouBike" }, "geometry": { "type": "Point", "coordinates": [ 121.36982, 25.0712 ] } },
{ "type": "Feature", "properties": { "poi_name": "南勢國中", "note": "24", "stop_type": "YouBike" }, "geometry": { "type": "Point", "coordinates": [ 121.36232, 25.07486 ] } },
{ "type": "Feature", "properties": { "poi_name": "文化三路一段203號前", "note": "27", "stop_type": "YouBike" }, "geometry": { "type": "Point", "coordinates": [ 121.36246, 25.07039 ] } },
{ "type": "Feature", "properties": { "poi_name": "林口廣停一停車場", "note": "18", "stop_type": "YouBike" }, "geometry": { "type": "Point", "coordinates": [ 121.3722, 25.07534 ] } },
{ "type": "Feature", "properties": { "poi_name": "民族忠孝路口", "note": "14", "stop_type": "YouBike" }, "geometry": { "type": "Point", "coordinates": [ 121.36496, 25.07484 ] } },
{ "type": "Feature", "properties": { "poi_name": "水柳腳立體停車場", "note": "23", "stop_type": "YouBike" }, "geometry": { "type": "Point", "coordinates": [ 121.71021, 24.93555 ] } },
{ "type": "Feature", "properties": { "poi_name": "坪林茶業博物館", "note": "20", "stop_type": "YouBike" }, "geometry": { "type": "Point", "coordinates": [ 121.71254, 24.93475 ] } },
{ "type": "Feature", "properties": { "poi_name": "坪林旅遊服務中心", "note": "22", "stop_type": "YouBike" }, "geometry": { "type": "Point", "coordinates": [ 121.70528, 24.93522 ] } },
{ "type": "Feature", "properties": { "poi_name": "國中碇坪路二段口", "note": "19", "stop_type": "YouBike" }, "geometry": { "type": "Point", "coordinates": [ 121.71259, 24.93666 ] } },
{ "type": "Feature", "properties": { "poi_name": "新北市政府(新府路)", "note": "68", "stop_type": "YouBike" }, "geometry": { "type": "Point", "coordinates": [ 121.4642, 25.01245 ] } },
{ "type": "Feature", "properties": { "poi_name": "新北市政府(新站路)", "note": "74", "stop_type": "YouBike" }, "geometry": { "type": "Point", "coordinates": [ 121.46653, 25.01252 ] } },
{ "type": "Feature", "properties": { "poi_name": "板林溪北路口", "note": "57", "stop_type": "YouBike" }, "geometry": { "type": "Point", "coordinates": [ 121.42636, 24.99057 ] } },
{ "type": "Feature", "properties": { "poi_name": "捷運亞東醫院站(2號出口)", "note": "52", "stop_type": "YouBike" }, "geometry": { "type": "Point", "coordinates": [ 121.4522, 24.99763 ] } },
{ "type": "Feature", "properties": { "poi_name": "四川遠東路口", "note": "60", "stop_type": "YouBike" }, "geometry": { "type": "Point", "coordinates": [ 121.45759, 24.99856 ] } },
{ "type": "Feature", "properties": { "poi_name": "環河公園", "note": "44", "stop_type": "YouBike" }, "geometry": { "type": "Point", "coordinates": [ 121.45064, 25.01666 ] } },
{ "type": "Feature", "properties": { "poi_name": "中華電信學院", "note": "9", "stop_type": "YouBike" }, "geometry": { "type": "Point", "coordinates": [ 121.46684, 25.00801 ] } },
{ "type": "Feature", "properties": { "poi_name": "漢生東路193巷口", "note": "19", "stop_type": "YouBike" }, "geometry": { "type": "Point", "coordinates": [ 121.47128, 25.01225 ] } },
{ "type": "Feature", "properties": { "poi_name": "溪洲公園停車場", "note": "40", "stop_type": "YouBike" }, "geometry": { "type": "Point", "coordinates": [ 121.42686, 24.98698 ] } },
{ "type": "Feature", "properties": { "poi_name": "華德公園", "note": "58", "stop_type": "YouBike" }, "geometry": { "type": "Point", "coordinates": [ 121.45279, 24.99195 ] } },
{ "type": "Feature", "properties": { "poi_name": "湳雅觀光夜市(津渡橋)", "note": "56", "stop_type": "YouBike" }, "geometry": { "type": "Point", "coordinates": [ 121.45231, 25.0079 ] } },
{ "type": "Feature", "properties": { "poi_name": "忠孝國中", "note": "66", "stop_type": "YouBike" }, "geometry": { "type": "Point", "coordinates": [ 121.46129, 25.00488 ] } },
{ "type": "Feature", "properties": { "poi_name": "南雅公園", "note": "45", "stop_type": "YouBike" }, "geometry": { "type": "Point", "coordinates": [ 121.45526, 25.00376 ] } },
{ "type": "Feature", "properties": { "poi_name": "浮洲合宜住宅(合安一合宜路口)", "note": "58", "stop_type": "YouBike" }, "geometry": { "type": "Point", "coordinates": [ 121.44863, 24.99849 ] } },
{ "type": "Feature", "properties": { "poi_name": "板橋信義公園", "note": "55", "stop_type": "YouBike" }, "geometry": { "type": "Point", "coordinates": [ 121.45622, 24.99625 ] } },
{ "type": "Feature", "properties": { "poi_name": "板橋仁愛公園", "note": "51", "stop_type": "YouBike" }, "geometry": { "type": "Point", "coordinates": [ 121.45971, 24.99601 ] } },
{ "type": "Feature", "properties": { "poi_name": "捷運板新站", "note": "96", "stop_type": "YouBike" }, "geometry": { "type": "Point", "coordinates": [ 121.47124, 25.01409 ] } },
{ "type": "Feature", "properties": { "poi_name": "捷運新埔民生站", "note": "40", "stop_type": "YouBike" }, "geometry": { "type": "Point", "coordinates": [ 121.46657, 25.02598 ] } },
{ "type": "Feature", "properties": { "poi_name": "捷運新埔站(5號出口)", "note": "79", "stop_type": "YouBike" }, "geometry": { "type": "Point", "coordinates": [ 121.46808, 25.0235 ] } },
{ "type": "Feature", "properties": { "poi_name": "捷運新埔站(1號出口)", "note": "99", "stop_type": "YouBike" }, "geometry": { "type": "Point", "coordinates": [ 121.46745, 25.0235 ] } },
{ "type": "Feature", "properties": { "poi_name": "埤墘公園", "note": "37", "stop_type": "YouBike" }, "geometry": { "type": "Point", "coordinates": [ 121.47422, 25.02332 ] } },
{ "type": "Feature", "properties": { "poi_name": "健華新城社區", "note": "72", "stop_type": "YouBike" }, "geometry": { "type": "Point", "coordinates": [ 121.4653, 25.01927 ] } },
{ "type": "Feature", "properties": { "poi_name": "信義公園市民活動中心", "note": "49", "stop_type": "YouBike" }, "geometry": { "type": "Point", "coordinates": [ 121.45713, 24.99181 ] } },
{ "type": "Feature", "properties": { "poi_name": "板橋和平公園", "note": "54", "stop_type": "YouBike" }, "geometry": { "type": "Point", "coordinates": [ 121.46427, 24.99766 ] } },
{ "type": "Feature", "properties": { "poi_name": "民生公園", "note": "50", "stop_type": "YouBike" }, "geometry": { "type": "Point", "coordinates": [ 121.47542, 25.01368 ] } },
{ "type": "Feature", "properties": { "poi_name": "光復高中", "note": "37", "stop_type": "YouBike" }, "geometry": { "type": "Point", "coordinates": [ 121.48258, 25.01735 ] } },
{ "type": "Feature", "properties": { "poi_name": "永安公園", "note": "64", "stop_type": "YouBike" }, "geometry": { "type": "Point", "coordinates": [ 121.47776, 25.02418 ] } },
{ "type": "Feature", "properties": { "poi_name": "莊敬公園", "note": "50", "stop_type": "YouBike" }, "geometry": { "type": "Point", "coordinates": [ 121.47025, 25.02062 ] } },
{ "type": "Feature", "properties": { "poi_name": "板橋地政事務所", "note": "61", "stop_type": "YouBike" }, "geometry": { "type": "Point", "coordinates": [ 121.46333, 25.00841 ] } },
{ "type": "Feature", "properties": { "poi_name": "四川忠孝路口", "note": "39", "stop_type": "YouBike" }, "geometry": { "type": "Point", "coordinates": [ 121.45924, 25.00149 ] } },
{ "type": "Feature", "properties": { "poi_name": "板橋真武廟", "note": "20", "stop_type": "YouBike" }, "geometry": { "type": "Point", "coordinates": [ 121.48594, 25.02046 ] } },
{ "type": "Feature", "properties": { "poi_name": "莒光國小", "note": "37", "stop_type": "YouBike" }, "geometry": { "type": "Point", "coordinates": [ 121.47465, 25.02565 ] } },
{ "type": "Feature", "properties": { "poi_name": "環河西大漢街口", "note": "46", "stop_type": "YouBike" }, "geometry": { "type": "Point", "coordinates": [ 121.4612, 25.03183 ] } },
{ "type": "Feature", "properties": { "poi_name": "浮洲合宜住宅(合安一路)", "note": "34", "stop_type": "YouBike" }, "geometry": { "type": "Point", "coordinates": [ 121.4465, 24.99946 ] } },
{ "type": "Feature", "properties": { "poi_name": "新北市立圖書館總館", "note": "53", "stop_type": "YouBike" }, "geometry": { "type": "Point", "coordinates": [ 121.45569, 25.00147 ] } },
{ "type": "Feature", "properties": { "poi_name": "板橋福德公園", "note": "47", "stop_type": "YouBike" }, "geometry": { "type": "Point", "coordinates": [ 121.46734, 25.01156 ] } },
{ "type": "Feature", "properties": { "poi_name": "板橋第一運動場", "note": "46", "stop_type": "YouBike" }, "geometry": { "type": "Point", "coordinates": [ 121.46799, 25.00914 ] } },
{ "type": "Feature", "properties": { "poi_name": "溪北公園", "note": "42", "stop_type": "YouBike" }, "geometry": { "type": "Point", "coordinates": [ 121.43224, 24.98999 ] } },
{ "type": "Feature", "properties": { "poi_name": "崑崙活力廣場", "note": "52", "stop_type": "YouBike" }, "geometry": { "type": "Point", "coordinates": [ 121.43294, 24.99402 ] } },
{ "type": "Feature", "properties": { "poi_name": "浮洲火車站", "note": "76", "stop_type": "YouBike" }, "geometry": { "type": "Point", "coordinates": [ 121.44425, 25.0041 ] } },
{ "type": "Feature", "properties": { "poi_name": "馥華公園", "note": "53", "stop_type": "YouBike" }, "geometry": { "type": "Point", "coordinates": [ 121.44564, 25.00607 ] } },
{ "type": "Feature", "properties": { "poi_name": "捷運新埔站(2號出口)", "note": "60", "stop_type": "YouBike" }, "geometry": { "type": "Point", "coordinates": [ 121.46779, 25.02237 ] } },
{ "type": "Feature", "properties": { "poi_name": "捷運新埔站(4號出口)", "note": "70", "stop_type": "YouBike" }, "geometry": { "type": "Point", "coordinates": [ 121.46857, 25.02341 ] } },
{ "type": "Feature", "properties": { "poi_name": "捷運板橋站(3號出口)", "note": "89", "stop_type": "YouBike" }, "geometry": { "type": "Point", "coordinates": [ 121.46179, 25.01452 ] } },
{ "type": "Feature", "properties": { "poi_name": "捷運板橋站(1號出口)", "note": "86", "stop_type": "YouBike" }, "geometry": { "type": "Point", "coordinates": [ 121.46202, 25.01335 ] } },
{ "type": "Feature", "properties": { "poi_name": "時光公園", "note": "20", "stop_type": "YouBike" }, "geometry": { "type": "Point", "coordinates": [ 121.47948, 25.03622 ] } },
{ "type": "Feature", "properties": { "poi_name": "江翠國小", "note": "43", "stop_type": "YouBike" }, "geometry": { "type": "Point", "coordinates": [ 121.47431, 25.03236 ] } },
{ "type": "Feature", "properties": { "poi_name": "仁化文新路口", "note": "36", "stop_type": "YouBike" }, "geometry": { "type": "Point", "coordinates": [ 121.47928, 25.03486 ] } },
{ "type": "Feature", "properties": { "poi_name": "板橋果菜批發市場", "note": "26", "stop_type": "YouBike" }, "geometry": { "type": "Point", "coordinates": [ 121.45004, 25.02113 ] } },
{ "type": "Feature", "properties": { "poi_name": "音樂公園", "note": "57", "stop_type": "YouBike" }, "geometry": { "type": "Point", "coordinates": [ 121.48039, 25.02856 ] } },
{ "type": "Feature", "properties": { "poi_name": "捷運江子翠站(3號出口)", "note": "60", "stop_type": "YouBike" }, "geometry": { "type": "Point", "coordinates": [ 121.47195, 25.02933 ] } },
{ "type": "Feature", "properties": { "poi_name": "新北市藝文中心", "note": "54", "stop_type": "YouBike" }, "geometry": { "type": "Point", "coordinates": [ 121.47251, 25.0262 ] } },
{ "type": "Feature", "properties": { "poi_name": "民生長江路口", "note": "99", "stop_type": "YouBike" }, "geometry": { "type": "Point", "coordinates": [ 121.46346, 25.03134 ] } },
{ "type": "Feature", "properties": { "poi_name": "板橋國中", "note": "62", "stop_type": "YouBike" }, "geometry": { "type": "Point", "coordinates": [ 121.45437, 25.02499 ] } },
{ "type": "Feature", "properties": { "poi_name": "大觀路二段19巷", "note": "29", "stop_type": "YouBike" }, "geometry": { "type": "Point", "coordinates": [ 121.45079, 25.00256 ] } },
{ "type": "Feature", "properties": { "poi_name": "永翠藝文街口(大禾社區)", "note": "44", "stop_type": "YouBike" }, "geometry": { "type": "Point", "coordinates": [ 121.45029, 25.01801 ] } },
{ "type": "Feature", "properties": { "poi_name": "永翠藝文街口(柏克萊公園社區)", "note": "45", "stop_type": "YouBike" }, "geometry": { "type": "Point", "coordinates": [ 121.45066, 25.01811 ] } },
{ "type": "Feature", "properties": { "poi_name": "藝文二永翠路口(青峰社區)", "note": "39", "stop_type": "YouBike" }, "geometry": { "type": "Point", "coordinates": [ 121.45221, 25.02142 ] } },
{ "type": "Feature", "properties": { "poi_name": "華江一華江五路口(雙江翠社區)", "note": "46", "stop_type": "YouBike" }, "geometry": { "type": "Point", "coordinates": [ 121.47253, 25.03485 ] } },
{ "type": "Feature", "properties": { "poi_name": "文化路二段182巷1弄", "note": "49", "stop_type": "YouBike" }, "geometry": { "type": "Point", "coordinates": [ 121.47241, 25.02926 ] } },
{ "type": "Feature", "properties": { "poi_name": "中正新月二街口(富江翠社區)", "note": "40", "stop_type": "YouBike" }, "geometry": { "type": "Point", "coordinates": [ 121.45437, 25.02586 ] } },
{ "type": "Feature", "properties": { "poi_name": "浮洲合宜住宅(樂群路)", "note": "48", "stop_type": "YouBike" }, "geometry": { "type": "Point", "coordinates": [ 121.44642, 24.99702 ] } },
{ "type": "Feature", "properties": { "poi_name": "三抱竹", "note": "34", "stop_type": "YouBike" }, "geometry": { "type": "Point", "coordinates": [ 121.44139, 24.99864 ] } },
{ "type": "Feature", "properties": { "poi_name": "廣福公園", "note": "30", "stop_type": "YouBike" }, "geometry": { "type": "Point", "coordinates": [ 121.462872, 24.991643 ] } },
{ "type": "Feature", "properties": { "poi_name": "潤泰社區", "note": "35", "stop_type": "YouBike" }, "geometry": { "type": "Point", "coordinates": [ 121.47938, 25.01795 ] } },
{ "type": "Feature", "properties": { "poi_name": "永豐公園活動中心", "note": "32", "stop_type": "YouBike" }, "geometry": { "type": "Point", "coordinates": [ 121.47685, 25.02113 ] } },
{ "type": "Feature", "properties": { "poi_name": "板橋中山公園", "note": "34", "stop_type": "YouBike" }, "geometry": { "type": "Point", "coordinates": [ 121.47109, 25.02336 ] } },
{ "type": "Feature", "properties": { "poi_name": "浮洲合宜住宅(合宜一路)", "note": "57", "stop_type": "YouBike" }, "geometry": { "type": "Point", "coordinates": [ 121.44276, 24.99652 ] } },
{ "type": "Feature", "properties": { "poi_name": "崑崙公園", "note": "32", "stop_type": "YouBike" }, "geometry": { "type": "Point", "coordinates": [ 121.42964, 24.99341 ] } },
{ "type": "Feature", "properties": { "poi_name": "中山國中", "note": "34", "stop_type": "YouBike" }, "geometry": { "type": "Point", "coordinates": [ 121.46751, 25.01856 ] } },
{ "type": "Feature", "properties": { "poi_name": "振義里公園", "note": "30", "stop_type": "YouBike" }, "geometry": { "type": "Point", "coordinates": [ 121.48397, 25.02389 ] } },
{ "type": "Feature", "properties": { "poi_name": "民生中山路口", "note": "29", "stop_type": "YouBike" }, "geometry": { "type": "Point", "coordinates": [ 121.47346, 25.01606 ] } },
{ "type": "Feature", "properties": { "poi_name": "重慶國小", "note": "41", "stop_type": "YouBike" }, "geometry": { "type": "Point", "coordinates": [ 121.46253, 24.99373 ] } },
{ "type": "Feature", "properties": { "poi_name": "新北市藝文中心(文化路二段124巷)", "note": "37", "stop_type": "YouBike" }, "geometry": { "type": "Point", "coordinates": [ 121.4714, 25.02563 ] } },
{ "type": "Feature", "properties": { "poi_name": "板橋國民運動中心", "note": "42", "stop_type": "YouBike" }, "geometry": { "type": "Point", "coordinates": [ 121.45815, 25.02224 ] } },
{ "type": "Feature", "properties": { "poi_name": "臺灣藝術大學", "note": "65", "stop_type": "YouBike" }, "geometry": { "type": "Point", "coordinates": [ 121.448, 25.0075 ] } },
{ "type": "Feature", "properties": { "poi_name": "林本源園邸", "note": "40", "stop_type": "YouBike" }, "geometry": { "type": "Point", "coordinates": [ 121.45598, 25.01086 ] } },
{ "type": "Feature", "properties": { "poi_name": "埔墘國小", "note": "34", "stop_type": "YouBike" }, "geometry": { "type": "Point", "coordinates": [ 121.47372, 25.01908 ] } },
{ "type": "Feature", "properties": { "poi_name": "石雕公園", "note": "34", "stop_type": "YouBike" }, "geometry": { "type": "Point", "coordinates": [ 121.46947, 25.03026 ] } },
{ "type": "Feature", "properties": { "poi_name": "萬板文聖街口", "note": "54", "stop_type": "YouBike" }, "geometry": { "type": "Point", "coordinates": [ 121.47973, 25.02638 ] } },
{ "type": "Feature", "properties": { "poi_name": "光復國小", "note": "38", "stop_type": "YouBike" }, "geometry": { "type": "Point", "coordinates": [ 121.48169, 25.01501 ] } },
{ "type": "Feature", "properties": { "poi_name": "大觀國中", "note": "99", "stop_type": "YouBike" }, "geometry": { "type": "Point", "coordinates": [ 121.44698, 25.01076 ] } },
{ "type": "Feature", "properties": { "poi_name": "捷運府中站(1號出口)", "note": "91", "stop_type": "YouBike" }, "geometry": { "type": "Point", "coordinates": [ 121.45904, 25.00821 ] } },
{ "type": "Feature", "properties": { "poi_name": "文德國小(公館街)", "note": "52", "stop_type": "YouBike" }, "geometry": { "type": "Point", "coordinates": [ 121.45923, 25.02145 ] } },
{ "type": "Feature", "properties": { "poi_name": "板橋四維公園", "note": "67", "stop_type": "YouBike" }, "geometry": { "type": "Point", "coordinates": [ 121.46319, 25.02452 ] } },
{ "type": "Feature", "properties": { "poi_name": "四維公園地下停車場", "note": "93", "stop_type": "YouBike" }, "geometry": { "type": "Point", "coordinates": [ 121.46392, 25.02569 ] } },
{ "type": "Feature", "properties": { "poi_name": "縣民漢生東路口", "note": "71", "stop_type": "YouBike" }, "geometry": { "type": "Point", "coordinates": [ 121.46779, 25.01578 ] } },
{ "type": "Feature", "properties": { "poi_name": "江翠國中", "note": "36", "stop_type": "YouBike" }, "geometry": { "type": "Point", "coordinates": [ 121.46848, 25.02858 ] } },
{ "type": "Feature", "properties": { "poi_name": "溪頭公園", "note": "58", "stop_type": "YouBike" }, "geometry": { "type": "Point", "coordinates": [ 121.46852, 25.03312 ] } },
{ "type": "Feature", "properties": { "poi_name": "華江一華江九路口", "note": "55", "stop_type": "YouBike" }, "geometry": { "type": "Point", "coordinates": [ 121.46681, 25.033 ] } },
{ "type": "Feature", "properties": { "poi_name": "新海長江路口", "note": "61", "stop_type": "YouBike" }, "geometry": { "type": "Point", "coordinates": [ 121.45779, 25.02788 ] } },
{ "type": "Feature", "properties": { "poi_name": "板橋戶政事務所", "note": "44", "stop_type": "YouBike" }, "geometry": { "type": "Point", "coordinates": [ 121.45646, 25.01309 ] } },
{ "type": "Feature", "properties": { "poi_name": "板橋第二運動場(皇翔建設)", "note": "32", "stop_type": "YouBike" }, "geometry": { "type": "Point", "coordinates": [ 121.45897, 25.01387 ] } },
{ "type": "Feature", "properties": { "poi_name": "聯合醫院板橋院區", "note": "52", "stop_type": "YouBike" }, "geometry": { "type": "Point", "coordinates": [ 121.45789, 25.02406 ] } },
{ "type": "Feature", "properties": { "poi_name": "板橋車站", "note": "95", "stop_type": "YouBike" }, "geometry": { "type": "Point", "coordinates": [ 121.463735, 25.015519 ] } },
{ "type": "Feature", "properties": { "poi_name": "捷運府中站(3號出口)", "note": "69", "stop_type": "YouBike" }, "geometry": { "type": "Point", "coordinates": [ 121.459, 25.009 ] } },
{ "type": "Feature", "properties": { "poi_name": "縣民民族路口", "note": "49", "stop_type": "YouBike" }, "geometry": { "type": "Point", "coordinates": [ 121.461, 25.01 ] } },
{ "type": "Feature", "properties": { "poi_name": "國光里(國光路)", "note": "43", "stop_type": "YouBike" }, "geometry": { "type": "Point", "coordinates": [ 121.45847, 25.0178 ] } },
{ "type": "Feature", "properties": { "poi_name": "國光公園", "note": "42", "stop_type": "YouBike" }, "geometry": { "type": "Point", "coordinates": [ 121.454, 25.0198 ] } },
{ "type": "Feature", "properties": { "poi_name": "西安市民活動中心", "note": "27", "stop_type": "YouBike" }, "geometry": { "type": "Point", "coordinates": [ 121.47188, 25.01712 ] } },
{ "type": "Feature", "properties": { "poi_name": "板橋重慶公園", "note": "38", "stop_type": "YouBike" }, "geometry": { "type": "Point", "coordinates": [ 121.463, 25.0001 ] } },
{ "type": "Feature", "properties": { "poi_name": "華江一華江六路口(仰真社區)", "note": "38", "stop_type": "YouBike" }, "geometry": { "type": "Point", "coordinates": [ 121.47, 25.034 ] } },
{ "type": "Feature", "properties": { "poi_name": "環河西新月一街口(新月天地社區)", "note": "38", "stop_type": "YouBike" }, "geometry": { "type": "Point", "coordinates": [ 121.453, 25.0267 ] } },
{ "type": "Feature", "properties": { "poi_name": "藝文藝文二街口(大悅社區)", "note": "38", "stop_type": "YouBike" }, "geometry": { "type": "Point", "coordinates": [ 121.45157, 25.021765 ] } },
{ "type": "Feature", "properties": { "poi_name": "香社一藝文街口(歡喜市社區)", "note": "40", "stop_type": "YouBike" }, "geometry": { "type": "Point", "coordinates": [ 121.451, 25.0208 ] } },
{ "type": "Feature", "properties": { "poi_name": "華江九華江一路口(匯翠社區)", "note": "40", "stop_type": "YouBike" }, "geometry": { "type": "Point", "coordinates": [ 121.466, 25.033 ] } },
{ "type": "Feature", "properties": { "poi_name": "國泰街111巷口", "note": "43", "stop_type": "YouBike" }, "geometry": { "type": "Point", "coordinates": [ 121.46617, 25.00609 ] } },
{ "type": "Feature", "properties": { "poi_name": "新崑公園", "note": "30", "stop_type": "YouBike" }, "geometry": { "type": "Point", "coordinates": [ 121.43249, 24.99968 ] } },
{ "type": "Feature", "properties": { "poi_name": "大明街20巷19弄口", "note": "43", "stop_type": "YouBike" }, "geometry": { "type": "Point", "coordinates": [ 121.45714, 25.00306 ] } },
{ "type": "Feature", "properties": { "poi_name": "港嘴活動中心", "note": "20", "stop_type": "YouBike" }, "geometry": { "type": "Point", "coordinates": [ 121.4814, 25.02578 ] } },
{ "type": "Feature", "properties": { "poi_name": "三民翠華街口", "note": "10", "stop_type": "YouBike" }, "geometry": { "type": "Point", "coordinates": [ 121.48024, 25.02317 ] } },
{ "type": "Feature", "properties": { "poi_name": "夢奇地公園(文化路一段)", "note": "45", "stop_type": "YouBike" }, "geometry": { "type": "Point", "coordinates": [ 121.4638, 25.017 ] } },
{ "type": "Feature", "properties": { "poi_name": "海山高中", "note": "80", "stop_type": "YouBike" }, "geometry": { "type": "Point", "coordinates": [ 121.47149, 25.00911 ] } },
{ "type": "Feature", "properties": { "poi_name": "雙十萬板路口", "note": "26", "stop_type": "YouBike" }, "geometry": { "type": "Point", "coordinates": [ 121.47718, 25.02538 ] } },
{ "type": "Feature", "properties": { "poi_name": "板新中山路一段口", "note": "15", "stop_type": "YouBike" }, "geometry": { "type": "Point", "coordinates": [ 121.47161, 25.01491 ] } },
{ "type": "Feature", "properties": { "poi_name": "新民民族路口", "note": "20", "stop_type": "YouBike" }, "geometry": { "type": "Point", "coordinates": [ 121.4638, 25.0094 ] } },
{ "type": "Feature", "properties": { "poi_name": "新月二綠堤街口", "note": "21", "stop_type": "YouBike" }, "geometry": { "type": "Point", "coordinates": [ 121.45526, 25.02627 ] } },
{ "type": "Feature", "properties": { "poi_name": "華江一華江二路口(江匯Life社區)", "note": "40", "stop_type": "YouBike" }, "geometry": { "type": "Point", "coordinates": [ 121.47656, 25.03588 ] } },
{ "type": "Feature", "properties": { "poi_name": "信義路163巷口", "note": "17", "stop_type": "YouBike" }, "geometry": { "type": "Point", "coordinates": [ 121.45848, 24.99271 ] } },
{ "type": "Feature", "properties": { "poi_name": "中正路145巷口", "note": "18", "stop_type": "YouBike" }, "geometry": { "type": "Point", "coordinates": [ 121.4566, 25.01587 ] } },
{ "type": "Feature", "properties": { "poi_name": "黃石中繼市場", "note": "20", "stop_type": "YouBike" }, "geometry": { "type": "Point", "coordinates": [ 121.45699, 25.0125 ] } },
{ "type": "Feature", "properties": { "poi_name": "信義和平路口", "note": "15", "stop_type": "YouBike" }, "geometry": { "type": "Point", "coordinates": [ 121.45721, 24.99455 ] } },
{ "type": "Feature", "properties": { "poi_name": "新府區運路口", "note": "30", "stop_type": "YouBike" }, "geometry": { "type": "Point", "coordinates": [ 121.46546, 25.01016 ] } },
{ "type": "Feature", "properties": { "poi_name": "海山高中(漢生東路)", "note": "40", "stop_type": "YouBike" }, "geometry": { "type": "Point", "coordinates": [ 121.47048, 25.01067 ] } },
{ "type": "Feature", "properties": { "poi_name": "後埔國小", "note": "12", "stop_type": "YouBike" }, "geometry": { "type": "Point", "coordinates": [ 121.4643, 25.00339 ] } },
{ "type": "Feature", "properties": { "poi_name": "民生路二段/文化路一段286巷口", "note": "13", "stop_type": "YouBike" }, "geometry": { "type": "Point", "coordinates": [ 121.46885, 25.02132 ] } },
{ "type": "Feature", "properties": { "poi_name": "文化路一段212巷口", "note": "20", "stop_type": "YouBike" }, "geometry": { "type": "Point", "coordinates": [ 121.46639, 25.02021 ] } },
{ "type": "Feature", "properties": { "poi_name": "稚匯公園(華江三路)", "note": "19", "stop_type": "YouBike" }, "geometry": { "type": "Point", "coordinates": [ 121.47255, 25.03562 ] } },
{ "type": "Feature", "properties": { "poi_name": "松柏街15巷口", "note": "20", "stop_type": "YouBike" }, "geometry": { "type": "Point", "coordinates": [ 121.4742, 25.0296 ] } },
{ "type": "Feature", "properties": { "poi_name": "捷運江子翠站(6號出口)", "note": "22", "stop_type": "YouBike" }, "geometry": { "type": "Point", "coordinates": [ 121.47314, 25.03106 ] } },
{ "type": "Feature", "properties": { "poi_name": "捷運江子翠站(1號出口)", "note": "13", "stop_type": "YouBike" }, "geometry": { "type": "Point", "coordinates": [ 121.47162, 25.03043 ] } },
{ "type": "Feature", "properties": { "poi_name": "捷運江子翠站(2號出口)", "note": "26", "stop_type": "YouBike" }, "geometry": { "type": "Point", "coordinates": [ 121.472, 25.02999 ] } },
{ "type": "Feature", "properties": { "poi_name": "捷運江子翠站(4號出口)", "note": "11", "stop_type": "YouBike" }, "geometry": { "type": "Point", "coordinates": [ 121.47307, 25.02946 ] } },
{ "type": "Feature", "properties": { "poi_name": "新北市政府板橋分局沙崙派出所", "note": "16", "stop_type": "YouBike" }, "geometry": { "type": "Point", "coordinates": [ 121.43032, 24.98842 ] } },
{ "type": "Feature", "properties": { "poi_name": "僑中二街92巷口", "note": "21", "stop_type": "YouBike" }, "geometry": { "type": "Point", "coordinates": [ 121.44632, 25.00879 ] } },
{ "type": "Feature", "properties": { "poi_name": "浮洲運動公園", "note": "14", "stop_type": "YouBike" }, "geometry": { "type": "Point", "coordinates": [ 121.4498, 25.01419 ] } },
{ "type": "Feature", "properties": { "poi_name": "大觀路二段265巷3弄口", "note": "10", "stop_type": "YouBike" }, "geometry": { "type": "Point", "coordinates": [ 121.44286, 24.99828 ] } },
{ "type": "Feature", "properties": { "poi_name": "縣民漢生東路口(西北側)", "note": "36", "stop_type": "YouBike" }, "geometry": { "type": "Point", "coordinates": [ 121.46624, 25.01531 ] } },
{ "type": "Feature", "properties": { "poi_name": "湳仔溝抽水站", "note": "15", "stop_type": "YouBike" }, "geometry": { "type": "Point", "coordinates": [ 121.44828, 25.02184 ] } },
{ "type": "Feature", "properties": { "poi_name": "文丘公園", "note": "15", "stop_type": "YouBike" }, "geometry": { "type": "Point", "coordinates": [ 121.44966, 25.02365 ] } },
{ "type": "Feature", "properties": { "poi_name": "板樹體育館", "note": "15", "stop_type": "YouBike" }, "geometry": { "type": "Point", "coordinates": [ 121.42758, 24.9822 ] } },
{ "type": "Feature", "properties": { "poi_name": "三民永豐街口", "note": "13", "stop_type": "YouBike" }, "geometry": { "type": "Point", "coordinates": [ 121.47917, 25.02104 ] } },
{ "type": "Feature", "properties": { "poi_name": "溪城金門街口", "note": "16", "stop_type": "YouBike" }, "geometry": { "type": "Point", "coordinates": [ 121.4269, 24.98356 ] } },
{ "type": "Feature", "properties": { "poi_name": "縣民民生路口", "note": "13", "stop_type": "YouBike" }, "geometry": { "type": "Point", "coordinates": [ 121.47072, 25.01836 ] } },
{ "type": "Feature", "properties": { "poi_name": "縣民觀光街口", "note": "24", "stop_type": "YouBike" }, "geometry": { "type": "Point", "coordinates": [ 121.4692, 25.01702 ] } },
{ "type": "Feature", "properties": { "poi_name": "長安街251巷", "note": "16", "stop_type": "YouBike" }, "geometry": { "type": "Point", "coordinates": [ 121.47236, 25.01063 ] } },
{ "type": "Feature", "properties": { "poi_name": "府中立體停車場", "note": "15", "stop_type": "YouBike" }, "geometry": { "type": "Point", "coordinates": [ 121.45436, 25.00979 ] } },
{ "type": "Feature", "properties": { "poi_name": "力行新村", "note": "12", "stop_type": "YouBike" }, "geometry": { "type": "Point", "coordinates": [ 121.44347, 24.99917 ] } },
{ "type": "Feature", "properties": { "poi_name": "中山路二段416巷38弄口", "note": "14", "stop_type": "YouBike" }, "geometry": { "type": "Point", "coordinates": [ 121.48153, 25.01936 ] } },
{ "type": "Feature", "properties": { "poi_name": "板橋車站(新站路)", "note": "28", "stop_type": "YouBike" }, "geometry": { "type": "Point", "coordinates": [ 121.46438, 25.01529 ] } },
{ "type": "Feature", "properties": { "poi_name": "板橋435藝文特區", "note": "18", "stop_type": "YouBike" }, "geometry": { "type": "Point", "coordinates": [ 121.45269, 25.02396 ] } },
{ "type": "Feature", "properties": { "poi_name": "湳仔二橋", "note": "15", "stop_type": "YouBike" }, "geometry": { "type": "Point", "coordinates": [ 121.45192, 25.00118 ] } },
{ "type": "Feature", "properties": { "poi_name": "玫瑰公園", "note": "14", "stop_type": "YouBike" }, "geometry": { "type": "Point", "coordinates": [ 121.45544, 25.02373 ] } },
{ "type": "Feature", "properties": { "poi_name": "萬板高架橋下停車場", "note": "20", "stop_type": "YouBike" }, "geometry": { "type": "Point", "coordinates": [ 121.48183, 25.02729 ] } },
{ "type": "Feature", "properties": { "poi_name": "新海抽水站停車場", "note": "13", "stop_type": "YouBike" }, "geometry": { "type": "Point", "coordinates": [ 121.45537, 25.02776 ] } },
{ "type": "Feature", "properties": { "poi_name": "縣民大道三段270巷口", "note": "11", "stop_type": "YouBike" }, "geometry": { "type": "Point", "coordinates": [ 121.47835, 25.02323 ] } },
{ "type": "Feature", "properties": { "poi_name": "八德公園", "note": "14", "stop_type": "YouBike" }, "geometry": { "type": "Point", "coordinates": [ 121.47482, 25.02378 ] } },
{ "type": "Feature", "properties": { "poi_name": "華江公園", "note": "12", "stop_type": "YouBike" }, "geometry": { "type": "Point", "coordinates": [ 121.47099, 25.01946 ] } },
{ "type": "Feature", "properties": { "poi_name": "湳雅夜市停車場", "note": "10", "stop_type": "YouBike" }, "geometry": { "type": "Point", "coordinates": [ 121.45345, 25.00557 ] } },
{ "type": "Feature", "properties": { "poi_name": "聖若望平面停車場", "note": "15", "stop_type": "YouBike" }, "geometry": { "type": "Point", "coordinates": [ 121.45188, 25.01068 ] } },
{ "type": "Feature", "properties": { "poi_name": "中山路二段90巷", "note": "13", "stop_type": "YouBike" }, "geometry": { "type": "Point", "coordinates": [ 121.47523, 25.01634 ] } },
{ "type": "Feature", "properties": { "poi_name": "文聖國小(松柏街50巷)", "note": "12", "stop_type": "YouBike" }, "geometry": { "type": "Point", "coordinates": [ 121.47611, 25.02929 ] } },
{ "type": "Feature", "properties": { "poi_name": "板橋435藝文特區(環河西路)", "note": "12", "stop_type": "YouBike" }, "geometry": { "type": "Point", "coordinates": [ 121.4506, 25.02473 ] } },
{ "type": "Feature", "properties": { "poi_name": "大觀段平面停車場", "note": "18", "stop_type": "YouBike" }, "geometry": { "type": "Point", "coordinates": [ 121.45064, 25.005 ] } },
{ "type": "Feature", "properties": { "poi_name": "懷石公園", "note": "17", "stop_type": "YouBike" }, "geometry": { "type": "Point", "coordinates": [ 121.48137, 25.03114 ] } },
{ "type": "Feature", "properties": { "poi_name": "華江二華江一路口(帝國花園廣場社區)", "note": "40", "stop_type": "YouBike" }, "geometry": { "type": "Point", "coordinates": [ 121.47523, 25.03544 ] } },
{ "type": "Feature", "properties": { "poi_name": "華江五華江一路口(帝國花園廣場社區)", "note": "39", "stop_type": "YouBike" }, "geometry": { "type": "Point", "coordinates": [ 121.47336, 25.03474 ] } },
{ "type": "Feature", "properties": { "poi_name": "華江一華江二路口(吾界社區)", "note": "40", "stop_type": "YouBike" }, "geometry": { "type": "Point", "coordinates": [ 121.47677, 25.03596 ] } },
{ "type": "Feature", "properties": { "poi_name": "縣民富山街口", "note": "10", "stop_type": "YouBike" }, "geometry": { "type": "Point", "coordinates": [ 121.47605, 25.02201 ] } },
{ "type": "Feature", "properties": { "poi_name": "重慶路89巷", "note": "13", "stop_type": "YouBike" }, "geometry": { "type": "Point", "coordinates": [ 121.46206, 25.00633 ] } },
{ "type": "Feature", "properties": { "poi_name": "環河西華江六路口(翠亨村社區)", "note": "40", "stop_type": "YouBike" }, "geometry": { "type": "Point", "coordinates": [ 121.4709, 25.03609 ] } },
{ "type": "Feature", "properties": { "poi_name": "介壽街/文化路一段188巷9弄口", "note": "16", "stop_type": "YouBike" }, "geometry": { "type": "Point", "coordinates": [ 121.46856, 25.01979 ] } },
{ "type": "Feature", "properties": { "poi_name": "懷德街233巷(環翠社區)", "note": "40", "stop_type": "YouBike" }, "geometry": { "type": "Point", "coordinates": [ 121.48148, 25.029 ] } },
{ "type": "Feature", "properties": { "poi_name": "忠孝國中地下停車場", "note": "20", "stop_type": "YouBike" }, "geometry": { "type": "Point", "coordinates": [ 121.46241, 25.00378 ] } },
{ "type": "Feature", "properties": { "poi_name": "中山國小地下停車場", "note": "18", "stop_type": "YouBike" }, "geometry": { "type": "Point", "coordinates": [ 121.44859, 25.0008 ] } },
{ "type": "Feature", "properties": { "poi_name": "華德公園平面停車場", "note": "18", "stop_type": "YouBike" }, "geometry": { "type": "Point", "coordinates": [ 121.45339, 24.99292 ] } },
{ "type": "Feature", "properties": { "poi_name": "南雅西路二段145巷", "note": "18", "stop_type": "YouBike" }, "geometry": { "type": "Point", "coordinates": [ 121.45172, 25.01171 ] } },
{ "type": "Feature", "properties": { "poi_name": "華江橋自行車牽引道", "note": "16", "stop_type": "YouBike" }, "geometry": { "type": "Point", "coordinates": [ 121.48046, 25.03562 ] } },
{ "type": "Feature", "properties": { "poi_name": "五權公園地下停車場", "note": "25", "stop_type": "YouBike" }, "geometry": { "type": "Point", "coordinates": [ 121.46463, 24.99265 ] } },
{ "type": "Feature", "properties": { "poi_name": "光復光榮巷口", "note": "13", "stop_type": "YouBike" }, "geometry": { "type": "Point", "coordinates": [ 121.48473, 25.02139 ] } },
{ "type": "Feature", "properties": { "poi_name": "文德新海路口", "note": "18", "stop_type": "YouBike" }, "geometry": { "type": "Point", "coordinates": [ 121.46112, 25.02353 ] } },
{ "type": "Feature", "properties": { "poi_name": "捷運環狀線板橋站(5號出口)", "note": "99", "stop_type": "YouBike" }, "geometry": { "type": "Point", "coordinates": [ 121.46359, 25.01598 ] } },
{ "type": "Feature", "properties": { "poi_name": "文化懷德街口", "note": "24", "stop_type": "YouBike" }, "geometry": { "type": "Point", "coordinates": [ 121.47574, 25.03359 ] } },
{ "type": "Feature", "properties": { "poi_name": "國慶路149巷口", "note": "14", "stop_type": "YouBike" }, "geometry": { "type": "Point", "coordinates": [ 121.46151, 24.99605 ] } },
{ "type": "Feature", "properties": { "poi_name": "中正新月二街口(青翠社區)", "note": "40", "stop_type": "YouBike" }, "geometry": { "type": "Point", "coordinates": [ 121.45472, 25.0269 ] } },
{ "type": "Feature", "properties": { "poi_name": "民族路225巷", "note": "13", "stop_type": "YouBike" }, "geometry": { "type": "Point", "coordinates": [ 121.46995, 25.00779 ] } },
{ "type": "Feature", "properties": { "poi_name": "府中汽車停車場", "note": "28", "stop_type": "YouBike" }, "geometry": { "type": "Point", "coordinates": [ 121.45882, 25.00745 ] } },
{ "type": "Feature", "properties": { "poi_name": "後埔國小(實踐路/重慶路155巷口)", "note": "24", "stop_type": "YouBike" }, "geometry": { "type": "Point", "coordinates": [ 121.46417, 25.00412 ] } },
{ "type": "Feature", "properties": { "poi_name": "江翠國中活動中心地下停車場", "note": "19", "stop_type": "YouBike" }, "geometry": { "type": "Point", "coordinates": [ 121.46623, 25.02838 ] } },
{ "type": "Feature", "properties": { "poi_name": "板橋國小", "note": "22", "stop_type": "YouBike" }, "geometry": { "type": "Point", "coordinates": [ 121.45799, 25.01035 ] } },
{ "type": "Feature", "properties": { "poi_name": "大觀路一段75巷", "note": "16", "stop_type": "YouBike" }, "geometry": { "type": "Point", "coordinates": [ 121.44925, 25.00406 ] } },
{ "type": "Feature", "properties": { "poi_name": "田單北街/懷德街201巷(一川社區)", "note": "40", "stop_type": "YouBike" }, "geometry": { "type": "Point", "coordinates": [ 121.48186, 25.03025 ] } },
{ "type": "Feature", "properties": { "poi_name": "板橋公車站", "note": "60", "stop_type": "YouBike" }, "geometry": { "type": "Point", "coordinates": [ 121.4621, 25.01269 ] } },
{ "type": "Feature", "properties": { "poi_name": "民生縣民大道口(東南側)", "note": "22", "stop_type": "YouBike" }, "geometry": { "type": "Point", "coordinates": [ 121.47166, 25.01862 ] } },
{ "type": "Feature", "properties": { "poi_name": "民生路二段226巷8弄", "note": "21", "stop_type": "YouBike" }, "geometry": { "type": "Point", "coordinates": [ 121.46996, 25.02151 ] } },
{ "type": "Feature", "properties": { "poi_name": "捷運亞東醫院站(3號出口)", "note": "56", "stop_type": "YouBike" }, "geometry": { "type": "Point", "coordinates": [ 121.45258, 24.99821 ] } },
{ "type": "Feature", "properties": { "poi_name": "光復街/中山路二段412巷口", "note": "15", "stop_type": "YouBike" }, "geometry": { "type": "Point", "coordinates": [ 121.48399, 25.01902 ] } },
{ "type": "Feature", "properties": { "poi_name": "民治街81巷", "note": "16", "stop_type": "YouBike" }, "geometry": { "type": "Point", "coordinates": [ 121.48005, 25.03223 ] } },
{ "type": "Feature", "properties": { "poi_name": "松柏街50巷90弄口", "note": "12", "stop_type": "YouBike" }, "geometry": { "type": "Point", "coordinates": [ 121.47621, 25.02833 ] } },
{ "type": "Feature", "properties": { "poi_name": "中山路二段565巷", "note": "15", "stop_type": "YouBike" }, "geometry": { "type": "Point", "coordinates": [ 121.48402, 25.02263 ] } },
{ "type": "Feature", "properties": { "poi_name": "致理科技大學", "note": "31", "stop_type": "YouBike" }, "geometry": { "type": "Point", "coordinates": [ 121.46271, 25.02025 ] } },
{ "type": "Feature", "properties": { "poi_name": "莊敬路25巷口", "note": "23", "stop_type": "YouBike" }, "geometry": { "type": "Point", "coordinates": [ 121.47338, 25.02734 ] } },
{ "type": "Feature", "properties": { "poi_name": "捷運江子翠站(5號出口)", "note": "31", "stop_type": "YouBike" }, "geometry": { "type": "Point", "coordinates": [ 121.47291, 25.03046 ] } },
{ "type": "Feature", "properties": { "poi_name": "浮洲合宜住宅(合宜一合宜路口)", "note": "22", "stop_type": "YouBike" }, "geometry": { "type": "Point", "coordinates": [ 121.44602, 24.99536 ] } },
{ "type": "Feature", "properties": { "poi_name": "重慶國小(和平路101巷)", "note": "21", "stop_type": "YouBike" }, "geometry": { "type": "Point", "coordinates": [ 121.46216, 24.99537 ] } },
{ "type": "Feature", "properties": { "poi_name": "中山路二段443巷口", "note": "23", "stop_type": "YouBike" }, "geometry": { "type": "Point", "coordinates": [ 121.48102, 25.02051 ] } },
{ "type": "Feature", "properties": { "poi_name": "捷運新埔站(3號出口)", "note": "20", "stop_type": "YouBike" }, "geometry": { "type": "Point", "coordinates": [ 121.46868, 25.02247 ] } },
{ "type": "Feature", "properties": { "poi_name": "亞東醫院", "note": "61", "stop_type": "YouBike" }, "geometry": { "type": "Point", "coordinates": [ 121.45318, 24.99837 ] } },
{ "type": "Feature", "properties": { "poi_name": "生態北公園", "note": "18", "stop_type": "YouBike" }, "geometry": { "type": "Point", "coordinates": [ 121.45643, 24.99952 ] } },
{ "type": "Feature", "properties": { "poi_name": "生態南公園", "note": "18", "stop_type": "YouBike" }, "geometry": { "type": "Point", "coordinates": [ 121.45504, 24.99602 ] } },
{ "type": "Feature", "properties": { "poi_name": "大觀路二段1巷", "note": "24", "stop_type": "YouBike" }, "geometry": { "type": "Point", "coordinates": [ 121.44863, 25.00382 ] } },
{ "type": "Feature", "properties": { "poi_name": "藝文一永翠路口", "note": "54", "stop_type": "YouBike" }, "geometry": { "type": "Point", "coordinates": [ 121.45268, 25.0224 ] } },
{ "type": "Feature", "properties": { "poi_name": "縣民板城路口", "note": "40", "stop_type": "YouBike" }, "geometry": { "type": "Point", "coordinates": [ 121.45325, 25.00392 ] } },
{ "type": "Feature", "properties": { "poi_name": "港德攤集區(中正路236巷)", "note": "20", "stop_type": "YouBike" }, "geometry": { "type": "Point", "coordinates": [ 121.4597, 25.01975 ] } },
{ "type": "Feature", "properties": { "poi_name": "華中公園", "note": "15", "stop_type": "YouBike" }, "geometry": { "type": "Point", "coordinates": [ 121.44676, 25.0189 ] } },
{ "type": "Feature", "properties": { "poi_name": "板橋戶政事務所海山辦事處", "note": "50", "stop_type": "YouBike" }, "geometry": { "type": "Point", "coordinates": [ 121.47038, 25.01182 ] } },
{ "type": "Feature", "properties": { "poi_name": "中華電信板橋雲端資料中心", "note": "45", "stop_type": "YouBike" }, "geometry": { "type": "Point", "coordinates": [ 121.45825, 24.9953 ] } },
{ "type": "Feature", "properties": { "poi_name": "楓樹腳公園", "note": "20", "stop_type": "YouBike" }, "geometry": { "type": "Point", "coordinates": [ 121.43498, 25.062 ] } },
{ "type": "Feature", "properties": { "poi_name": "新五泰國民運動中心", "note": "28", "stop_type": "YouBike" }, "geometry": { "type": "Point", "coordinates": [ 121.43427, 25.05582 ] } },
{ "type": "Feature", "properties": { "poi_name": "義學國小", "note": "25", "stop_type": "YouBike" }, "geometry": { "type": "Point", "coordinates": [ 121.43167, 25.05176 ] } },
{ "type": "Feature", "properties": { "poi_name": "泰山國小", "note": "20", "stop_type": "YouBike" }, "geometry": { "type": "Point", "coordinates": [ 121.43119, 25.06252 ] } },
{ "type": "Feature", "properties": { "poi_name": "同興公園", "note": "26", "stop_type": "YouBike" }, "geometry": { "type": "Point", "coordinates": [ 121.432, 25.0552 ] } },
{ "type": "Feature", "properties": { "poi_name": "貴和市民活動中心", "note": "20", "stop_type": "YouBike" }, "geometry": { "type": "Point", "coordinates": [ 121.422, 25.035 ] } },
{ "type": "Feature", "properties": { "poi_name": "捷運泰山站", "note": "37", "stop_type": "YouBike" }, "geometry": { "type": "Point", "coordinates": [ 121.44, 25.0531 ] } },
{ "type": "Feature", "properties": { "poi_name": "台北花園廣場社區", "note": "20", "stop_type": "YouBike" }, "geometry": { "type": "Point", "coordinates": [ 121.426, 25.0641 ] } },
{ "type": "Feature", "properties": { "poi_name": "泰山高中", "note": "20", "stop_type": "YouBike" }, "geometry": { "type": "Point", "coordinates": [ 121.42886, 25.058 ] } },
{ "type": "Feature", "properties": { "poi_name": "義仁市民活動中心", "note": "20", "stop_type": "YouBike" }, "geometry": { "type": "Point", "coordinates": [ 121.42767, 25.05048 ] } },
{ "type": "Feature", "properties": { "poi_name": "捷運泰山貴和站", "note": "45", "stop_type": "YouBike" }, "geometry": { "type": "Point", "coordinates": [ 121.42222, 25.03319 ] } },
{ "type": "Feature", "properties": { "poi_name": "明志科技大學", "note": "45", "stop_type": "YouBike" }, "geometry": { "type": "Point", "coordinates": [ 121.42255, 25.04043 ] } },
{ "type": "Feature", "properties": { "poi_name": "明志國小", "note": "40", "stop_type": "YouBike" }, "geometry": { "type": "Point", "coordinates": [ 121.42627, 25.04573 ] } },
{ "type": "Feature", "properties": { "poi_name": "莊泰坡雅路口(沐光社區)", "note": "40", "stop_type": "YouBike" }, "geometry": { "type": "Point", "coordinates": [ 121.43938, 25.04633 ] } },
{ "type": "Feature", "properties": { "poi_name": "捷運泰山站(4號出口)", "note": "26", "stop_type": "YouBike" }, "geometry": { "type": "Point", "coordinates": [ 121.43909, 25.05313 ] } },
{ "type": "Feature", "properties": { "poi_name": "明志貴鳳街口", "note": "17", "stop_type": "YouBike" }, "geometry": { "type": "Point", "coordinates": [ 121.42108, 25.03124 ] } },
{ "type": "Feature", "properties": { "poi_name": "台貿三村停車場", "note": "15", "stop_type": "YouBike" }, "geometry": { "type": "Point", "coordinates": [ 121.43169, 25.06712 ] } },
{ "type": "Feature", "properties": { "poi_name": "山腳停車場", "note": "15", "stop_type": "YouBike" }, "geometry": { "type": "Point", "coordinates": [ 121.42904, 25.06515 ] } },
{ "type": "Feature", "properties": { "poi_name": "貴子路36巷3弄口", "note": "12", "stop_type": "YouBike" }, "geometry": { "type": "Point", "coordinates": [ 121.42591, 25.04137 ] } },
{ "type": "Feature", "properties": { "poi_name": "文中一平面停車場", "note": "20", "stop_type": "YouBike" }, "geometry": { "type": "Point", "coordinates": [ 121.42845, 25.04512 ] } },
{ "type": "Feature", "properties": { "poi_name": "莊泰義東街口(新潤A5社區)", "note": "40", "stop_type": "YouBike" }, "geometry": { "type": "Point", "coordinates": [ 121.43911, 25.05025 ] } },
{ "type": "Feature", "properties": { "poi_name": "莊田信華三街口(潤見築社區)", "note": "40", "stop_type": "YouBike" }, "geometry": { "type": "Point", "coordinates": [ 121.43981, 25.04303 ] } },
{ "type": "Feature", "properties": { "poi_name": "新北大道幸福路口(大道鎏域社區)", "note": "40", "stop_type": "YouBike" }, "geometry": { "type": "Point", "coordinates": [ 121.43671, 25.04934 ] } },
{ "type": "Feature", "properties": { "poi_name": "台麗街13巷", "note": "22", "stop_type": "YouBike" }, "geometry": { "type": "Point", "coordinates": [ 121.42464, 25.03829 ] } },
{ "type": "Feature", "properties": { "poi_name": "泰山體育館", "note": "15", "stop_type": "YouBike" }, "geometry": { "type": "Point", "coordinates": [ 121.42766, 25.05513 ] } },
{ "type": "Feature", "properties": { "poi_name": "烏來老街", "note": "28", "stop_type": "YouBike" }, "geometry": { "type": "Point", "coordinates": [ 121.55168, 24.86493 ] } },
{ "type": "Feature", "properties": { "poi_name": "烏來公車總站", "note": "15", "stop_type": "YouBike" }, "geometry": { "type": "Point", "coordinates": [ 121.55139, 24.86652 ] } },
{ "type": "Feature", "properties": { "poi_name": "澳底公園", "note": "20", "stop_type": "YouBike" }, "geometry": { "type": "Point", "coordinates": [ 121.92559, 25.05349 ] } },
{ "type": "Feature", "properties": { "poi_name": "龍門運動公園", "note": "20", "stop_type": "YouBike" }, "geometry": { "type": "Point", "coordinates": [ 121.93129, 25.02706 ] } },
{ "type": "Feature", "properties": { "poi_name": "貢寮區公所", "note": "20", "stop_type": "YouBike" }, "geometry": { "type": "Point", "coordinates": [ 121.90614, 25.02088 ] } },
{ "type": "Feature", "properties": { "poi_name": "濱海路一段111巷口(西側)", "note": "29", "stop_type": "YouBike" }, "geometry": { "type": "Point", "coordinates": [ 121.43945, 25.18928 ] } },
{ "type": "Feature", "properties": { "poi_name": "輕軌濱海沙崙站", "note": "35", "stop_type": "YouBike" }, "geometry": { "type": "Point", "coordinates": [ 121.43106, 25.19039 ] } },
{ "type": "Feature", "properties": { "poi_name": "新市二路二段", "note": "26", "stop_type": "YouBike" }, "geometry": { "type": "Point", "coordinates": [ 121.42793, 25.19524 ] } },
{ "type": "Feature", "properties": { "poi_name": "輕軌淡海新市鎮站", "note": "25", "stop_type": "YouBike" }, "geometry": { "type": "Point", "coordinates": [ 121.43286, 25.19623 ] } },
{ "type": "Feature", "properties": { "poi_name": "新市五義山路口", "note": "60", "stop_type": "YouBike" }, "geometry": { "type": "Point", "coordinates": [ 121.43878, 25.19783 ] } },
{ "type": "Feature", "properties": { "poi_name": "義山新市一路口", "note": "25", "stop_type": "YouBike" }, "geometry": { "type": "Point", "coordinates": [ 121.43736, 25.18623 ] } },
{ "type": "Feature", "properties": { "poi_name": "臺北海洋科技大學", "note": "34", "stop_type": "YouBike" }, "geometry": { "type": "Point", "coordinates": [ 121.42746, 25.1912 ] } },
{ "type": "Feature", "properties": { "poi_name": "竹圍公園", "note": "26", "stop_type": "YouBike" }, "geometry": { "type": "Point", "coordinates": [ 121.4634, 25.13823 ] } },
{ "type": "Feature", "properties": { "poi_name": "捷運竹圍站", "note": "54", "stop_type": "YouBike" }, "geometry": { "type": "Point", "coordinates": [ 121.46023, 25.13717 ] } },
{ "type": "Feature", "properties": { "poi_name": "捷運紅樹林站", "note": "44", "stop_type": "YouBike" }, "geometry": { "type": "Point", "coordinates": [ 121.45912, 25.15358 ] } },
{ "type": "Feature", "properties": { "poi_name": "竿蓁市民活動中心", "note": "25", "stop_type": "YouBike" }, "geometry": { "type": "Point", "coordinates": [ 121.45069, 25.16504 ] } },
{ "type": "Feature", "properties": { "poi_name": "捷運淡水站", "note": "98", "stop_type": "YouBike" }, "geometry": { "type": "Point", "coordinates": [ 121.44418, 25.16883 ] } },
{ "type": "Feature", "properties": { "poi_name": "文化機車立體停車場", "note": "34", "stop_type": "YouBike" }, "geometry": { "type": "Point", "coordinates": [ 121.43881, 25.17249 ] } },
{ "type": "Feature", "properties": { "poi_name": "大庄一號公園", "note": "35", "stop_type": "YouBike" }, "geometry": { "type": "Point", "coordinates": [ 121.42212, 25.18201 ] } },
{ "type": "Feature", "properties": { "poi_name": "新市一路一段99巷口", "note": "38", "stop_type": "YouBike" }, "geometry": { "type": "Point", "coordinates": [ 121.43109, 25.18796 ] } },
{ "type": "Feature", "properties": { "poi_name": "輕軌沙崙站", "note": "36", "stop_type": "YouBike" }, "geometry": { "type": "Point", "coordinates": [ 121.41696, 25.18741 ] } },
{ "type": "Feature", "properties": { "poi_name": "輕軌漁人碼頭站", "note": "80", "stop_type": "YouBike" }, "geometry": { "type": "Point", "coordinates": [ 121.41911, 25.18209 ] } },
{ "type": "Feature", "properties": { "poi_name": "輕軌淡江大學站", "note": "40", "stop_type": "YouBike" }, "geometry": { "type": "Point", "coordinates": [ 121.45613, 25.17653 ] } },
{ "type": "Feature", "properties": { "poi_name": "輕軌淡金北新站", "note": "45", "stop_type": "YouBike" }, "geometry": { "type": "Point", "coordinates": [ 121.45245, 25.1808 ] } },
{ "type": "Feature", "properties": { "poi_name": "輕軌新市一路站", "note": "25", "stop_type": "YouBike" }, "geometry": { "type": "Point", "coordinates": [ 121.44837, 25.18345 ] } },
{ "type": "Feature", "properties": { "poi_name": "中山北新春街口", "note": "49", "stop_type": "YouBike" }, "geometry": { "type": "Point", "coordinates": [ 121.44474, 25.18035 ] } },
{ "type": "Feature", "properties": { "poi_name": "新市二路四段", "note": "25", "stop_type": "YouBike" }, "geometry": { "type": "Point", "coordinates": [ 121.44185, 25.19254 ] } },
{ "type": "Feature", "properties": { "poi_name": "輕軌淡水行政中心站", "note": "48", "stop_type": "YouBike" }, "geometry": { "type": "Point", "coordinates": [ 121.44435, 25.18916 ] } },
{ "type": "Feature", "properties": { "poi_name": "淡水公23公園", "note": "20", "stop_type": "YouBike" }, "geometry": { "type": "Point", "coordinates": [ 121.42891, 25.19985 ] } },
{ "type": "Feature", "properties": { "poi_name": "正德國中", "note": "40", "stop_type": "YouBike" }, "geometry": { "type": "Point", "coordinates": [ 121.44787, 25.17851 ] } },
{ "type": "Feature", "properties": { "poi_name": "淡江大學(水源街)", "note": "29", "stop_type": "YouBike" }, "geometry": { "type": "Point", "coordinates": [ 121.45236, 25.17457 ] } },
{ "type": "Feature", "properties": { "poi_name": "淡水國民運動中心", "note": "36", "stop_type": "YouBike" }, "geometry": { "type": "Point", "coordinates": [ 121.44326, 25.1865 ] } },
{ "type": "Feature", "properties": { "poi_name": "輕軌崁頂站", "note": "16", "stop_type": "YouBike" }, "geometry": { "type": "Point", "coordinates": [ 121.43502, 25.20125 ] } },
{ "type": "Feature", "properties": { "poi_name": "新市國小", "note": "29", "stop_type": "YouBike" }, "geometry": { "type": "Point", "coordinates": [ 121.444446431990116, 25.185184906645382 ] } },
{ "type": "Feature", "properties": { "poi_name": "新市三義山路口", "note": "38", "stop_type": "YouBike" }, "geometry": { "type": "Point", "coordinates": [ 121.4366, 25.19569 ] } },
{ "type": "Feature", "properties": { "poi_name": "漁人碼頭", "note": "55", "stop_type": "YouBike" }, "geometry": { "type": "Point", "coordinates": [ 121.41118, 25.18387 ] } },
{ "type": "Feature", "properties": { "poi_name": "水碓立體停車場", "note": "15", "stop_type": "YouBike" }, "geometry": { "type": "Point", "coordinates": [ 121.44423, 25.17865 ] } },
{ "type": "Feature", "properties": { "poi_name": "滬尾藝文休閒園區", "note": "28", "stop_type": "YouBike" }, "geometry": { "type": "Point", "coordinates": [ 121.42851, 25.17594 ] } },
{ "type": "Feature", "properties": { "poi_name": "中正淡海路口", "note": "15", "stop_type": "YouBike" }, "geometry": { "type": "Point", "coordinates": [ 121.42422, 25.17779 ] } },
{ "type": "Feature", "properties": { "poi_name": "輕軌淡金鄧公站", "note": "24", "stop_type": "YouBike" }, "geometry": { "type": "Point", "coordinates": [ 121.45936, 25.16874 ] } },
{ "type": "Feature", "properties": { "poi_name": "崁頂三路", "note": "15", "stop_type": "YouBike" }, "geometry": { "type": "Point", "coordinates": [ 121.43177, 25.20081 ] } },
{ "type": "Feature", "properties": { "poi_name": "崁頂林子福德宮", "note": "15", "stop_type": "YouBike" }, "geometry": { "type": "Point", "coordinates": [ 121.43038, 25.19959 ] } },
{ "type": "Feature", "properties": { "poi_name": "新市三崁頂五路口", "note": "18", "stop_type": "YouBike" }, "geometry": { "type": "Point", "coordinates": [ 121.42526, 25.19897 ] } },
{ "type": "Feature", "properties": { "poi_name": "新市二後洲路口", "note": "16", "stop_type": "YouBike" }, "geometry": { "type": "Point", "coordinates": [ 121.42507, 25.19638 ] } },
{ "type": "Feature", "properties": { "poi_name": "捷運淡水站(中正鼻頭街口)", "note": "14", "stop_type": "YouBike" }, "geometry": { "type": "Point", "coordinates": [ 121.44675, 25.1667 ] } },
{ "type": "Feature", "properties": { "poi_name": "鄧公路30巷", "note": "15", "stop_type": "YouBike" }, "geometry": { "type": "Point", "coordinates": [ 121.45241, 25.16979 ] } },
{ "type": "Feature", "properties": { "poi_name": "濱海路二段202巷", "note": "15", "stop_type": "YouBike" }, "geometry": { "type": "Point", "coordinates": [ 121.43477, 25.19162 ] } },
{ "type": "Feature", "properties": { "poi_name": "新市二路三段/濱海路二段202巷口", "note": "15", "stop_type": "YouBike" }, "geometry": { "type": "Point", "coordinates": [ 121.43482, 25.19343 ] } },
{ "type": "Feature", "properties": { "poi_name": "文中四公園", "note": "20", "stop_type": "YouBike" }, "geometry": { "type": "Point", "coordinates": [ 121.4235, 25.1854 ] } },
{ "type": "Feature", "properties": { "poi_name": "水管公園", "note": "15", "stop_type": "YouBike" }, "geometry": { "type": "Point", "coordinates": [ 121.42059, 25.19366 ] } },
{ "type": "Feature", "properties": { "poi_name": "淡江教會文教中心", "note": "15", "stop_type": "YouBike" }, "geometry": { "type": "Point", "coordinates": [ 121.42311, 25.19548 ] } },
{ "type": "Feature", "properties": { "poi_name": "輕軌竿蓁林站", "note": "10", "stop_type": "YouBike" }, "geometry": { "type": "Point", "coordinates": [ 121.45607, 25.16206 ] } },
{ "type": "Feature", "properties": { "poi_name": "新民街一段(台北灣社區)", "note": "21", "stop_type": "YouBike" }, "geometry": { "type": "Point", "coordinates": [ 121.43187, 25.18536 ] } },
{ "type": "Feature", "properties": { "poi_name": "民族路33巷", "note": "12", "stop_type": "YouBike" }, "geometry": { "type": "Point", "coordinates": [ 121.46346, 25.13604 ] } },
{ "type": "Feature", "properties": { "poi_name": "中正東路一段81巷", "note": "15", "stop_type": "YouBike" }, "geometry": { "type": "Point", "coordinates": [ 121.45311, 25.16205 ] } },
{ "type": "Feature", "properties": { "poi_name": "濱海路一段306巷60弄", "note": "14", "stop_type": "YouBike" }, "geometry": { "type": "Point", "coordinates": [ 121.44198, 25.19157 ] } },
{ "type": "Feature", "properties": { "poi_name": "淡水行政中心", "note": "10", "stop_type": "YouBike" }, "geometry": { "type": "Point", "coordinates": [ 121.44407, 25.18696 ] } },
{ "type": "Feature", "properties": { "poi_name": "淡水新市鎮兒童公園", "note": "15", "stop_type": "YouBike" }, "geometry": { "type": "Point", "coordinates": [ 121.44227, 25.18509 ] } },
{ "type": "Feature", "properties": { "poi_name": "新市一中山北路口", "note": "14", "stop_type": "YouBike" }, "geometry": { "type": "Point", "coordinates": [ 121.44412, 25.18296 ] } },
{ "type": "Feature", "properties": { "poi_name": "淡金路38巷尾", "note": "10", "stop_type": "YouBike" }, "geometry": { "type": "Point", "coordinates": [ 121.4579, 25.16083 ] } },
{ "type": "Feature", "properties": { "poi_name": "捷運淡水站(中正東路)", "note": "40", "stop_type": "YouBike" }, "geometry": { "type": "Point", "coordinates": [ 121.44684, 25.16771 ] } },
{ "type": "Feature", "properties": { "poi_name": "衛教公園", "note": "14", "stop_type": "YouBike" }, "geometry": { "type": "Point", "coordinates": [ 121.4407, 25.17254 ] } },
{ "type": "Feature", "properties": { "poi_name": "新市一路一段256巷口", "note": "21", "stop_type": "YouBike" }, "geometry": { "type": "Point", "coordinates": [ 121.43273, 25.18665 ] } },
{ "type": "Feature", "properties": { "poi_name": "新民新春街口", "note": "20", "stop_type": "YouBike" }, "geometry": { "type": "Point", "coordinates": [ 121.43567, 25.18123 ] } },
{ "type": "Feature", "properties": { "poi_name": "淡海路182巷口", "note": "15", "stop_type": "YouBike" }, "geometry": { "type": "Point", "coordinates": [ 121.42044, 25.18459 ] } },
{ "type": "Feature", "properties": { "poi_name": "新春街125巷(樂活绽社區)", "note": "29", "stop_type": "YouBike" }, "geometry": { "type": "Point", "coordinates": [ 121.44155, 25.1827 ] } },
{ "type": "Feature", "properties": { "poi_name": "輕軌紅樹林站", "note": "48", "stop_type": "YouBike" }, "geometry": { "type": "Point", "coordinates": [ 121.458868, 25.155053 ] } },
{ "type": "Feature", "properties": { "poi_name": "新市三崁頂三路口", "note": "20", "stop_type": "YouBike" }, "geometry": { "type": "Point", "coordinates": [ 121.43063, 25.19691 ] } },
{ "type": "Feature", "properties": { "poi_name": "濱海路一段306巷9弄", "note": "15", "stop_type": "YouBike" }, "geometry": { "type": "Point", "coordinates": [ 121.43858, 25.191 ] } },
{ "type": "Feature", "properties": { "poi_name": "民權路3巷12弄口", "note": "21", "stop_type": "YouBike" }, "geometry": { "type": "Point", "coordinates": [ 121.46151, 25.14288 ] } },
{ "type": "Feature", "properties": { "poi_name": "新市二路四段230巷", "note": "22", "stop_type": "YouBike" }, "geometry": { "type": "Point", "coordinates": [ 121.44564, 25.19087 ] } },
{ "type": "Feature", "properties": { "poi_name": "濱海路二段/濱海路二段202巷", "note": "15", "stop_type": "YouBike" }, "geometry": { "type": "Point", "coordinates": [ 121.4347, 25.19015 ] } },
{ "type": "Feature", "properties": { "poi_name": "輕軌濱海義山站(西南側)", "note": "30", "stop_type": "YouBike" }, "geometry": { "type": "Point", "coordinates": [ 121.43734, 25.18961 ] } },
{ "type": "Feature", "properties": { "poi_name": "新市六後洲路口", "note": "15", "stop_type": "YouBike" }, "geometry": { "type": "Point", "coordinates": [ 121.4307, 25.20285 ] } },
{ "type": "Feature", "properties": { "poi_name": "淡水老街廣場", "note": "28", "stop_type": "YouBike" }, "geometry": { "type": "Point", "coordinates": [ 121.44428, 25.16891 ] } },
{ "type": "Feature", "properties": { "poi_name": "沙崙路151巷口", "note": "26", "stop_type": "YouBike" }, "geometry": { "type": "Point", "coordinates": [ 121.42386, 25.18345 ] } },
{ "type": "Feature", "properties": { "poi_name": "沙崙路216巷口", "note": "20", "stop_type": "YouBike" }, "geometry": { "type": "Point", "coordinates": [ 121.42508, 25.18428 ] } },
{ "type": "Feature", "properties": { "poi_name": "新市一路一段331巷/義山路一段163巷口(東南側)", "note": "15", "stop_type": "YouBike" }, "geometry": { "type": "Point", "coordinates": [ 121.43596, 25.18731 ] } },
{ "type": "Feature", "properties": { "poi_name": "聖約翰科技大學", "note": "30", "stop_type": "YouBike" }, "geometry": { "type": "Point", "coordinates": [ 121.45166, 25.2275 ] } },
{ "type": "Feature", "properties": { "poi_name": "沙崙新民街口", "note": "21", "stop_type": "YouBike" }, "geometry": { "type": "Point", "coordinates": [ 121.4296, 25.18832 ] } },
{ "type": "Feature", "properties": { "poi_name": "程氏古厝", "note": "15", "stop_type": "YouBike" }, "geometry": { "type": "Point", "coordinates": [ 121.42902, 25.18921 ] } },
{ "type": "Feature", "properties": { "poi_name": "新民街120巷", "note": "15", "stop_type": "YouBike" }, "geometry": { "type": "Point", "coordinates": [ 121.43834, 25.17808 ] } },
{ "type": "Feature", "properties": { "poi_name": "崁頂三後洲路一段路口", "note": "20", "stop_type": "YouBike" }, "geometry": { "type": "Point", "coordinates": [ 121.42972, 25.20158 ] } },
{ "type": "Feature", "properties": { "poi_name": "崁頂市民活動中心", "note": "20", "stop_type": "YouBike" }, "geometry": { "type": "Point", "coordinates": [ 121.4287, 25.19772 ] } },
{ "type": "Feature", "properties": { "poi_name": "大庄福德宮", "note": "15", "stop_type": "YouBike" }, "geometry": { "type": "Point", "coordinates": [ 121.42796, 25.1883 ] } },
{ "type": "Feature", "properties": { "poi_name": "淡水中正路停車場", "note": "24", "stop_type": "YouBike" }, "geometry": { "type": "Point", "coordinates": [ 121.43586, 25.17308 ] } },
{ "type": "Feature", "properties": { "poi_name": "輕軌崁頂站(西側)", "note": "22", "stop_type": "YouBike" }, "geometry": { "type": "Point", "coordinates": [ 121.43419, 25.20153 ] } },
{ "type": "Feature", "properties": { "poi_name": "竹圍國小", "note": "28", "stop_type": "YouBike" }, "geometry": { "type": "Point", "coordinates": [ 121.45989, 25.14638 ] } },
{ "type": "Feature", "properties": { "poi_name": "新市二路三段36巷口", "note": "22", "stop_type": "YouBike" }, "geometry": { "type": "Point", "coordinates": [ 121.43302, 25.19301 ] } },
{ "type": "Feature", "properties": { "poi_name": "濱海路一段370號", "note": "22", "stop_type": "YouBike" }, "geometry": { "type": "Point", "coordinates": [ 121.43942, 25.18962 ] } },
{ "type": "Feature", "properties": { "poi_name": "深坑松柏街", "note": "34", "stop_type": "YouBike" }, "geometry": { "type": "Point", "coordinates": [ 121.63852, 25.01096 ] } },
{ "type": "Feature", "properties": { "poi_name": "深坑區公所(深坑老街)", "note": "30", "stop_type": "YouBike" }, "geometry": { "type": "Point", "coordinates": [ 121.61631, 25.0015 ] } },
{ "type": "Feature", "properties": { "poi_name": "東南科技大學", "note": "18", "stop_type": "YouBike" }, "geometry": { "type": "Point", "coordinates": [ 121.6025, 25.0033 ] } },
{ "type": "Feature", "properties": { "poi_name": "深坑雲鄉路", "note": "12", "stop_type": "YouBike" }, "geometry": { "type": "Point", "coordinates": [ 121.62101, 24.99988 ] } },
{ "type": "Feature", "properties": { "poi_name": "埔新街61巷口", "note": "15", "stop_type": "YouBike" }, "geometry": { "type": "Point", "coordinates": [ 121.61987, 25.00241 ] } },
{ "type": "Feature", "properties": { "poi_name": "深坑國中", "note": "13", "stop_type": "YouBike" }, "geometry": { "type": "Point", "coordinates": [ 121.61889, 25.00167 ] } },
{ "type": "Feature", "properties": { "poi_name": "野柳地質公園", "note": "60", "stop_type": "YouBike" }, "geometry": { "type": "Point", "coordinates": [ 121.69042, 25.20428 ] } },
{ "type": "Feature", "properties": { "poi_name": "大鵬停車場", "note": "15", "stop_type": "YouBike" }, "geometry": { "type": "Point", "coordinates": [ 121.64711, 25.21194 ] } },
{ "type": "Feature", "properties": { "poi_name": "萬里區行政中心", "note": "13", "stop_type": "YouBike" }, "geometry": { "type": "Point", "coordinates": [ 121.68907, 25.17811 ] } },
{ "type": "Feature", "properties": { "poi_name": "龜吼停車場", "note": "11", "stop_type": "YouBike" }, "geometry": { "type": "Point", "coordinates": [ 121.68602, 25.1956 ] } },
{ "type": "Feature", "properties": { "poi_name": "獅子公園", "note": "20", "stop_type": "YouBike" }, "geometry": { "type": "Point", "coordinates": [ 121.70565, 25.17489 ] } },
{ "type": "Feature", "properties": { "poi_name": "翡翠灣", "note": "38", "stop_type": "YouBike" }, "geometry": { "type": "Point", "coordinates": [ 121.68353, 25.18676 ] } },
{ "type": "Feature", "properties": { "poi_name": "翡翠灣停車場", "note": "54", "stop_type": "YouBike" }, "geometry": { "type": "Point", "coordinates": [ 121.68493, 25.19117 ] } },
{ "type": "Feature", "properties": { "poi_name": "深澳漁港", "note": "30", "stop_type": "YouBike" }, "geometry": { "type": "Point", "coordinates": [ 121.81857, 25.12997 ] } },
{ "type": "Feature", "properties": { "poi_name": "瑞峰橋", "note": "44", "stop_type": "YouBike" }, "geometry": { "type": "Point", "coordinates": [ 121.81041, 25.10712 ] } },
{ "type": "Feature", "properties": { "poi_name": "瑞芳火車站", "note": "28", "stop_type": "YouBike" }, "geometry": { "type": "Point", "coordinates": [ 121.8065, 25.10851 ] } },
{ "type": "Feature", "properties": { "poi_name": "瑞芳運動公園", "note": "12", "stop_type": "YouBike" }, "geometry": { "type": "Point", "coordinates": [ 121.82177, 25.10284 ] } },
{ "type": "Feature", "properties": { "poi_name": "猴硐火車站", "note": "60", "stop_type": "YouBike" }, "geometry": { "type": "Point", "coordinates": [ 121.82719, 25.08647 ] } },
{ "type": "Feature", "properties": { "poi_name": "三貂嶺隧道(金字橋)", "note": "30", "stop_type": "YouBike" }, "geometry": { "type": "Point", "coordinates": [ 121.82316, 25.06095 ] } },
{ "type": "Feature", "properties": { "poi_name": "水湳洞停車場", "note": "20", "stop_type": "YouBike" }, "geometry": { "type": "Point", "coordinates": [ 121.86443, 25.12221 ] } },
{ "type": "Feature", "properties": { "poi_name": "深澳鐵道自行車八斗子站", "note": "15", "stop_type": "YouBike" }, "geometry": { "type": "Point", "coordinates": [ 121.80548, 25.13417 ] } },
{ "type": "Feature", "properties": { "poi_name": "瑞芳棒球場", "note": "25", "stop_type": "YouBike" }, "geometry": { "type": "Point", "coordinates": [ 121.81884, 25.10666 ] } },
{ "type": "Feature", "properties": { "poi_name": "天山公園(永安街)", "note": "30", "stop_type": "YouBike" }, "geometry": { "type": "Point", "coordinates": [ 121.51753, 24.98652 ] } },
{ "type": "Feature", "properties": { "poi_name": "國家人權博物館", "note": "15", "stop_type": "YouBike" }, "geometry": { "type": "Point", "coordinates": [ 121.53198, 24.98835 ] } },
{ "type": "Feature", "properties": { "poi_name": "中興寶橋路口", "note": "61", "stop_type": "YouBike" }, "geometry": { "type": "Point", "coordinates": [ 121.54687, 24.97618 ] } },
{ "type": "Feature", "properties": { "poi_name": "北新國小", "note": "49", "stop_type": "YouBike" }, "geometry": { "type": "Point", "coordinates": [ 121.54443, 24.97423 ] } },
{ "type": "Feature", "properties": { "poi_name": "捷運十四張站", "note": "95", "stop_type": "YouBike" }, "geometry": { "type": "Point", "coordinates": [ 121.52833, 24.983819 ] } },
{ "type": "Feature", "properties": { "poi_name": "陽光橋", "note": "76", "stop_type": "YouBike" }, "geometry": { "type": "Point", "coordinates": [ 121.52477, 24.97924 ] } },
{ "type": "Feature", "properties": { "poi_name": "捷運小碧潭站(1號出口)", "note": "29", "stop_type": "YouBike" }, "geometry": { "type": "Point", "coordinates": [ 121.53029, 24.97152 ] } },
{ "type": "Feature", "properties": { "poi_name": "新店高中", "note": "47", "stop_type": "YouBike" }, "geometry": { "type": "Point", "coordinates": [ 121.53421, 24.97418 ] } },
{ "type": "Feature", "properties": { "poi_name": "中正國小", "note": "36", "stop_type": "YouBike" }, "geometry": { "type": "Point", "coordinates": [ 121.53646, 24.9714 ] } },
{ "type": "Feature", "properties": { "poi_name": "崇光女中", "note": "39", "stop_type": "YouBike" }, "geometry": { "type": "Point", "coordinates": [ 121.53904, 24.97156 ] } },
{ "type": "Feature", "properties": { "poi_name": "寶橋路78巷", "note": "44", "stop_type": "YouBike" }, "geometry": { "type": "Point", "coordinates": [ 121.5476, 24.97368 ] } },
{ "type": "Feature", "properties": { "poi_name": "寶橋路235巷口", "note": "44", "stop_type": "YouBike" }, "geometry": { "type": "Point", "coordinates": [ 121.55234, 24.97955 ] } },
{ "type": "Feature", "properties": { "poi_name": "小金門友誼公園", "note": "60", "stop_type": "YouBike" }, "geometry": { "type": "Point", "coordinates": [ 121.53791, 24.97699 ] } },
{ "type": "Feature", "properties": { "poi_name": "五峰國中", "note": "34", "stop_type": "YouBike" }, "geometry": { "type": "Point", "coordinates": [ 121.54311, 24.96601 ] } },
{ "type": "Feature", "properties": { "poi_name": "大鵬華城", "note": "31", "stop_type": "YouBike" }, "geometry": { "type": "Point", "coordinates": [ 121.53398, 24.99116 ] } },
{ "type": "Feature", "properties": { "poi_name": "捷運大坪林站(5號出口)", "note": "92", "stop_type": "YouBike" }, "geometry": { "type": "Point", "coordinates": [ 121.54376, 24.98288 ] } },
{ "type": "Feature", "properties": { "poi_name": "忠誠里(北新路2段97巷)", "note": "40", "stop_type": "YouBike" }, "geometry": { "type": "Point", "coordinates": [ 121.54278, 24.97427 ] } },
{ "type": "Feature", "properties": { "poi_name": "新店公有中央市場", "note": "42", "stop_type": "YouBike" }, "geometry": { "type": "Point", "coordinates": [ 121.52729, 24.97531 ] } },
{ "type": "Feature", "properties": { "poi_name": "建國民權路口", "note": "32", "stop_type": "YouBike" }, "geometry": { "type": "Point", "coordinates": [ 121.53746, 24.98318 ] } },
{ "type": "Feature", "properties": { "poi_name": "捷運新店站", "note": "55", "stop_type": "YouBike" }, "geometry": { "type": "Point", "coordinates": [ 121.53866, 24.95861 ] } },
{ "type": "Feature", "properties": { "poi_name": "安和市民活動中心", "note": "25", "stop_type": "YouBike" }, "geometry": { "type": "Point", "coordinates": [ 121.51569, 24.97532 ] } },
{ "type": "Feature", "properties": { "poi_name": "安和公園", "note": "44", "stop_type": "YouBike" }, "geometry": { "type": "Point", "coordinates": [ 121.51885, 24.97411 ] } },
{ "type": "Feature", "properties": { "poi_name": "綠湖公園", "note": "44", "stop_type": "YouBike" }, "geometry": { "type": "Point", "coordinates": [ 121.54751, 24.97756 ] } },
{ "type": "Feature", "properties": { "poi_name": "安成安德街口", "note": "29", "stop_type": "YouBike" }, "geometry": { "type": "Point", "coordinates": [ 121.50999, 24.96115 ] } },
{ "type": "Feature", "properties": { "poi_name": "青潭河濱公園", "note": "20", "stop_type": "YouBike" }, "geometry": { "type": "Point", "coordinates": [ 121.5474, 24.95091 ] } },
{ "type": "Feature", "properties": { "poi_name": "安康立體停車場", "note": "30", "stop_type": "YouBike" }, "geometry": { "type": "Point", "coordinates": [ 121.51267, 24.96261 ] } },
{ "type": "Feature", "properties": { "poi_name": "中印青潭廠", "note": "25", "stop_type": "YouBike" }, "geometry": { "type": "Point", "coordinates": [ 121.55947, 24.95446 ] } },
{ "type": "Feature", "properties": { "poi_name": "中正民權路口", "note": "92", "stop_type": "YouBike" }, "geometry": { "type": "Point", "coordinates": [ 121.5336, 24.98263 ] } },
{ "type": "Feature", "properties": { "poi_name": "惠國市場", "note": "36", "stop_type": "YouBike" }, "geometry": { "type": "Point", "coordinates": [ 121.54338, 24.97042 ] } },
{ "type": "Feature", "properties": { "poi_name": "中興中正路口", "note": "30", "stop_type": "YouBike" }, "geometry": { "type": "Point", "coordinates": [ 121.54617, 24.96991 ] } },
{ "type": "Feature", "properties": { "poi_name": "新店行政園區", "note": "93", "stop_type": "YouBike" }, "geometry": { "type": "Point", "coordinates": [ 121.54205, 24.96757 ] } },
{ "type": "Feature", "properties": { "poi_name": "光明街", "note": "27", "stop_type": "YouBike" }, "geometry": { "type": "Point", "coordinates": [ 121.54009, 24.96316 ] } },
{ "type": "Feature", "properties": { "poi_name": "捷運新店區公所站(1號出口)", "note": "42", "stop_type": "YouBike" }, "geometry": { "type": "Point", "coordinates": [ 121.54101, 24.96737 ] } },
{ "type": "Feature", "properties": { "poi_name": "新北市立圖書館新店分館", "note": "35", "stop_type": "YouBike" }, "geometry": { "type": "Point", "coordinates": [ 121.5409, 24.98214 ] } },
{ "type": "Feature", "properties": { "poi_name": "中興寶慶街口", "note": "49", "stop_type": "YouBike" }, "geometry": { "type": "Point", "coordinates": [ 121.54195, 24.98694 ] } },
{ "type": "Feature", "properties": { "poi_name": "民生路156巷", "note": "31", "stop_type": "YouBike" }, "geometry": { "type": "Point", "coordinates": [ 121.52751, 24.98202 ] } },
{ "type": "Feature", "properties": { "poi_name": "新和活動中心", "note": "37", "stop_type": "YouBike" }, "geometry": { "type": "Point", "coordinates": [ 121.52183, 24.98677 ] } },
{ "type": "Feature", "properties": { "poi_name": "新店新和國小", "note": "36", "stop_type": "YouBike" }, "geometry": { "type": "Point", "coordinates": [ 121.51768, 24.98498 ] } },
{ "type": "Feature", "properties": { "poi_name": "陽光Park社區", "note": "21", "stop_type": "YouBike" }, "geometry": { "type": "Point", "coordinates": [ 121.51555, 24.9794 ] } },
{ "type": "Feature", "properties": { "poi_name": "安康高中", "note": "75", "stop_type": "YouBike" }, "geometry": { "type": "Point", "coordinates": [ 121.51521, 24.96927 ] } },
{ "type": "Feature", "properties": { "poi_name": "柴埕市民活動中心", "note": "30", "stop_type": "YouBike" }, "geometry": { "type": "Point", "coordinates": [ 121.51648, 24.96678 ] } },
{ "type": "Feature", "properties": { "poi_name": "安光公園", "note": "32", "stop_type": "YouBike" }, "geometry": { "type": "Point", "coordinates": [ 121.51446, 24.96423 ] } },
{ "type": "Feature", "properties": { "poi_name": "安居公教住宅", "note": "24", "stop_type": "YouBike" }, "geometry": { "type": "Point", "coordinates": [ 121.51293, 24.9595 ] } },
{ "type": "Feature", "properties": { "poi_name": "碧潭西岸", "note": "37", "stop_type": "YouBike" }, "geometry": { "type": "Point", "coordinates": [ 121.5348, 24.95656 ] } },
{ "type": "Feature", "properties": { "poi_name": "碧潭渡船頭", "note": "26", "stop_type": "YouBike" }, "geometry": { "type": "Point", "coordinates": [ 121.53746, 24.9531 ] } },
{ "type": "Feature", "properties": { "poi_name": "文山國中", "note": "25", "stop_type": "YouBike" }, "geometry": { "type": "Point", "coordinates": [ 121.53937, 24.95521 ] } },
{ "type": "Feature", "properties": { "poi_name": "青潭國小", "note": "27", "stop_type": "YouBike" }, "geometry": { "type": "Point", "coordinates": [ 121.55181, 24.9531 ] } },
{ "type": "Feature", "properties": { "poi_name": "中正路284巷", "note": "29", "stop_type": "YouBike" }, "geometry": { "type": "Point", "coordinates": [ 121.53842, 24.9747 ] } },
{ "type": "Feature", "properties": { "poi_name": "央北社會住宅", "note": "64", "stop_type": "YouBike" }, "geometry": { "type": "Point", "coordinates": [ 121.52643, 24.98263 ] } },
{ "type": "Feature", "properties": { "poi_name": "中興路2段100巷口", "note": "21", "stop_type": "YouBike" }, "geometry": { "type": "Point", "coordinates": [ 121.5475, 24.97136 ] } },
{ "type": "Feature", "properties": { "poi_name": "台北慈濟醫院", "note": "40", "stop_type": "YouBike" }, "geometry": { "type": "Point", "coordinates": [ 121.537, 24.9859 ] } },
{ "type": "Feature", "properties": { "poi_name": "捷運七張站(1號出口)", "note": "42", "stop_type": "YouBike" }, "geometry": { "type": "Point", "coordinates": [ 121.542767, 24.974996 ] } },
{ "type": "Feature", "properties": { "poi_name": "捷運大坪林站(1號出口)", "note": "47", "stop_type": "YouBike" }, "geometry": { "type": "Point", "coordinates": [ 121.541, 24.9828 ] } },
{ "type": "Feature", "properties": { "poi_name": "新店高中(中央路)", "note": "85", "stop_type": "YouBike" }, "geometry": { "type": "Point", "coordinates": [ 121.53103, 24.97508 ] } },
{ "type": "Feature", "properties": { "poi_name": "十四張央北二路口(波爾多社區)", "note": "40", "stop_type": "YouBike" }, "geometry": { "type": "Point", "coordinates": [ 121.52635, 24.98285 ] } },
{ "type": "Feature", "properties": { "poi_name": "寶高智慧產業園區", "note": "35", "stop_type": "YouBike" }, "geometry": { "type": "Point", "coordinates": [ 121.551, 24.9775 ] } },
{ "type": "Feature", "properties": { "poi_name": "順德街(御中央3社區)", "note": "36", "stop_type": "YouBike" }, "geometry": { "type": "Point", "coordinates": [ 121.53, 24.9789 ] } },
{ "type": "Feature", "properties": { "poi_name": "台灣科技總部", "note": "11", "stop_type": "YouBike" }, "geometry": { "type": "Point", "coordinates": [ 121.54905, 24.97344 ] } },
{ "type": "Feature", "properties": { "poi_name": "央北三中央路口(全陽大璽)", "note": "73", "stop_type": "YouBike" }, "geometry": { "type": "Point", "coordinates": [ 121.53339, 24.97878 ] } },
{ "type": "Feature", "properties": { "poi_name": "直潭淨水廠(直潭二街)", "note": "15", "stop_type": "YouBike" }, "geometry": { "type": "Point", "coordinates": [ 121.53536, 24.9431 ] } },
{ "type": "Feature", "properties": { "poi_name": "直潭活動中心", "note": "15", "stop_type": "YouBike" }, "geometry": { "type": "Point", "coordinates": [ 121.53329, 24.93893 ] } },
{ "type": "Feature", "properties": { "poi_name": "永平街23巷", "note": "18", "stop_type": "YouBike" }, "geometry": { "type": "Point", "coordinates": [ 121.51604, 24.98316 ] } },
{ "type": "Feature", "properties": { "poi_name": "十四張歷史公園(南側)", "note": "20", "stop_type": "YouBike" }, "geometry": { "type": "Point", "coordinates": [ 121.52844, 24.979 ] } },
{ "type": "Feature", "properties": { "poi_name": "大豐公園停車場", "note": "15", "stop_type": "YouBike" }, "geometry": { "type": "Point", "coordinates": [ 121.53587, 24.97875 ] } },
{ "type": "Feature", "properties": { "poi_name": "寶強文化路口", "note": "11", "stop_type": "YouBike" }, "geometry": { "type": "Point", "coordinates": [ 121.54351, 24.97914 ] } },
{ "type": "Feature", "properties": { "poi_name": "北新路二段228巷口", "note": "12", "stop_type": "YouBike" }, "geometry": { "type": "Point", "coordinates": [ 121.54284, 24.97775 ] } },
{ "type": "Feature", "properties": { "poi_name": "寶中路97巷口", "note": "13", "stop_type": "YouBike" }, "geometry": { "type": "Point", "coordinates": [ 121.54878, 24.98047 ] } },
{ "type": "Feature", "properties": { "poi_name": "寶中寶橋路口", "note": "17", "stop_type": "YouBike" }, "geometry": { "type": "Point", "coordinates": [ 121.55028, 24.97862 ] } },
{ "type": "Feature", "properties": { "poi_name": "寶橋路235巷", "note": "32", "stop_type": "YouBike" }, "geometry": { "type": "Point", "coordinates": [ 121.55102, 24.98278 ] } },
{ "type": "Feature", "properties": { "poi_name": "寶橋路29巷", "note": "10", "stop_type": "YouBike" }, "geometry": { "type": "Point", "coordinates": [ 121.54389, 24.97492 ] } },
{ "type": "Feature", "properties": { "poi_name": "中興檳榔路口", "note": "13", "stop_type": "YouBike" }, "geometry": { "type": "Point", "coordinates": [ 121.54185, 24.96337 ] } },
{ "type": "Feature", "properties": { "poi_name": "北新新生街口", "note": "12", "stop_type": "YouBike" }, "geometry": { "type": "Point", "coordinates": [ 121.54061, 24.96561 ] } },
{ "type": "Feature", "properties": { "poi_name": "中興文化路口(東南側)", "note": "19", "stop_type": "YouBike" }, "geometry": { "type": "Point", "coordinates": [ 121.5445, 24.98037 ] } },
{ "type": "Feature", "properties": { "poi_name": "雙城國小", "note": "15", "stop_type": "YouBike" }, "geometry": { "type": "Point", "coordinates": [ 121.48628, 24.95186 ] } },
{ "type": "Feature", "properties": { "poi_name": "北城生活廣場(富貴街)", "note": "11", "stop_type": "YouBike" }, "geometry": { "type": "Point", "coordinates": [ 121.49409, 24.94888 ] } },
{ "type": "Feature", "properties": { "poi_name": "中華郵政玫瑰城郵局", "note": "16", "stop_type": "YouBike" }, "geometry": { "type": "Point", "coordinates": [ 121.49674, 24.94702 ] } },
{ "type": "Feature", "properties": { "poi_name": "安民街35巷口", "note": "13", "stop_type": "YouBike" }, "geometry": { "type": "Point", "coordinates": [ 121.51564, 24.96484 ] } },
{ "type": "Feature", "properties": { "poi_name": "廣興河濱公園", "note": "16", "stop_type": "YouBike" }, "geometry": { "type": "Point", "coordinates": [ 121.53739, 24.91255 ] } },
{ "type": "Feature", "properties": { "poi_name": "中華郵政五城郵局", "note": "15", "stop_type": "YouBike" }, "geometry": { "type": "Point", "coordinates": [ 121.47917, 24.94483 ] } },
{ "type": "Feature", "properties": { "poi_name": "屈尺景觀公園", "note": "16", "stop_type": "YouBike" }, "geometry": { "type": "Point", "coordinates": [ 121.54668, 24.91988 ] } },
{ "type": "Feature", "properties": { "poi_name": "龜山活動中心", "note": "8", "stop_type": "YouBike" }, "geometry": { "type": "Point", "coordinates": [ 121.55224, 24.90303 ] } },
{ "type": "Feature", "properties": { "poi_name": "雙城公園(安康路)", "note": "13", "stop_type": "YouBike" }, "geometry": { "type": "Point", "coordinates": [ 121.49035, 24.95176 ] } },
{ "type": "Feature", "properties": { "poi_name": "輕軌雙城站", "note": "21", "stop_type": "YouBike" }, "geometry": { "type": "Point", "coordinates": [ 121.48985, 24.94679 ] } },
{ "type": "Feature", "properties": { "poi_name": "安華公園", "note": "22", "stop_type": "YouBike" }, "geometry": { "type": "Point", "coordinates": [ 121.53538, 24.97374 ] } },
{ "type": "Feature", "properties": { "poi_name": "輕軌玫瑰中國城站", "note": "30", "stop_type": "YouBike" }, "geometry": { "type": "Point", "coordinates": [ 121.49418, 24.95101 ] } },
{ "type": "Feature", "properties": { "poi_name": "輕軌台北小城站(南側)", "note": "15", "stop_type": "YouBike" }, "geometry": { "type": "Point", "coordinates": [ 121.49816, 24.95312 ] } },
{ "type": "Feature", "properties": { "poi_name": "輕軌耕莘安康院區站", "note": "29", "stop_type": "YouBike" }, "geometry": { "type": "Point", "coordinates": [ 121.50368, 24.95453 ] } },
{ "type": "Feature", "properties": { "poi_name": "輕軌景文科大站", "note": "27", "stop_type": "YouBike" }, "geometry": { "type": "Point", "coordinates": [ 121.50964, 24.95474 ] } },
{ "type": "Feature", "properties": { "poi_name": "輕軌安康站", "note": "21", "stop_type": "YouBike" }, "geometry": { "type": "Point", "coordinates": [ 121.51717, 24.96525 ] } },
{ "type": "Feature", "properties": { "poi_name": "輕軌陽光運動公園站", "note": "20", "stop_type": "YouBike" }, "geometry": { "type": "Point", "coordinates": [ 121.51928, 24.97193 ] } },
{ "type": "Feature", "properties": { "poi_name": "輕軌新和國小站", "note": "23", "stop_type": "YouBike" }, "geometry": { "type": "Point", "coordinates": [ 121.5183, 24.98338 ] } },
{ "type": "Feature", "properties": { "poi_name": "輕軌台北小城站(北側)", "note": "14", "stop_type": "YouBike" }, "geometry": { "type": "Point", "coordinates": [ 121.49833, 24.95351 ] } },
{ "type": "Feature", "properties": { "poi_name": "安民街停車場", "note": "16", "stop_type": "YouBike" }, "geometry": { "type": "Point", "coordinates": [ 121.51686, 24.97077 ] } },
{ "type": "Feature", "properties": { "poi_name": "三民地下停車場", "note": "24", "stop_type": "YouBike" }, "geometry": { "type": "Point", "coordinates": [ 121.53718, 24.97097 ] } },
{ "type": "Feature", "properties": { "poi_name": "吉安停車場", "note": "14", "stop_type": "YouBike" }, "geometry": { "type": "Point", "coordinates": [ 121.51635, 24.96623 ] } },
{ "type": "Feature", "properties": { "poi_name": "央北新村平面停車場", "note": "49", "stop_type": "YouBike" }, "geometry": { "type": "Point", "coordinates": [ 121.52737, 24.97752 ] } },
{ "type": "Feature", "properties": { "poi_name": "安德停車場", "note": "12", "stop_type": "YouBike" }, "geometry": { "type": "Point", "coordinates": [ 121.50882, 24.96039 ] } },
{ "type": "Feature", "properties": { "poi_name": "安興祥和路口", "note": "15", "stop_type": "YouBike" }, "geometry": { "type": "Point", "coordinates": [ 121.51546, 24.97666 ] } },
{ "type": "Feature", "properties": { "poi_name": "綠湖公園地下停車場", "note": "27", "stop_type": "YouBike" }, "geometry": { "type": "Point", "coordinates": [ 121.54613, 24.97956 ] } },
{ "type": "Feature", "properties": { "poi_name": "中山路31巷(波爾多2社區)", "note": "40", "stop_type": "YouBike" }, "geometry": { "type": "Point", "coordinates": [ 121.52478, 24.9803 ] } },
{ "type": "Feature", "properties": { "poi_name": "中正路399巷口", "note": "22", "stop_type": "YouBike" }, "geometry": { "type": "Point", "coordinates": [ 121.53455, 24.9771 ] } },
{ "type": "Feature", "properties": { "poi_name": "永平休閒廣場", "note": "15", "stop_type": "YouBike" }, "geometry": { "type": "Point", "coordinates": [ 121.5161, 24.98432 ] } },
{ "type": "Feature", "properties": { "poi_name": "安和碧安街口", "note": "20", "stop_type": "YouBike" }, "geometry": { "type": "Point", "coordinates": [ 121.51776, 24.96696 ] } },
{ "type": "Feature", "properties": { "poi_name": "胡璉故居紀念館", "note": "10", "stop_type": "YouBike" }, "geometry": { "type": "Point", "coordinates": [ 121.52763, 24.96171 ] } },
{ "type": "Feature", "properties": { "poi_name": "十四張啓文路口", "note": "15", "stop_type": "YouBike" }, "geometry": { "type": "Point", "coordinates": [ 121.52978, 24.98055 ] } },
{ "type": "Feature", "properties": { "poi_name": "啟文央北二路口(中央公園社區)", "note": "40", "stop_type": "YouBike" }, "geometry": { "type": "Point", "coordinates": [ 121.52935, 24.97976 ] } },
{ "type": "Feature", "properties": { "poi_name": "安和路二段117巷口", "note": "17", "stop_type": "YouBike" }, "geometry": { "type": "Point", "coordinates": [ 121.51883, 24.97029 ] } },
{ "type": "Feature", "properties": { "poi_name": "新北捷運環狀線南機廠", "note": "21", "stop_type": "YouBike" }, "geometry": { "type": "Point", "coordinates": [ 121.52891, 24.98343 ] } },
{ "type": "Feature", "properties": { "poi_name": "明德路65巷口", "note": "15", "stop_type": "YouBike" }, "geometry": { "type": "Point", "coordinates": [ 121.54145, 24.9767 ] } },
{ "type": "Feature", "properties": { "poi_name": "中央新村(中央三街)", "note": "23", "stop_type": "YouBike" }, "geometry": { "type": "Point", "coordinates": [ 121.52488, 24.9764 ] } },
{ "type": "Feature", "properties": { "poi_name": "新安永安街口", "note": "20", "stop_type": "YouBike" }, "geometry": { "type": "Point", "coordinates": [ 121.52138, 24.98542 ] } },
{ "type": "Feature", "properties": { "poi_name": "新安永安街94巷口", "note": "20", "stop_type": "YouBike" }, "geometry": { "type": "Point", "coordinates": [ 121.52034, 24.98446 ] } },
{ "type": "Feature", "properties": { "poi_name": "新和街32巷口", "note": "17", "stop_type": "YouBike" }, "geometry": { "type": "Point", "coordinates": [ 121.5192, 24.9847 ] } },
{ "type": "Feature", "properties": { "poi_name": "中央陸橋(中央一街)", "note": "16", "stop_type": "YouBike" }, "geometry": { "type": "Point", "coordinates": [ 121.52736, 24.97371 ] } },
{ "type": "Feature", "properties": { "poi_name": "大豐里(建國路)", "note": "13", "stop_type": "YouBike" }, "geometry": { "type": "Point", "coordinates": [ 121.53799, 24.97991 ] } },
{ "type": "Feature", "properties": { "poi_name": "寶高路120巷口", "note": "14", "stop_type": "YouBike" }, "geometry": { "type": "Point", "coordinates": [ 121.55433, 24.97622 ] } },
{ "type": "Feature", "properties": { "poi_name": "民權二十張路口", "note": "14", "stop_type": "YouBike" }, "geometry": { "type": "Point", "coordinates": [ 121.53966, 24.98291 ] } },
{ "type": "Feature", "properties": { "poi_name": "碧潭大橋(溪洲路6巷)", "note": "12", "stop_type": "YouBike" }, "geometry": { "type": "Point", "coordinates": [ 121.53426, 24.96061 ] } },
{ "type": "Feature", "properties": { "poi_name": "福民市民活動中心", "note": "15", "stop_type": "YouBike" }, "geometry": { "type": "Point", "coordinates": [ 121.53305, 24.97293 ] } },
{ "type": "Feature", "properties": { "poi_name": "十四張歷史公園(北側)", "note": "24", "stop_type": "YouBike" }, "geometry": { "type": "Point", "coordinates": [ 121.52689, 24.9798 ] } },
{ "type": "Feature", "properties": { "poi_name": "溪洲原住民族生活文化園區Cinemnemay", "note": "21", "stop_type": "YouBike" }, "geometry": { "type": "Point", "coordinates": [ 121.52834, 24.96826 ] } },
{ "type": "Feature", "properties": { "poi_name": "十四張歷史建築園區(文記街)", "note": "49", "stop_type": "YouBike" }, "geometry": { "type": "Point", "coordinates": [ 121.52792, 24.98065 ] } },
{ "type": "Feature", "properties": { "poi_name": "中正路144巷口", "note": "15", "stop_type": "YouBike" }, "geometry": { "type": "Point", "coordinates": [ 121.5419, 24.97148 ] } },
{ "type": "Feature", "properties": { "poi_name": "央北二月記街口", "note": "22", "stop_type": "YouBike" }, "geometry": { "type": "Point", "coordinates": [ 121.53008, 24.97763 ] } },
{ "type": "Feature", "properties": { "poi_name": "捷運幸福站", "note": "58", "stop_type": "YouBike" }, "geometry": { "type": "Point", "coordinates": [ 121.46018, 25.04988 ] } },
{ "type": "Feature", "properties": { "poi_name": "新莊棒球場", "note": "69", "stop_type": "YouBike" }, "geometry": { "type": "Point", "coordinates": [ 121.44609, 25.04138 ] } },
{ "type": "Feature", "properties": { "poi_name": "新莊國民運動中心", "note": "52", "stop_type": "YouBike" }, "geometry": { "type": "Point", "coordinates": [ 121.44898, 25.03932 ] } },
{ "type": "Feature", "properties": { "poi_name": "新莊體育館", "note": "47", "stop_type": "YouBike" }, "geometry": { "type": "Point", "coordinates": [ 121.45255, 25.04078 ] } },
{ "type": "Feature", "properties": { "poi_name": "中華里(中華路二段)", "note": "48", "stop_type": "YouBike" }, "geometry": { "type": "Point", "coordinates": [ 121.45367, 25.04619 ] } },
{ "type": "Feature", "properties": { "poi_name": "中華自治街口", "note": "46", "stop_type": "YouBike" }, "geometry": { "type": "Point", "coordinates": [ 121.4533, 25.04775 ] } },
{ "type": "Feature", "properties": { "poi_name": "中港國小", "note": "58", "stop_type": "YouBike" }, "geometry": { "type": "Point", "coordinates": [ 121.44783, 25.04563 ] } },
{ "type": "Feature", "properties": { "poi_name": "捷運輔大站(4號出口)", "note": "52", "stop_type": "YouBike" }, "geometry": { "type": "Point", "coordinates": [ 121.43666, 25.03304 ] } },
{ "type": "Feature", "properties": { "poi_name": "四維公園", "note": "27", "stop_type": "YouBike" }, "geometry": { "type": "Point", "coordinates": [ 121.42221, 25.0213 ] } },
{ "type": "Feature", "properties": { "poi_name": "瓊林公園", "note": "30", "stop_type": "YouBike" }, "geometry": { "type": "Point", "coordinates": [ 121.44244, 25.02629 ] } },
{ "type": "Feature", "properties": { "poi_name": "宏匯廣場", "note": "51", "stop_type": "YouBike" }, "geometry": { "type": "Point", "coordinates": [ 121.44908, 25.05931 ] } },
{ "type": "Feature", "properties": { "poi_name": "捷運新莊副都心站", "note": "43", "stop_type": "YouBike" }, "geometry": { "type": "Point", "coordinates": [ 121.4466, 25.05914 ] } },
{ "type": "Feature", "properties": { "poi_name": "行政院新莊聯合辦公大樓", "note": "51", "stop_type": "YouBike" }, "geometry": { "type": "Point", "coordinates": [ 121.44443, 25.05595 ] } },
{ "type": "Feature", "properties": { "poi_name": "中信國小", "note": "58", "stop_type": "YouBike" }, "geometry": { "type": "Point", "coordinates": [ 121.44954, 25.05572 ] } },
{ "type": "Feature", "properties": { "poi_name": "捷運新北產業園區站", "note": "70", "stop_type": "YouBike" }, "geometry": { "type": "Point", "coordinates": [ 121.45918, 25.06203 ] } },
{ "type": "Feature", "properties": { "poi_name": "新莊文化藝術中心", "note": "40", "stop_type": "YouBike" }, "geometry": { "type": "Point", "coordinates": [ 121.4445, 25.04714 ] } },
{ "type": "Feature", "properties": { "poi_name": "化成公園", "note": "30", "stop_type": "YouBike" }, "geometry": { "type": "Point", "coordinates": [ 121.4616, 25.04786 ] } },
{ "type": "Feature", "properties": { "poi_name": "頭前國中", "note": "51", "stop_type": "YouBike" }, "geometry": { "type": "Point", "coordinates": [ 121.45916, 25.05444 ] } },
{ "type": "Feature", "properties": { "poi_name": "福壽公園", "note": "46", "stop_type": "YouBike" }, "geometry": { "type": "Point", "coordinates": [ 121.45758, 25.05151 ] } },
{ "type": "Feature", "properties": { "poi_name": "中華中原路口", "note": "64", "stop_type": "YouBike" }, "geometry": { "type": "Point", "coordinates": [ 121.45178, 25.05423 ] } },
{ "type": "Feature", "properties": { "poi_name": "中港大排願景館", "note": "57", "stop_type": "YouBike" }, "geometry": { "type": "Point", "coordinates": [ 121.45165, 25.05894 ] } },
{ "type": "Feature", "properties": { "poi_name": "捷運頭前庄站(1號出口)", "note": "90", "stop_type": "YouBike" }, "geometry": { "type": "Point", "coordinates": [ 121.4608, 25.03953 ] } },
{ "type": "Feature", "properties": { "poi_name": "中平國中", "note": "50", "stop_type": "YouBike" }, "geometry": { "type": "Point", "coordinates": [ 121.44394, 25.05426 ] } },
{ "type": "Feature", "properties": { "poi_name": "捷運新莊站(1號出口)", "note": "69", "stop_type": "YouBike" }, "geometry": { "type": "Point", "coordinates": [ 121.45204, 25.03641 ] } },
{ "type": "Feature", "properties": { "poi_name": "捷運新莊站(2號出口)", "note": "54", "stop_type": "YouBike" }, "geometry": { "type": "Point", "coordinates": [ 121.45278, 25.03607 ] } },
{ "type": "Feature", "properties": { "poi_name": "中正仁愛街口", "note": "48", "stop_type": "YouBike" }, "geometry": { "type": "Point", "coordinates": [ 121.44462, 25.03452 ] } },
{ "type": "Feature", "properties": { "poi_name": "新月橋", "note": "60", "stop_type": "YouBike" }, "geometry": { "type": "Point", "coordinates": [ 121.44982, 25.03208 ] } },
{ "type": "Feature", "properties": { "poi_name": "新莊田徑場", "note": "42", "stop_type": "YouBike" }, "geometry": { "type": "Point", "coordinates": [ 121.45259, 25.04341 ] } },
{ "type": "Feature", "properties": { "poi_name": "豐年國小", "note": "28", "stop_type": "YouBike" }, "geometry": { "type": "Point", "coordinates": [ 121.44324, 25.0307 ] } },
{ "type": "Feature", "properties": { "poi_name": "後港公園", "note": "35", "stop_type": "YouBike" }, "geometry": { "type": "Point", "coordinates": [ 121.42835, 25.02536 ] } },
{ "type": "Feature", "properties": { "poi_name": "福營行政中心", "note": "43", "stop_type": "YouBike" }, "geometry": { "type": "Point", "coordinates": [ 121.42387, 25.02413 ] } },
{ "type": "Feature", "properties": { "poi_name": "黃城公園", "note": "38", "stop_type": "YouBike" }, "geometry": { "type": "Point", "coordinates": [ 121.44824, 25.05238 ] } },
{ "type": "Feature", "properties": { "poi_name": "新泰公園", "note": "30", "stop_type": "YouBike" }, "geometry": { "type": "Point", "coordinates": [ 121.44495, 25.0372 ] } },
{ "type": "Feature", "properties": { "poi_name": "光華東帝士", "note": "40", "stop_type": "YouBike" }, "geometry": { "type": "Point", "coordinates": [ 121.42784, 25.0108 ] } },
{ "type": "Feature", "properties": { "poi_name": "建福公園", "note": "33", "stop_type": "YouBike" }, "geometry": { "type": "Point", "coordinates": [ 121.42669, 25.02769 ] } },
{ "type": "Feature", "properties": { "poi_name": "立泰里(中環路二段)", "note": "25", "stop_type": "YouBike" }, "geometry": { "type": "Point", "coordinates": [ 121.44213, 25.04568 ] } },
{ "type": "Feature", "properties": { "poi_name": "伊吉邦社區", "note": "40", "stop_type": "YouBike" }, "geometry": { "type": "Point", "coordinates": [ 121.4134, 25.03019 ] } },
{ "type": "Feature", "properties": { "poi_name": "昌隆國小", "note": "46", "stop_type": "YouBike" }, "geometry": { "type": "Point", "coordinates": [ 121.45489, 25.05213 ] } },
{ "type": "Feature", "properties": { "poi_name": "輔仁大學附設醫院", "note": "41", "stop_type": "YouBike" }, "geometry": { "type": "Point", "coordinates": [ 121.431, 25.03927 ] } },
{ "type": "Feature", "properties": { "poi_name": "大眾廟", "note": "28", "stop_type": "YouBike" }, "geometry": { "type": "Point", "coordinates": [ 121.458, 25.0374 ] } },
{ "type": "Feature", "properties": { "poi_name": "遠東動力企業總部", "note": "26", "stop_type": "YouBike" }, "geometry": { "type": "Point", "coordinates": [ 121.42999, 25.03113 ] } },
{ "type": "Feature", "properties": { "poi_name": "昌平公園", "note": "55", "stop_type": "YouBike" }, "geometry": { "type": "Point", "coordinates": [ 121.45811, 25.05866 ] } },
{ "type": "Feature", "properties": { "poi_name": "中正新雅巷口", "note": "48", "stop_type": "YouBike" }, "geometry": { "type": "Point", "coordinates": [ 121.41769, 25.02594 ] } },
{ "type": "Feature", "properties": { "poi_name": "捷運丹鳳站(1號出口)", "note": "54", "stop_type": "YouBike" }, "geometry": { "type": "Point", "coordinates": [ 121.4228, 25.02903 ] } },
{ "type": "Feature", "properties": { "poi_name": "龍鳳公園", "note": "52", "stop_type": "YouBike" }, "geometry": { "type": "Point", "coordinates": [ 121.416898, 25.021434 ] } },
{ "type": "Feature", "properties": { "poi_name": "新莊勞工中心", "note": "26", "stop_type": "YouBike" }, "geometry": { "type": "Point", "coordinates": [ 121.43374, 25.02033 ] } },
{ "type": "Feature", "properties": { "poi_name": "民安東民全街口", "note": "25", "stop_type": "YouBike" }, "geometry": { "type": "Point", "coordinates": [ 121.42956, 25.02077 ] } },
{ "type": "Feature", "properties": { "poi_name": "興化公園", "note": "55", "stop_type": "YouBike" }, "geometry": { "type": "Point", "coordinates": [ 121.46112, 25.06523 ] } },
{ "type": "Feature", "properties": { "poi_name": "捷運迴龍站(3號出口)", "note": "70", "stop_type": "YouBike" }, "geometry": { "type": "Point", "coordinates": [ 121.41305, 25.02276 ] } },
{ "type": "Feature", "properties": { "poi_name": "西盛廣場", "note": "39", "stop_type": "YouBike" }, "geometry": { "type": "Point", "coordinates": [ 121.43149, 25.00089 ] } },
{ "type": "Feature", "properties": { "poi_name": "新樹公園", "note": "25", "stop_type": "YouBike" }, "geometry": { "type": "Point", "coordinates": [ 121.43315, 25.00338 ] } },
{ "type": "Feature", "properties": { "poi_name": "西盛館", "note": "20", "stop_type": "YouBike" }, "geometry": { "type": "Point", "coordinates": [ 121.43271, 25.01191 ] } },
{ "type": "Feature", "properties": { "poi_name": "西盛公園", "note": "24", "stop_type": "YouBike" }, "geometry": { "type": "Point", "coordinates": [ 121.42805, 25.01711 ] } },
{ "type": "Feature", "properties": { "poi_name": "臺北醫院", "note": "39", "stop_type": "YouBike" }, "geometry": { "type": "Point", "coordinates": [ 121.45978, 25.04358 ] } },
{ "type": "Feature", "properties": { "poi_name": "新泰國中", "note": "24", "stop_type": "YouBike" }, "geometry": { "type": "Point", "coordinates": [ 121.44414, 25.04316 ] } },
{ "type": "Feature", "properties": { "poi_name": "福基公園", "note": "40", "stop_type": "YouBike" }, "geometry": { "type": "Point", "coordinates": [ 121.46086, 25.05816 ] } },
{ "type": "Feature", "properties": { "poi_name": "福美公園", "note": "45", "stop_type": "YouBike" }, "geometry": { "type": "Point", "coordinates": [ 121.46106, 25.05503 ] } },
{ "type": "Feature", "properties": { "poi_name": "頭前運動公園", "note": "60", "stop_type": "YouBike" }, "geometry": { "type": "Point", "coordinates": [ 121.46211, 25.05165 ] } },
{ "type": "Feature", "properties": { "poi_name": "頭前國小", "note": "46", "stop_type": "YouBike" }, "geometry": { "type": "Point", "coordinates": [ 121.46506, 25.05257 ] } },
{ "type": "Feature", "properties": { "poi_name": "新泰路255巷口", "note": "20", "stop_type": "YouBike" }, "geometry": { "type": "Point", "coordinates": [ 121.4427, 25.03936 ] } },
{ "type": "Feature", "properties": { "poi_name": "新泰游泳池", "note": "40", "stop_type": "YouBike" }, "geometry": { "type": "Point", "coordinates": [ 121.44228, 25.04616 ] } },
{ "type": "Feature", "properties": { "poi_name": "瓊林南路101巷口", "note": "33", "stop_type": "YouBike" }, "geometry": { "type": "Point", "coordinates": [ 121.4343, 25.01258 ] } },
{ "type": "Feature", "properties": { "poi_name": "塭仔底濕地公園", "note": "25", "stop_type": "YouBike" }, "geometry": { "type": "Point", "coordinates": [ 121.45438, 25.05635 ] } },
{ "type": "Feature", "properties": { "poi_name": "思賢國小", "note": "65", "stop_type": "YouBike" }, "geometry": { "type": "Point", "coordinates": [ 121.4577, 25.04629 ] } },
{ "type": "Feature", "properties": { "poi_name": "宏匯思源廣場", "note": "30", "stop_type": "YouBike" }, "geometry": { "type": "Point", "coordinates": [ 121.45905, 25.05745 ] } },
{ "type": "Feature", "properties": { "poi_name": "新北大道昌平街口(臨時站)", "note": "16", "stop_type": "YouBike" }, "geometry": { "type": "Point", "coordinates": [ 121.45474, 25.06035 ] } },
{ "type": "Feature", "properties": { "poi_name": "丹鳳派出所", "note": "23", "stop_type": "YouBike" }, "geometry": { "type": "Point", "coordinates": [ 121.41466, 25.02769 ] } },
{ "type": "Feature", "properties": { "poi_name": "榮富國小", "note": "26", "stop_type": "YouBike" }, "geometry": { "type": "Point", "coordinates": [ 121.44659, 25.05172 ] } },
{ "type": "Feature", "properties": { "poi_name": "國家電影及視聽文化中心", "note": "20", "stop_type": "YouBike" }, "geometry": { "type": "Point", "coordinates": [ 121.44769, 25.05605 ] } },
{ "type": "Feature", "properties": { "poi_name": "昌平國小", "note": "18", "stop_type": "YouBike" }, "geometry": { "type": "Point", "coordinates": [ 121.45685, 25.05658 ] } },
{ "type": "Feature", "properties": { "poi_name": "幸福中環路口", "note": "12", "stop_type": "YouBike" }, "geometry": { "type": "Point", "coordinates": [ 121.44289, 25.04903 ] } },
{ "type": "Feature", "properties": { "poi_name": "雙鳳公園", "note": "11", "stop_type": "YouBike" }, "geometry": { "type": "Point", "coordinates": [ 121.41398, 25.02644 ] } },
{ "type": "Feature", "properties": { "poi_name": "新莊國民運動中心(和興街)", "note": "12", "stop_type": "YouBike" }, "geometry": { "type": "Point", "coordinates": [ 121.44759, 25.03891 ] } },
{ "type": "Feature", "properties": { "poi_name": "建中街90巷口", "note": "12", "stop_type": "YouBike" }, "geometry": { "type": "Point", "coordinates": [ 121.4469, 25.03659 ] } },
{ "type": "Feature", "properties": { "poi_name": "中正路347巷口", "note": "13", "stop_type": "YouBike" }, "geometry": { "type": "Point", "coordinates": [ 121.44718, 25.03403 ] } },
{ "type": "Feature", "properties": { "poi_name": "覺明寺(豐年街53巷)", "note": "11", "stop_type": "YouBike" }, "geometry": { "type": "Point", "coordinates": [ 121.44721, 25.03172 ] } },
{ "type": "Feature", "properties": { "poi_name": "中正雙鳳路口", "note": "16", "stop_type": "YouBike" }, "geometry": { "type": "Point", "coordinates": [ 121.41803, 25.0272 ] } },
{ "type": "Feature", "properties": { "poi_name": "龍安成德街口", "note": "12", "stop_type": "YouBike" }, "geometry": { "type": "Point", "coordinates": [ 121.42267, 25.0191 ] } },
{ "type": "Feature", "properties": { "poi_name": "民安西路252巷", "note": "15", "stop_type": "YouBike" }, "geometry": { "type": "Point", "coordinates": [ 121.42485, 25.01372 ] } },
{ "type": "Feature", "properties": { "poi_name": "思賢國小(自由街)", "note": "21", "stop_type": "YouBike" }, "geometry": { "type": "Point", "coordinates": [ 121.45587, 25.04551 ] } },
{ "type": "Feature", "properties": { "poi_name": "中興中正路口(泰坤建設)", "note": "50", "stop_type": "YouBike" }, "geometry": { "type": "Point", "coordinates": [ 121.44933, 25.03564 ] } },
{ "type": "Feature", "properties": { "poi_name": "福德二街35號", "note": "15", "stop_type": "YouBike" }, "geometry": { "type": "Point", "coordinates": [ 121.4623, 25.05719 ] } },
{ "type": "Feature", "properties": { "poi_name": "塭仔底濕地公園(中華路)", "note": "24", "stop_type": "YouBike" }, "geometry": { "type": "Point", "coordinates": [ 121.45222, 25.05645 ] } },
{ "type": "Feature", "properties": { "poi_name": "頭前國小(化成路)", "note": "12", "stop_type": "YouBike" }, "geometry": { "type": "Point", "coordinates": [ 121.46624, 25.0535 ] } },
{ "type": "Feature", "properties": { "poi_name": "中誠立體停車場", "note": "10", "stop_type": "YouBike" }, "geometry": { "type": "Point", "coordinates": [ 121.45137, 25.04757 ] } },
{ "type": "Feature", "properties": { "poi_name": "丹鳳國小", "note": "15", "stop_type": "YouBike" }, "geometry": { "type": "Point", "coordinates": [ 121.41336, 25.0246 ] } },
{ "type": "Feature", "properties": { "poi_name": "中正路883巷口", "note": "14", "stop_type": "YouBike" }, "geometry": { "type": "Point", "coordinates": [ 121.41682, 25.02491 ] } },
{ "type": "Feature", "properties": { "poi_name": "思賢公園(北側)", "note": "18", "stop_type": "YouBike" }, "geometry": { "type": "Point", "coordinates": [ 121.45672, 25.04792 ] } },
{ "type": "Feature", "properties": { "poi_name": "福壽昌智路口", "note": "30", "stop_type": "YouBike" }, "geometry": { "type": "Point", "coordinates": [ 121.45804, 25.05614 ] } },
{ "type": "Feature", "properties": { "poi_name": "台電台北西區營業處", "note": "13", "stop_type": "YouBike" }, "geometry": { "type": "Point", "coordinates": [ 121.4656, 25.04765 ] } },
{ "type": "Feature", "properties": { "poi_name": "福祿1號公園", "note": "15", "stop_type": "YouBike" }, "geometry": { "type": "Point", "coordinates": [ 121.4638, 25.06386 ] } },
{ "type": "Feature", "properties": { "poi_name": "台北醫院(民樂街)", "note": "11", "stop_type": "YouBike" }, "geometry": { "type": "Point", "coordinates": [ 121.45788, 25.04267 ] } },
{ "type": "Feature", "properties": { "poi_name": "捷運輔大站(1號出口)", "note": "31", "stop_type": "YouBike" }, "geometry": { "type": "Point", "coordinates": [ 121.43548, 25.03285 ] } },
{ "type": "Feature", "properties": { "poi_name": "捷運迴龍站(2號出口)", "note": "11", "stop_type": "YouBike" }, "geometry": { "type": "Point", "coordinates": [ 121.411, 25.0211 ] } },
{ "type": "Feature", "properties": { "poi_name": "國泰國小", "note": "14", "stop_type": "YouBike" }, "geometry": { "type": "Point", "coordinates": [ 121.44186, 25.03398 ] } },
{ "type": "Feature", "properties": { "poi_name": "潭底溝休憩廣場", "note": "10", "stop_type": "YouBike" }, "geometry": { "type": "Point", "coordinates": [ 121.42636, 25.02191 ] } },
{ "type": "Feature", "properties": { "poi_name": "廣停一機車停車場", "note": "15", "stop_type": "YouBike" }, "geometry": { "type": "Point", "coordinates": [ 121.45766, 25.06209 ] } },
{ "type": "Feature", "properties": { "poi_name": "中港平面停車場", "note": "21", "stop_type": "YouBike" }, "geometry": { "type": "Point", "coordinates": [ 121.45271, 25.04485 ] } },
{ "type": "Feature", "properties": { "poi_name": "建國一路平面停車場", "note": "18", "stop_type": "YouBike" }, "geometry": { "type": "Point", "coordinates": [ 121.43491, 25.02394 ] } },
{ "type": "Feature", "properties": { "poi_name": "八德立體停車場", "note": "14", "stop_type": "YouBike" }, "geometry": { "type": "Point", "coordinates": [ 121.42532, 25.02271 ] } },
{ "type": "Feature", "properties": { "poi_name": "中央昌仁路口", "note": "14", "stop_type": "YouBike" }, "geometry": { "type": "Point", "coordinates": [ 121.45355, 25.05895 ] } },
{ "type": "Feature", "properties": { "poi_name": "五工路68巷口", "note": "25", "stop_type": "YouBike" }, "geometry": { "type": "Point", "coordinates": [ 121.458836, 25.062942 ] } },
{ "type": "Feature", "properties": { "poi_name": "遠東動力企業總部(福營路)", "note": "30", "stop_type": "YouBike" }, "geometry": { "type": "Point", "coordinates": [ 121.43045, 25.03033 ] } },
{ "type": "Feature", "properties": { "poi_name": "復興化成路口", "note": "15", "stop_type": "YouBike" }, "geometry": { "type": "Point", "coordinates": [ 121.46453, 25.04457 ] } },
{ "type": "Feature", "properties": { "poi_name": "新北市立圖書館新莊中港分館", "note": "13", "stop_type": "YouBike" }, "geometry": { "type": "Point", "coordinates": [ 121.45222, 25.04643 ] } },
{ "type": "Feature", "properties": { "poi_name": "登龍平面停車場", "note": "32", "stop_type": "YouBike" }, "geometry": { "type": "Point", "coordinates": [ 121.45654, 25.03662 ] } },
{ "type": "Feature", "properties": { "poi_name": "麗水富貴路口(聯合公園社區)", "note": "50", "stop_type": "YouBike" }, "geometry": { "type": "Point", "coordinates": [ 121.45162, 25.05697 ] } },
{ "type": "Feature", "properties": { "poi_name": "新莊運動公園地下停車場", "note": "14", "stop_type": "YouBike" }, "geometry": { "type": "Point", "coordinates": [ 121.44941, 25.043 ] } },
{ "type": "Feature", "properties": { "poi_name": "民安國小(東側)", "note": "17", "stop_type": "YouBike" }, "geometry": { "type": "Point", "coordinates": [ 121.42873, 25.02259 ] } },
{ "type": "Feature", "properties": { "poi_name": "長青公園", "note": "11", "stop_type": "YouBike" }, "geometry": { "type": "Point", "coordinates": [ 121.45662, 25.04246 ] } },
{ "type": "Feature", "properties": { "poi_name": "思源路192巷口", "note": "23", "stop_type": "YouBike" }, "geometry": { "type": "Point", "coordinates": [ 121.4601, 25.04823 ] } },
{ "type": "Feature", "properties": { "poi_name": "頭前運動公園(頭前路)", "note": "22", "stop_type": "YouBike" }, "geometry": { "type": "Point", "coordinates": [ 121.46362, 25.05237 ] } },
{ "type": "Feature", "properties": { "poi_name": "黃城公園(中榮街)", "note": "11", "stop_type": "YouBike" }, "geometry": { "type": "Point", "coordinates": [ 121.44883, 25.05277 ] } },
{ "type": "Feature", "properties": { "poi_name": "瓊泰市民活動中心", "note": "15", "stop_type": "YouBike" }, "geometry": { "type": "Point", "coordinates": [ 121.44312, 25.02926 ] } },
{ "type": "Feature", "properties": { "poi_name": "龍安福營路口", "note": "15", "stop_type": "YouBike" }, "geometry": { "type": "Point", "coordinates": [ 121.41931, 25.02022 ] } },
{ "type": "Feature", "properties": { "poi_name": "文中三平面停車場", "note": "42", "stop_type": "YouBike" }, "geometry": { "type": "Point", "coordinates": [ 121.43473, 25.03739 ] } },
{ "type": "Feature", "properties": { "poi_name": "福慧新知八路口", "note": "20", "stop_type": "YouBike" }, "geometry": { "type": "Point", "coordinates": [ 121.45519, 25.06204 ] } },
{ "type": "Feature", "properties": { "poi_name": "捷運幸福站(2號出口)", "note": "35", "stop_type": "YouBike" }, "geometry": { "type": "Point", "coordinates": [ 121.46028, 25.04955 ] } },
{ "type": "Feature", "properties": { "poi_name": "幸福路753巷口", "note": "19", "stop_type": "YouBike" }, "geometry": { "type": "Point", "coordinates": [ 121.44834, 25.04914 ] } },
{ "type": "Feature", "properties": { "poi_name": "幸福路678巷口", "note": "13", "stop_type": "YouBike" }, "geometry": { "type": "Point", "coordinates": [ 121.45063, 25.0492 ] } },
{ "type": "Feature", "properties": { "poi_name": "中正思源路口(東北側)", "note": "45", "stop_type": "YouBike" }, "geometry": { "type": "Point", "coordinates": [ 121.46103, 25.03938 ] } },
{ "type": "Feature", "properties": { "poi_name": "台水新莊服務所", "note": "36", "stop_type": "YouBike" }, "geometry": { "type": "Point", "coordinates": [ 121.46019, 25.04152 ] } },
{ "type": "Feature", "properties": { "poi_name": "中正思源路口(西南側)", "note": "46", "stop_type": "YouBike" }, "geometry": { "type": "Point", "coordinates": [ 121.4595, 25.03821 ] } },
{ "type": "Feature", "properties": { "poi_name": "塭仔圳十米園道(新莊歐洲村)", "note": "35", "stop_type": "YouBike" }, "geometry": { "type": "Point", "coordinates": [ 121.44247, 25.05186 ] } },
{ "type": "Feature", "properties": { "poi_name": "塭仔圳十米園道(幸福路口)", "note": "35", "stop_type": "YouBike" }, "geometry": { "type": "Point", "coordinates": [ 121.44247, 25.04972 ] } },
{ "type": "Feature", "properties": { "poi_name": "昌盛橋", "note": "20", "stop_type": "YouBike" }, "geometry": { "type": "Point", "coordinates": [ 121.45317, 25.04973 ] } },
{ "type": "Feature", "properties": { "poi_name": "中平中榮街口", "note": "17", "stop_type": "YouBike" }, "geometry": { "type": "Point", "coordinates": [ 121.44464, 25.05307 ] } },
{ "type": "Feature", "properties": { "poi_name": "豐年陸橋", "note": "18", "stop_type": "YouBike" }, "geometry": { "type": "Point", "coordinates": [ 121.44754, 25.02967 ] } },
{ "type": "Feature", "properties": { "poi_name": "新莊棒球場(和興街)", "note": "37", "stop_type": "YouBike" }, "geometry": { "type": "Point", "coordinates": [ 121.44654, 25.04069 ] } },
{ "type": "Feature", "properties": { "poi_name": "民安西路88巷口", "note": "18", "stop_type": "YouBike" }, "geometry": { "type": "Point", "coordinates": [ 121.42703, 25.01912 ] } },
{ "type": "Feature", "properties": { "poi_name": "民安西路468巷口", "note": "25", "stop_type": "YouBike" }, "geometry": { "type": "Point", "coordinates": [ 121.43176, 25.00796 ] } },
{ "type": "Feature", "properties": { "poi_name": "新莊快樂公園", "note": "27", "stop_type": "YouBike" }, "geometry": { "type": "Point", "coordinates": [ 121.44355, 25.03033 ] } },
{ "type": "Feature", "properties": { "poi_name": "五權一五工三路口", "note": "20", "stop_type": "YouBike" }, "geometry": { "type": "Point", "coordinates": [ 121.45797, 25.06593 ] } },
{ "type": "Feature", "properties": { "poi_name": "新樹路258巷口", "note": "19", "stop_type": "YouBike" }, "geometry": { "type": "Point", "coordinates": [ 121.43269, 25.01525 ] } },
{ "type": "Feature", "properties": { "poi_name": "思源路593巷口", "note": "16", "stop_type": "YouBike" }, "geometry": { "type": "Point", "coordinates": [ 121.45962, 25.05954 ] } },
{ "type": "Feature", "properties": { "poi_name": "三多第1市民活動中心", "note": "27", "stop_type": "YouBike" }, "geometry": { "type": "Point", "coordinates": [ 121.40426, 25.01637 ] } },
{ "type": "Feature", "properties": { "poi_name": "俊興三龍街口", "note": "21", "stop_type": "YouBike" }, "geometry": { "type": "Point", "coordinates": [ 121.41828, 25.01713 ] } },
{ "type": "Feature", "properties": { "poi_name": "全球傳動科技公司", "note": "20", "stop_type": "YouBike" }, "geometry": { "type": "Point", "coordinates": [ 121.41496, 25.0073 ] } },
{ "type": "Feature", "properties": { "poi_name": "光華公園", "note": "25", "stop_type": "YouBike" }, "geometry": { "type": "Point", "coordinates": [ 121.41306, 25.00557 ] } },
{ "type": "Feature", "properties": { "poi_name": "樹林工業區", "note": "33", "stop_type": "YouBike" }, "geometry": { "type": "Point", "coordinates": [ 121.41608, 25.00088 ] } },
{ "type": "Feature", "properties": { "poi_name": "樹林大安站", "note": "66", "stop_type": "YouBike" }, "geometry": { "type": "Point", "coordinates": [ 121.42181, 24.99738 ] } },
{ "type": "Feature", "properties": { "poi_name": "文林國小(潭興街)", "note": "44", "stop_type": "YouBike" }, "geometry": { "type": "Point", "coordinates": [ 121.42462, 24.99828 ] } },
{ "type": "Feature", "properties": { "poi_name": "樹林國民運動中心", "note": "25", "stop_type": "YouBike" }, "geometry": { "type": "Point", "coordinates": [ 121.42285, 25.0042 ] } },
{ "type": "Feature", "properties": { "poi_name": "俊英俊保路口", "note": "20", "stop_type": "YouBike" }, "geometry": { "type": "Point", "coordinates": [ 121.42487, 25.0091 ] } },
{ "type": "Feature", "properties": { "poi_name": "柑園國小", "note": "14", "stop_type": "YouBike" }, "geometry": { "type": "Point", "coordinates": [ 121.38966, 24.95615 ] } },
{ "type": "Feature", "properties": { "poi_name": "樹林藝文綜合行政大樓", "note": "39", "stop_type": "YouBike" }, "geometry": { "type": "Point", "coordinates": [ 121.42949, 24.99602 ] } },
{ "type": "Feature", "properties": { "poi_name": "民生親子公園", "note": "20", "stop_type": "YouBike" }, "geometry": { "type": "Point", "coordinates": [ 121.42819, 24.99298 ] } },
{ "type": "Feature", "properties": { "poi_name": "長壽親子公園", "note": "26", "stop_type": "YouBike" }, "geometry": { "type": "Point", "coordinates": [ 121.42203, 24.9917 ] } },
{ "type": "Feature", "properties": { "poi_name": "三鶯分區區務辦公室", "note": "15", "stop_type": "YouBike" }, "geometry": { "type": "Point", "coordinates": [ 121.41691, 24.99007 ] } },
{ "type": "Feature", "properties": { "poi_name": "樹林國小", "note": "24", "stop_type": "YouBike" }, "geometry": { "type": "Point", "coordinates": [ 121.41765, 24.98886 ] } },
{ "type": "Feature", "properties": { "poi_name": "樹林火車站(後站)", "note": "65", "stop_type": "YouBike" }, "geometry": { "type": "Point", "coordinates": [ 121.42417, 24.9917 ] } },
{ "type": "Feature", "properties": { "poi_name": "中山新興街口", "note": "30", "stop_type": "YouBike" }, "geometry": { "type": "Point", "coordinates": [ 121.40049, 24.97512 ] } },
{ "type": "Feature", "properties": { "poi_name": "育德國小", "note": "20", "stop_type": "YouBike" }, "geometry": { "type": "Point", "coordinates": [ 121.3925, 24.97062 ] } },
{ "type": "Feature", "properties": { "poi_name": "文林國小", "note": "23", "stop_type": "YouBike" }, "geometry": { "type": "Point", "coordinates": [ 121.426, 24.9979 ] } },
{ "type": "Feature", "properties": { "poi_name": "南樹林火車站", "note": "20", "stop_type": "YouBike" }, "geometry": { "type": "Point", "coordinates": [ 121.409, 24.9802 ] } },
{ "type": "Feature", "properties": { "poi_name": "味王街", "note": "26", "stop_type": "YouBike" }, "geometry": { "type": "Point", "coordinates": [ 121.404, 24.9747 ] } },
{ "type": "Feature", "properties": { "poi_name": "中山八德街口", "note": "20", "stop_type": "YouBike" }, "geometry": { "type": "Point", "coordinates": [ 121.41761, 24.98511 ] } },
{ "type": "Feature", "properties": { "poi_name": "中山大安路口", "note": "30", "stop_type": "YouBike" }, "geometry": { "type": "Point", "coordinates": [ 121.41182, 24.98286 ] } },
{ "type": "Feature", "properties": { "poi_name": "彭福國小", "note": "40", "stop_type": "YouBike" }, "geometry": { "type": "Point", "coordinates": [ 121.4233, 24.9804 ] } },
{ "type": "Feature", "properties": { "poi_name": "大同國小", "note": "30", "stop_type": "YouBike" }, "geometry": { "type": "Point", "coordinates": [ 121.41683, 24.98114 ] } },
{ "type": "Feature", "properties": { "poi_name": "東陽市民活動中心", "note": "30", "stop_type": "YouBike" }, "geometry": { "type": "Point", "coordinates": [ 121.41224, 24.98205 ] } },
{ "type": "Feature", "properties": { "poi_name": "山佳火車站", "note": "25", "stop_type": "YouBike" }, "geometry": { "type": "Point", "coordinates": [ 121.39317, 24.97271 ] } },
{ "type": "Feature", "properties": { "poi_name": "學成大成路口", "note": "37", "stop_type": "YouBike" }, "geometry": { "type": "Point", "coordinates": [ 121.38236, 24.94587 ] } },
{ "type": "Feature", "properties": { "poi_name": "學成大義路口", "note": "33", "stop_type": "YouBike" }, "geometry": { "type": "Point", "coordinates": [ 121.37838, 24.9453 ] } },
{ "type": "Feature", "properties": { "poi_name": "森林公園", "note": "30", "stop_type": "YouBike" }, "geometry": { "type": "Point", "coordinates": [ 121.37975, 24.94819 ] } },
{ "type": "Feature", "properties": { "poi_name": "中山立仁街口", "note": "21", "stop_type": "YouBike" }, "geometry": { "type": "Point", "coordinates": [ 121.42178, 24.9886 ] } },
{ "type": "Feature", "properties": { "poi_name": "俊英街219巷口", "note": "17", "stop_type": "YouBike" }, "geometry": { "type": "Point", "coordinates": [ 121.42365, 25.01294 ] } },
{ "type": "Feature", "properties": { "poi_name": "柑園街一段51巷口", "note": "18", "stop_type": "YouBike" }, "geometry": { "type": "Point", "coordinates": [ 121.40316, 24.96029 ] } },
{ "type": "Feature", "properties": { "poi_name": "八德街東豐街口", "note": "12", "stop_type": "YouBike" }, "geometry": { "type": "Point", "coordinates": [ 121.41946, 24.97427 ] } },
{ "type": "Feature", "properties": { "poi_name": "學勤大有路口", "note": "18", "stop_type": "YouBike" }, "geometry": { "type": "Point", "coordinates": [ 121.38399, 24.94864 ] } },
{ "type": "Feature", "properties": { "poi_name": "三多國小", "note": "26", "stop_type": "YouBike" }, "geometry": { "type": "Point", "coordinates": [ 121.40701, 25.01638 ] } },
{ "type": "Feature", "properties": { "poi_name": "樹林區公所", "note": "37", "stop_type": "YouBike" }, "geometry": { "type": "Point", "coordinates": [ 121.42477, 24.98976 ] } },
{ "type": "Feature", "properties": { "poi_name": "樹林大安活動中心", "note": "44", "stop_type": "YouBike" }, "geometry": { "type": "Point", "coordinates": [ 121.41489, 24.98636 ] } },
{ "type": "Feature", "properties": { "poi_name": "新北市立圖書館樹林東昇分館", "note": "20", "stop_type": "YouBike" }, "geometry": { "type": "Point", "coordinates": [ 121.41503, 24.98379 ] } },
{ "type": "Feature", "properties": { "poi_name": "億光電子(樹林高中)", "note": "41", "stop_type": "YouBike" }, "geometry": { "type": "Point", "coordinates": [ 121.4236, 24.98356 ] } },
{ "type": "Feature", "properties": { "poi_name": "四維國凱街口(立天下社區)", "note": "44", "stop_type": "YouBike" }, "geometry": { "type": "Point", "coordinates": [ 121.42241, 24.97934 ] } },
{ "type": "Feature", "properties": { "poi_name": "柑園五里聯合活動中心", "note": "25", "stop_type": "YouBike" }, "geometry": { "type": "Point", "coordinates": [ 121.38646, 24.95096 ] } },
{ "type": "Feature", "properties": { "poi_name": "中正保安街三段口", "note": "11", "stop_type": "YouBike" }, "geometry": { "type": "Point", "coordinates": [ 121.41274, 25.01239 ] } },
{ "type": "Feature", "properties": { "poi_name": "大安文化街口", "note": "21", "stop_type": "YouBike" }, "geometry": { "type": "Point", "coordinates": [ 121.41595, 24.98962 ] } },
{ "type": "Feature", "properties": { "poi_name": "中正千歲街口", "note": "17", "stop_type": "YouBike" }, "geometry": { "type": "Point", "coordinates": [ 121.42756, 24.99948 ] } },
{ "type": "Feature", "properties": { "poi_name": "中華路12巷口", "note": "20", "stop_type": "YouBike" }, "geometry": { "type": "Point", "coordinates": [ 121.421115715701418, 24.982608838794 ] } },
{ "type": "Feature", "properties": { "poi_name": "鹿角溪公園", "note": "13", "stop_type": "YouBike" }, "geometry": { "type": "Point", "coordinates": [ 121.39591, 24.97151 ] } },
{ "type": "Feature", "properties": { "poi_name": "東興街", "note": "15", "stop_type": "YouBike" }, "geometry": { "type": "Point", "coordinates": [ 121.40999, 24.97872 ] } },
{ "type": "Feature", "properties": { "poi_name": "東大街", "note": "15", "stop_type": "YouBike" }, "geometry": { "type": "Point", "coordinates": [ 121.40947, 24.97563 ] } },
{ "type": "Feature", "properties": { "poi_name": "東順街36巷口", "note": "11", "stop_type": "YouBike" }, "geometry": { "type": "Point", "coordinates": [ 121.41149, 24.97831 ] } },
{ "type": "Feature", "properties": { "poi_name": "中華路379巷口", "note": "14", "stop_type": "YouBike" }, "geometry": { "type": "Point", "coordinates": [ 121.41239, 24.97986 ] } },
{ "type": "Feature", "properties": { "poi_name": "俊英街125巷口", "note": "15", "stop_type": "YouBike" }, "geometry": { "type": "Point", "coordinates": [ 121.42446, 25.0108 ] } },
{ "type": "Feature", "properties": { "poi_name": "中正路248巷口", "note": "10", "stop_type": "YouBike" }, "geometry": { "type": "Point", "coordinates": [ 121.41774, 25.00717 ] } },
{ "type": "Feature", "properties": { "poi_name": "俊英大安路口", "note": "14", "stop_type": "YouBike" }, "geometry": { "type": "Point", "coordinates": [ 121.42818, 25.00379 ] } },
{ "type": "Feature", "properties": { "poi_name": "柑園街二段363巷口", "note": "12", "stop_type": "YouBike" }, "geometry": { "type": "Point", "coordinates": [ 121.36809, 24.94909 ] } },
{ "type": "Feature", "properties": { "poi_name": "獇寮公園", "note": "12", "stop_type": "YouBike" }, "geometry": { "type": "Point", "coordinates": [ 121.41264, 25.00694 ] } },
{ "type": "Feature", "properties": { "poi_name": "三俊街65巷口", "note": "15", "stop_type": "YouBike" }, "geometry": { "type": "Point", "coordinates": [ 121.41359, 25.01585 ] } },
{ "type": "Feature", "properties": { "poi_name": "俊興俊安街口", "note": "15", "stop_type": "YouBike" }, "geometry": { "type": "Point", "coordinates": [ 121.41691, 25.01187 ] } },
{ "type": "Feature", "properties": { "poi_name": "樹林藝文綜合行政大樓停車場", "note": "18", "stop_type": "YouBike" }, "geometry": { "type": "Point", "coordinates": [ 121.42853, 24.99636 ] } },
{ "type": "Feature", "properties": { "poi_name": "保安立體停車場", "note": "12", "stop_type": "YouBike" }, "geometry": { "type": "Point", "coordinates": [ 121.42652, 24.99334 ] } },
{ "type": "Feature", "properties": { "poi_name": "大雅佳園路口", "note": "14", "stop_type": "YouBike" }, "geometry": { "type": "Point", "coordinates": [ 121.38067, 24.94447 ] } },
{ "type": "Feature", "properties": { "poi_name": "樹林區第三平面停車場", "note": "13", "stop_type": "YouBike" }, "geometry": { "type": "Point", "coordinates": [ 121.41107, 24.98928 ] } },
{ "type": "Feature", "properties": { "poi_name": "學府大雅路口", "note": "15", "stop_type": "YouBike" }, "geometry": { "type": "Point", "coordinates": [ 121.37901, 24.95041 ] } },
{ "type": "Feature", "properties": { "poi_name": "彭厝市場", "note": "22", "stop_type": "YouBike" }, "geometry": { "type": "Point", "coordinates": [ 121.41828, 24.97848 ] } },
{ "type": "Feature", "properties": { "poi_name": "福順街", "note": "13", "stop_type": "YouBike" }, "geometry": { "type": "Point", "coordinates": [ 121.41555, 24.97913 ] } },
{ "type": "Feature", "properties": { "poi_name": "佳園學成路口", "note": "22", "stop_type": "YouBike" }, "geometry": { "type": "Point", "coordinates": [ 121.385, 24.94695 ] } },
{ "type": "Feature", "properties": { "poi_name": "東豐街85巷口", "note": "12", "stop_type": "YouBike" }, "geometry": { "type": "Point", "coordinates": [ 121.41016, 24.97375 ] } },
{ "type": "Feature", "properties": { "poi_name": "八德中華路口", "note": "15", "stop_type": "YouBike" }, "geometry": { "type": "Point", "coordinates": [ 121.42002, 24.98144 ] } },
{ "type": "Feature", "properties": { "poi_name": "佳園路三段101巷80弄口", "note": "15", "stop_type": "YouBike" }, "geometry": { "type": "Point", "coordinates": [ 121.39488, 24.94984 ] } },
{ "type": "Feature", "properties": { "poi_name": "大成學士路口", "note": "17", "stop_type": "YouBike" }, "geometry": { "type": "Point", "coordinates": [ 121.38196, 24.94768 ] } },
{ "type": "Feature", "properties": { "poi_name": "學府大成路口", "note": "14", "stop_type": "YouBike" }, "geometry": { "type": "Point", "coordinates": [ 121.38139, 24.9509 ] } },
{ "type": "Feature", "properties": { "poi_name": "彭厝里(福順街)", "note": "15", "stop_type": "YouBike" }, "geometry": { "type": "Point", "coordinates": [ 121.41641, 24.97757 ] } },
{ "type": "Feature", "properties": { "poi_name": "佳園大成路口", "note": "14", "stop_type": "YouBike" }, "geometry": { "type": "Point", "coordinates": [ 121.38362, 24.94487 ] } },
{ "type": "Feature", "properties": { "poi_name": "四維八德街口", "note": "15", "stop_type": "YouBike" }, "geometry": { "type": "Point", "coordinates": [ 121.42107, 24.98018 ] } },
{ "type": "Feature", "properties": { "poi_name": "鎮前街347巷口", "note": "16", "stop_type": "YouBike" }, "geometry": { "type": "Point", "coordinates": [ 121.41638, 24.98419 ] } },
{ "type": "Feature", "properties": { "poi_name": "臺鐵樹林車站(後站停車場)", "note": "64", "stop_type": "YouBike" }, "geometry": { "type": "Point", "coordinates": [ 121.42384, 24.99089 ] } },
{ "type": "Feature", "properties": { "poi_name": "牡丹車站", "note": "60", "stop_type": "YouBike" }, "geometry": { "type": "Point", "coordinates": [ 121.8518644, 25.0590226 ] } },
{ "type": "Feature", "properties": { "poi_name": "雙溪車站", "note": "55", "stop_type": "YouBike" }, "geometry": { "type": "Point", "coordinates": [ 121.8665, 25.03914 ] } },
{ "type": "Feature", "properties": { "poi_name": "捷運徐匯中學站(1號出口)", "note": "38", "stop_type": "YouBike" }, "geometry": { "type": "Point", "coordinates": [ 121.479941, 25.080312 ] } },
{ "type": "Feature", "properties": { "poi_name": "溪墘公園", "note": "43", "stop_type": "YouBike" }, "geometry": { "type": "Point", "coordinates": [ 121.47621, 25.07997 ] } },
{ "type": "Feature", "properties": { "poi_name": "蘆洲中路公園", "note": "49", "stop_type": "YouBike" }, "geometry": { "type": "Point", "coordinates": [ 121.46822, 25.0818 ] } },
{ "type": "Feature", "properties": { "poi_name": "蘆洲李宅古蹟", "note": "30", "stop_type": "YouBike" }, "geometry": { "type": "Point", "coordinates": [ 121.46655, 25.08496 ] } },
{ "type": "Feature", "properties": { "poi_name": "永安南路九芎街71巷口", "note": "29", "stop_type": "YouBike" }, "geometry": { "type": "Point", "coordinates": [ 121.46607, 25.07756 ] } },
{ "type": "Feature", "properties": { "poi_name": "永安圖書館", "note": "31", "stop_type": "YouBike" }, "geometry": { "type": "Point", "coordinates": [ 121.46223, 25.0786 ] } },
{ "type": "Feature", "properties": { "poi_name": "蘆洲中原公園", "note": "45", "stop_type": "YouBike" }, "geometry": { "type": "Point", "coordinates": [ 121.46389, 25.08332 ] } },
{ "type": "Feature", "properties": { "poi_name": "鴨母港抽水站", "note": "30", "stop_type": "YouBike" }, "geometry": { "type": "Point", "coordinates": [ 121.45673, 25.08294 ] } },
{ "type": "Feature", "properties": { "poi_name": "永康公園", "note": "39", "stop_type": "YouBike" }, "geometry": { "type": "Point", "coordinates": [ 121.45821, 25.08492 ] } },
{ "type": "Feature", "properties": { "poi_name": "三民高中(民權路)", "note": "45", "stop_type": "YouBike" }, "geometry": { "type": "Point", "coordinates": [ 121.47393, 25.08802 ] } },
{ "type": "Feature", "properties": { "poi_name": "捷運三民高中站(1號出口)", "note": "12", "stop_type": "YouBike" }, "geometry": { "type": "Point", "coordinates": [ 121.47272, 25.08582 ] } },
{ "type": "Feature", "properties": { "poi_name": "永平公園", "note": "26", "stop_type": "YouBike" }, "geometry": { "type": "Point", "coordinates": [ 121.45942, 25.08999 ] } },
{ "type": "Feature", "properties": { "poi_name": "林建生紀念圖書館", "note": "37", "stop_type": "YouBike" }, "geometry": { "type": "Point", "coordinates": [ 121.46988, 25.08843 ] } },
{ "type": "Feature", "properties": { "poi_name": "捷運蘆洲站", "note": "92", "stop_type": "YouBike" }, "geometry": { "type": "Point", "coordinates": [ 121.46403, 25.09164 ] } },
{ "type": "Feature", "properties": { "poi_name": "柳堤公園", "note": "41", "stop_type": "YouBike" }, "geometry": { "type": "Point", "coordinates": [ 121.46219, 25.08799 ] } },
{ "type": "Feature", "properties": { "poi_name": "彩虹兒童公園", "note": "22", "stop_type": "YouBike" }, "geometry": { "type": "Point", "coordinates": [ 121.4646, 25.08871 ] } },
{ "type": "Feature", "properties": { "poi_name": "蘆洲三民公園", "note": "33", "stop_type": "YouBike" }, "geometry": { "type": "Point", "coordinates": [ 121.46013, 25.09431 ] } },
{ "type": "Feature", "properties": { "poi_name": "仁愛廣場", "note": "44", "stop_type": "YouBike" }, "geometry": { "type": "Point", "coordinates": [ 121.47162, 25.09057 ] } },
{ "type": "Feature", "properties": { "poi_name": "蘆洲延平派出所", "note": "38", "stop_type": "YouBike" }, "geometry": { "type": "Point", "coordinates": [ 121.46162, 25.08162 ] } },
{ "type": "Feature", "properties": { "poi_name": "蘆洲國民運動中心", "note": "55", "stop_type": "YouBike" }, "geometry": { "type": "Point", "coordinates": [ 121.46161, 25.09195 ] } },
{ "type": "Feature", "properties": { "poi_name": "三民中山一路口", "note": "29", "stop_type": "YouBike" }, "geometry": { "type": "Point", "coordinates": [ 121.476, 25.08223 ] } },
{ "type": "Feature", "properties": { "poi_name": "永安兒童公園", "note": "40", "stop_type": "YouBike" }, "geometry": { "type": "Point", "coordinates": [ 121.48224, 25.08227 ] } },
{ "type": "Feature", "properties": { "poi_name": "鷺江廣場", "note": "32", "stop_type": "YouBike" }, "geometry": { "type": "Point", "coordinates": [ 121.47769, 25.08562 ] } },
{ "type": "Feature", "properties": { "poi_name": "仁愛街70巷口", "note": "32", "stop_type": "YouBike" }, "geometry": { "type": "Point", "coordinates": [ 121.47126, 25.09398 ] } },
{ "type": "Feature", "properties": { "poi_name": "水河里活動中心", "note": "31", "stop_type": "YouBike" }, "geometry": { "type": "Point", "coordinates": [ 121.47448, 25.09345 ] } },
{ "type": "Feature", "properties": { "poi_name": "蘆洲重陽大樓", "note": "28", "stop_type": "YouBike" }, "geometry": { "type": "Point", "coordinates": [ 121.48189, 25.08506 ] } },
{ "type": "Feature", "properties": { "poi_name": "重陽公園", "note": "41", "stop_type": "YouBike" }, "geometry": { "type": "Point", "coordinates": [ 121.484, 25.0857 ] } },
{ "type": "Feature", "properties": { "poi_name": "中山二永安南路口", "note": "14", "stop_type": "YouBike" }, "geometry": { "type": "Point", "coordinates": [ 121.46868, 25.07744 ] } },
{ "type": "Feature", "properties": { "poi_name": "捷運三民高中站(2號出口)", "note": "55", "stop_type": "YouBike" }, "geometry": { "type": "Point", "coordinates": [ 121.47374, 25.08577 ] } },
{ "type": "Feature", "properties": { "poi_name": "鷺江國中(長興路298巷)", "note": "15", "stop_type": "YouBike" }, "geometry": { "type": "Point", "coordinates": [ 121.46106, 25.09005 ] } },
{ "type": "Feature", "properties": { "poi_name": "三民長榮路口", "note": "15", "stop_type": "YouBike" }, "geometry": { "type": "Point", "coordinates": [ 121.4616, 25.09328 ] } },
{ "type": "Feature", "properties": { "poi_name": "捷運蘆洲站(1號出口)", "note": "48", "stop_type": "YouBike" }, "geometry": { "type": "Point", "coordinates": [ 121.4651, 25.09113 ] } },
{ "type": "Feature", "properties": { "poi_name": "中山一和平路口", "note": "18", "stop_type": "YouBike" }, "geometry": { "type": "Point", "coordinates": [ 121.47162, 25.07919 ] } },
{ "type": "Feature", "properties": { "poi_name": "永安南路二段16巷口", "note": "10", "stop_type": "YouBike" }, "geometry": { "type": "Point", "coordinates": [ 121.46765, 25.07702 ] } },
{ "type": "Feature", "properties": { "poi_name": "光華長榮路口", "note": "16", "stop_type": "YouBike" }, "geometry": { "type": "Point", "coordinates": [ 121.46407, 25.08188 ] } },
{ "type": "Feature", "properties": { "poi_name": "長榮路211巷口", "note": "17", "stop_type": "YouBike" }, "geometry": { "type": "Point", "coordinates": [ 121.46108, 25.08478 ] } },
{ "type": "Feature", "properties": { "poi_name": "正和中正路口", "note": "12", "stop_type": "YouBike" }, "geometry": { "type": "Point", "coordinates": [ 121.47059, 25.08287 ] } },
{ "type": "Feature", "properties": { "poi_name": "蘆洲兒五公園", "note": "19", "stop_type": "YouBike" }, "geometry": { "type": "Point", "coordinates": [ 121.48056, 25.08858 ] } },
{ "type": "Feature", "properties": { "poi_name": "普庵寺", "note": "23", "stop_type": "YouBike" }, "geometry": { "type": "Point", "coordinates": [ 121.48214, 25.08801 ] } },
{ "type": "Feature", "properties": { "poi_name": "蘆洲鷺江停車場", "note": "12", "stop_type": "YouBike" }, "geometry": { "type": "Point", "coordinates": [ 121.47693, 25.08619 ] } },
{ "type": "Feature", "properties": { "poi_name": "中興復興路口", "note": "12", "stop_type": "YouBike" }, "geometry": { "type": "Point", "coordinates": [ 121.48182, 25.09016 ] } },
{ "type": "Feature", "properties": { "poi_name": "鴨母港停車場", "note": "14", "stop_type": "YouBike" }, "geometry": { "type": "Point", "coordinates": [ 121.45584, 25.08283 ] } },
{ "type": "Feature", "properties": { "poi_name": "蘆洲中山立體停車場", "note": "15", "stop_type": "YouBike" }, "geometry": { "type": "Point", "coordinates": [ 121.47325, 25.08355 ] } },
{ "type": "Feature", "properties": { "poi_name": "民族路314巷口", "note": "14", "stop_type": "YouBike" }, "geometry": { "type": "Point", "coordinates": [ 121.47707, 25.0902 ] } },
{ "type": "Feature", "properties": { "poi_name": "永安長安街131巷口", "note": "14", "stop_type": "YouBike" }, "geometry": { "type": "Point", "coordinates": [ 121.4596, 25.08033 ] } },
{ "type": "Feature", "properties": { "poi_name": "國立空中大學(中正路174巷口)", "note": "15", "stop_type": "YouBike" }, "geometry": { "type": "Point", "coordinates": [ 121.4672, 25.08782 ] } },
{ "type": "Feature", "properties": { "poi_name": "國道路二段88號", "note": "17", "stop_type": "YouBike" }, "geometry": { "type": "Point", "coordinates": [ 121.47198, 25.07455 ] } },
{ "type": "Feature", "properties": { "poi_name": "蘆洲兒四公園", "note": "17", "stop_type": "YouBike" }, "geometry": { "type": "Point", "coordinates": [ 121.47625, 25.08871 ] } },
{ "type": "Feature", "properties": { "poi_name": "九芎街90巷口", "note": "15", "stop_type": "YouBike" }, "geometry": { "type": "Point", "coordinates": [ 121.46567, 25.08024 ] } },
{ "type": "Feature", "properties": { "poi_name": "民族路257巷/民族路327巷", "note": "39", "stop_type": "YouBike" }, "geometry": { "type": "Point", "coordinates": [ 121.47515, 25.09021 ] } },
{ "type": "Feature", "properties": { "poi_name": "三民民族路口", "note": "40", "stop_type": "YouBike" }, "geometry": { "type": "Point", "coordinates": [ 121.47494, 25.08367 ] } },
{ "type": "Feature", "properties": { "poi_name": "永平公園(東南側)", "note": "21", "stop_type": "YouBike" }, "geometry": { "type": "Point", "coordinates": [ 121.45909, 25.08985 ] } },
{ "type": "Feature", "properties": { "poi_name": "蘆洲仁愛國小(水湳街)", "note": "16", "stop_type": "YouBike" }, "geometry": { "type": "Point", "coordinates": [ 121.46947, 25.09209 ] } },
{ "type": "Feature", "properties": { "poi_name": "捷運蘆洲站(蘆洲捷運公園)", "note": "19", "stop_type": "YouBike" }, "geometry": { "type": "Point", "coordinates": [ 121.46358, 25.09165 ] } },
{ "type": "Feature", "properties": { "poi_name": "蘆洲環河公園", "note": "16", "stop_type": "YouBike" }, "geometry": { "type": "Point", "coordinates": [ 121.46046, 25.09516 ] } },
{ "type": "Feature", "properties": { "poi_name": "長興光華路186巷口", "note": "13", "stop_type": "YouBike" }, "geometry": { "type": "Point", "coordinates": [ 121.46429, 25.08285 ] } },
{ "type": "Feature", "properties": { "poi_name": "鶯歌火車站(仁愛路)", "note": "59", "stop_type": "YouBike" }, "geometry": { "type": "Point", "coordinates": [ 121.35441, 24.95559 ] } },
{ "type": "Feature", "properties": { "poi_name": "新北市立圖書館鶯歌分館", "note": "20", "stop_type": "YouBike" }, "geometry": { "type": "Point", "coordinates": [ 121.34946, 24.9572 ] } },
{ "type": "Feature", "properties": { "poi_name": "文化館前路口", "note": "44", "stop_type": "YouBike" }, "geometry": { "type": "Point", "coordinates": [ 121.35291, 24.94948 ] } },
{ "type": "Feature", "properties": { "poi_name": "鶯歌國民運動中心", "note": "38", "stop_type": "YouBike" }, "geometry": { "type": "Point", "coordinates": [ 121.35733, 24.95139 ] } },
{ "type": "Feature", "properties": { "poi_name": "尖山國中", "note": "20", "stop_type": "YouBike" }, "geometry": { "type": "Point", "coordinates": [ 121.34207, 24.94381 ] } },
{ "type": "Feature", "properties": { "poi_name": "新北市立鶯歌高級工商職業學校", "note": "56", "stop_type": "YouBike" }, "geometry": { "type": "Point", "coordinates": [ 121.33488, 24.93923 ] } },
{ "type": "Feature", "properties": { "poi_name": "鶯歌國中", "note": "30", "stop_type": "YouBike" }, "geometry": { "type": "Point", "coordinates": [ 121.34256, 24.95119 ] } },
{ "type": "Feature", "properties": { "poi_name": "永吉國小", "note": "20", "stop_type": "YouBike" }, "geometry": { "type": "Point", "coordinates": [ 121.33308, 24.95865 ] } },
{ "type": "Feature", "properties": { "poi_name": "鳳祥公園", "note": "20", "stop_type": "YouBike" }, "geometry": { "type": "Point", "coordinates": [ 121.33025, 24.96283 ] } },
{ "type": "Feature", "properties": { "poi_name": "鳳鳴國小", "note": "20", "stop_type": "YouBike" }, "geometry": { "type": "Point", "coordinates": [ 121.3347, 24.9692 ] } },
{ "type": "Feature", "properties": { "poi_name": "國際二國際一路口", "note": "20", "stop_type": "YouBike" }, "geometry": { "type": "Point", "coordinates": [ 121.3353, 24.97577 ] } },
{ "type": "Feature", "properties": { "poi_name": "鳳福公園", "note": "20", "stop_type": "YouBike" }, "geometry": { "type": "Point", "coordinates": [ 121.32938, 24.97572 ] } },
{ "type": "Feature", "properties": { "poi_name": "尖山公園", "note": "29", "stop_type": "YouBike" }, "geometry": { "type": "Point", "coordinates": [ 121.346, 24.9482 ] } },
{ "type": "Feature", "properties": { "poi_name": "永昌里兒一公園", "note": "20", "stop_type": "YouBike" }, "geometry": { "type": "Point", "coordinates": [ 121.339596288007243, 24.956649374562204 ] } },
{ "type": "Feature", "properties": { "poi_name": "南雅育智路口", "note": "22", "stop_type": "YouBike" }, "geometry": { "type": "Point", "coordinates": [ 121.346, 24.954 ] } },
{ "type": "Feature", "properties": { "poi_name": "國中二甲路口", "note": "20", "stop_type": "YouBike" }, "geometry": { "type": "Point", "coordinates": [ 121.338686506982881, 24.939489067109363 ] } },
{ "type": "Feature", "properties": { "poi_name": "鶯歌永利街", "note": "15", "stop_type": "YouBike" }, "geometry": { "type": "Point", "coordinates": [ 121.33911, 24.95495 ] } },
{ "type": "Feature", "properties": { "poi_name": "二橋虹橋公園", "note": "10", "stop_type": "YouBike" }, "geometry": { "type": "Point", "coordinates": [ 121.32595, 24.93453 ] } },
{ "type": "Feature", "properties": { "poi_name": "鳳吉四鳳七路口(捷士匯社區)", "note": "40", "stop_type": "YouBike" }, "geometry": { "type": "Point", "coordinates": [ 121.32769, 24.97383 ] } },
{ "type": "Feature", "properties": { "poi_name": "鶯歌老街第二停車場", "note": "20", "stop_type": "YouBike" }, "geometry": { "type": "Point", "coordinates": [ 121.34227, 24.94895 ] } },
{ "type": "Feature", "properties": { "poi_name": "建國中正一路口(北鶯社區)", "note": "20", "stop_type": "YouBike" }, "geometry": { "type": "Point", "coordinates": [ 121.35692, 24.95658 ] } },
{ "type": "Feature", "properties": { "poi_name": "三鶯水資源回收中心", "note": "14", "stop_type": "YouBike" }, "geometry": { "type": "Point", "coordinates": [ 121.35996, 24.95535 ] } },
{ "type": "Feature", "properties": { "poi_name": "永和街65巷口", "note": "37", "stop_type": "YouBike" }, "geometry": { "type": "Point", "coordinates": [ 121.3331413, 24.96798 ] } },
{ "type": "Feature", "properties": { "poi_name": "鶯歌陶瓷博物館", "note": "22", "stop_type": "YouBike" }, "geometry": { "type": "Point", "coordinates": [ 121.35245, 24.95012 ] } },
{ "type": "Feature", "properties": { "poi_name": "礫間停車場", "note": "20", "stop_type": "YouBike" }, "geometry": { "type": "Point", "coordinates": [ 121.35445, 24.9518 ] } },
{ "type": "Feature", "properties": { "poi_name": "北鶯停車場", "note": "20", "stop_type": "YouBike" }, "geometry": { "type": "Point", "coordinates": [ 121.35992, 24.95567 ] } },
{ "type": "Feature", "properties": { "poi_name": "育英建國路口", "note": "12", "stop_type": "YouBike" }, "geometry": { "type": "Point", "coordinates": [ 121.34693, 24.95356 ] } },
{ "type": "Feature", "properties": { "poi_name": "中正一仁愛路口", "note": "15", "stop_type": "YouBike" }, "geometry": { "type": "Point", "coordinates": [ 121.3532, 24.95672 ] } },
{ "type": "Feature", "properties": { "poi_name": "建國國小", "note": "15", "stop_type": "YouBike" }, "geometry": { "type": "Point", "coordinates": [ 121.34727, 24.95521 ] } },
{ "type": "Feature", "properties": { "poi_name": "光明橋", "note": "14", "stop_type": "YouBike" }, "geometry": { "type": "Point", "coordinates": [ 121.34128, 24.95577 ] } },
{ "type": "Feature", "properties": { "poi_name": "二橋派出所", "note": "11", "stop_type": "YouBike" }, "geometry": { "type": "Point", "coordinates": [ 121.33884, 24.94216 ] } },
{ "type": "Feature", "properties": { "poi_name": "國中高職東街口", "note": "15", "stop_type": "YouBike" }, "geometry": { "type": "Point", "coordinates": [ 121.34116, 24.94117 ] } },
{ "type": "Feature", "properties": { "poi_name": "尖山路高厝巷口", "note": "15", "stop_type": "YouBike" }, "geometry": { "type": "Point", "coordinates": [ 121.34102, 24.94495 ] } },
{ "type": "Feature", "properties": { "poi_name": "公八停車場", "note": "15", "stop_type": "YouBike" }, "geometry": { "type": "Point", "coordinates": [ 121.34285, 24.95515 ] } },
{ "type": "Feature", "properties": { "poi_name": "龍三鳳鳴路口", "note": "18", "stop_type": "YouBike" }, "geometry": { "type": "Point", "coordinates": [ 121.33137, 24.97286 ] } },
{ "type": "Feature", "properties": { "poi_name": "鳳福鳳三路口", "note": "22", "stop_type": "YouBike" }, "geometry": { "type": "Point", "coordinates": [ 121.33143, 24.97567 ] } },
{ "type": "Feature", "properties": { "poi_name": "北鶯公園", "note": "15", "stop_type": "YouBike" }, "geometry": { "type": "Point", "coordinates": [ 121.35942, 24.95777 ] } },
{ "type": "Feature", "properties": { "poi_name": "鶯歌火車站(文化路)", "note": "25", "stop_type": "YouBike" }, "geometry": { "type": "Point", "coordinates": [ 121.35697, 24.95536 ] } },
{ "type": "Feature", "properties": { "poi_name": "鳳七鶯歌路口", "note": "11", "stop_type": "YouBike" }, "geometry": { "type": "Point", "coordinates": [ 121.33193, 24.96916 ] } },
{ "type": "Feature", "properties": { "poi_name": "國際一路112巷口", "note": "15", "stop_type": "YouBike" }, "geometry": { "type": "Point", "coordinates": [ 121.33579, 24.97667 ] } },
{ "type": "Feature", "properties": { "poi_name": "臺鐵鳳鳴站", "note": "40", "stop_type": "YouBike" }, "geometry": { "type": "Point", "coordinates": [ 121.33674, 24.97227 ] } },
{ "type": "Feature", "properties": { "poi_name": "鶯歌陶瓷老街", "note": "33", "stop_type": "YouBike" }, "geometry": { "type": "Point", "coordinates": [ 121.351, 24.95219 ] } },
{ "type": "Feature", "properties": { "poi_name": "鶯歌火車站(仁愛路62號)", "note": "42", "stop_type": "YouBike" }, "geometry": { "type": "Point", "coordinates": [ 121.35407, 24.95505 ] } },
{ "type": "Feature", "properties": { "poi_name": "臺鐵鳳鳴站(鶯歌路)", "note": "20", "stop_type": "YouBike" }, "geometry": { "type": "Point", "coordinates": [ 121.33651, 24.97189 ] } },
{ "type": "Feature", "properties": { "poi_name": "光明育智路口", "note": "14", "stop_type": "YouBike" }, "geometry": { "type": "Point", "coordinates": [ 121.3456, 24.95587 ] } },
{ "type": "Feature", "properties": { "poi_name": "新鳳公園", "note": "14", "stop_type": "YouBike" }, "geometry": { "type": "Point", "coordinates": [ 121.32474, 24.9732 ] } },
{ "type": "Feature", "properties": { "poi_name": "鳳鳴機器人公園", "note": "17", "stop_type": "YouBike" }, "geometry": { "type": "Point", "coordinates": [ 121.33465, 24.96618 ] } },
{ "type": "Feature", "properties": { "poi_name": "龍五鳳七路口", "note": "30", "stop_type": "YouBike" }, "geometry": { "type": "Point", "coordinates": [ 121.33101, 24.97043 ] } },
{ "type": "Feature", "properties": { "poi_name": "龍鳳夜市", "note": "30", "stop_type": "YouBike" }, "geometry": { "type": "Point", "coordinates": [ 121.33331, 24.97329 ] } },
{ "type": "Feature", "properties": { "poi_name": "中湖市民活動中心", "note": "20", "stop_type": "YouBike" }, "geometry": { "type": "Point", "coordinates": [ 121.3472, 24.97298 ] } },
{ "type": "Feature", "properties": { "poi_name": "鳳一鳳吉一街口", "note": "20", "stop_type": "YouBike" }, "geometry": { "type": "Point", "coordinates": [ 121.3317, 24.97677 ] } },
{ "type": "Feature", "properties": { "poi_name": "鳳五路122號前", "note": "18", "stop_type": "YouBike" }, "geometry": { "type": "Point", "coordinates": [ 121.32991, 24.97316 ] } },
{ "type": "Feature", "properties": { "poi_name": "鳳三龍七路口", "note": "18", "stop_type": "YouBike" }, "geometry": { "type": "Point", "coordinates": [ 121.33467, 24.97204 ] } },
{ "type": "Feature", "properties": { "poi_name": "捷運科技大樓站", "note": "28", "stop_type": "YouBike" }, "geometry": { "type": "Point", "coordinates": [ 121.5436, 25.02605 ] } },
{ "type": "Feature", "properties": { "poi_name": "復興南路二段273號前", "note": "21", "stop_type": "YouBike" }, "geometry": { "type": "Point", "coordinates": [ 121.54357, 25.02565 ] } },
{ "type": "Feature", "properties": { "poi_name": "國北教大實小東側門", "note": "28", "stop_type": "YouBike" }, "geometry": { "type": "Point", "coordinates": [ 121.54124, 25.02429 ] } },
{ "type": "Feature", "properties": { "poi_name": "和平公園東側", "note": "11", "stop_type": "YouBike" }, "geometry": { "type": "Point", "coordinates": [ 121.54282, 25.02351 ] } },
{ "type": "Feature", "properties": { "poi_name": "辛亥復興路口西北側", "note": "16", "stop_type": "YouBike" }, "geometry": { "type": "Point", "coordinates": [ 121.54299, 25.02153 ] } },
{ "type": "Feature", "properties": { "poi_name": "復興南路二段280號前", "note": "27", "stop_type": "YouBike" }, "geometry": { "type": "Point", "coordinates": [ 121.54328, 25.02429 ] } },
{ "type": "Feature", "properties": { "poi_name": "復興南路二段340巷口", "note": "11", "stop_type": "YouBike" }, "geometry": { "type": "Point", "coordinates": [ 121.54326, 25.02253 ] } },
{ "type": "Feature", "properties": { "poi_name": "新生南路三段52號前", "note": "17", "stop_type": "YouBike" }, "geometry": { "type": "Point", "coordinates": [ 121.53407, 25.02112 ] } },
{ "type": "Feature", "properties": { "poi_name": "新生南路三段66號前", "note": "16", "stop_type": "YouBike" }, "geometry": { "type": "Point", "coordinates": [ 121.53384, 25.01976 ] } },
{ "type": "Feature", "properties": { "poi_name": "新生南路三段82號前", "note": "20", "stop_type": "YouBike" }, "geometry": { "type": "Point", "coordinates": [ 121.53361, 25.01894 ] } },
{ "type": "Feature", "properties": { "poi_name": "辛亥路一段30號前", "note": "8", "stop_type": "YouBike" }, "geometry": { "type": "Point", "coordinates": [ 121.52982, 25.01986 ] } },
{ "type": "Feature", "properties": { "poi_name": "和平復興路口西北側", "note": "9", "stop_type": "YouBike" }, "geometry": { "type": "Point", "coordinates": [ 121.54332, 25.02543 ] } },
{ "type": "Feature", "properties": { "poi_name": "羅斯福路三段311號前", "note": "11", "stop_type": "YouBike" }, "geometry": { "type": "Point", "coordinates": [ 121.53202, 25.01717 ] } },
{ "type": "Feature", "properties": { "poi_name": "大安運動中心停車場", "note": "19", "stop_type": "YouBike" }, "geometry": { "type": "Point", "coordinates": [ 121.54697, 25.02089 ] } },
{ "type": "Feature", "properties": { "poi_name": "羅斯福路三段245號前", "note": "8", "stop_type": "YouBike" }, "geometry": { "type": "Point", "coordinates": [ 121.52989, 25.01927 ] } },
{ "type": "Feature", "properties": { "poi_name": "溫州公園", "note": "11", "stop_type": "YouBike" }, "geometry": { "type": "Point", "coordinates": [ 121.53156, 25.01895 ] } },
{ "type": "Feature", "properties": { "poi_name": "和平臥龍街口", "note": "24", "stop_type": "YouBike" }, "geometry": { "type": "Point", "coordinates": [ 121.546705, 25.024461 ] } },
{ "type": "Feature", "properties": { "poi_name": "溫州停車場", "note": "5", "stop_type": "YouBike" }, "geometry": { "type": "Point", "coordinates": [ 121.5331, 25.02093 ] } },
{ "type": "Feature", "properties": { "poi_name": "銘傳國小側門", "note": "7", "stop_type": "YouBike" }, "geometry": { "type": "Point", "coordinates": [ 121.53549, 25.01385 ] } },
{ "type": "Feature", "properties": { "poi_name": "捷運公館站(2號出口)", "note": "99", "stop_type": "YouBike" }, "geometry": { "type": "Point", "coordinates": [ 121.53438, 25.01491 ] } },
{ "type": "Feature", "properties": { "poi_name": "第二學生活動中心", "note": "87", "stop_type": "YouBike" }, "geometry": { "type": "Point", "coordinates": [ 121.53661, 25.01244 ] } },
{ "type": "Feature", "properties": { "poi_name": "臺灣科技大學正門", "note": "50", "stop_type": "YouBike" }, "geometry": { "type": "Point", "coordinates": [ 121.54142, 25.01451 ] } },
{ "type": "Feature", "properties": { "poi_name": "臺灣科技大學側門", "note": "97", "stop_type": "YouBike" }, "geometry": { "type": "Point", "coordinates": [ 121.53973, 25.01295 ] } },
{ "type": "Feature", "properties": { "poi_name": "公館公園", "note": "30", "stop_type": "YouBike" }, "geometry": { "type": "Point", "coordinates": [ 121.54062, 25.01137 ] } },
{ "type": "Feature", "properties": { "poi_name": "臺灣科技大學後門", "note": "39", "stop_type": "YouBike" }, "geometry": { "type": "Point", "coordinates": [ 121.54165, 25.01182 ] } },
{ "type": "Feature", "properties": { "poi_name": "臺大醫學院附設癌醫中心", "note": "20", "stop_type": "YouBike" }, "geometry": { "type": "Point", "coordinates": [ 121.54382, 25.01426 ] } },
{ "type": "Feature", "properties": { "poi_name": "臺大環研大樓", "note": "41", "stop_type": "YouBike" }, "geometry": { "type": "Point", "coordinates": [ 121.54503, 25.01234 ] } },
{ "type": "Feature", "properties": { "poi_name": "臺大永齡生醫工程館", "note": "34", "stop_type": "YouBike" }, "geometry": { "type": "Point", "coordinates": [ 121.54656, 25.0136 ] } },
{ "type": "Feature", "properties": { "poi_name": "臺大男七舍前", "note": "20", "stop_type": "YouBike" }, "geometry": { "type": "Point", "coordinates": [ 121.54698, 25.01537 ] } },
{ "type": "Feature", "properties": { "poi_name": "臺大男一舍前", "note": "61", "stop_type": "YouBike" }, "geometry": { "type": "Point", "coordinates": [ 121.54535, 25.01637 ] } },
{ "type": "Feature", "properties": { "poi_name": "臺大男六舍前", "note": "40", "stop_type": "YouBike" }, "geometry": { "type": "Point", "coordinates": [ 121.5452, 25.01664 ] } },
{ "type": "Feature", "properties": { "poi_name": "臺大動物醫院前", "note": "18", "stop_type": "YouBike" }, "geometry": { "type": "Point", "coordinates": [ 121.54291, 25.01576 ] } },
{ "type": "Feature", "properties": { "poi_name": "臺大土木研究大樓前", "note": "24", "stop_type": "YouBike" }, "geometry": { "type": "Point", "coordinates": [ 121.5476, 25.01787 ] } },
{ "type": "Feature", "properties": { "poi_name": "臺大萬才館前", "note": "20", "stop_type": "YouBike" }, "geometry": { "type": "Point", "coordinates": [ 121.54497, 25.02032 ] } },
{ "type": "Feature", "properties": { "poi_name": "臺大國青大樓宿舍前", "note": "20", "stop_type": "YouBike" }, "geometry": { "type": "Point", "coordinates": [ 121.54432, 25.02076 ] } },
{ "type": "Feature", "properties": { "poi_name": "臺大社科院圖書館前", "note": "27", "stop_type": "YouBike" }, "geometry": { "type": "Point", "coordinates": [ 121.54284, 25.02101 ] } },
{ "type": "Feature", "properties": { "poi_name": "臺大法人語言訓練中心前", "note": "28", "stop_type": "YouBike" }, "geometry": { "type": "Point", "coordinates": [ 121.54081, 25.02104 ] } },
{ "type": "Feature", "properties": { "poi_name": "臺大綜合體育館停車場前", "note": "25", "stop_type": "YouBike" }, "geometry": { "type": "Point", "coordinates": [ 121.53626, 25.0222 ] } },
{ "type": "Feature", "properties": { "poi_name": "辛亥新生路口東南側", "note": "50", "stop_type": "YouBike" }, "geometry": { "type": "Point", "coordinates": [ 121.53474, 25.02218 ] } },
{ "type": "Feature", "properties": { "poi_name": "基隆長興路口東側", "note": "15", "stop_type": "YouBike" }, "geometry": { "type": "Point", "coordinates": [ 121.54471, 25.01727 ] } },
{ "type": "Feature", "properties": { "poi_name": "國北教大側門南側", "note": "34", "stop_type": "YouBike" }, "geometry": { "type": "Point", "coordinates": [ 121.546622, 25.022864 ] } },
{ "type": "Feature", "properties": { "poi_name": "和平實小東北側", "note": "25", "stop_type": "YouBike" }, "geometry": { "type": "Point", "coordinates": [ 121.54704, 25.021641 ] } },
{ "type": "Feature", "properties": { "poi_name": "大安區健康服務中心", "note": "23", "stop_type": "YouBike" }, "geometry": { "type": "Point", "coordinates": [ 121.544069, 25.021469 ] } },
{ "type": "Feature", "properties": { "poi_name": "辛亥泰順街口", "note": "20", "stop_type": "YouBike" }, "geometry": { "type": "Point", "coordinates": [ 121.53165, 25.02193 ] } },
{ "type": "Feature", "properties": { "poi_name": "臺北市芳和實驗中學", "note": "76", "stop_type": "YouBike" }, "geometry": { "type": "Point", "coordinates": [ 121.55013, 25.0189 ] } },
{ "type": "Feature", "properties": { "poi_name": "臥龍樂業街口", "note": "64", "stop_type": "YouBike" }, "geometry": { "type": "Point", "coordinates": [ 121.55558, 25.01856 ] } },
{ "type": "Feature", "properties": { "poi_name": "臥龍公園", "note": "25", "stop_type": "YouBike" }, "geometry": { "type": "Point", "coordinates": [ 121.55037, 25.01623 ] } },
{ "type": "Feature", "properties": { "poi_name": "嘉興公園", "note": "44", "stop_type": "YouBike" }, "geometry": { "type": "Point", "coordinates": [ 121.55211, 25.021 ] } },
{ "type": "Feature", "properties": { "poi_name": "捷運麟光站(2號出口)", "note": "69", "stop_type": "YouBike" }, "geometry": { "type": "Point", "coordinates": [ 121.55929, 25.0181 ] } },
{ "type": "Feature", "properties": { "poi_name": "捷運六張犁站", "note": "64", "stop_type": "YouBike" }, "geometry": { "type": "Point", "coordinates": [ 121.55266, 25.02397 ] } },
{ "type": "Feature", "properties": { "poi_name": "喬治工商", "note": "22", "stop_type": "YouBike" }, "geometry": { "type": "Point", "coordinates": [ 121.55551, 25.02705 ] } },
{ "type": "Feature", "properties": { "poi_name": "法治公園", "note": "41", "stop_type": "YouBike" }, "geometry": { "type": "Point", "coordinates": [ 121.55325, 25.02694 ] } },
{ "type": "Feature", "properties": { "poi_name": "捷運臺電大樓站(2號出口)", "note": "18", "stop_type": "YouBike" }, "geometry": { "type": "Point", "coordinates": [ 121.52942, 25.02021 ] } },
{ "type": "Feature", "properties": { "poi_name": "和平金山路口", "note": "58", "stop_type": "YouBike" }, "geometry": { "type": "Point", "coordinates": [ 121.52529, 25.02669 ] } },
{ "type": "Feature", "properties": { "poi_name": "和平龍泉街口", "note": "34", "stop_type": "YouBike" }, "geometry": { "type": "Point", "coordinates": [ 121.52971, 25.02638 ] } },
{ "type": "Feature", "properties": { "poi_name": "和平泰順街口", "note": "19", "stop_type": "YouBike" }, "geometry": { "type": "Point", "coordinates": [ 121.53171, 25.02621 ] } },
{ "type": "Feature", "properties": { "poi_name": "臺灣師範大學(圖書館)", "note": "40", "stop_type": "YouBike" }, "geometry": { "type": "Point", "coordinates": [ 121.52973, 25.0266 ] } },
{ "type": "Feature", "properties": { "poi_name": "捷運古亭站(6號出口)", "note": "60", "stop_type": "YouBike" }, "geometry": { "type": "Point", "coordinates": [ 121.52217, 25.0276 ] } },
{ "type": "Feature", "properties": { "poi_name": "捷運古亭站(5號出口)", "note": "14", "stop_type": "YouBike" }, "geometry": { "type": "Point", "coordinates": [ 121.52293, 25.02715 ] } },
{ "type": "Feature", "properties": { "poi_name": "臺北市立圖書館(總館)", "note": "67", "stop_type": "YouBike" }, "geometry": { "type": "Point", "coordinates": [ 121.5379, 25.02895 ] } },
{ "type": "Feature", "properties": { "poi_name": "新生和平路口東北側", "note": "51", "stop_type": "YouBike" }, "geometry": { "type": "Point", "coordinates": [ 121.53515, 25.02657 ] } },
{ "type": "Feature", "properties": { "poi_name": "建國和平路口西北側", "note": "50", "stop_type": "YouBike" }, "geometry": { "type": "Point", "coordinates": [ 121.53738, 25.02606 ] } },
{ "type": "Feature", "properties": { "poi_name": "金華公園", "note": "44", "stop_type": "YouBike" }, "geometry": { "type": "Point", "coordinates": [ 121.53107, 25.02984 ] } },
{ "type": "Feature", "properties": { "poi_name": "捷運東門站(3號出口)", "note": "18", "stop_type": "YouBike" }, "geometry": { "type": "Point", "coordinates": [ 121.52815, 25.03383 ] } },
{ "type": "Feature", "properties": { "poi_name": "金甌女中", "note": "15", "stop_type": "YouBike" }, "geometry": { "type": "Point", "coordinates": [ 121.5245, 25.03519 ] } },
{ "type": "Feature", "properties": { "poi_name": "金杭公園", "note": "20", "stop_type": "YouBike" }, "geometry": { "type": "Point", "coordinates": [ 121.52436, 25.03325 ] } },
{ "type": "Feature", "properties": { "poi_name": "愛國金山路口", "note": "57", "stop_type": "YouBike" }, "geometry": { "type": "Point", "coordinates": [ 121.52661, 25.03164 ] } },
{ "type": "Feature", "properties": { "poi_name": "敦化南路二段293巷口南側", "note": "14", "stop_type": "YouBike" }, "geometry": { "type": "Point", "coordinates": [ 121.54899, 25.0237 ] } },
{ "type": "Feature", "properties": { "poi_name": "敦化基隆路口", "note": "38", "stop_type": "YouBike" }, "geometry": { "type": "Point", "coordinates": [ 121.54839, 25.02215 ] } },
{ "type": "Feature", "properties": { "poi_name": "安和路二段181巷口", "note": "29", "stop_type": "YouBike" }, "geometry": { "type": "Point", "coordinates": [ 121.54988, 25.02721 ] } },
{ "type": "Feature", "properties": { "poi_name": "臨江街夜市(通化街101巷口)", "note": "30", "stop_type": "YouBike" }, "geometry": { "type": "Point", "coordinates": [ 121.55406, 25.02952 ] } },
{ "type": "Feature", "properties": { "poi_name": "臨江街夜市(基隆路)", "note": "29", "stop_type": "YouBike" }, "geometry": { "type": "Point", "coordinates": [ 121.55721, 25.02931 ] } },
{ "type": "Feature", "properties": { "poi_name": "台北科技大學億光大樓", "note": "59", "stop_type": "YouBike" }, "geometry": { "type": "Point", "coordinates": [ 121.53833, 25.04177 ] } },
{ "type": "Feature", "properties": { "poi_name": "新生南路一段119巷口", "note": "64", "stop_type": "YouBike" }, "geometry": { "type": "Point", "coordinates": [ 121.53299, 25.04003 ] } },
{ "type": "Feature", "properties": { "poi_name": "幸安國小(仁愛路)", "note": "28", "stop_type": "YouBike" }, "geometry": { "type": "Point", "coordinates": [ 121.53523, 25.03753 ] } },
{ "type": "Feature", "properties": { "poi_name": "民榮公園", "note": "31", "stop_type": "YouBike" }, "geometry": { "type": "Point", "coordinates": [ 121.5354, 25.03534 ] } },
{ "type": "Feature", "properties": { "poi_name": "復興南路1段340巷口", "note": "50", "stop_type": "YouBike" }, "geometry": { "type": "Point", "coordinates": [ 121.54348, 25.03701 ] } },
{ "type": "Feature", "properties": { "poi_name": "建國濟南路口", "note": "54", "stop_type": "YouBike" }, "geometry": { "type": "Point", "coordinates": [ 121.53828, 25.03935 ] } },
{ "type": "Feature", "properties": { "poi_name": "捷運忠孝復興站(2號出口)", "note": "29", "stop_type": "YouBike" }, "geometry": { "type": "Point", "coordinates": [ 121.5436, 25.04035 ] } },
{ "type": "Feature", "properties": { "poi_name": "捷運大安站(4號出口)", "note": "16", "stop_type": "YouBike" }, "geometry": { "type": "Point", "coordinates": [ 121.5439, 25.0332 ] } },
{ "type": "Feature", "properties": { "poi_name": "捷運大安站(2號出口)", "note": "60", "stop_type": "YouBike" }, "geometry": { "type": "Point", "coordinates": [ 121.54141, 25.03358 ] } },
{ "type": "Feature", "properties": { "poi_name": "信義大安路口(信維大樓)", "note": "18", "stop_type": "YouBike" }, "geometry": { "type": "Point", "coordinates": [ 121.54639, 25.03317 ] } },
{ "type": "Feature", "properties": { "poi_name": "龍門廣場", "note": "70", "stop_type": "YouBike" }, "geometry": { "type": "Point", "coordinates": [ 121.54825, 25.04092 ] } },
{ "type": "Feature", "properties": { "poi_name": "仁愛安和路口", "note": "33", "stop_type": "YouBike" }, "geometry": { "type": "Point", "coordinates": [ 121.55285, 25.03754 ] } },
{ "type": "Feature", "properties": { "poi_name": "信義敦化路口", "note": "52", "stop_type": "YouBike" }, "geometry": { "type": "Point", "coordinates": [ 121.54977, 25.03333 ] } },
{ "type": "Feature", "properties": { "poi_name": "仁愛國中", "note": "25", "stop_type": "YouBike" }, "geometry": { "type": "Point", "coordinates": [ 121.55166, 25.03706 ] } },
{ "type": "Feature", "properties": { "poi_name": "捷運信義安和站(2號出口)", "note": "24", "stop_type": "YouBike" }, "geometry": { "type": "Point", "coordinates": [ 121.55171, 25.03304 ] } },
{ "type": "Feature", "properties": { "poi_name": "八德市場", "note": "30", "stop_type": "YouBike" }, "geometry": { "type": "Point", "coordinates": [ 121.53665, 25.04463 ] } },
{ "type": "Feature", "properties": { "poi_name": "昌隆公園", "note": "16", "stop_type": "YouBike" }, "geometry": { "type": "Point", "coordinates": [ 121.53946, 25.04448 ] } },
{ "type": "Feature", "properties": { "poi_name": "捷運大安森林公園站(2號出口)", "note": "69", "stop_type": "YouBike" }, "geometry": { "type": "Point", "coordinates": [ 121.53435, 25.03332 ] } },
{ "type": "Feature", "properties": { "poi_name": "信義延吉街口", "note": "15", "stop_type": "YouBike" }, "geometry": { "type": "Point", "coordinates": [ 121.55725, 25.03318 ] } },
{ "type": "Feature", "properties": { "poi_name": "光信公園(光復南路456巷)", "note": "25", "stop_type": "YouBike" }, "geometry": { "type": "Point", "coordinates": [ 121.5561, 25.03513 ] } },
{ "type": "Feature", "properties": { "poi_name": "僑安地下停車場(2號出口)東南側", "note": "28", "stop_type": "YouBike" }, "geometry": { "type": "Point", "coordinates": [ 121.5569, 25.0391 ] } },
{ "type": "Feature", "properties": { "poi_name": "建國南路一段279巷口", "note": "62", "stop_type": "YouBike" }, "geometry": { "type": "Point", "coordinates": [ 121.53833, 25.03635 ] } },
{ "type": "Feature", "properties": { "poi_name": "捷運忠孝新生站(6號出口)", "note": "35", "stop_type": "YouBike" }, "geometry": { "type": "Point", "coordinates": [ 121.53295, 25.04091 ] } },
{ "type": "Feature", "properties": { "poi_name": "捷運忠孝新生站(4號出口)", "note": "46", "stop_type": "YouBike" }, "geometry": { "type": "Point", "coordinates": [ 121.53324, 25.04239 ] } },
{ "type": "Feature", "properties": { "poi_name": "大安高工", "note": "23", "stop_type": "YouBike" }, "geometry": { "type": "Point", "coordinates": [ 121.54339, 25.03126 ] } },
{ "type": "Feature", "properties": { "poi_name": "捷運忠孝新生站(3號出口)", "note": "43", "stop_type": "YouBike" }, "geometry": { "type": "Point", "coordinates": [ 121.53376, 25.04189 ] } },
{ "type": "Feature", "properties": { "poi_name": "瑠公公園", "note": "20", "stop_type": "YouBike" }, "geometry": { "type": "Point", "coordinates": [ 121.54612, 25.04201 ] } },
{ "type": "Feature", "properties": { "poi_name": "敦化市民路口", "note": "23", "stop_type": "YouBike" }, "geometry": { "type": "Point", "coordinates": [ 121.5486, 25.04405 ] } },
{ "type": "Feature", "properties": { "poi_name": "捷運大安森林公園站(5號出口)", "note": "15", "stop_type": "YouBike" }, "geometry": { "type": "Point", "coordinates": [ 121.5364, 25.03336 ] } },
{ "type": "Feature", "properties": { "poi_name": "信義建國路口", "note": "52", "stop_type": "YouBike" }, "geometry": { "type": "Point", "coordinates": [ 121.53746, 25.0328 ] } },
{ "type": "Feature", "properties": { "poi_name": "東豐公園", "note": "19", "stop_type": "YouBike" }, "geometry": { "type": "Point", "coordinates": [ 121.5451, 25.03569 ] } },
{ "type": "Feature", "properties": { "poi_name": "德安公園(四維路66巷)", "note": "22", "stop_type": "YouBike" }, "geometry": { "type": "Point", "coordinates": [ 121.54767, 25.03473 ] } },
{ "type": "Feature", "properties": { "poi_name": "捷運忠孝復興站(5號出口)", "note": "30", "stop_type": "YouBike" }, "geometry": { "type": "Point", "coordinates": [ 121.54407, 25.04253 ] } },
{ "type": "Feature", "properties": { "poi_name": "捷運忠孝敦化站(2號出口)", "note": "17", "stop_type": "YouBike" }, "geometry": { "type": "Point", "coordinates": [ 121.5524, 25.04153 ] } },
{ "type": "Feature", "properties": { "poi_name": "捷運忠孝敦化站(7號出口)", "note": "18", "stop_type": "YouBike" }, "geometry": { "type": "Point", "coordinates": [ 121.54937, 25.04159 ] } },
{ "type": "Feature", "properties": { "poi_name": "忠孝東路四段223巷口(市民大道側)", "note": "25", "stop_type": "YouBike" }, "geometry": { "type": "Point", "coordinates": [ 121.55291, 25.04427 ] } },
{ "type": "Feature", "properties": { "poi_name": "瑞安街208巷", "note": "15", "stop_type": "YouBike" }, "geometry": { "type": "Point", "coordinates": [ 121.54053, 25.02979 ] } },
{ "type": "Feature", "properties": { "poi_name": "樂利路21巷口", "note": "17", "stop_type": "YouBike" }, "geometry": { "type": "Point", "coordinates": [ 121.55132, 25.0277 ] } },
{ "type": "Feature", "properties": { "poi_name": "捷運科技大樓站(台北教育大學)", "note": "54", "stop_type": "YouBike" }, "geometry": { "type": "Point", "coordinates": [ 121.54417, 25.02472 ] } },
{ "type": "Feature", "properties": { "poi_name": "捷運國父紀念館站(2號出口)", "note": "62", "stop_type": "YouBike" }, "geometry": { "type": "Point", "coordinates": [ 121.55745, 25.04122 ] } },
{ "type": "Feature", "properties": { "poi_name": "仁愛醫院", "note": "36", "stop_type": "YouBike" }, "geometry": { "type": "Point", "coordinates": [ 121.54587, 25.03756 ] } },
{ "type": "Feature", "properties": { "poi_name": "捷運信義安和站(4號出口)", "note": "49", "stop_type": "YouBike" }, "geometry": { "type": "Point", "coordinates": [ 121.55378, 25.03305 ] } },
{ "type": "Feature", "properties": { "poi_name": "成功國宅", "note": "36", "stop_type": "YouBike" }, "geometry": { "type": "Point", "coordinates": [ 121.54668, 25.02681 ] } },
{ "type": "Feature", "properties": { "poi_name": "仁愛延吉街口", "note": "33", "stop_type": "YouBike" }, "geometry": { "type": "Point", "coordinates": [ 121.55564, 25.03748 ] } },
{ "type": "Feature", "properties": { "poi_name": "捷運信義安和站(1號出口)", "note": "49", "stop_type": "YouBike" }, "geometry": { "type": "Point", "coordinates": [ 121.55265, 25.03331 ] } },
{ "type": "Feature", "properties": { "poi_name": "敦化南路二段103巷口", "note": "24", "stop_type": "YouBike" }, "geometry": { "type": "Point", "coordinates": [ 121.54904, 25.0287 ] } },
{ "type": "Feature", "properties": { "poi_name": "復興南路二段128巷口", "note": "31", "stop_type": "YouBike" }, "geometry": { "type": "Point", "coordinates": [ 121.54336, 25.02861 ] } },
{ "type": "Feature", "properties": { "poi_name": "和平東建國南路口", "note": "17", "stop_type": "YouBike" }, "geometry": { "type": "Point", "coordinates": [ 121.5377, 25.02575 ] } },
{ "type": "Feature", "properties": { "poi_name": "芳蘭山莊", "note": "16", "stop_type": "YouBike" }, "geometry": { "type": "Point", "coordinates": [ 121.54788, 25.01223 ] } },
{ "type": "Feature", "properties": { "poi_name": "復興南路一段126巷口", "note": "15", "stop_type": "YouBike" }, "geometry": { "type": "Point", "coordinates": [ 121.54313, 25.04311 ] } },
{ "type": "Feature", "properties": { "poi_name": "捷運東門站(5號出口)", "note": "28", "stop_type": "YouBike" }, "geometry": { "type": "Point", "coordinates": [ 121.52962, 25.03363 ] } },
{ "type": "Feature", "properties": { "poi_name": "仁愛路四段48巷口", "note": "12", "stop_type": "YouBike" }, "geometry": { "type": "Point", "coordinates": [ 121.54693, 25.03597 ] } },
{ "type": "Feature", "properties": { "poi_name": "捷運公館站(3號出口)", "note": "99", "stop_type": "YouBike" }, "geometry": { "type": "Point", "coordinates": [ 121.53374, 25.01551 ] } },
{ "type": "Feature", "properties": { "poi_name": "臺北科技大學(電機工程系)", "note": "34", "stop_type": "YouBike" }, "geometry": { "type": "Point", "coordinates": [ 121.53653, 25.04196 ] } },
{ "type": "Feature", "properties": { "poi_name": "新生南路三段94巷口", "note": "15", "stop_type": "YouBike" }, "geometry": { "type": "Point", "coordinates": [ 121.53334, 25.01744 ] } },
{ "type": "Feature", "properties": { "poi_name": "辛亥新生路口西北側", "note": "40", "stop_type": "YouBike" }, "geometry": { "type": "Point", "coordinates": [ 121.5341, 25.02267 ] } },
{ "type": "Feature", "properties": { "poi_name": "捷運大安站(6號出口)", "note": "29", "stop_type": "YouBike" }, "geometry": { "type": "Point", "coordinates": [ 121.54376, 25.03479 ] } },
{ "type": "Feature", "properties": { "poi_name": "臥龍街195巷口", "note": "14", "stop_type": "YouBike" }, "geometry": { "type": "Point", "coordinates": [ 121.55224, 25.01783 ] } },
{ "type": "Feature", "properties": { "poi_name": "辛亥路三段157巷口", "note": "27", "stop_type": "YouBike" }, "geometry": { "type": "Point", "coordinates": [ 121.54904, 25.01727 ] } },
{ "type": "Feature", "properties": { "poi_name": "臥龍基隆路口", "note": "25", "stop_type": "YouBike" }, "geometry": { "type": "Point", "coordinates": [ 121.54853, 25.02039 ] } },
{ "type": "Feature", "properties": { "poi_name": "敦親公園", "note": "26", "stop_type": "YouBike" }, "geometry": { "type": "Point", "coordinates": [ 121.54108, 25.02347 ] } },
{ "type": "Feature", "properties": { "poi_name": "大安運動中心", "note": "33", "stop_type": "YouBike" }, "geometry": { "type": "Point", "coordinates": [ 121.54561, 25.02054 ] } },
{ "type": "Feature", "properties": { "poi_name": "和平敦化路口", "note": "36", "stop_type": "YouBike" }, "geometry": { "type": "Point", "coordinates": [ 121.54908, 25.02444 ] } },
{ "type": "Feature", "properties": { "poi_name": "基隆長興路口", "note": "51", "stop_type": "YouBike" }, "geometry": { "type": "Point", "coordinates": [ 121.54435, 25.01705 ] } },
{ "type": "Feature", "properties": { "poi_name": "仁愛路四段122巷口", "note": "25", "stop_type": "YouBike" }, "geometry": { "type": "Point", "coordinates": [ 121.55009, 25.03762 ] } },
{ "type": "Feature", "properties": { "poi_name": "市民敦化路口", "note": "32", "stop_type": "YouBike" }, "geometry": { "type": "Point", "coordinates": [ 121.54944, 25.04464 ] } },
{ "type": "Feature", "properties": { "poi_name": "忠孝東路四段49巷口", "note": "15", "stop_type": "YouBike" }, "geometry": { "type": "Point", "coordinates": [ 121.54541, 25.04172 ] } },
{ "type": "Feature", "properties": { "poi_name": "市民復興路口(東南側)", "note": "26", "stop_type": "YouBike" }, "geometry": { "type": "Point", "coordinates": [ 121.54401, 25.04472 ] } },
{ "type": "Feature", "properties": { "poi_name": "和平新生路口西南側", "note": "24", "stop_type": "YouBike" }, "geometry": { "type": "Point", "coordinates": [ 121.534, 25.02604 ] } },
{ "type": "Feature", "properties": { "poi_name": "全安公園", "note": "16", "stop_type": "YouBike" }, "geometry": { "type": "Point", "coordinates": [ 121.55101, 25.02535 ] } },
{ "type": "Feature", "properties": { "poi_name": "信義路三段134巷口", "note": "28", "stop_type": "YouBike" }, "geometry": { "type": "Point", "coordinates": [ 121.53968, 25.03333 ] } },
{ "type": "Feature", "properties": { "poi_name": "仁愛敦南圓環(東南側)", "note": "16", "stop_type": "YouBike" }, "geometry": { "type": "Point", "coordinates": [ 121.54936, 25.03715 ] } },
{ "type": "Feature", "properties": { "poi_name": "臺北遠企購物中心", "note": "33", "stop_type": "YouBike" }, "geometry": { "type": "Point", "coordinates": [ 121.54902, 25.02709 ] } },
{ "type": "Feature", "properties": { "poi_name": "外交部外交及國際事務學院", "note": "26", "stop_type": "YouBike" }, "geometry": { "type": "Point", "coordinates": [ 121.54839, 25.0371 ] } },
{ "type": "Feature", "properties": { "poi_name": "四維路170巷口", "note": "22", "stop_type": "YouBike" }, "geometry": { "type": "Point", "coordinates": [ 121.54864, 25.02821 ] } },
{ "type": "Feature", "properties": { "poi_name": "捷運大安站(3號出口)", "note": "46", "stop_type": "YouBike" }, "geometry": { "type": "Point", "coordinates": [ 121.5425, 25.03328 ] } },
{ "type": "Feature", "properties": { "poi_name": "捷運臺電大樓站(2號出口)_1", "note": "38", "stop_type": "YouBike" }, "geometry": { "type": "Point", "coordinates": [ 121.52855, 25.02055 ] } },
{ "type": "Feature", "properties": { "poi_name": "信義路四段199巷", "note": "15", "stop_type": "YouBike" }, "geometry": { "type": "Point", "coordinates": [ 121.55164, 25.03459 ] } },
{ "type": "Feature", "properties": { "poi_name": "臺大資訊大樓", "note": "76", "stop_type": "YouBike" }, "geometry": { "type": "Point", "coordinates": [ 121.54153, 25.02101 ] } },
{ "type": "Feature", "properties": { "poi_name": "敦化南路二段81巷", "note": "40", "stop_type": "YouBike" }, "geometry": { "type": "Point", "coordinates": [ 121.54893, 25.03002 ] } },
{ "type": "Feature", "properties": { "poi_name": "原臺北刑務所官舍", "note": "23", "stop_type": "YouBike" }, "geometry": { "type": "Point", "coordinates": [ 121.52466, 25.03054 ] } },
{ "type": "Feature", "properties": { "poi_name": "捷運國父紀念館站(1號出口)", "note": "24", "stop_type": "YouBike" }, "geometry": { "type": "Point", "coordinates": [ 121.55657, 25.04205 ] } },
{ "type": "Feature", "properties": { "poi_name": "懷生國中", "note": "24", "stop_type": "YouBike" }, "geometry": { "type": "Point", "coordinates": [ 121.54122, 25.0401 ] } },
{ "type": "Feature", "properties": { "poi_name": "仁愛敦南圓環(西北側)", "note": "20", "stop_type": "YouBike" }, "geometry": { "type": "Point", "coordinates": [ 121.54802, 25.03827 ] } },
{ "type": "Feature", "properties": { "poi_name": "立人國小", "note": "17", "stop_type": "YouBike" }, "geometry": { "type": "Point", "coordinates": [ 121.55146, 25.02974 ] } },
{ "type": "Feature", "properties": { "poi_name": "和平東路二段18巷口", "note": "24", "stop_type": "YouBike" }, "geometry": { "type": "Point", "coordinates": [ 121.53608, 25.02268 ] } },
{ "type": "Feature", "properties": { "poi_name": "捷運大安站(5號出口)", "note": "26", "stop_type": "YouBike" }, "geometry": { "type": "Point", "coordinates": [ 121.54372, 25.03303 ] } },
{ "type": "Feature", "properties": { "poi_name": "臨江公園", "note": "23", "stop_type": "YouBike" }, "geometry": { "type": "Point", "coordinates": [ 121.55592, 25.02832 ] } },
{ "type": "Feature", "properties": { "poi_name": "羅斯福路四段113巷19弄口", "note": "14", "stop_type": "YouBike" }, "geometry": { "type": "Point", "coordinates": [ 121.53998, 25.01027 ] } },
{ "type": "Feature", "properties": { "poi_name": "忠孝東路四段248巷口", "note": "25", "stop_type": "YouBike" }, "geometry": { "type": "Point", "coordinates": [ 121.55393, 25.04132 ] } },
{ "type": "Feature", "properties": { "poi_name": "仁愛延吉路口(西北側)", "note": "24", "stop_type": "YouBike" }, "geometry": { "type": "Point", "coordinates": [ 121.55466, 25.03795 ] } },
{ "type": "Feature", "properties": { "poi_name": "樂利路101巷口", "note": "13", "stop_type": "YouBike" }, "geometry": { "type": "Point", "coordinates": [ 121.55224, 25.02528 ] } },
{ "type": "Feature", "properties": { "poi_name": "羅斯福浦城街口", "note": "25", "stop_type": "YouBike" }, "geometry": { "type": "Point", "coordinates": [ 121.52678, 25.02208 ] } },
{ "type": "Feature", "properties": { "poi_name": "敦化南路一段295巷口", "note": "18", "stop_type": "YouBike" }, "geometry": { "type": "Point", "coordinates": [ 121.54951, 25.03551 ] } },
{ "type": "Feature", "properties": { "poi_name": "通安區民活動中心", "note": "28", "stop_type": "YouBike" }, "geometry": { "type": "Point", "coordinates": [ 121.55294, 25.02942 ] } },
{ "type": "Feature", "properties": { "poi_name": "復興忠孝東路口(東南側)", "note": "28", "stop_type": "YouBike" }, "geometry": { "type": "Point", "coordinates": [ 121.54389, 25.04061 ] } },
{ "type": "Feature", "properties": { "poi_name": "仁愛大安路口(東北側)", "note": "21", "stop_type": "YouBike" }, "geometry": { "type": "Point", "coordinates": [ 121.54631, 25.03813 ] } },
{ "type": "Feature", "properties": { "poi_name": "臺灣師範大學(浦城街)", "note": "20", "stop_type": "YouBike" }, "geometry": { "type": "Point", "coordinates": [ 121.52803, 25.02476 ] } },
{ "type": "Feature", "properties": { "poi_name": "安和路二段69巷口", "note": "20", "stop_type": "YouBike" }, "geometry": { "type": "Point", "coordinates": [ 121.55252, 25.03056 ] } },
{ "type": "Feature", "properties": { "poi_name": "大安國小", "note": "25", "stop_type": "YouBike" }, "geometry": { "type": "Point", "coordinates": [ 121.55084, 25.02014 ] } },
{ "type": "Feature", "properties": { "poi_name": "捷運古亭站(3號出口)", "note": "15", "stop_type": "YouBike" }, "geometry": { "type": "Point", "coordinates": [ 121.52359, 25.02572 ] } },
{ "type": "Feature", "properties": { "poi_name": "捷運忠孝復興站(3號出口)", "note": "37", "stop_type": "YouBike" }, "geometry": { "type": "Point", "coordinates": [ 121.54414, 25.04152 ] } },
{ "type": "Feature", "properties": { "poi_name": "和平東路二段90巷", "note": "20", "stop_type": "YouBike" }, "geometry": { "type": "Point", "coordinates": [ 121.53965, 25.02468 ] } },
{ "type": "Feature", "properties": { "poi_name": "光復南路420巷口", "note": "16", "stop_type": "YouBike" }, "geometry": { "type": "Point", "coordinates": [ 121.55742, 25.03601 ] } },
{ "type": "Feature", "properties": { "poi_name": "富陽臥龍街口", "note": "18", "stop_type": "YouBike" }, "geometry": { "type": "Point", "coordinates": [ 121.55688, 25.0187 ] } },
{ "type": "Feature", "properties": { "poi_name": "仁愛復興路口", "note": "29", "stop_type": "YouBike" }, "geometry": { "type": "Point", "coordinates": [ 121.544, 25.03817 ] } },
{ "type": "Feature", "properties": { "poi_name": "仁愛敦南圓環(東側)", "note": "26", "stop_type": "YouBike" }, "geometry": { "type": "Point", "coordinates": [ 121.55042, 25.03804 ] } },
{ "type": "Feature", "properties": { "poi_name": "古風公園", "note": "15", "stop_type": "YouBike" }, "geometry": { "type": "Point", "coordinates": [ 121.52912, 25.02187 ] } },
{ "type": "Feature", "properties": { "poi_name": "和平東路二段76巷", "note": "40", "stop_type": "YouBike" }, "geometry": { "type": "Point", "coordinates": [ 121.53906, 25.02263 ] } },
{ "type": "Feature", "properties": { "poi_name": "敦化信義路口(東南側)", "note": "20", "stop_type": "YouBike" }, "geometry": { "type": "Point", "coordinates": [ 121.54907, 25.03276 ] } },
{ "type": "Feature", "properties": { "poi_name": "和平東路三段308巷口", "note": "14", "stop_type": "YouBike" }, "geometry": { "type": "Point", "coordinates": [ 121.5544, 25.01883 ] } },
{ "type": "Feature", "properties": { "poi_name": "忠孝建國路口(東南側)", "note": "21", "stop_type": "YouBike" }, "geometry": { "type": "Point", "coordinates": [ 121.5378, 25.04159 ] } },
{ "type": "Feature", "properties": { "poi_name": "浦城街26巷", "note": "17", "stop_type": "YouBike" }, "geometry": { "type": "Point", "coordinates": [ 121.52618, 25.02324 ] } },
{ "type": "Feature", "properties": { "poi_name": "青峰活動中心", "note": "25", "stop_type": "YouBike" }, "geometry": { "type": "Point", "coordinates": [ 121.55121, 25.01524 ] } },
{ "type": "Feature", "properties": { "poi_name": "忠孝東路三段216巷口", "note": "28", "stop_type": "YouBike" }, "geometry": { "type": "Point", "coordinates": [ 121.5402, 25.04157 ] } },
{ "type": "Feature", "properties": { "poi_name": "捷運忠孝復興站(4號出口)", "note": "25", "stop_type": "YouBike" }, "geometry": { "type": "Point", "coordinates": [ 121.54412, 25.04173 ] } },
{ "type": "Feature", "properties": { "poi_name": "和平溫州街口", "note": "23", "stop_type": "YouBike" }, "geometry": { "type": "Point", "coordinates": [ 121.53342, 25.02634 ] } },
{ "type": "Feature", "properties": { "poi_name": "國立臺北教育大學創意館", "note": "32", "stop_type": "YouBike" }, "geometry": { "type": "Point", "coordinates": [ 121.54394, 25.02305 ] } },
{ "type": "Feature", "properties": { "poi_name": "捷運忠孝復興站(1號出口)", "note": "27", "stop_type": "YouBike" }, "geometry": { "type": "Point", "coordinates": [ 121.54362, 25.04199 ] } },
{ "type": "Feature", "properties": { "poi_name": "政大公企中心", "note": "13", "stop_type": "YouBike" }, "geometry": { "type": "Point", "coordinates": [ 121.52781, 25.03076 ] } },
{ "type": "Feature", "properties": { "poi_name": "大安路二段90巷口", "note": "19", "stop_type": "YouBike" }, "geometry": { "type": "Point", "coordinates": [ 121.54602, 25.03117 ] } },
{ "type": "Feature", "properties": { "poi_name": "師大附中運動中心", "note": "33", "stop_type": "YouBike" }, "geometry": { "type": "Point", "coordinates": [ 121.53997, 25.03626 ] } },
{ "type": "Feature", "properties": { "poi_name": "錦安區民活動中心", "note": "20", "stop_type": "YouBike" }, "geometry": { "type": "Point", "coordinates": [ 121.52935, 25.02846 ] } },
{ "type": "Feature", "properties": { "poi_name": "敦化基隆路口(東北側)", "note": "22", "stop_type": "YouBike" }, "geometry": { "type": "Point", "coordinates": [ 121.54899, 25.02196 ] } },
{ "type": "Feature", "properties": { "poi_name": "龍圖公園", "note": "20", "stop_type": "YouBike" }, "geometry": { "type": "Point", "coordinates": [ 121.54184, 25.0305 ] } },
{ "type": "Feature", "properties": { "poi_name": "新生南路二段54巷口", "note": "26", "stop_type": "YouBike" }, "geometry": { "type": "Point", "coordinates": [ 121.53412, 25.02878 ] } },
{ "type": "Feature", "properties": { "poi_name": "臺靜農人文會館", "note": "12", "stop_type": "YouBike" }, "geometry": { "type": "Point", "coordinates": [ 121.53347, 25.02462 ] } },
{ "type": "Feature", "properties": { "poi_name": "建國南路二段瑞安街264巷口", "note": "33", "stop_type": "YouBike" }, "geometry": { "type": "Point", "coordinates": [ 121.53782, 25.02716 ] } },
{ "type": "Feature", "properties": { "poi_name": "辛亥路一段77巷口", "note": "22", "stop_type": "YouBike" }, "geometry": { "type": "Point", "coordinates": [ 121.53034, 25.02128 ] } },
{ "type": "Feature", "properties": { "poi_name": "愛國東路210巷口", "note": "34", "stop_type": "YouBike" }, "geometry": { "type": "Point", "coordinates": [ 121.52407, 25.03187 ] } },
{ "type": "Feature", "properties": { "poi_name": "金華國中", "note": "21", "stop_type": "YouBike" }, "geometry": { "type": "Point", "coordinates": [ 121.53306, 25.03165 ] } },
{ "type": "Feature", "properties": { "poi_name": "羅斯福路三段283巷", "note": "18", "stop_type": "YouBike" }, "geometry": { "type": "Point", "coordinates": [ 121.53178, 25.02017 ] } },
{ "type": "Feature", "properties": { "poi_name": "臺科大側門(基隆路四段73巷)", "note": "35", "stop_type": "YouBike" }, "geometry": { "type": "Point", "coordinates": [ 121.53967, 25.01291 ] } },
{ "type": "Feature", "properties": { "poi_name": "黎和公園", "note": "15", "stop_type": "YouBike" }, "geometry": { "type": "Point", "coordinates": [ 121.56011, 25.01663 ] } },
{ "type": "Feature", "properties": { "poi_name": "信義四維路口", "note": "19", "stop_type": "YouBike" }, "geometry": { "type": "Point", "coordinates": [ 121.54796, 25.03341 ] } },
{ "type": "Feature", "properties": { "poi_name": "和平高中(辛亥基隆路口)", "note": "55", "stop_type": "YouBike" }, "geometry": { "type": "Point", "coordinates": [ 121.54708, 25.01917 ] } },
{ "type": "Feature", "properties": { "poi_name": "和平東路二段107巷口", "note": "12", "stop_type": "YouBike" }, "geometry": { "type": "Point", "coordinates": [ 121.53951, 25.02555 ] } },
{ "type": "Feature", "properties": { "poi_name": "信義金山路口(西南側)", "note": "12", "stop_type": "YouBike" }, "geometry": { "type": "Point", "coordinates": [ 121.52682, 25.03407 ] } },
{ "type": "Feature", "properties": { "poi_name": "金華國中(新生南路二段30巷)", "note": "15", "stop_type": "YouBike" }, "geometry": { "type": "Point", "coordinates": [ 121.5313, 25.03137 ] } },
{ "type": "Feature", "properties": { "poi_name": "羅斯福路四段123巷", "note": "15", "stop_type": "YouBike" }, "geometry": { "type": "Point", "coordinates": [ 121.53752, 25.01036 ] } },
{ "type": "Feature", "properties": { "poi_name": "捷運科技大樓站(2號出口)", "note": "72", "stop_type": "YouBike" }, "geometry": { "type": "Point", "coordinates": [ 121.54328, 25.02592 ] } },
{ "type": "Feature", "properties": { "poi_name": "羅斯福新生南路口", "note": "32", "stop_type": "YouBike" }, "geometry": { "type": "Point", "coordinates": [ 121.53316, 25.01604 ] } },
{ "type": "Feature", "properties": { "poi_name": "延平國宅", "note": "41", "stop_type": "YouBike" }, "geometry": { "type": "Point", "coordinates": [ 121.51121, 25.07894 ] } },
{ "type": "Feature", "properties": { "poi_name": "臺北市立圖書館大同分館", "note": "40", "stop_type": "YouBike" }, "geometry": { "type": "Point", "coordinates": [ 121.51349, 25.0741 ] } },
{ "type": "Feature", "properties": { "poi_name": "合昌宮", "note": "15", "stop_type": "YouBike" }, "geometry": { "type": "Point", "coordinates": [ 121.50934, 25.07717 ] } },
{ "type": "Feature", "properties": { "poi_name": "民族延平路口", "note": "36", "stop_type": "YouBike" }, "geometry": { "type": "Point", "coordinates": [ 121.5107, 25.06864 ] } },
{ "type": "Feature", "properties": { "poi_name": "重慶酒泉街口", "note": "44", "stop_type": "YouBike" }, "geometry": { "type": "Point", "coordinates": [ 121.51368, 25.07158 ] } },
{ "type": "Feature", "properties": { "poi_name": "樹德公園", "note": "14", "stop_type": "YouBike" }, "geometry": { "type": "Point", "coordinates": [ 121.5165, 25.06647 ] } },
{ "type": "Feature", "properties": { "poi_name": "陳天來故居", "note": "16", "stop_type": "YouBike" }, "geometry": { "type": "Point", "coordinates": [ 121.50895, 25.05601 ] } },
{ "type": "Feature", "properties": { "poi_name": "臺北孔廟", "note": "37", "stop_type": "YouBike" }, "geometry": { "type": "Point", "coordinates": [ 121.51583, 25.07378 ] } },
{ "type": "Feature", "properties": { "poi_name": "捷運圓山站(1號出口)", "note": "81", "stop_type": "YouBike" }, "geometry": { "type": "Point", "coordinates": [ 121.52024, 25.07133 ] } },
{ "type": "Feature", "properties": { "poi_name": "酒泉延平路口", "note": "46", "stop_type": "YouBike" }, "geometry": { "type": "Point", "coordinates": [ 121.51057, 25.0722 ] } },
{ "type": "Feature", "properties": { "poi_name": "重慶國中", "note": "64", "stop_type": "YouBike" }, "geometry": { "type": "Point", "coordinates": [ 121.51862, 25.07567 ] } },
{ "type": "Feature", "properties": { "poi_name": "重慶北路三段383巷口", "note": "34", "stop_type": "YouBike" }, "geometry": { "type": "Point", "coordinates": [ 121.51409, 25.07598 ] } },
{ "type": "Feature", "properties": { "poi_name": "台北數位產業園區", "note": "24", "stop_type": "YouBike" }, "geometry": { "type": "Point", "coordinates": [ 121.52003, 25.07447 ] } },
{ "type": "Feature", "properties": { "poi_name": "民權延平路口(西北側)", "note": "20", "stop_type": "YouBike" }, "geometry": { "type": "Point", "coordinates": [ 121.51099, 25.06326 ] } },
{ "type": "Feature", "properties": { "poi_name": "民權迪化街口", "note": "45", "stop_type": "YouBike" }, "geometry": { "type": "Point", "coordinates": [ 121.50943, 25.06327 ] } },
{ "type": "Feature", "properties": { "poi_name": "大稻埕公園", "note": "35", "stop_type": "YouBike" }, "geometry": { "type": "Point", "coordinates": [ 121.51033, 25.05915 ] } },
{ "type": "Feature", "properties": { "poi_name": "大龍老人住宅", "note": "14", "stop_type": "YouBike" }, "geometry": { "type": "Point", "coordinates": [ 121.51729, 25.06853 ] } },
{ "type": "Feature", "properties": { "poi_name": "大龍峒社會住宅", "note": "34", "stop_type": "YouBike" }, "geometry": { "type": "Point", "coordinates": [ 121.51826, 25.0708 ] } },
{ "type": "Feature", "properties": { "poi_name": "捷運大橋頭站(2號出口)", "note": "57", "stop_type": "YouBike" }, "geometry": { "type": "Point", "coordinates": [ 121.51308, 25.06314 ] } },
{ "type": "Feature", "properties": { "poi_name": "捷運大橋頭站(1A出口)", "note": "30", "stop_type": "YouBike" }, "geometry": { "type": "Point", "coordinates": [ 121.51162, 25.06325 ] } },
{ "type": "Feature", "properties": { "poi_name": "捷運民權西路站(2號出口)", "note": "25", "stop_type": "YouBike" }, "geometry": { "type": "Point", "coordinates": [ 121.51969, 25.06174 ] } },
{ "type": "Feature", "properties": { "poi_name": "捷運雙連站(2號出口)", "note": "41", "stop_type": "YouBike" }, "geometry": { "type": "Point", "coordinates": [ 121.52063, 25.05826 ] } },
{ "type": "Feature", "properties": { "poi_name": "捷運北門站(3號出口)", "note": "86", "stop_type": "YouBike" }, "geometry": { "type": "Point", "coordinates": [ 121.5104, 25.04991 ] } },
{ "type": "Feature", "properties": { "poi_name": "朝陽公園", "note": "10", "stop_type": "YouBike" }, "geometry": { "type": "Point", "coordinates": [ 121.51367, 25.05592 ] } },
{ "type": "Feature", "properties": { "poi_name": "永樂市場", "note": "36", "stop_type": "YouBike" }, "geometry": { "type": "Point", "coordinates": [ 121.51052, 25.05454 ] } },
{ "type": "Feature", "properties": { "poi_name": "大龍公園", "note": "26", "stop_type": "YouBike" }, "geometry": { "type": "Point", "coordinates": [ 121.51596, 25.07049 ] } },
{ "type": "Feature", "properties": { "poi_name": "重慶涼州街口", "note": "13", "stop_type": "YouBike" }, "geometry": { "type": "Point", "coordinates": [ 121.51338, 25.06054 ] } },
{ "type": "Feature", "properties": { "poi_name": "圓山線形公園", "note": "26", "stop_type": "YouBike" }, "geometry": { "type": "Point", "coordinates": [ 121.51993, 25.06867 ] } },
{ "type": "Feature", "properties": { "poi_name": "圓環站", "note": "31", "stop_type": "YouBike" }, "geometry": { "type": "Point", "coordinates": [ 121.51418, 25.05369 ] } },
{ "type": "Feature", "properties": { "poi_name": "重慶民族路口", "note": "32", "stop_type": "YouBike" }, "geometry": { "type": "Point", "coordinates": [ 121.51359, 25.06853 ] } },
{ "type": "Feature", "properties": { "poi_name": "承德路三段8巷口", "note": "21", "stop_type": "YouBike" }, "geometry": { "type": "Point", "coordinates": [ 121.51822, 25.06407 ] } },
{ "type": "Feature", "properties": { "poi_name": "太原廣場", "note": "31", "stop_type": "YouBike" }, "geometry": { "type": "Point", "coordinates": [ 121.51468, 25.04925 ] } },
{ "type": "Feature", "properties": { "poi_name": "國順公園", "note": "20", "stop_type": "YouBike" }, "geometry": { "type": "Point", "coordinates": [ 121.51078, 25.06594 ] } },
{ "type": "Feature", "properties": { "poi_name": "聯合醫院中興院區", "note": "48", "stop_type": "YouBike" }, "geometry": { "type": "Point", "coordinates": [ 121.50818, 25.05205 ] } },
{ "type": "Feature", "properties": { "poi_name": "蔣渭水紀念公園", "note": "47", "stop_type": "YouBike" }, "geometry": { "type": "Point", "coordinates": [ 121.51729, 25.06011 ] } },
{ "type": "Feature", "properties": { "poi_name": "迪化休閒運動公園", "note": "31", "stop_type": "YouBike" }, "geometry": { "type": "Point", "coordinates": [ 121.5115, 25.07491 ] } },
{ "type": "Feature", "properties": { "poi_name": "大同運動中心", "note": "16", "stop_type": "YouBike" }, "geometry": { "type": "Point", "coordinates": [ 121.51608, 25.06496 ] } },
{ "type": "Feature", "properties": { "poi_name": "重慶保安街口(家樂福重慶店)", "note": "20", "stop_type": "YouBike" }, "geometry": { "type": "Point", "coordinates": [ 121.51373, 25.05918 ] } },
{ "type": "Feature", "properties": { "poi_name": "大稻埕碼頭", "note": "52", "stop_type": "YouBike" }, "geometry": { "type": "Point", "coordinates": [ 121.50783, 25.05662 ] } },
{ "type": "Feature", "properties": { "poi_name": "歸綏戲曲公園", "note": "25", "stop_type": "YouBike" }, "geometry": { "type": "Point", "coordinates": [ 121.51353, 25.05805 ] } },
{ "type": "Feature", "properties": { "poi_name": "民權國中(民權西路)", "note": "25", "stop_type": "YouBike" }, "geometry": { "type": "Point", "coordinates": [ 121.5144, 25.06322 ] } },
{ "type": "Feature", "properties": { "poi_name": "承德民權路口", "note": "36", "stop_type": "YouBike" }, "geometry": { "type": "Point", "coordinates": [ 121.51839, 25.06247 ] } },
{ "type": "Feature", "properties": { "poi_name": "南京太原路口", "note": "29", "stop_type": "YouBike" }, "geometry": { "type": "Point", "coordinates": [ 121.51638, 25.05366 ] } },
{ "type": "Feature", "properties": { "poi_name": "承德民生西路口", "note": "19", "stop_type": "YouBike" }, "geometry": { "type": "Point", "coordinates": [ 121.51828, 25.05756 ] } },
{ "type": "Feature", "properties": { "poi_name": "太原五原路口", "note": "39", "stop_type": "YouBike" }, "geometry": { "type": "Point", "coordinates": [ 121.51698, 25.05646 ] } },
{ "type": "Feature", "properties": { "poi_name": "臺北轉運站(華陰街)", "note": "20", "stop_type": "YouBike" }, "geometry": { "type": "Point", "coordinates": [ 121.51914, 25.04937 ] } },
{ "type": "Feature", "properties": { "poi_name": "捷運民權西路站(3號出口)", "note": "50", "stop_type": "YouBike" }, "geometry": { "type": "Point", "coordinates": [ 121.52021, 25.06129 ] } },
{ "type": "Feature", "properties": { "poi_name": "捷運中山站(5號出口)", "note": "18", "stop_type": "YouBike" }, "geometry": { "type": "Point", "coordinates": [ 121.51938, 25.05296 ] } },
{ "type": "Feature", "properties": { "poi_name": "重慶長安路口", "note": "21", "stop_type": "YouBike" }, "geometry": { "type": "Point", "coordinates": [ 121.51398, 25.0515 ] } },
{ "type": "Feature", "properties": { "poi_name": "承德昌吉街口", "note": "18", "stop_type": "YouBike" }, "geometry": { "type": "Point", "coordinates": [ 121.51847, 25.06587 ] } },
{ "type": "Feature", "properties": { "poi_name": "大同16號廣場", "note": "14", "stop_type": "YouBike" }, "geometry": { "type": "Point", "coordinates": [ 121.50826, 25.05658 ] } },
{ "type": "Feature", "properties": { "poi_name": "捷運圓山站(2號出口)", "note": "36", "stop_type": "YouBike" }, "geometry": { "type": "Point", "coordinates": [ 121.51929, 25.07182 ] } },
{ "type": "Feature", "properties": { "poi_name": "樹德公園_1", "note": "40", "stop_type": "YouBike" }, "geometry": { "type": "Point", "coordinates": [ 121.51615, 25.06669 ] } },
{ "type": "Feature", "properties": { "poi_name": "承德鄭州路口(市民高架下)", "note": "38", "stop_type": "YouBike" }, "geometry": { "type": "Point", "coordinates": [ 121.51626, 25.04879 ] } },
{ "type": "Feature", "properties": { "poi_name": "成淵高中", "note": "25", "stop_type": "YouBike" }, "geometry": { "type": "Point", "coordinates": [ 121.51996, 25.06036 ] } },
{ "type": "Feature", "properties": { "poi_name": "雙蓮國小", "note": "20", "stop_type": "YouBike" }, "geometry": { "type": "Point", "coordinates": [ 121.51683, 25.06157 ] } },
{ "type": "Feature", "properties": { "poi_name": "寧夏涼州街口", "note": "15", "stop_type": "YouBike" }, "geometry": { "type": "Point", "coordinates": [ 121.51428, 25.06095 ] } },
{ "type": "Feature", "properties": { "poi_name": "延平涼州街口", "note": "14", "stop_type": "YouBike" }, "geometry": { "type": "Point", "coordinates": [ 121.51126, 25.06092 ] } },
{ "type": "Feature", "properties": { "poi_name": "大同行政中心", "note": "16", "stop_type": "YouBike" }, "geometry": { "type": "Point", "coordinates": [ 121.51481, 25.06603 ] } },
{ "type": "Feature", "properties": { "poi_name": "大龍市場", "note": "15", "stop_type": "YouBike" }, "geometry": { "type": "Point", "coordinates": [ 121.51451, 25.07473 ] } },
{ "type": "Feature", "properties": { "poi_name": "南京西寧北路口(西北側)", "note": "13", "stop_type": "YouBike" }, "geometry": { "type": "Point", "coordinates": [ 121.50855, 25.05348 ] } },
{ "type": "Feature", "properties": { "poi_name": "哈密街23巷19弄口", "note": "23", "stop_type": "YouBike" }, "geometry": { "type": "Point", "coordinates": [ 121.51815, 25.07563 ] } },
{ "type": "Feature", "properties": { "poi_name": "民權西路160巷口", "note": "15", "stop_type": "YouBike" }, "geometry": { "type": "Point", "coordinates": [ 121.51544, 25.06289 ] } },
{ "type": "Feature", "properties": { "poi_name": "重慶北路三段205巷口", "note": "19", "stop_type": "YouBike" }, "geometry": { "type": "Point", "coordinates": [ 121.51388, 25.06997 ] } },
{ "type": "Feature", "properties": { "poi_name": "承德路二段91巷口", "note": "20", "stop_type": "YouBike" }, "geometry": { "type": "Point", "coordinates": [ 121.51847, 25.05621 ] } },
{ "type": "Feature", "properties": { "poi_name": "酒泉庫倫街口", "note": "15", "stop_type": "YouBike" }, "geometry": { "type": "Point", "coordinates": [ 121.51626, 25.07194 ] } },
{ "type": "Feature", "properties": { "poi_name": "民族西大龍街口", "note": "16", "stop_type": "YouBike" }, "geometry": { "type": "Point", "coordinates": [ 121.51559, 25.06864 ] } },
{ "type": "Feature", "properties": { "poi_name": "承德路三段324巷口", "note": "45", "stop_type": "YouBike" }, "geometry": { "type": "Point", "coordinates": [ 121.51977, 25.07477 ] } },
{ "type": "Feature", "properties": { "poi_name": "玉泉公園(鄭州路)", "note": "20", "stop_type": "YouBike" }, "geometry": { "type": "Point", "coordinates": [ 121.50766, 25.05044 ] } },
{ "type": "Feature", "properties": { "poi_name": "玉泉公園(忠孝西路)", "note": "25", "stop_type": "YouBike" }, "geometry": { "type": "Point", "coordinates": [ 121.50745, 25.04888 ] } },
{ "type": "Feature", "properties": { "poi_name": "太平國小", "note": "23", "stop_type": "YouBike" }, "geometry": { "type": "Point", "coordinates": [ 121.51343, 25.06189 ] } },
{ "type": "Feature", "properties": { "poi_name": "明倫高中", "note": "32", "stop_type": "YouBike" }, "geometry": { "type": "Point", "coordinates": [ 121.52011, 25.07576 ] } },
{ "type": "Feature", "properties": { "poi_name": "伊寧重慶北路口", "note": "15", "stop_type": "YouBike" }, "geometry": { "type": "Point", "coordinates": [ 121.51335, 25.06465 ] } },
{ "type": "Feature", "properties": { "poi_name": "永樂國小", "note": "17", "stop_type": "YouBike" }, "geometry": { "type": "Point", "coordinates": [ 121.50982, 25.06174 ] } },
{ "type": "Feature", "properties": { "poi_name": "民權延平路口(西南側)", "note": "14", "stop_type": "YouBike" }, "geometry": { "type": "Point", "coordinates": [ 121.51107, 25.06263 ] } },
{ "type": "Feature", "properties": { "poi_name": "捷運民權西路站(1號出口)", "note": "19", "stop_type": "YouBike" }, "geometry": { "type": "Point", "coordinates": [ 121.51933, 25.06277 ] } },
{ "type": "Feature", "properties": { "poi_name": "承德路三段301巷", "note": "39", "stop_type": "YouBike" }, "geometry": { "type": "Point", "coordinates": [ 121.52138, 25.07535 ] } },
{ "type": "Feature", "properties": { "poi_name": "捷運圓山站(庫倫街61巷口)", "note": "35", "stop_type": "YouBike" }, "geometry": { "type": "Point", "coordinates": [ 121.51961, 25.07197 ] } },
{ "type": "Feature", "properties": { "poi_name": "大龍國小地下停車場", "note": "17", "stop_type": "YouBike" }, "geometry": { "type": "Point", "coordinates": [ 121.5173, 25.07374 ] } },
{ "type": "Feature", "properties": { "poi_name": "捷運北門站(1號出口)", "note": "26", "stop_type": "YouBike" }, "geometry": { "type": "Point", "coordinates": [ 121.50988, 25.04885 ] } },
{ "type": "Feature", "properties": { "poi_name": "重慶北路派出所", "note": "18", "stop_type": "YouBike" }, "geometry": { "type": "Point", "coordinates": [ 121.5136, 25.07553 ] } },
{ "type": "Feature", "properties": { "poi_name": "承德路三段251巷口", "note": "20", "stop_type": "YouBike" }, "geometry": { "type": "Point", "coordinates": [ 121.51852, 25.06993 ] } },
{ "type": "Feature", "properties": { "poi_name": "忠和公園", "note": "12", "stop_type": "YouBike" }, "geometry": { "type": "Point", "coordinates": [ 121.50871, 25.0581 ] } },
{ "type": "Feature", "properties": { "poi_name": "劍潭抽水站", "note": "17", "stop_type": "YouBike" }, "geometry": { "type": "Point", "coordinates": [ 121.51784, 25.08128 ] } },
{ "type": "Feature", "properties": { "poi_name": "通河東街大南路口", "note": "15", "stop_type": "YouBike" }, "geometry": { "type": "Point", "coordinates": [ 121.51542, 25.08914 ] } },
{ "type": "Feature", "properties": { "poi_name": "福港街停車場", "note": "38", "stop_type": "YouBike" }, "geometry": { "type": "Point", "coordinates": [ 121.51901, 25.08695 ] } },
{ "type": "Feature", "properties": { "poi_name": "百齡國小", "note": "68", "stop_type": "YouBike" }, "geometry": { "type": "Point", "coordinates": [ 121.51918, 25.08521 ] } },
{ "type": "Feature", "properties": { "poi_name": "雨聲街165巷口", "note": "24", "stop_type": "YouBike" }, "geometry": { "type": "Point", "coordinates": [ 121.53357, 25.10277 ] } },
{ "type": "Feature", "properties": { "poi_name": "天和公園", "note": "16", "stop_type": "YouBike" }, "geometry": { "type": "Point", "coordinates": [ 121.53357, 25.12011 ] } },
{ "type": "Feature", "properties": { "poi_name": "中山天母路口", "note": "29", "stop_type": "YouBike" }, "geometry": { "type": "Point", "coordinates": [ 121.52964, 25.11856 ] } },
{ "type": "Feature", "properties": { "poi_name": "天母運動公園", "note": "62", "stop_type": "YouBike" }, "geometry": { "type": "Point", "coordinates": [ 121.53414, 25.11633 ] } },
{ "type": "Feature", "properties": { "poi_name": "臺北市立大學(天母校區)", "note": "48", "stop_type": "YouBike" }, "geometry": { "type": "Point", "coordinates": [ 121.53718, 25.11356 ] } },
{ "type": "Feature", "properties": { "poi_name": "忠誠路二段53巷", "note": "37", "stop_type": "YouBike" }, "geometry": { "type": "Point", "coordinates": [ 121.53244, 25.11127 ] } },
{ "type": "Feature", "properties": { "poi_name": "天母棒球場", "note": "26", "stop_type": "YouBike" }, "geometry": { "type": "Point", "coordinates": [ 121.53195, 25.11341 ] } },
{ "type": "Feature", "properties": { "poi_name": "天母北天玉街口", "note": "22", "stop_type": "YouBike" }, "geometry": { "type": "Point", "coordinates": [ 121.52652, 25.12011 ] } },
{ "type": "Feature", "properties": { "poi_name": "蘭興公園", "note": "61", "stop_type": "YouBike" }, "geometry": { "type": "Point", "coordinates": [ 121.52589, 25.11184 ] } },
{ "type": "Feature", "properties": { "poi_name": "明勝公園", "note": "14", "stop_type": "YouBike" }, "geometry": { "type": "Point", "coordinates": [ 121.51895, 25.08009 ] } },
{ "type": "Feature", "properties": { "poi_name": "劍潭海外青年活動中心", "note": "23", "stop_type": "YouBike" }, "geometry": { "type": "Point", "coordinates": [ 121.52426, 25.07994 ] } },
{ "type": "Feature", "properties": { "poi_name": "忠誠路一段173巷口", "note": "11", "stop_type": "YouBike" }, "geometry": { "type": "Point", "coordinates": [ 121.5304, 25.10813 ] } },
{ "type": "Feature", "properties": { "poi_name": "雨農國小", "note": "21", "stop_type": "YouBike" }, "geometry": { "type": "Point", "coordinates": [ 121.5295, 25.1054 ] } },
{ "type": "Feature", "properties": { "poi_name": "忠誠公園", "note": "25", "stop_type": "YouBike" }, "geometry": { "type": "Point", "coordinates": [ 121.52593, 25.10399 ] } },
{ "type": "Feature", "properties": { "poi_name": "芝山抽水站", "note": "41", "stop_type": "YouBike" }, "geometry": { "type": "Point", "coordinates": [ 121.52832, 25.10155 ] } },
{ "type": "Feature", "properties": { "poi_name": "至誠路一段305巷口", "note": "21", "stop_type": "YouBike" }, "geometry": { "type": "Point", "coordinates": [ 121.53083, 25.10186 ] } },
{ "type": "Feature", "properties": { "poi_name": "華齡公園", "note": "32", "stop_type": "YouBike" }, "geometry": { "type": "Point", "coordinates": [ 121.52069, 25.08302 ] } },
{ "type": "Feature", "properties": { "poi_name": "前港公園(福德宮)", "note": "31", "stop_type": "YouBike" }, "geometry": { "type": "Point", "coordinates": [ 121.52096, 25.08671 ] } },
{ "type": "Feature", "properties": { "poi_name": "華齡街185巷口", "note": "18", "stop_type": "YouBike" }, "geometry": { "type": "Point", "coordinates": [ 121.51985, 25.08828 ] } },
{ "type": "Feature", "properties": { "poi_name": "前港公園(前港街)", "note": "27", "stop_type": "YouBike" }, "geometry": { "type": "Point", "coordinates": [ 121.52125, 25.0848 ] } },
{ "type": "Feature", "properties": { "poi_name": "百齡高中", "note": "27", "stop_type": "YouBike" }, "geometry": { "type": "Point", "coordinates": [ 121.52272, 25.08736 ] } },
{ "type": "Feature", "properties": { "poi_name": "捷運芝山站(2號出口)", "note": "50", "stop_type": "YouBike" }, "geometry": { "type": "Point", "coordinates": [ 121.52219, 25.10364 ] } },
{ "type": "Feature", "properties": { "poi_name": "臺灣戲曲中心", "note": "25", "stop_type": "YouBike" }, "geometry": { "type": "Point", "coordinates": [ 121.51979, 25.10208 ] } },
{ "type": "Feature", "properties": { "poi_name": "捷運劍潭站(2號出口)", "note": "49", "stop_type": "YouBike" }, "geometry": { "type": "Point", "coordinates": [ 121.52535, 25.08388 ] } },
{ "type": "Feature", "properties": { "poi_name": "劍潭基河路口", "note": "66", "stop_type": "YouBike" }, "geometry": { "type": "Point", "coordinates": [ 121.5249, 25.08403 ] } },
{ "type": "Feature", "properties": { "poi_name": "志成公園", "note": "23", "stop_type": "YouBike" }, "geometry": { "type": "Point", "coordinates": [ 121.53214, 25.09716 ] } },
{ "type": "Feature", "properties": { "poi_name": "福林國小", "note": "26", "stop_type": "YouBike" }, "geometry": { "type": "Point", "coordinates": [ 121.53025, 25.09896 ] } },
{ "type": "Feature", "properties": { "poi_name": "中山中正路口", "note": "19", "stop_type": "YouBike" }, "geometry": { "type": "Point", "coordinates": [ 121.52753, 25.09651 ] } },
{ "type": "Feature", "properties": { "poi_name": "士林運動中心", "note": "30", "stop_type": "YouBike" }, "geometry": { "type": "Point", "coordinates": [ 121.52154, 25.08911 ] } },
{ "type": "Feature", "properties": { "poi_name": "陽明高中", "note": "77", "stop_type": "YouBike" }, "geometry": { "type": "Point", "coordinates": [ 121.51706, 25.09164 ] } },
{ "type": "Feature", "properties": { "poi_name": "兒童新樂園", "note": "23", "stop_type": "YouBike" }, "geometry": { "type": "Point", "coordinates": [ 121.51449, 25.09631 ] } },
{ "type": "Feature", "properties": { "poi_name": "臺北市立天文館", "note": "50", "stop_type": "YouBike" }, "geometry": { "type": "Point", "coordinates": [ 121.51776, 25.09598 ] } },
{ "type": "Feature", "properties": { "poi_name": "華聲公園", "note": "35", "stop_type": "YouBike" }, "geometry": { "type": "Point", "coordinates": [ 121.5223, 25.09619 ] } },
{ "type": "Feature", "properties": { "poi_name": "福林公園", "note": "25", "stop_type": "YouBike" }, "geometry": { "type": "Point", "coordinates": [ 121.52833, 25.09419 ] } },
{ "type": "Feature", "properties": { "poi_name": "捷運士林站(2號出口)", "note": "30", "stop_type": "YouBike" }, "geometry": { "type": "Point", "coordinates": [ 121.52642, 25.09343 ] } },
{ "type": "Feature", "properties": { "poi_name": "銘傳大學", "note": "26", "stop_type": "YouBike" }, "geometry": { "type": "Point", "coordinates": [ 121.52677, 25.08771 ] } },
{ "type": "Feature", "properties": { "poi_name": "士林高商", "note": "26", "stop_type": "YouBike" }, "geometry": { "type": "Point", "coordinates": [ 121.51702, 25.09435 ] } },
{ "type": "Feature", "properties": { "poi_name": "蘭雅公園", "note": "38", "stop_type": "YouBike" }, "geometry": { "type": "Point", "coordinates": [ 121.53039, 25.10991 ] } },
{ "type": "Feature", "properties": { "poi_name": "聯合醫院陽明院區", "note": "25", "stop_type": "YouBike" }, "geometry": { "type": "Point", "coordinates": [ 121.53195, 25.10455 ] } },
{ "type": "Feature", "properties": { "poi_name": "捷運芝山站(1號出口)", "note": "35", "stop_type": "YouBike" }, "geometry": { "type": "Point", "coordinates": [ 121.52286, 25.10225 ] } },
{ "type": "Feature", "properties": { "poi_name": "至誠公園", "note": "20", "stop_type": "YouBike" }, "geometry": { "type": "Point", "coordinates": [ 121.53585, 25.10143 ] } },
{ "type": "Feature", "properties": { "poi_name": "原住民文化主題公園", "note": "21", "stop_type": "YouBike" }, "geometry": { "type": "Point", "coordinates": [ 121.55159, 25.10113 ] } },
{ "type": "Feature", "properties": { "poi_name": "通河東街2段10巷口", "note": "15", "stop_type": "YouBike" }, "geometry": { "type": "Point", "coordinates": [ 121.51502, 25.09106 ] } },
{ "type": "Feature", "properties": { "poi_name": "梅林新村", "note": "25", "stop_type": "YouBike" }, "geometry": { "type": "Point", "coordinates": [ 121.54036, 25.09755 ] } },
{ "type": "Feature", "properties": { "poi_name": "延平北中正路口", "note": "30", "stop_type": "YouBike" }, "geometry": { "type": "Point", "coordinates": [ 121.50948, 25.08678 ] } },
{ "type": "Feature", "properties": { "poi_name": "重慶北路四段190巷口", "note": "13", "stop_type": "YouBike" }, "geometry": { "type": "Point", "coordinates": [ 121.51166, 25.08505 ] } },
{ "type": "Feature", "properties": { "poi_name": "重慶北葫東街口", "note": "15", "stop_type": "YouBike" }, "geometry": { "type": "Point", "coordinates": [ 121.51169, 25.08393 ] } },
{ "type": "Feature", "properties": { "poi_name": "葫蘆國小", "note": "30", "stop_type": "YouBike" }, "geometry": { "type": "Point", "coordinates": [ 121.5075, 25.08254 ] } },
{ "type": "Feature", "properties": { "poi_name": "士林3號廣場", "note": "38", "stop_type": "YouBike" }, "geometry": { "type": "Point", "coordinates": [ 121.52417, 25.10459 ] } },
{ "type": "Feature", "properties": { "poi_name": "社正公園", "note": "15", "stop_type": "YouBike" }, "geometry": { "type": "Point", "coordinates": [ 121.51054, 25.08824 ] } },
{ "type": "Feature", "properties": { "poi_name": "社子國小", "note": "11", "stop_type": "YouBike" }, "geometry": { "type": "Point", "coordinates": [ 121.50292, 25.09186 ] } },
{ "type": "Feature", "properties": { "poi_name": "社中街384巷口", "note": "24", "stop_type": "YouBike" }, "geometry": { "type": "Point", "coordinates": [ 121.50376, 25.09346 ] } },
{ "type": "Feature", "properties": { "poi_name": "忠誠路一段138號", "note": "15", "stop_type": "YouBike" }, "geometry": { "type": "Point", "coordinates": [ 121.52944, 25.10641 ] } },
{ "type": "Feature", "properties": { "poi_name": "社子公園", "note": "31", "stop_type": "YouBike" }, "geometry": { "type": "Point", "coordinates": [ 121.50622, 25.0902 ] } },
{ "type": "Feature", "properties": { "poi_name": "國立故宮博物院", "note": "27", "stop_type": "YouBike" }, "geometry": { "type": "Point", "coordinates": [ 121.54788, 25.09833 ] } },
{ "type": "Feature", "properties": { "poi_name": "泰北高中", "note": "23", "stop_type": "YouBike" }, "geometry": { "type": "Point", "coordinates": [ 121.53402, 25.09763 ] } },
{ "type": "Feature", "properties": { "poi_name": "後港公園", "note": "15", "stop_type": "YouBike" }, "geometry": { "type": "Point", "coordinates": [ 121.51419, 25.09312 ] } },
{ "type": "Feature", "properties": { "poi_name": "重慶北路四段117號", "note": "24", "stop_type": "YouBike" }, "geometry": { "type": "Point", "coordinates": [ 121.51219, 25.08279 ] } },
{ "type": "Feature", "properties": { "poi_name": "社子島島頭公園", "note": "22", "stop_type": "YouBike" }, "geometry": { "type": "Point", "coordinates": [ 121.46639, 25.10893 ] } },
{ "type": "Feature", "properties": { "poi_name": "延平北路八段133巷口", "note": "22", "stop_type": "YouBike" }, "geometry": { "type": "Point", "coordinates": [ 121.48297, 25.10304 ] } },
{ "type": "Feature", "properties": { "poi_name": "坤天亭", "note": "14", "stop_type": "YouBike" }, "geometry": { "type": "Point", "coordinates": [ 121.4836, 25.1064 ] } },
{ "type": "Feature", "properties": { "poi_name": "社子島濕地解說小築", "note": "15", "stop_type": "YouBike" }, "geometry": { "type": "Point", "coordinates": [ 121.48974, 25.11314 ] } },
{ "type": "Feature", "properties": { "poi_name": "福安國中", "note": "25", "stop_type": "YouBike" }, "geometry": { "type": "Point", "coordinates": [ 121.48819, 25.10261 ] } },
{ "type": "Feature", "properties": { "poi_name": "福安消防分隊", "note": "20", "stop_type": "YouBike" }, "geometry": { "type": "Point", "coordinates": [ 121.49706, 25.09669 ] } },
{ "type": "Feature", "properties": { "poi_name": "聖山綠地", "note": "15", "stop_type": "YouBike" }, "geometry": { "type": "Point", "coordinates": [ 121.53234, 25.10696 ] } },
{ "type": "Feature", "properties": { "poi_name": "芝山國小", "note": "38", "stop_type": "YouBike" }, "geometry": { "type": "Point", "coordinates": [ 121.53595, 25.11044 ] } },
{ "type": "Feature", "properties": { "poi_name": "士林新天地", "note": "29", "stop_type": "YouBike" }, "geometry": { "type": "Point", "coordinates": [ 121.51751, 25.08899 ] } },
{ "type": "Feature", "properties": { "poi_name": "蘭雅國小", "note": "30", "stop_type": "YouBike" }, "geometry": { "type": "Point", "coordinates": [ 121.52312, 25.10775 ] } },
{ "type": "Feature", "properties": { "poi_name": "中正基河路口", "note": "37", "stop_type": "YouBike" }, "geometry": { "type": "Point", "coordinates": [ 121.51921, 25.09382 ] } },
{ "type": "Feature", "properties": { "poi_name": "福林公園(福林路)", "note": "47", "stop_type": "YouBike" }, "geometry": { "type": "Point", "coordinates": [ 121.53123, 25.09587 ] } },
{ "type": "Feature", "properties": { "poi_name": "至善臨溪路口", "note": "48", "stop_type": "YouBike" }, "geometry": { "type": "Point", "coordinates": [ 121.54229, 25.09709 ] } },
{ "type": "Feature", "properties": { "poi_name": "市立圖書館葫蘆堵分館", "note": "18", "stop_type": "YouBike" }, "geometry": { "type": "Point", "coordinates": [ 121.51074, 25.08217 ] } },
{ "type": "Feature", "properties": { "poi_name": "東山路110巷口", "note": "16", "stop_type": "YouBike" }, "geometry": { "type": "Point", "coordinates": [ 121.53945, 25.11306 ] } },
{ "type": "Feature", "properties": { "poi_name": "永平社會住宅", "note": "15", "stop_type": "YouBike" }, "geometry": { "type": "Point", "coordinates": [ 121.50314, 25.08887 ] } },
{ "type": "Feature", "properties": { "poi_name": "雨農橋", "note": "24", "stop_type": "YouBike" }, "geometry": { "type": "Point", "coordinates": [ 121.53253, 25.10012 ] } },
{ "type": "Feature", "properties": { "poi_name": "通河街76巷/承德路四段10巷口", "note": "14", "stop_type": "YouBike" }, "geometry": { "type": "Point", "coordinates": [ 121.5202, 25.08019 ] } },
{ "type": "Feature", "properties": { "poi_name": "芝山聖佑宮", "note": "25", "stop_type": "YouBike" }, "geometry": { "type": "Point", "coordinates": [ 121.53025, 25.10455 ] } },
{ "type": "Feature", "properties": { "poi_name": "至誠雨聲街口", "note": "9", "stop_type": "YouBike" }, "geometry": { "type": "Point", "coordinates": [ 121.52927, 25.10199 ] } },
{ "type": "Feature", "properties": { "poi_name": "捷運線型公園(後街)", "note": "28", "stop_type": "YouBike" }, "geometry": { "type": "Point", "coordinates": [ 121.52449, 25.09812 ] } },
{ "type": "Feature", "properties": { "poi_name": "天母公園", "note": "12", "stop_type": "YouBike" }, "geometry": { "type": "Point", "coordinates": [ 121.53003, 25.12408 ] } },
{ "type": "Feature", "properties": { "poi_name": "基河文林路口", "note": "50", "stop_type": "YouBike" }, "geometry": { "type": "Point", "coordinates": [ 121.5247, 25.08637 ] } },
{ "type": "Feature", "properties": { "poi_name": "文林福華路口", "note": "38", "stop_type": "YouBike" }, "geometry": { "type": "Point", "coordinates": [ 121.52243, 25.10094 ] } },
{ "type": "Feature", "properties": { "poi_name": "劍潭海外青年活動中心_1", "note": "39", "stop_type": "YouBike" }, "geometry": { "type": "Point", "coordinates": [ 121.5237, 25.0796 ] } },
{ "type": "Feature", "properties": { "poi_name": "社子國小_1", "note": "50", "stop_type": "YouBike" }, "geometry": { "type": "Point", "coordinates": [ 121.50189, 25.09029 ] } },
{ "type": "Feature", "properties": { "poi_name": "捷運劍潭站(1號出口)", "note": "70", "stop_type": "YouBike" }, "geometry": { "type": "Point", "coordinates": [ 121.52531, 25.08577 ] } },
{ "type": "Feature", "properties": { "poi_name": "德行東山路口", "note": "12", "stop_type": "YouBike" }, "geometry": { "type": "Point", "coordinates": [ 121.53999, 25.1107 ] } },
{ "type": "Feature", "properties": { "poi_name": "重慶北通河西街口", "note": "12", "stop_type": "YouBike" }, "geometry": { "type": "Point", "coordinates": [ 121.51177, 25.08756 ] } },
{ "type": "Feature", "properties": { "poi_name": "葫蘆國小(延平北路五段285巷)", "note": "25", "stop_type": "YouBike" }, "geometry": { "type": "Point", "coordinates": [ 121.5067, 25.08406 ] } },
{ "type": "Feature", "properties": { "poi_name": "社子市場", "note": "15", "stop_type": "YouBike" }, "geometry": { "type": "Point", "coordinates": [ 121.50873, 25.0881 ] } },
{ "type": "Feature", "properties": { "poi_name": "士林區農會社子分部", "note": "8", "stop_type": "YouBike" }, "geometry": { "type": "Point", "coordinates": [ 121.5049, 25.08912 ] } },
{ "type": "Feature", "properties": { "poi_name": "承德劍潭路口", "note": "19", "stop_type": "YouBike" }, "geometry": { "type": "Point", "coordinates": [ 121.52341, 25.0841 ] } },
{ "type": "Feature", "properties": { "poi_name": "文林路101巷口", "note": "17", "stop_type": "YouBike" }, "geometry": { "type": "Point", "coordinates": [ 121.52608, 25.08761 ] } },
{ "type": "Feature", "properties": { "poi_name": "延平北路五段257巷15弄口", "note": "11", "stop_type": "YouBike" }, "geometry": { "type": "Point", "coordinates": [ 121.50959, 25.08408 ] } },
{ "type": "Feature", "properties": { "poi_name": "延平北路五段257巷4弄口", "note": "15", "stop_type": "YouBike" }, "geometry": { "type": "Point", "coordinates": [ 121.5089, 25.08471 ] } },
{ "type": "Feature", "properties": { "poi_name": "啟明學校", "note": "16", "stop_type": "YouBike" }, "geometry": { "type": "Point", "coordinates": [ 121.53472, 25.11742 ] } },
{ "type": "Feature", "properties": { "poi_name": "中山福國路口", "note": "14", "stop_type": "YouBike" }, "geometry": { "type": "Point", "coordinates": [ 121.52561, 25.10203 ] } },
{ "type": "Feature", "properties": { "poi_name": "德行公園", "note": "14", "stop_type": "YouBike" }, "geometry": { "type": "Point", "coordinates": [ 121.52376, 25.10585 ] } },
{ "type": "Feature", "properties": { "poi_name": "承德後港街口", "note": "20", "stop_type": "YouBike" }, "geometry": { "type": "Point", "coordinates": [ 121.52309, 25.08238 ] } },
{ "type": "Feature", "properties": { "poi_name": "中山北路五段698巷口", "note": "15", "stop_type": "YouBike" }, "geometry": { "type": "Point", "coordinates": [ 121.52757, 25.09765 ] } },
{ "type": "Feature", "properties": { "poi_name": "捷運士林站(1號出口)", "note": "60", "stop_type": "YouBike" }, "geometry": { "type": "Point", "coordinates": [ 121.52519, 25.09643 ] } },
{ "type": "Feature", "properties": { "poi_name": "捷運芝山站(2號出口)_1", "note": "62", "stop_type": "YouBike" }, "geometry": { "type": "Point", "coordinates": [ 121.52263, 25.10336 ] } },
{ "type": "Feature", "properties": { "poi_name": "銘傳大學(中山北路五段280巷口)", "note": "23", "stop_type": "YouBike" }, "geometry": { "type": "Point", "coordinates": [ 121.52711, 25.08762 ] } },
{ "type": "Feature", "properties": { "poi_name": "海光公園南側", "note": "12", "stop_type": "YouBike" }, "geometry": { "type": "Point", "coordinates": [ 121.5084, 25.08036 ] } },
{ "type": "Feature", "properties": { "poi_name": "士商路40巷口", "note": "15", "stop_type": "YouBike" }, "geometry": { "type": "Point", "coordinates": [ 121.52054, 25.09013 ] } },
{ "type": "Feature", "properties": { "poi_name": "劍潭郵局", "note": "32", "stop_type": "YouBike" }, "geometry": { "type": "Point", "coordinates": [ 121.52431, 25.08182 ] } },
{ "type": "Feature", "properties": { "poi_name": "士東路91巷口", "note": "16", "stop_type": "YouBike" }, "geometry": { "type": "Point", "coordinates": [ 121.52914, 25.11247 ] } },
{ "type": "Feature", "properties": { "poi_name": "美崙公園", "note": "22", "stop_type": "YouBike" }, "geometry": { "type": "Point", "coordinates": [ 121.51931, 25.09677 ] } },
{ "type": "Feature", "properties": { "poi_name": "臺北市立大學(忠誠路二段207巷)", "note": "17", "stop_type": "YouBike" }, "geometry": { "type": "Point", "coordinates": [ 121.53743, 25.11642 ] } },
{ "type": "Feature", "properties": { "poi_name": "天母東路8巷/忠誠路二段154巷口", "note": "25", "stop_type": "YouBike" }, "geometry": { "type": "Point", "coordinates": [ 121.53113, 25.11579 ] } },
{ "type": "Feature", "properties": { "poi_name": "美崙公園(東北側)", "note": "25", "stop_type": "YouBike" }, "geometry": { "type": "Point", "coordinates": [ 121.51835, 25.09886 ] } },
{ "type": "Feature", "properties": { "poi_name": "福安河濱公園", "note": "14", "stop_type": "YouBike" }, "geometry": { "type": "Point", "coordinates": [ 121.49358, 25.09646 ] } },
{ "type": "Feature", "properties": { "poi_name": "忠誠忠義街口(北側)", "note": "13", "stop_type": "YouBike" }, "geometry": { "type": "Point", "coordinates": [ 121.52922, 25.10566 ] } },
{ "type": "Feature", "properties": { "poi_name": "忠誠忠義街口(南側)", "note": "14", "stop_type": "YouBike" }, "geometry": { "type": "Point", "coordinates": [ 121.52869, 25.10519 ] } },
{ "type": "Feature", "properties": { "poi_name": "士林國小", "note": "15", "stop_type": "YouBike" }, "geometry": { "type": "Point", "coordinates": [ 121.52472, 25.09204 ] } },
{ "type": "Feature", "properties": { "poi_name": "雙溪濕地公園", "note": "15", "stop_type": "YouBike" }, "geometry": { "type": "Point", "coordinates": [ 121.51321, 25.09762 ] } },
{ "type": "Feature", "properties": { "poi_name": "劍潭海外青年活動中心(志清大樓)", "note": "30", "stop_type": "YouBike" }, "geometry": { "type": "Point", "coordinates": [ 121.52357, 25.07793 ] } },
{ "type": "Feature", "properties": { "poi_name": "天和一號公園", "note": "15", "stop_type": "YouBike" }, "geometry": { "type": "Point", "coordinates": [ 121.53466, 25.11836 ] } },
{ "type": "Feature", "properties": { "poi_name": "忠誠路二段178巷口", "note": "15", "stop_type": "YouBike" }, "geometry": { "type": "Point", "coordinates": [ 121.53295, 25.11633 ] } },
{ "type": "Feature", "properties": { "poi_name": "克強磺溪街口", "note": "24", "stop_type": "YouBike" }, "geometry": { "type": "Point", "coordinates": [ 121.52319, 25.10893 ] } },
{ "type": "Feature", "properties": { "poi_name": "蘭雅公園(西側)", "note": "15", "stop_type": "YouBike" }, "geometry": { "type": "Point", "coordinates": [ 121.52859, 25.10985 ] } },
{ "type": "Feature", "properties": { "poi_name": "福林路100巷77弄口", "note": "18", "stop_type": "YouBike" }, "geometry": { "type": "Point", "coordinates": [ 121.53285, 25.09441 ] } },
{ "type": "Feature", "properties": { "poi_name": "福林路100巷11弄口", "note": "15", "stop_type": "YouBike" }, "geometry": { "type": "Point", "coordinates": [ 121.53262, 25.09601 ] } },
{ "type": "Feature", "properties": { "poi_name": "重慶北路四段190巷口(通河西街側)", "note": "16", "stop_type": "YouBike" }, "geometry": { "type": "Point", "coordinates": [ 121.51253, 25.0848 ] } },
{ "type": "Feature", "properties": { "poi_name": "承德區民活動中心", "note": "25", "stop_type": "YouBike" }, "geometry": { "type": "Point", "coordinates": [ 121.52157, 25.07892 ] } },
{ "type": "Feature", "properties": { "poi_name": "福林路255巷口", "note": "18", "stop_type": "YouBike" }, "geometry": { "type": "Point", "coordinates": [ 121.53528, 25.09854 ] } },
{ "type": "Feature", "properties": { "poi_name": "中山北路五段378巷口", "note": "27", "stop_type": "YouBike" }, "geometry": { "type": "Point", "coordinates": [ 121.52765, 25.09064 ] } },
{ "type": "Feature", "properties": { "poi_name": "中山北路六段405巷", "note": "21", "stop_type": "YouBike" }, "geometry": { "type": "Point", "coordinates": [ 121.52693, 25.11576 ] } },
{ "type": "Feature", "properties": { "poi_name": "圓山育樂中心", "note": "22", "stop_type": "YouBike" }, "geometry": { "type": "Point", "coordinates": [ 121.52548, 25.08248 ] } },
{ "type": "Feature", "properties": { "poi_name": "至善公園", "note": "25", "stop_type": "YouBike" }, "geometry": { "type": "Point", "coordinates": [ 121.53749, 25.09862 ] } },
{ "type": "Feature", "properties": { "poi_name": "社子島抽水站", "note": "15", "stop_type": "YouBike" }, "geometry": { "type": "Point", "coordinates": [ 121.49552, 25.10844 ] } },
{ "type": "Feature", "properties": { "poi_name": "中山北路六段427巷口", "note": "12", "stop_type": "YouBike" }, "geometry": { "type": "Point", "coordinates": [ 121.52698, 25.11383 ] } },
{ "type": "Feature", "properties": { "poi_name": "士林分局", "note": "24", "stop_type": "YouBike" }, "geometry": { "type": "Point", "coordinates": [ 121.52687, 25.09033 ] } },
{ "type": "Feature", "properties": { "poi_name": "忠誠路二段98巷口", "note": "24", "stop_type": "YouBike" }, "geometry": { "type": "Point", "coordinates": [ 121.53128, 25.113 ] } },
{ "type": "Feature", "properties": { "poi_name": "東吳大學", "note": "22", "stop_type": "YouBike" }, "geometry": { "type": "Point", "coordinates": [ 121.54521, 25.095 ] } },
{ "type": "Feature", "properties": { "poi_name": "福志公園", "note": "22", "stop_type": "YouBike" }, "geometry": { "type": "Point", "coordinates": [ 121.53438, 25.10022 ] } },
{ "type": "Feature", "properties": { "poi_name": "德行東路331巷口", "note": "14", "stop_type": "YouBike" }, "geometry": { "type": "Point", "coordinates": [ 121.53759, 25.1106 ] } },
{ "type": "Feature", "properties": { "poi_name": "天母北路87巷9弄", "note": "20", "stop_type": "YouBike" }, "geometry": { "type": "Point", "coordinates": [ 121.52731, 25.12207 ] } },
{ "type": "Feature", "properties": { "poi_name": "重慶北路四段108號(通河西街側)", "note": "17", "stop_type": "YouBike" }, "geometry": { "type": "Point", "coordinates": [ 121.51293, 25.08294 ] } },
{ "type": "Feature", "properties": { "poi_name": "臺灣戲曲中心(文林德行西路口)", "note": "27", "stop_type": "YouBike" }, "geometry": { "type": "Point", "coordinates": [ 121.5197, 25.10288 ] } },
{ "type": "Feature", "properties": { "poi_name": "中山北路六段252巷口", "note": "10", "stop_type": "YouBike" }, "geometry": { "type": "Point", "coordinates": [ 121.52544, 25.10926 ] } },
{ "type": "Feature", "properties": { "poi_name": "志成中正路口", "note": "17", "stop_type": "YouBike" }, "geometry": { "type": "Point", "coordinates": [ 121.53016, 25.09655 ] } },
{ "type": "Feature", "properties": { "poi_name": "承德中正路口", "note": "18", "stop_type": "YouBike" }, "geometry": { "type": "Point", "coordinates": [ 121.51708, 25.09076 ] } },
{ "type": "Feature", "properties": { "poi_name": "士商中正路口(西南側)", "note": "20", "stop_type": "YouBike" }, "geometry": { "type": "Point", "coordinates": [ 121.51934, 25.09149 ] } },
{ "type": "Feature", "properties": { "poi_name": "天母公園平面停車場", "note": "20", "stop_type": "YouBike" }, "geometry": { "type": "Point", "coordinates": [ 121.53063, 25.12518 ] } },
{ "type": "Feature", "properties": { "poi_name": "通河東街福港街262巷口", "note": "20", "stop_type": "YouBike" }, "geometry": { "type": "Point", "coordinates": [ 121.51617, 25.08407 ] } },
{ "type": "Feature", "properties": { "poi_name": "明安宮", "note": "15", "stop_type": "YouBike" }, "geometry": { "type": "Point", "coordinates": [ 121.49616, 25.10188 ] } },
{ "type": "Feature", "properties": { "poi_name": "台北花木批發市場", "note": "40", "stop_type": "YouBike" }, "geometry": { "type": "Point", "coordinates": [ 121.54074, 25.00402 ] } },
{ "type": "Feature", "properties": { "poi_name": "捷運萬隆站(4號出口)", "note": "22", "stop_type": "YouBike" }, "geometry": { "type": "Point", "coordinates": [ 121.53861, 25.0027 ] } },
{ "type": "Feature", "properties": { "poi_name": "捷運萬隆站(1號出口)", "note": "34", "stop_type": "YouBike" }, "geometry": { "type": "Point", "coordinates": [ 121.53916, 25.00115 ] } },
{ "type": "Feature", "properties": { "poi_name": "萬和二號公園", "note": "35", "stop_type": "YouBike" }, "geometry": { "type": "Point", "coordinates": [ 121.5364, 25.00154 ] } },
{ "type": "Feature", "properties": { "poi_name": "捷運萬隆站(2號出口)", "note": "18", "stop_type": "YouBike" }, "geometry": { "type": "Point", "coordinates": [ 121.53983, 25.00144 ] } },
{ "type": "Feature", "properties": { "poi_name": "景仁公園", "note": "16", "stop_type": "YouBike" }, "geometry": { "type": "Point", "coordinates": [ 121.54043, 24.99621 ] } },
{ "type": "Feature", "properties": { "poi_name": "捷運景美站(2號出口)", "note": "87", "stop_type": "YouBike" }, "geometry": { "type": "Point", "coordinates": [ 121.54124, 24.99366 ] } },
{ "type": "Feature", "properties": { "poi_name": "羅斯福景隆街口", "note": "50", "stop_type": "YouBike" }, "geometry": { "type": "Point", "coordinates": [ 121.5403, 24.99898 ] } },
{ "type": "Feature", "properties": { "poi_name": "景福街/羅斯福路6段142巷口", "note": "28", "stop_type": "YouBike" }, "geometry": { "type": "Point", "coordinates": [ 121.536862878120118, 24.998336212959131 ] } },
{ "type": "Feature", "properties": { "poi_name": "興旺公園", "note": "30", "stop_type": "YouBike" }, "geometry": { "type": "Point", "coordinates": [ 121.55012, 25.00587 ] } },
{ "type": "Feature", "properties": { "poi_name": "興福國中", "note": "21", "stop_type": "YouBike" }, "geometry": { "type": "Point", "coordinates": [ 121.54916, 25.00465 ] } },
{ "type": "Feature", "properties": { "poi_name": "興隆路2段203巷", "note": "32", "stop_type": "YouBike" }, "geometry": { "type": "Point", "coordinates": [ 121.54709, 25.00346 ] } },
{ "type": "Feature", "properties": { "poi_name": "景美運動公園", "note": "26", "stop_type": "YouBike" }, "geometry": { "type": "Point", "coordinates": [ 121.54454, 25.00219 ] } },
{ "type": "Feature", "properties": { "poi_name": "景美醫院", "note": "18", "stop_type": "YouBike" }, "geometry": { "type": "Point", "coordinates": [ 121.54008, 24.99136 ] } },
{ "type": "Feature", "properties": { "poi_name": "師範大學公館校區", "note": "14", "stop_type": "YouBike" }, "geometry": { "type": "Point", "coordinates": [ 121.53731, 25.00792 ] } },
{ "type": "Feature", "properties": { "poi_name": "景華街128巷口", "note": "29", "stop_type": "YouBike" }, "geometry": { "type": "Point", "coordinates": [ 121.54725, 24.99543 ] } },
{ "type": "Feature", "properties": { "poi_name": "仙跡岩登山口(景興路)", "note": "22", "stop_type": "YouBike" }, "geometry": { "type": "Point", "coordinates": [ 121.5436, 24.99118 ] } },
{ "type": "Feature", "properties": { "poi_name": "國立政治大學", "note": "62", "stop_type": "YouBike" }, "geometry": { "type": "Point", "coordinates": [ 121.57726, 24.98737 ] } },
{ "type": "Feature", "properties": { "poi_name": "捷運動物園站", "note": "57", "stop_type": "YouBike" }, "geometry": { "type": "Point", "coordinates": [ 121.57985, 24.99873 ] } },
{ "type": "Feature", "properties": { "poi_name": "捷運木柵站", "note": "46", "stop_type": "YouBike" }, "geometry": { "type": "Point", "coordinates": [ 121.57455, 24.99798 ] } },
{ "type": "Feature", "properties": { "poi_name": "捷運萬芳社區站", "note": "48", "stop_type": "YouBike" }, "geometry": { "type": "Point", "coordinates": [ 121.56769, 24.99886 ] } },
{ "type": "Feature", "properties": { "poi_name": "文山運動中心", "note": "36", "stop_type": "YouBike" }, "geometry": { "type": "Point", "coordinates": [ 121.5596, 24.99676 ] } },
{ "type": "Feature", "properties": { "poi_name": "捷運辛亥站", "note": "42", "stop_type": "YouBike" }, "geometry": { "type": "Point", "coordinates": [ 121.55684, 25.00467 ] } },
{ "type": "Feature", "properties": { "poi_name": "興豐公園", "note": "36", "stop_type": "YouBike" }, "geometry": { "type": "Point", "coordinates": [ 121.54761, 24.99982 ] } },
{ "type": "Feature", "properties": { "poi_name": "木柵光輝路口", "note": "33", "stop_type": "YouBike" }, "geometry": { "type": "Point", "coordinates": [ 121.55528, 24.98816 ] } },
{ "type": "Feature", "properties": { "poi_name": "考試院", "note": "39", "stop_type": "YouBike" }, "geometry": { "type": "Point", "coordinates": [ 121.54984, 24.98747 ] } },
{ "type": "Feature", "properties": { "poi_name": "和興路26巷口", "note": "39", "stop_type": "YouBike" }, "geometry": { "type": "Point", "coordinates": [ 121.54532, 24.98573 ] } },
{ "type": "Feature", "properties": { "poi_name": "世新大學", "note": "44", "stop_type": "YouBike" }, "geometry": { "type": "Point", "coordinates": [ 121.54336, 24.98859 ] } },
{ "type": "Feature", "properties": { "poi_name": "一壽橋", "note": "28", "stop_type": "YouBike" }, "geometry": { "type": "Point", "coordinates": [ 121.55548, 24.97837 ] } },
{ "type": "Feature", "properties": { "poi_name": "臺北市立景美女中", "note": "25", "stop_type": "YouBike" }, "geometry": { "type": "Point", "coordinates": [ 121.55624, 24.98058 ] } },
{ "type": "Feature", "properties": { "poi_name": "永安藝文館_表演36房", "note": "29", "stop_type": "YouBike" }, "geometry": { "type": "Point", "coordinates": [ 121.56907, 24.98414 ] } },
{ "type": "Feature", "properties": { "poi_name": "忠順區民活動中心", "note": "34", "stop_type": "YouBike" }, "geometry": { "type": "Point", "coordinates": [ 121.56332, 24.98471 ] } },
{ "type": "Feature", "properties": { "poi_name": "景文中學", "note": "64", "stop_type": "YouBike" }, "geometry": { "type": "Point", "coordinates": [ 121.56745, 24.98574 ] } },
{ "type": "Feature", "properties": { "poi_name": "老泉街籃球場", "note": "20", "stop_type": "YouBike" }, "geometry": { "type": "Point", "coordinates": [ 121.5583, 24.97619 ] } },
{ "type": "Feature", "properties": { "poi_name": "文山行政中心", "note": "40", "stop_type": "YouBike" }, "geometry": { "type": "Point", "coordinates": [ 121.56959, 24.98959 ] } },
{ "type": "Feature", "properties": { "poi_name": "木柵公園", "note": "38", "stop_type": "YouBike" }, "geometry": { "type": "Point", "coordinates": [ 121.56059, 24.98718 ] } },
{ "type": "Feature", "properties": { "poi_name": "興隆公共住宅D2區", "note": "27", "stop_type": "YouBike" }, "geometry": { "type": "Point", "coordinates": [ 121.56356, 24.98814 ] } },
{ "type": "Feature", "properties": { "poi_name": "木新路3段95巷口", "note": "24", "stop_type": "YouBike" }, "geometry": { "type": "Point", "coordinates": [ 121.56313, 24.98088 ] } },
{ "type": "Feature", "properties": { "poi_name": "樟腳里公園", "note": "15", "stop_type": "YouBike" }, "geometry": { "type": "Point", "coordinates": [ 121.56567, 24.98181 ] } },
{ "type": "Feature", "properties": { "poi_name": "實踐國中", "note": "13", "stop_type": "YouBike" }, "geometry": { "type": "Point", "coordinates": [ 121.55404, 24.98301 ] } },
{ "type": "Feature", "properties": { "poi_name": "指南路3段2巷", "note": "13", "stop_type": "YouBike" }, "geometry": { "type": "Point", "coordinates": [ 121.57959, 24.98537 ] } },
{ "type": "Feature", "properties": { "poi_name": "萊茵公園", "note": "21", "stop_type": "YouBike" }, "geometry": { "type": "Point", "coordinates": [ 121.56514, 24.98642 ] } },
{ "type": "Feature", "properties": { "poi_name": "木柵社會住宅", "note": "12", "stop_type": "YouBike" }, "geometry": { "type": "Point", "coordinates": [ 121.56651, 24.98935 ] } },
{ "type": "Feature", "properties": { "poi_name": "秀明路一段185巷口", "note": "20", "stop_type": "YouBike" }, "geometry": { "type": "Point", "coordinates": [ 121.56836, 24.99151 ] } },
{ "type": "Feature", "properties": { "poi_name": "秀明路一段129巷口", "note": "22", "stop_type": "YouBike" }, "geometry": { "type": "Point", "coordinates": [ 121.56703, 24.99111 ] } },
{ "type": "Feature", "properties": { "poi_name": "恆光橋(老泉街)", "note": "13", "stop_type": "YouBike" }, "geometry": { "type": "Point", "coordinates": [ 121.56753, 24.97989 ] } },
{ "type": "Feature", "properties": { "poi_name": "萬有3號公園", "note": "14", "stop_type": "YouBike" }, "geometry": { "type": "Point", "coordinates": [ 121.5433, 24.99889 ] } },
{ "type": "Feature", "properties": { "poi_name": "捷運萬芳醫院站(興隆路三段115巷)", "note": "20", "stop_type": "YouBike" }, "geometry": { "type": "Point", "coordinates": [ 121.55848, 24.99939 ] } },
{ "type": "Feature", "properties": { "poi_name": "興得閱覽室", "note": "24", "stop_type": "YouBike" }, "geometry": { "type": "Point", "coordinates": [ 121.55498, 24.99579 ] } },
{ "type": "Feature", "properties": { "poi_name": "辛亥生態公園", "note": "23", "stop_type": "YouBike" }, "geometry": { "type": "Point", "coordinates": [ 121.55642, 25.00348 ] } },
{ "type": "Feature", "properties": { "poi_name": "博嘉運動公園", "note": "12", "stop_type": "YouBike" }, "geometry": { "type": "Point", "coordinates": [ 121.57534, 25.00079 ] } },
{ "type": "Feature", "properties": { "poi_name": "仙岩公園", "note": "20", "stop_type": "YouBike" }, "geometry": { "type": "Point", "coordinates": [ 121.54982, 24.99797 ] } },
{ "type": "Feature", "properties": { "poi_name": "政大一街口", "note": "14", "stop_type": "YouBike" }, "geometry": { "type": "Point", "coordinates": [ 121.58006, 24.98543 ] } },
{ "type": "Feature", "properties": { "poi_name": "文山第二行政中心", "note": "38", "stop_type": "YouBike" }, "geometry": { "type": "Point", "coordinates": [ 121.55142, 25.00115 ] } },
{ "type": "Feature", "properties": { "poi_name": "移民署訓練中心", "note": "13", "stop_type": "YouBike" }, "geometry": { "type": "Point", "coordinates": [ 121.55865, 24.99271 ] } },
{ "type": "Feature", "properties": { "poi_name": "海巡署(南側)", "note": "10", "stop_type": "YouBike" }, "geometry": { "type": "Point", "coordinates": [ 121.55949, 24.99472 ] } },
{ "type": "Feature", "properties": { "poi_name": "明道國小東南側", "note": "28", "stop_type": "YouBike" }, "geometry": { "type": "Point", "coordinates": [ 121.56456, 24.98695 ] } },
{ "type": "Feature", "properties": { "poi_name": "木南公園", "note": "17", "stop_type": "YouBike" }, "geometry": { "type": "Point", "coordinates": [ 121.57071, 24.98662 ] } },
{ "type": "Feature", "properties": { "poi_name": "實踐國中(木新路三段310巷口)", "note": "17", "stop_type": "YouBike" }, "geometry": { "type": "Point", "coordinates": [ 121.55645, 24.98339 ] } },
{ "type": "Feature", "properties": { "poi_name": "師範大學公館校區_1", "note": "34", "stop_type": "YouBike" }, "geometry": { "type": "Point", "coordinates": [ 121.53719, 25.00753 ] } },
{ "type": "Feature", "properties": { "poi_name": "捷運動物園站(2號出口)", "note": "39", "stop_type": "YouBike" }, "geometry": { "type": "Point", "coordinates": [ 121.57875, 24.99766 ] } },
{ "type": "Feature", "properties": { "poi_name": "政大水岸電梯", "note": "10", "stop_type": "YouBike" }, "geometry": { "type": "Point", "coordinates": [ 121.5717, 24.982 ] } },
{ "type": "Feature", "properties": { "poi_name": "敦南山林", "note": "14", "stop_type": "YouBike" }, "geometry": { "type": "Point", "coordinates": [ 121.5768, 25.00264 ] } },
{ "type": "Feature", "properties": { "poi_name": "景美污水抽水站", "note": "15", "stop_type": "YouBike" }, "geometry": { "type": "Point", "coordinates": [ 121.53637, 25.01076 ] } },
{ "type": "Feature", "properties": { "poi_name": "萬和三號公園(北側)", "note": "35", "stop_type": "YouBike" }, "geometry": { "type": "Point", "coordinates": [ 121.53636, 25.00345 ] } },
{ "type": "Feature", "properties": { "poi_name": "景興國中", "note": "10", "stop_type": "YouBike" }, "geometry": { "type": "Point", "coordinates": [ 121.54284, 24.99609 ] } },
{ "type": "Feature", "properties": { "poi_name": "景仁公園_1", "note": "30", "stop_type": "YouBike" }, "geometry": { "type": "Point", "coordinates": [ 121.5403, 24.9966 ] } },
{ "type": "Feature", "properties": { "poi_name": "師大公館校區學二舍", "note": "84", "stop_type": "YouBike" }, "geometry": { "type": "Point", "coordinates": [ 121.53419, 25.00825 ] } },
{ "type": "Feature", "properties": { "poi_name": "景行公園", "note": "15", "stop_type": "YouBike" }, "geometry": { "type": "Point", "coordinates": [ 121.54255, 24.99279 ] } },
{ "type": "Feature", "properties": { "poi_name": "萬興國小", "note": "25", "stop_type": "YouBike" }, "geometry": { "type": "Point", "coordinates": [ 121.57682, 24.98939 ] } },
{ "type": "Feature", "properties": { "poi_name": "辛亥路四段77巷口", "note": "23", "stop_type": "YouBike" }, "geometry": { "type": "Point", "coordinates": [ 121.55877, 25.00743 ] } },
{ "type": "Feature", "properties": { "poi_name": "景興路42巷口", "note": "12", "stop_type": "YouBike" }, "geometry": { "type": "Point", "coordinates": [ 121.54454, 24.99696 ] } },
{ "type": "Feature", "properties": { "poi_name": "木柵路三段48巷", "note": "15", "stop_type": "YouBike" }, "geometry": { "type": "Point", "coordinates": [ 121.56565, 24.98768 ] } },
{ "type": "Feature", "properties": { "poi_name": "木柵路二段109巷", "note": "15", "stop_type": "YouBike" }, "geometry": { "type": "Point", "coordinates": [ 121.56195, 24.98944 ] } },
{ "type": "Feature", "properties": { "poi_name": "試院公園", "note": "15", "stop_type": "YouBike" }, "geometry": { "type": "Point", "coordinates": [ 121.54723, 24.98808 ] } },
{ "type": "Feature", "properties": { "poi_name": "樟樹公園", "note": "15", "stop_type": "YouBike" }, "geometry": { "type": "Point", "coordinates": [ 121.55949, 24.9825 ] } },
{ "type": "Feature", "properties": { "poi_name": "萬美萬安街口", "note": "25", "stop_type": "YouBike" }, "geometry": { "type": "Point", "coordinates": [ 121.57039, 25.00223 ] } },
{ "type": "Feature", "properties": { "poi_name": "興隆路二段203巷(敦南)", "note": "27", "stop_type": "YouBike" }, "geometry": { "type": "Point", "coordinates": [ 121.54856, 25.00198 ] } },
{ "type": "Feature", "properties": { "poi_name": "新光秀明路口", "note": "15", "stop_type": "YouBike" }, "geometry": { "type": "Point", "coordinates": [ 121.57371, 24.99197 ] } },
{ "type": "Feature", "properties": { "poi_name": "光輝路134巷口", "note": "15", "stop_type": "YouBike" }, "geometry": { "type": "Point", "coordinates": [ 121.55831, 24.98532 ] } },
{ "type": "Feature", "properties": { "poi_name": "光輝公園", "note": "27", "stop_type": "YouBike" }, "geometry": { "type": "Point", "coordinates": [ 121.5552, 24.98655 ] } },
{ "type": "Feature", "properties": { "poi_name": "木新公園", "note": "12", "stop_type": "YouBike" }, "geometry": { "type": "Point", "coordinates": [ 121.55782, 24.98217 ] } },
{ "type": "Feature", "properties": { "poi_name": "興隆路二段275巷1弄口", "note": "16", "stop_type": "YouBike" }, "geometry": { "type": "Point", "coordinates": [ 121.55277, 25.00268 ] } },
{ "type": "Feature", "properties": { "poi_name": "中國科技大學", "note": "21", "stop_type": "YouBike" }, "geometry": { "type": "Point", "coordinates": [ 121.55553, 24.99925 ] } },
{ "type": "Feature", "properties": { "poi_name": "樟新街8巷", "note": "17", "stop_type": "YouBike" }, "geometry": { "type": "Point", "coordinates": [ 121.55406, 24.97932 ] } },
{ "type": "Feature", "properties": { "poi_name": "仙岩路22巷口", "note": "28", "stop_type": "YouBike" }, "geometry": { "type": "Point", "coordinates": [ 121.54887, 24.99892 ] } },
{ "type": "Feature", "properties": { "poi_name": "木柵萬芳路口", "note": "29", "stop_type": "YouBike" }, "geometry": { "type": "Point", "coordinates": [ 121.57199, 24.99509 ] } },
{ "type": "Feature", "properties": { "poi_name": "福興路78巷", "note": "14", "stop_type": "YouBike" }, "geometry": { "type": "Point", "coordinates": [ 121.55048, 25.00437 ] } },
{ "type": "Feature", "properties": { "poi_name": "辛亥木柵路口", "note": "20", "stop_type": "YouBike" }, "geometry": { "type": "Point", "coordinates": [ 121.55238, 24.98839 ] } },
{ "type": "Feature", "properties": { "poi_name": "興泰公園", "note": "12", "stop_type": "YouBike" }, "geometry": { "type": "Point", "coordinates": [ 121.55582, 25.00492 ] } },
{ "type": "Feature", "properties": { "poi_name": "興岩社會福利綜合大樓", "note": "18", "stop_type": "YouBike" }, "geometry": { "type": "Point", "coordinates": [ 121.54941, 25.00061 ] } },
{ "type": "Feature", "properties": { "poi_name": "興隆路二段22巷9弄口", "note": "13", "stop_type": "YouBike" }, "geometry": { "type": "Point", "coordinates": [ 121.54543, 24.99746 ] } },
{ "type": "Feature", "properties": { "poi_name": "木新路三段155巷口", "note": "15", "stop_type": "YouBike" }, "geometry": { "type": "Point", "coordinates": [ 121.56125, 24.98184 ] } },
{ "type": "Feature", "properties": { "poi_name": "景興路102巷口", "note": "14", "stop_type": "YouBike" }, "geometry": { "type": "Point", "coordinates": [ 121.54376, 24.99438 ] } },
{ "type": "Feature", "properties": { "poi_name": "景福街223巷", "note": "18", "stop_type": "YouBike" }, "geometry": { "type": "Point", "coordinates": [ 121.53844, 24.99442 ] } },
{ "type": "Feature", "properties": { "poi_name": "達賢圖書館", "note": "27", "stop_type": "YouBike" }, "geometry": { "type": "Point", "coordinates": [ 121.57786, 24.9884 ] } },
{ "type": "Feature", "properties": { "poi_name": "捷運木柵站(西側)", "note": "26", "stop_type": "YouBike" }, "geometry": { "type": "Point", "coordinates": [ 121.57279, 24.9983 ] } },
{ "type": "Feature", "properties": { "poi_name": "世新大學(試院路)", "note": "16", "stop_type": "YouBike" }, "geometry": { "type": "Point", "coordinates": [ 121.54783, 24.98981 ] } },
{ "type": "Feature", "properties": { "poi_name": "興隆社會住宅D1區", "note": "31", "stop_type": "YouBike" }, "geometry": { "type": "Point", "coordinates": [ 121.55831, 24.98783 ] } },
{ "type": "Feature", "properties": { "poi_name": "名門社區", "note": "18", "stop_type": "YouBike" }, "geometry": { "type": "Point", "coordinates": [ 121.56757, 25.00516 ] } },
{ "type": "Feature", "properties": { "poi_name": "政大國際會館", "note": "20", "stop_type": "YouBike" }, "geometry": { "type": "Point", "coordinates": [ 121.57513, 24.98994 ] } },
{ "type": "Feature", "properties": { "poi_name": "萬芳出租國宅", "note": "36", "stop_type": "YouBike" }, "geometry": { "type": "Point", "coordinates": [ 121.5655, 25.00335 ] } },
{ "type": "Feature", "properties": { "poi_name": "景美國小", "note": "25", "stop_type": "YouBike" }, "geometry": { "type": "Point", "coordinates": [ 121.53976, 24.9893 ] } },
{ "type": "Feature", "properties": { "poi_name": "景文街142巷口", "note": "16", "stop_type": "YouBike" }, "geometry": { "type": "Point", "coordinates": [ 121.54065, 24.98826 ] } },
{ "type": "Feature", "properties": { "poi_name": "保儀路142巷", "note": "22", "stop_type": "YouBike" }, "geometry": { "type": "Point", "coordinates": [ 121.56515, 24.98327 ] } },
{ "type": "Feature", "properties": { "poi_name": "和興水岸社會住宅", "note": "29", "stop_type": "YouBike" }, "geometry": { "type": "Point", "coordinates": [ 121.54953, 24.98505 ] } },
{ "type": "Feature", "properties": { "poi_name": "萬芳路107巷口", "note": "20", "stop_type": "YouBike" }, "geometry": { "type": "Point", "coordinates": [ 121.56179, 24.99715 ] } },
{ "type": "Feature", "properties": { "poi_name": "考選部國家考場", "note": "26", "stop_type": "YouBike" }, "geometry": { "type": "Point", "coordinates": [ 121.54884, 24.98703 ] } },
{ "type": "Feature", "properties": { "poi_name": "明道國小(明道國宅)", "note": "26", "stop_type": "YouBike" }, "geometry": { "type": "Point", "coordinates": [ 121.56301, 24.98686 ] } },
{ "type": "Feature", "properties": { "poi_name": "興隆社會住宅A區", "note": "49", "stop_type": "YouBike" }, "geometry": { "type": "Point", "coordinates": [ 121.56018, 24.988 ] } },
{ "type": "Feature", "properties": { "poi_name": "景興路177巷", "note": "11", "stop_type": "YouBike" }, "geometry": { "type": "Point", "coordinates": [ 121.54479, 24.99275 ] } },
{ "type": "Feature", "properties": { "poi_name": "捷運景美站(1號出口)", "note": "21", "stop_type": "YouBike" }, "geometry": { "type": "Point", "coordinates": [ 121.5409, 24.99274 ] } },
{ "type": "Feature", "properties": { "poi_name": "秀明路二段92巷口", "note": "27", "stop_type": "YouBike" }, "geometry": { "type": "Point", "coordinates": [ 121.57635, 24.99155 ] } },
{ "type": "Feature", "properties": { "poi_name": "樟新社會住宅", "note": "20", "stop_type": "YouBike" }, "geometry": { "type": "Point", "coordinates": [ 121.55603, 24.97735 ] } },
{ "type": "Feature", "properties": { "poi_name": "忠順路二段57巷口", "note": "18", "stop_type": "YouBike" }, "geometry": { "type": "Point", "coordinates": [ 121.56456, 24.98484 ] } },
{ "type": "Feature", "properties": { "poi_name": "景豐公園", "note": "18", "stop_type": "YouBike" }, "geometry": { "type": "Point", "coordinates": [ 121.54489, 24.99984 ] } },
{ "type": "Feature", "properties": { "poi_name": "樟新區民活動中心", "note": "20", "stop_type": "YouBike" }, "geometry": { "type": "Point", "coordinates": [ 121.55656, 24.97942 ] } },
{ "type": "Feature", "properties": { "poi_name": "貓空纜車動物園站", "note": "48", "stop_type": "YouBike" }, "geometry": { "type": "Point", "coordinates": [ 121.57603, 24.99645 ] } },
{ "type": "Feature", "properties": { "poi_name": "保儀公園(興隆路四段195巷)", "note": "11", "stop_type": "YouBike" }, "geometry": { "type": "Point", "coordinates": [ 121.56307, 24.98326 ] } },
{ "type": "Feature", "properties": { "poi_name": "景新大樓", "note": "16", "stop_type": "YouBike" }, "geometry": { "type": "Point", "coordinates": [ 121.54236, 24.99005 ] } },
{ "type": "Feature", "properties": { "poi_name": "文山溪洲福德宮", "note": "27", "stop_type": "YouBike" }, "geometry": { "type": "Point", "coordinates": [ 121.53421, 25.00622 ] } },
{ "type": "Feature", "properties": { "poi_name": "臺北自來水事業處", "note": "20", "stop_type": "YouBike" }, "geometry": { "type": "Point", "coordinates": [ 121.53068, 25.013741 ] } },
{ "type": "Feature", "properties": { "poi_name": "汀州思源街口東南側", "note": "34", "stop_type": "YouBike" }, "geometry": { "type": "Point", "coordinates": [ 121.531908, 25.014697 ] } },
{ "type": "Feature", "properties": { "poi_name": "捷運公館站(1號出口)", "note": "12", "stop_type": "YouBike" }, "geometry": { "type": "Point", "coordinates": [ 121.534374, 25.014529 ] } },
{ "type": "Feature", "properties": { "poi_name": "捷運公館站(4號出口)", "note": "12", "stop_type": "YouBike" }, "geometry": { "type": "Point", "coordinates": [ 121.533828, 25.015069 ] } },
{ "type": "Feature", "properties": { "poi_name": "捷運古亭站(9號出口)", "note": "24", "stop_type": "YouBike" }, "geometry": { "type": "Point", "coordinates": [ 121.52224, 25.02694 ] } },
{ "type": "Feature", "properties": { "poi_name": "捷運古亭站(2號出口)", "note": "55", "stop_type": "YouBike" }, "geometry": { "type": "Point", "coordinates": [ 121.52346, 25.0255 ] } },
{ "type": "Feature", "properties": { "poi_name": "捷運臺電大樓站(1號出口)", "note": "34", "stop_type": "YouBike" }, "geometry": { "type": "Point", "coordinates": [ 121.529, 25.0197 ] } },
{ "type": "Feature", "properties": { "poi_name": "客家文化主題公園", "note": "31", "stop_type": "YouBike" }, "geometry": { "type": "Point", "coordinates": [ 121.52456, 25.02069 ] } },
{ "type": "Feature", "properties": { "poi_name": "河堤國小", "note": "59", "stop_type": "YouBike" }, "geometry": { "type": "Point", "coordinates": [ 121.52289, 25.02277 ] } },
{ "type": "Feature", "properties": { "poi_name": "紀州庵", "note": "45", "stop_type": "YouBike" }, "geometry": { "type": "Point", "coordinates": [ 121.52049, 25.02092 ] } },
{ "type": "Feature", "properties": { "poi_name": "捷運臺電大樓站(5號出口)", "note": "21", "stop_type": "YouBike" }, "geometry": { "type": "Point", "coordinates": [ 121.52771, 25.02075 ] } },
{ "type": "Feature", "properties": { "poi_name": "捷運臺電大樓站(4號出口)", "note": "13", "stop_type": "YouBike" }, "geometry": { "type": "Point", "coordinates": [ 121.52751, 25.02102 ] } },
{ "type": "Feature", "properties": { "poi_name": "羅斯福三段金門街口", "note": "15", "stop_type": "YouBike" }, "geometry": { "type": "Point", "coordinates": [ 121.52498, 25.02345 ] } },
{ "type": "Feature", "properties": { "poi_name": "牯嶺公園", "note": "69", "stop_type": "YouBike" }, "geometry": { "type": "Point", "coordinates": [ 121.51889, 25.02338 ] } },
{ "type": "Feature", "properties": { "poi_name": "捷運古亭站(8號出口)", "note": "15", "stop_type": "YouBike" }, "geometry": { "type": "Point", "coordinates": [ 121.52164, 25.02701 ] } },
{ "type": "Feature", "properties": { "poi_name": "捷運古亭站(7號出口)", "note": "12", "stop_type": "YouBike" }, "geometry": { "type": "Point", "coordinates": [ 121.52155, 25.02805 ] } },
{ "type": "Feature", "properties": { "poi_name": "南昌公園", "note": "55", "stop_type": "YouBike" }, "geometry": { "type": "Point", "coordinates": [ 121.52081, 25.02698 ] } },
{ "type": "Feature", "properties": { "poi_name": "和平重慶路口", "note": "69", "stop_type": "YouBike" }, "geometry": { "type": "Point", "coordinates": [ 121.51659, 25.02723 ] } },
{ "type": "Feature", "properties": { "poi_name": "孫立人將軍官邸", "note": "23", "stop_type": "YouBike" }, "geometry": { "type": "Point", "coordinates": [ 121.51854, 25.02933 ] } },
{ "type": "Feature", "properties": { "poi_name": "羅斯福路二段6巷口", "note": "22", "stop_type": "YouBike" }, "geometry": { "type": "Point", "coordinates": [ 121.52058, 25.02923 ] } },
{ "type": "Feature", "properties": { "poi_name": "金華杭州南路口", "note": "51", "stop_type": "YouBike" }, "geometry": { "type": "Point", "coordinates": [ 121.52211, 25.031 ] } },
{ "type": "Feature", "properties": { "poi_name": "捷運中正紀念堂站(3號出口)", "note": "36", "stop_type": "YouBike" }, "geometry": { "type": "Point", "coordinates": [ 121.51866, 25.03239 ] } },
{ "type": "Feature", "properties": { "poi_name": "捷運中正紀念堂站(4號出口)", "note": "21", "stop_type": "YouBike" }, "geometry": { "type": "Point", "coordinates": [ 121.51772, 25.03376 ] } },
{ "type": "Feature", "properties": { "poi_name": "螢橋國小", "note": "41", "stop_type": "YouBike" }, "geometry": { "type": "Point", "coordinates": [ 121.51389, 25.02609 ] } },
{ "type": "Feature", "properties": { "poi_name": "古亭智慧圖書館", "note": "21", "stop_type": "YouBike" }, "geometry": { "type": "Point", "coordinates": [ 121.51052, 25.02543 ] } },
{ "type": "Feature", "properties": { "poi_name": "永昌公園", "note": "28", "stop_type": "YouBike" }, "geometry": { "type": "Point", "coordinates": [ 121.50936, 25.02643 ] } },
{ "type": "Feature", "properties": { "poi_name": "中華路二段409巷口", "note": "15", "stop_type": "YouBike" }, "geometry": { "type": "Point", "coordinates": [ 121.50806, 25.02598 ] } },
{ "type": "Feature", "properties": { "poi_name": "南機場夜市(中華路二段)", "note": "22", "stop_type": "YouBike" }, "geometry": { "type": "Point", "coordinates": [ 121.50518, 25.02886 ] } },
{ "type": "Feature", "properties": { "poi_name": "南海和平路口西南側", "note": "19", "stop_type": "YouBike" }, "geometry": { "type": "Point", "coordinates": [ 121.50904, 25.03024 ] } },
{ "type": "Feature", "properties": { "poi_name": "莒光和平路口", "note": "20", "stop_type": "YouBike" }, "geometry": { "type": "Point", "coordinates": [ 121.50745, 25.03132 ] } },
{ "type": "Feature", "properties": { "poi_name": "水源路11_1號旁", "note": "31", "stop_type": "YouBike" }, "geometry": { "type": "Point", "coordinates": [ 121.52565, 25.01602 ] } },
{ "type": "Feature", "properties": { "poi_name": "南門國中", "note": "40", "stop_type": "YouBike" }, "geometry": { "type": "Point", "coordinates": [ 121.50834, 25.03543 ] } },
{ "type": "Feature", "properties": { "poi_name": "捷運小南門站(2號出口)", "note": "24", "stop_type": "YouBike" }, "geometry": { "type": "Point", "coordinates": [ 121.51006, 25.03567 ] } },
{ "type": "Feature", "properties": { "poi_name": "介壽公園", "note": "35", "stop_type": "YouBike" }, "geometry": { "type": "Point", "coordinates": [ 121.5138, 25.03907 ] } },
{ "type": "Feature", "properties": { "poi_name": "中華貴陽街口", "note": "20", "stop_type": "YouBike" }, "geometry": { "type": "Point", "coordinates": [ 121.50772, 25.03938 ] } },
{ "type": "Feature", "properties": { "poi_name": "華山文創園區", "note": "39", "stop_type": "YouBike" }, "geometry": { "type": "Point", "coordinates": [ 121.52849, 25.04367 ] } },
{ "type": "Feature", "properties": { "poi_name": "捷運善導寺站(1號出口)", "note": "46", "stop_type": "YouBike" }, "geometry": { "type": "Point", "coordinates": [ 121.5222, 25.04527 ] } },
{ "type": "Feature", "properties": { "poi_name": "濟南紹興路口", "note": "74", "stop_type": "YouBike" }, "geometry": { "type": "Point", "coordinates": [ 121.52459, 25.04193 ] } },
{ "type": "Feature", "properties": { "poi_name": "林森仁愛路口", "note": "13", "stop_type": "YouBike" }, "geometry": { "type": "Point", "coordinates": [ 121.52163, 25.03915 ] } },
{ "type": "Feature", "properties": { "poi_name": "中正運動中心", "note": "40", "stop_type": "YouBike" }, "geometry": { "type": "Point", "coordinates": [ 121.51985, 25.03786 ] } },
{ "type": "Feature", "properties": { "poi_name": "信義杭州路口", "note": "64", "stop_type": "YouBike" }, "geometry": { "type": "Point", "coordinates": [ 121.5241, 25.0357 ] } },
{ "type": "Feature", "properties": { "poi_name": "捷運善導寺站(3號出口)", "note": "20", "stop_type": "YouBike" }, "geometry": { "type": "Point", "coordinates": [ 121.52336, 25.04428 ] } },
{ "type": "Feature", "properties": { "poi_name": "捷運小南門站(1號出口)", "note": "46", "stop_type": "YouBike" }, "geometry": { "type": "Point", "coordinates": [ 121.50951, 25.03648 ] } },
{ "type": "Feature", "properties": { "poi_name": "延平南路133巷口", "note": "36", "stop_type": "YouBike" }, "geometry": { "type": "Point", "coordinates": [ 121.50846, 25.03792 ] } },
{ "type": "Feature", "properties": { "poi_name": "捷運西門站(2號出口)", "note": "36", "stop_type": "YouBike" }, "geometry": { "type": "Point", "coordinates": [ 121.50842, 25.0416 ] } },
{ "type": "Feature", "properties": { "poi_name": "寶慶博愛路口", "note": "47", "stop_type": "YouBike" }, "geometry": { "type": "Point", "coordinates": [ 121.5112, 25.04129 ] } },
{ "type": "Feature", "properties": { "poi_name": "法務部", "note": "27", "stop_type": "YouBike" }, "geometry": { "type": "Point", "coordinates": [ 121.51249, 25.03705 ] } },
{ "type": "Feature", "properties": { "poi_name": "臺北市立大學(博愛校區)", "note": "99", "stop_type": "YouBike" }, "geometry": { "type": "Point", "coordinates": [ 121.51327, 25.03545 ] } },
{ "type": "Feature", "properties": { "poi_name": "國家圖書館", "note": "50", "stop_type": "YouBike" }, "geometry": { "type": "Point", "coordinates": [ 121.51709, 25.03763 ] } },
{ "type": "Feature", "properties": { "poi_name": "市民金山路口", "note": "98", "stop_type": "YouBike" }, "geometry": { "type": "Point", "coordinates": [ 121.53068, 25.0459 ] } },
{ "type": "Feature", "properties": { "poi_name": "聯合醫院和平院區", "note": "32", "stop_type": "YouBike" }, "geometry": { "type": "Point", "coordinates": [ 121.50641, 25.03516 ] } },
{ "type": "Feature", "properties": { "poi_name": "中山堂", "note": "43", "stop_type": "YouBike" }, "geometry": { "type": "Point", "coordinates": [ 121.51025, 25.04412 ] } },
{ "type": "Feature", "properties": { "poi_name": "中華漢口街口", "note": "19", "stop_type": "YouBike" }, "geometry": { "type": "Point", "coordinates": [ 121.50944, 25.04533 ] } },
{ "type": "Feature", "properties": { "poi_name": "中華路一段21巷口", "note": "22", "stop_type": "YouBike" }, "geometry": { "type": "Point", "coordinates": [ 121.50989, 25.04677 ] } },
{ "type": "Feature", "properties": { "poi_name": "捷運臺大醫院站(4號出口)", "note": "60", "stop_type": "YouBike" }, "geometry": { "type": "Point", "coordinates": [ 121.51643, 25.04297 ] } },
{ "type": "Feature", "properties": { "poi_name": "寶藏巖觀音亭", "note": "23", "stop_type": "YouBike" }, "geometry": { "type": "Point", "coordinates": [ 121.5331, 25.01027 ] } },
{ "type": "Feature", "properties": { "poi_name": "師大水源路口", "note": "28", "stop_type": "YouBike" }, "geometry": { "type": "Point", "coordinates": [ 121.52302, 25.0203 ] } },
{ "type": "Feature", "properties": { "poi_name": "中山徐州路口", "note": "41", "stop_type": "YouBike" }, "geometry": { "type": "Point", "coordinates": [ 121.51907, 25.04178 ] } },
{ "type": "Feature", "properties": { "poi_name": "信義連雲街口", "note": "39", "stop_type": "YouBike" }, "geometry": { "type": "Point", "coordinates": [ 121.53041, 25.03377 ] } },
{ "type": "Feature", "properties": { "poi_name": "臺北轉運站", "note": "68", "stop_type": "YouBike" }, "geometry": { "type": "Point", "coordinates": [ 121.51994, 25.04842 ] } },
{ "type": "Feature", "properties": { "poi_name": "莒光大埔街口", "note": "32", "stop_type": "YouBike" }, "geometry": { "type": "Point", "coordinates": [ 121.50519, 25.03132 ] } },
{ "type": "Feature", "properties": { "poi_name": "捷運忠孝新生站(2號出口)", "note": "32", "stop_type": "YouBike" }, "geometry": { "type": "Point", "coordinates": [ 121.53222, 25.04235 ] } },
{ "type": "Feature", "properties": { "poi_name": "光華商場", "note": "39", "stop_type": "YouBike" }, "geometry": { "type": "Point", "coordinates": [ 121.53274, 25.04478 ] } },
{ "type": "Feature", "properties": { "poi_name": "中山青島路口", "note": "40", "stop_type": "YouBike" }, "geometry": { "type": "Point", "coordinates": [ 121.51968, 25.04503 ] } },
{ "type": "Feature", "properties": { "poi_name": "捷運中正紀念堂站(5號出口)", "note": "29", "stop_type": "YouBike" }, "geometry": { "type": "Point", "coordinates": [ 121.5168, 25.03526 ] } },
{ "type": "Feature", "properties": { "poi_name": "北平東杭州北路口", "note": "20", "stop_type": "YouBike" }, "geometry": { "type": "Point", "coordinates": [ 121.52736, 25.04553 ] } },
{ "type": "Feature", "properties": { "poi_name": "王貫英先生紀念圖書館", "note": "15", "stop_type": "YouBike" }, "geometry": { "type": "Point", "coordinates": [ 121.52362, 25.02266 ] } },
{ "type": "Feature", "properties": { "poi_name": "金山信義路口", "note": "25", "stop_type": "YouBike" }, "geometry": { "type": "Point", "coordinates": [ 121.52721, 25.03443 ] } },
{ "type": "Feature", "properties": { "poi_name": "林森徐州路口", "note": "32", "stop_type": "YouBike" }, "geometry": { "type": "Point", "coordinates": [ 121.52215, 25.04094 ] } },
{ "type": "Feature", "properties": { "poi_name": "徐州杭州路口", "note": "30", "stop_type": "YouBike" }, "geometry": { "type": "Point", "coordinates": [ 121.52565, 25.04023 ] } },
{ "type": "Feature", "properties": { "poi_name": "捷運中正紀念堂站(6號出口)", "note": "17", "stop_type": "YouBike" }, "geometry": { "type": "Point", "coordinates": [ 121.5166, 25.03615 ] } },
{ "type": "Feature", "properties": { "poi_name": "捷運臺北車站(M2出口)", "note": "20", "stop_type": "YouBike" }, "geometry": { "type": "Point", "coordinates": [ 121.51903, 25.04821 ] } },
{ "type": "Feature", "properties": { "poi_name": "臺北市國父史蹟館(逸仙公園)", "note": "31", "stop_type": "YouBike" }, "geometry": { "type": "Point", "coordinates": [ 121.52042, 25.04779 ] } },
{ "type": "Feature", "properties": { "poi_name": "捷運西門站(5號出口)", "note": "30", "stop_type": "YouBike" }, "geometry": { "type": "Point", "coordinates": [ 121.50864, 25.04244 ] } },
{ "type": "Feature", "properties": { "poi_name": "弘道國中", "note": "33", "stop_type": "YouBike" }, "geometry": { "type": "Point", "coordinates": [ 121.51524, 25.03828 ] } },
{ "type": "Feature", "properties": { "poi_name": "臺北市第一女子高級中學", "note": "28", "stop_type": "YouBike" }, "geometry": { "type": "Point", "coordinates": [ 121.51288, 25.0385 ] } },
{ "type": "Feature", "properties": { "poi_name": "台北市替代役中心", "note": "15", "stop_type": "YouBike" }, "geometry": { "type": "Point", "coordinates": [ 121.5275, 25.01808 ] } },
{ "type": "Feature", "properties": { "poi_name": "紹興徐州路口", "note": "18", "stop_type": "YouBike" }, "geometry": { "type": "Point", "coordinates": [ 121.52401, 25.04051 ] } },
{ "type": "Feature", "properties": { "poi_name": "羅斯福寧波東街口", "note": "26", "stop_type": "YouBike" }, "geometry": { "type": "Point", "coordinates": [ 121.51941, 25.03145 ] } },
{ "type": "Feature", "properties": { "poi_name": "自來水園區", "note": "40", "stop_type": "YouBike" }, "geometry": { "type": "Point", "coordinates": [ 121.53004, 25.01328 ] } },
{ "type": "Feature", "properties": { "poi_name": "仁愛林森路口", "note": "46", "stop_type": "YouBike" }, "geometry": { "type": "Point", "coordinates": [ 121.52233, 25.03895 ] } },
{ "type": "Feature", "properties": { "poi_name": "捷運西門站(3號出口)", "note": "36", "stop_type": "YouBike" }, "geometry": { "type": "Point", "coordinates": [ 121.50869, 25.04178 ] } },
{ "type": "Feature", "properties": { "poi_name": "仁愛金山路口", "note": "9", "stop_type": "YouBike" }, "geometry": { "type": "Point", "coordinates": [ 121.52801, 25.0384 ] } },
{ "type": "Feature", "properties": { "poi_name": "杭州南路一段101巷口", "note": "14", "stop_type": "YouBike" }, "geometry": { "type": "Point", "coordinates": [ 121.52799, 25.03746 ] } },
{ "type": "Feature", "properties": { "poi_name": "仁愛杭州路口", "note": "25", "stop_type": "YouBike" }, "geometry": { "type": "Point", "coordinates": [ 121.52497, 25.03846 ] } },
{ "type": "Feature", "properties": { "poi_name": "龍興里活動中心", "note": "21", "stop_type": "YouBike" }, "geometry": { "type": "Point", "coordinates": [ 121.51108, 25.02815 ] } },
{ "type": "Feature", "properties": { "poi_name": "植物園", "note": "29", "stop_type": "YouBike" }, "geometry": { "type": "Point", "coordinates": [ 121.51033, 25.0299 ] } },
{ "type": "Feature", "properties": { "poi_name": "郵政博物館", "note": "24", "stop_type": "YouBike" }, "geometry": { "type": "Point", "coordinates": [ 121.51464, 25.03158 ] } },
{ "type": "Feature", "properties": { "poi_name": "林森北平路口", "note": "20", "stop_type": "YouBike" }, "geometry": { "type": "Point", "coordinates": [ 121.52377, 25.04659 ] } },
{ "type": "Feature", "properties": { "poi_name": "北平紹興路口", "note": "39", "stop_type": "YouBike" }, "geometry": { "type": "Point", "coordinates": [ 121.52579, 25.04597 ] } },
{ "type": "Feature", "properties": { "poi_name": "天津北平路口", "note": "25", "stop_type": "YouBike" }, "geometry": { "type": "Point", "coordinates": [ 121.52208, 25.04692 ] } },
{ "type": "Feature", "properties": { "poi_name": "捷運忠孝新生站(1號出口)", "note": "19", "stop_type": "YouBike" }, "geometry": { "type": "Point", "coordinates": [ 121.53207, 25.04272 ] } },
{ "type": "Feature", "properties": { "poi_name": "捷運忠孝新生站(5號出口)", "note": "13", "stop_type": "YouBike" }, "geometry": { "type": "Point", "coordinates": [ 121.53273, 25.04113 ] } },
{ "type": "Feature", "properties": { "poi_name": "捷運臺大醫院站(1號出口)", "note": "19", "stop_type": "YouBike" }, "geometry": { "type": "Point", "coordinates": [ 121.51586, 25.04074 ] } },
{ "type": "Feature", "properties": { "poi_name": "臺大醫院兒童醫院", "note": "22", "stop_type": "YouBike" }, "geometry": { "type": "Point", "coordinates": [ 121.5188, 25.04461 ] } },
{ "type": "Feature", "properties": { "poi_name": "林森濟南路口(東北側)", "note": "26", "stop_type": "YouBike" }, "geometry": { "type": "Point", "coordinates": [ 121.5227, 25.0425 ] } },
{ "type": "Feature", "properties": { "poi_name": "仁愛紹興街口(南側)", "note": "20", "stop_type": "YouBike" }, "geometry": { "type": "Point", "coordinates": [ 121.52345, 25.03837 ] } },
{ "type": "Feature", "properties": { "poi_name": "中華南海路口", "note": "15", "stop_type": "YouBike" }, "geometry": { "type": "Point", "coordinates": [ 121.50686, 25.02703 ] } },
{ "type": "Feature", "properties": { "poi_name": "立法院台北會館", "note": "15", "stop_type": "YouBike" }, "geometry": { "type": "Point", "coordinates": [ 121.51068, 25.03371 ] } },
{ "type": "Feature", "properties": { "poi_name": "捷運善導寺站(3號出口)(忠孝東路側)", "note": "31", "stop_type": "YouBike" }, "geometry": { "type": "Point", "coordinates": [ 121.52357, 25.04467 ] } },
{ "type": "Feature", "properties": { "poi_name": "國家音樂廳", "note": "22", "stop_type": "YouBike" }, "geometry": { "type": "Point", "coordinates": [ 121.51904, 25.03788 ] } },
{ "type": "Feature", "properties": { "poi_name": "忠孝西重慶南路口", "note": "33", "stop_type": "YouBike" }, "geometry": { "type": "Point", "coordinates": [ 121.51272, 25.04724 ] } },
{ "type": "Feature", "properties": { "poi_name": "濟南路二段8巷口", "note": "14", "stop_type": "YouBike" }, "geometry": { "type": "Point", "coordinates": [ 121.52697, 25.04127 ] } },
{ "type": "Feature", "properties": { "poi_name": "仁愛金山路口(東南側)", "note": "14", "stop_type": "YouBike" }, "geometry": { "type": "Point", "coordinates": [ 121.52855, 25.03811 ] } },
{ "type": "Feature", "properties": { "poi_name": "臺灣文學基地", "note": "23", "stop_type": "YouBike" }, "geometry": { "type": "Point", "coordinates": [ 121.5287, 25.04148 ] } },
{ "type": "Feature", "properties": { "poi_name": "重慶南詔安街口", "note": "19", "stop_type": "YouBike" }, "geometry": { "type": "Point", "coordinates": [ 121.51645, 25.02507 ] } },
{ "type": "Feature", "properties": { "poi_name": "文光公園", "note": "28", "stop_type": "YouBike" }, "geometry": { "type": "Point", "coordinates": [ 121.53058, 25.03898 ] } },
{ "type": "Feature", "properties": { "poi_name": "捷運中正紀念堂站(2號出口)", "note": "12", "stop_type": "YouBike" }, "geometry": { "type": "Point", "coordinates": [ 121.51861, 25.03212 ] } },
{ "type": "Feature", "properties": { "poi_name": "螢圃里小公園", "note": "25", "stop_type": "YouBike" }, "geometry": { "type": "Point", "coordinates": [ 121.51973, 25.02484 ] } },
{ "type": "Feature", "properties": { "poi_name": "螢橋公園", "note": "29", "stop_type": "YouBike" }, "geometry": { "type": "Point", "coordinates": [ 121.51737, 25.02682 ] } },
{ "type": "Feature", "properties": { "poi_name": "泉州寧波西街口", "note": "49", "stop_type": "YouBike" }, "geometry": { "type": "Point", "coordinates": [ 121.51415, 25.02965 ] } },
{ "type": "Feature", "properties": { "poi_name": "和平西路二段98巷口", "note": "16", "stop_type": "YouBike" }, "geometry": { "type": "Point", "coordinates": [ 121.5097, 25.0289 ] } },
{ "type": "Feature", "properties": { "poi_name": "仁愛新生路口(西南側)", "note": "18", "stop_type": "YouBike" }, "geometry": { "type": "Point", "coordinates": [ 121.53261, 25.03796 ] } },
{ "type": "Feature", "properties": { "poi_name": "幸安市場", "note": "15", "stop_type": "YouBike" }, "geometry": { "type": "Point", "coordinates": [ 121.53141, 25.04032 ] } },
{ "type": "Feature", "properties": { "poi_name": "龍口市場", "note": "14", "stop_type": "YouBike" }, "geometry": { "type": "Point", "coordinates": [ 121.51013, 25.0275 ] } },
{ "type": "Feature", "properties": { "poi_name": "捷運善導寺站(5號出口)", "note": "31", "stop_type": "YouBike" }, "geometry": { "type": "Point", "coordinates": [ 121.52552, 25.04418 ] } },
{ "type": "Feature", "properties": { "poi_name": "青島杭州路口", "note": "17", "stop_type": "YouBike" }, "geometry": { "type": "Point", "coordinates": [ 121.52629, 25.04281 ] } },
{ "type": "Feature", "properties": { "poi_name": "詔安街37巷口", "note": "28", "stop_type": "YouBike" }, "geometry": { "type": "Point", "coordinates": [ 121.51233, 25.02542 ] } },
{ "type": "Feature", "properties": { "poi_name": "南海路112巷口", "note": "31", "stop_type": "YouBike" }, "geometry": { "type": "Point", "coordinates": [ 121.50771, 25.02757 ] } },
{ "type": "Feature", "properties": { "poi_name": "牯嶺街95巷", "note": "16", "stop_type": "YouBike" }, "geometry": { "type": "Point", "coordinates": [ 121.52067, 25.0255 ] } },
{ "type": "Feature", "properties": { "poi_name": "仁愛紹興路口(北側)", "note": "23", "stop_type": "YouBike" }, "geometry": { "type": "Point", "coordinates": [ 121.52385, 25.03862 ] } },
{ "type": "Feature", "properties": { "poi_name": "貴陽博愛路口", "note": "69", "stop_type": "YouBike" }, "geometry": { "type": "Point", "coordinates": [ 121.51093, 25.03896 ] } },
{ "type": "Feature", "properties": { "poi_name": "國立臺灣博物館南門館", "note": "21", "stop_type": "YouBike" }, "geometry": { "type": "Point", "coordinates": [ 121.5156, 25.03351 ] } },
{ "type": "Feature", "properties": { "poi_name": "汀州路一段106巷口", "note": "21", "stop_type": "YouBike" }, "geometry": { "type": "Point", "coordinates": [ 121.50768, 25.03008 ] } },
{ "type": "Feature", "properties": { "poi_name": "羅斯福路四段108巷口", "note": "20", "stop_type": "YouBike" }, "geometry": { "type": "Point", "coordinates": [ 121.5355, 25.01346 ] } },
{ "type": "Feature", "properties": { "poi_name": "公館水岸廣場", "note": "27", "stop_type": "YouBike" }, "geometry": { "type": "Point", "coordinates": [ 121.52861, 25.01193 ] } },
{ "type": "Feature", "properties": { "poi_name": "捷運小南門站(3號出口)", "note": "19", "stop_type": "YouBike" }, "geometry": { "type": "Point", "coordinates": [ 121.51117, 25.03532 ] } },
{ "type": "Feature", "properties": { "poi_name": "臨沂街停車場", "note": "33", "stop_type": "YouBike" }, "geometry": { "type": "Point", "coordinates": [ 121.53006, 25.0426 ] } },
{ "type": "Feature", "properties": { "poi_name": "愛國東羅斯福路口", "note": "24", "stop_type": "YouBike" }, "geometry": { "type": "Point", "coordinates": [ 121.51733, 25.03454 ] } },
{ "type": "Feature", "properties": { "poi_name": "螢橋國中", "note": "18", "stop_type": "YouBike" }, "geometry": { "type": "Point", "coordinates": [ 121.52582, 25.01933 ] } },
{ "type": "Feature", "properties": { "poi_name": "立法院中興大樓", "note": "13", "stop_type": "YouBike" }, "geometry": { "type": "Point", "coordinates": [ 121.52119, 25.04278 ] } },
{ "type": "Feature", "properties": { "poi_name": "汀州南海路口", "note": "19", "stop_type": "YouBike" }, "geometry": { "type": "Point", "coordinates": [ 121.50875, 25.0288 ] } },
{ "type": "Feature", "properties": { "poi_name": "捷運中正紀念堂站(7號出口)", "note": "23", "stop_type": "YouBike" }, "geometry": { "type": "Point", "coordinates": [ 121.5156, 25.03465 ] } },
{ "type": "Feature", "properties": { "poi_name": "羅斯福路三段210巷口", "note": "16", "stop_type": "YouBike" }, "geometry": { "type": "Point", "coordinates": [ 121.52994, 25.01884 ] } },
{ "type": "Feature", "properties": { "poi_name": "忠義實小", "note": "17", "stop_type": "YouBike" }, "geometry": { "type": "Point", "coordinates": [ 121.50631, 25.02968 ] } },
{ "type": "Feature", "properties": { "poi_name": "中華路二段313巷口", "note": "35", "stop_type": "YouBike" }, "geometry": { "type": "Point", "coordinates": [ 121.50574, 25.02816 ] } },
{ "type": "Feature", "properties": { "poi_name": "通北街65巷口", "note": "27", "stop_type": "YouBike" }, "geometry": { "type": "Point", "coordinates": [ 121.54004, 25.08251 ] } },
{ "type": "Feature", "properties": { "poi_name": "圓山風景區", "note": "15", "stop_type": "YouBike" }, "geometry": { "type": "Point", "coordinates": [ 121.5295, 25.07805 ] } },
{ "type": "Feature", "properties": { "poi_name": "樂群二堤頂大道口", "note": "20", "stop_type": "YouBike" }, "geometry": { "type": "Point", "coordinates": [ 121.56251, 25.0803 ] } },
{ "type": "Feature", "properties": { "poi_name": "劍潭社區", "note": "13", "stop_type": "YouBike" }, "geometry": { "type": "Point", "coordinates": [ 121.53748, 25.08524 ] } },
{ "type": "Feature", "properties": { "poi_name": "培英公園", "note": "40", "stop_type": "YouBike" }, "geometry": { "type": "Point", "coordinates": [ 121.54462, 25.08258 ] } },
{ "type": "Feature", "properties": { "poi_name": "樂群二明水路口", "note": "20", "stop_type": "YouBike" }, "geometry": { "type": "Point", "coordinates": [ 121.55226, 25.08009 ] } },
{ "type": "Feature", "properties": { "poi_name": "北安大直街口", "note": "63", "stop_type": "YouBike" }, "geometry": { "type": "Point", "coordinates": [ 121.54968, 25.08474 ] } },
{ "type": "Feature", "properties": { "poi_name": "捷運劍南路站(2號出口)", "note": "40", "stop_type": "YouBike" }, "geometry": { "type": "Point", "coordinates": [ 121.555090270104799, 25.084751813541587 ] } },
{ "type": "Feature", "properties": { "poi_name": "樂群二敬業三路口", "note": "20", "stop_type": "YouBike" }, "geometry": { "type": "Point", "coordinates": [ 121.55609, 25.07985 ] } },
{ "type": "Feature", "properties": { "poi_name": "樂群二敬業四路口", "note": "36", "stop_type": "YouBike" }, "geometry": { "type": "Point", "coordinates": [ 121.55813, 25.07976 ] } },
{ "type": "Feature", "properties": { "poi_name": "捷運大直站(3號出口)", "note": "34", "stop_type": "YouBike" }, "geometry": { "type": "Point", "coordinates": [ 121.5473, 25.07923 ] } },
{ "type": "Feature", "properties": { "poi_name": "復興市民路口", "note": "52", "stop_type": "YouBike" }, "geometry": { "type": "Point", "coordinates": [ 121.54375, 25.04585 ] } },
{ "type": "Feature", "properties": { "poi_name": "南京遼寧街口", "note": "42", "stop_type": "YouBike" }, "geometry": { "type": "Point", "coordinates": [ 121.54217, 25.05176 ] } },
{ "type": "Feature", "properties": { "poi_name": "伊通長安路口", "note": "21", "stop_type": "YouBike" }, "geometry": { "type": "Point", "coordinates": [ 121.53469, 25.04833 ] } },
{ "type": "Feature", "properties": { "poi_name": "新生長安路口", "note": "44", "stop_type": "YouBike" }, "geometry": { "type": "Point", "coordinates": [ 121.52935, 25.04861 ] } },
{ "type": "Feature", "properties": { "poi_name": "市民林森路口", "note": "69", "stop_type": "YouBike" }, "geometry": { "type": "Point", "coordinates": [ 121.52589, 25.04765 ] } },
{ "type": "Feature", "properties": { "poi_name": "南京新生路口", "note": "36", "stop_type": "YouBike" }, "geometry": { "type": "Point", "coordinates": [ 121.52766, 25.05194 ] } },
{ "type": "Feature", "properties": { "poi_name": "一江公園", "note": "37", "stop_type": "YouBike" }, "geometry": { "type": "Point", "coordinates": [ 121.53146, 25.05316 ] } },
{ "type": "Feature", "properties": { "poi_name": "松江公園", "note": "42", "stop_type": "YouBike" }, "geometry": { "type": "Point", "coordinates": [ 121.53273, 25.05025 ] } },
{ "type": "Feature", "properties": { "poi_name": "新生長春路口", "note": "32", "stop_type": "YouBike" }, "geometry": { "type": "Point", "coordinates": [ 121.52752, 25.05639 ] } },
{ "type": "Feature", "properties": { "poi_name": "第二果菜批發市場", "note": "40", "stop_type": "YouBike" }, "geometry": { "type": "Point", "coordinates": [ 121.53735, 25.06642 ] } },
{ "type": "Feature", "properties": { "poi_name": "民生建國路口", "note": "47", "stop_type": "YouBike" }, "geometry": { "type": "Point", "coordinates": [ 121.53692, 25.05778 ] } },
{ "type": "Feature", "properties": { "poi_name": "興安華城", "note": "62", "stop_type": "YouBike" }, "geometry": { "type": "Point", "coordinates": [ 121.54175, 25.05606 ] } },
{ "type": "Feature", "properties": { "poi_name": "捷運中山國中站", "note": "61", "stop_type": "YouBike" }, "geometry": { "type": "Point", "coordinates": [ 121.54406, 25.06106 ] } },
{ "type": "Feature", "properties": { "poi_name": "龍江錦州街口", "note": "16", "stop_type": "YouBike" }, "geometry": { "type": "Point", "coordinates": [ 121.54077, 25.06045 ] } },
{ "type": "Feature", "properties": { "poi_name": "建國長春路口", "note": "16", "stop_type": "YouBike" }, "geometry": { "type": "Point", "coordinates": [ 121.53686, 25.05469 ] } },
{ "type": "Feature", "properties": { "poi_name": "南京建國路口", "note": "57", "stop_type": "YouBike" }, "geometry": { "type": "Point", "coordinates": [ 121.5368, 25.05214 ] } },
{ "type": "Feature", "properties": { "poi_name": "捷運松江南京站(7號出口)", "note": "75", "stop_type": "YouBike" }, "geometry": { "type": "Point", "coordinates": [ 121.5332, 25.05246 ] } },
{ "type": "Feature", "properties": { "poi_name": "朱崙商場", "note": "37", "stop_type": "YouBike" }, "geometry": { "type": "Point", "coordinates": [ 121.54043, 25.04762 ] } },
{ "type": "Feature", "properties": { "poi_name": "中吉公園", "note": "30", "stop_type": "YouBike" }, "geometry": { "type": "Point", "coordinates": [ 121.53166, 25.05604 ] } },
{ "type": "Feature", "properties": { "poi_name": "華山公園", "note": "22", "stop_type": "YouBike" }, "geometry": { "type": "Point", "coordinates": [ 121.5277, 25.0471 ] } },
{ "type": "Feature", "properties": { "poi_name": "建國北路一段17巷", "note": "45", "stop_type": "YouBike" }, "geometry": { "type": "Point", "coordinates": [ 121.53735, 25.04699 ] } },
{ "type": "Feature", "properties": { "poi_name": "江寧公園", "note": "16", "stop_type": "YouBike" }, "geometry": { "type": "Point", "coordinates": [ 121.53925, 25.0617 ] } },
{ "type": "Feature", "properties": { "poi_name": "民權龍江路口", "note": "32", "stop_type": "YouBike" }, "geometry": { "type": "Point", "coordinates": [ 121.54107, 25.06225 ] } },
{ "type": "Feature", "properties": { "poi_name": "捷運中山國小站(2號出口)", "note": "79", "stop_type": "YouBike" }, "geometry": { "type": "Point", "coordinates": [ 121.52705, 25.06246 ] } },
{ "type": "Feature", "properties": { "poi_name": "捷運行天宮站(3號出口)", "note": "48", "stop_type": "YouBike" }, "geometry": { "type": "Point", "coordinates": [ 121.5333, 25.05992 ] } },
{ "type": "Feature", "properties": { "poi_name": "林森農安街口", "note": "23", "stop_type": "YouBike" }, "geometry": { "type": "Point", "coordinates": [ 121.52565, 25.06531 ] } },
{ "type": "Feature", "properties": { "poi_name": "捷運中山國小站(4號出口)", "note": "20", "stop_type": "YouBike" }, "geometry": { "type": "Point", "coordinates": [ 121.52697, 25.06283 ] } },
{ "type": "Feature", "properties": { "poi_name": "農安雙城街口", "note": "15", "stop_type": "YouBike" }, "geometry": { "type": "Point", "coordinates": [ 121.52449, 25.06491 ] } },
{ "type": "Feature", "properties": { "poi_name": "新生德惠街口", "note": "35", "stop_type": "YouBike" }, "geometry": { "type": "Point", "coordinates": [ 121.52762, 25.06652 ] } },
{ "type": "Feature", "properties": { "poi_name": "民族林森路口", "note": "58", "stop_type": "YouBike" }, "geometry": { "type": "Point", "coordinates": [ 121.52559, 25.06847 ] } },
{ "type": "Feature", "properties": { "poi_name": "臺北市立美術館", "note": "24", "stop_type": "YouBike" }, "geometry": { "type": "Point", "coordinates": [ 121.52291, 25.06987 ] } },
{ "type": "Feature", "properties": { "poi_name": "中山民族路口", "note": "16", "stop_type": "YouBike" }, "geometry": { "type": "Point", "coordinates": [ 121.52265, 25.06816 ] } },
{ "type": "Feature", "properties": { "poi_name": "新生高架停車場(林森北路107巷口)", "note": "14", "stop_type": "YouBike" }, "geometry": { "type": "Point", "coordinates": [ 121.52853, 25.04983 ] } },
{ "type": "Feature", "properties": { "poi_name": "南京林森路口", "note": "22", "stop_type": "YouBike" }, "geometry": { "type": "Point", "coordinates": [ 121.52556, 25.05201 ] } },
{ "type": "Feature", "properties": { "poi_name": "仁德公園", "note": "18", "stop_type": "YouBike" }, "geometry": { "type": "Point", "coordinates": [ 121.5289, 25.05337 ] } },
{ "type": "Feature", "properties": { "poi_name": "中原公園", "note": "15", "stop_type": "YouBike" }, "geometry": { "type": "Point", "coordinates": [ 121.52821, 25.05583 ] } },
{ "type": "Feature", "properties": { "poi_name": "下埤公園", "note": "33", "stop_type": "YouBike" }, "geometry": { "type": "Point", "coordinates": [ 121.54213, 25.06682 ] } },
{ "type": "Feature", "properties": { "poi_name": "五常國中", "note": "42", "stop_type": "YouBike" }, "geometry": { "type": "Point", "coordinates": [ 121.54366, 25.06505 ] } },
{ "type": "Feature", "properties": { "poi_name": "榮星花園", "note": "46", "stop_type": "YouBike" }, "geometry": { "type": "Point", "coordinates": [ 121.54037, 25.06424 ] } },
{ "type": "Feature", "properties": { "poi_name": "民權建國路口", "note": "50", "stop_type": "YouBike" }, "geometry": { "type": "Point", "coordinates": [ 121.53765, 25.06251 ] } },
{ "type": "Feature", "properties": { "poi_name": "松江路431巷口", "note": "20", "stop_type": "YouBike" }, "geometry": { "type": "Point", "coordinates": [ 121.53338, 25.06585 ] } },
{ "type": "Feature", "properties": { "poi_name": "新喜公園", "note": "13", "stop_type": "YouBike" }, "geometry": { "type": "Point", "coordinates": [ 121.53177, 25.06533 ] } },
{ "type": "Feature", "properties": { "poi_name": "吉林路407巷口", "note": "15", "stop_type": "YouBike" }, "geometry": { "type": "Point", "coordinates": [ 121.53041, 25.06595 ] } },
{ "type": "Feature", "properties": { "poi_name": "民族松江路口", "note": "17", "stop_type": "YouBike" }, "geometry": { "type": "Point", "coordinates": [ 121.5328, 25.06833 ] } },
{ "type": "Feature", "properties": { "poi_name": "林安泰古厝", "note": "36", "stop_type": "YouBike" }, "geometry": { "type": "Point", "coordinates": [ 121.53058, 25.07154 ] } },
{ "type": "Feature", "properties": { "poi_name": "渭水八德路口", "note": "23", "stop_type": "YouBike" }, "geometry": { "type": "Point", "coordinates": [ 121.53508, 25.04573 ] } },
{ "type": "Feature", "properties": { "poi_name": "捷運中山站(2號出口)", "note": "33", "stop_type": "YouBike" }, "geometry": { "type": "Point", "coordinates": [ 121.52176, 25.05228 ] } },
{ "type": "Feature", "properties": { "poi_name": "撫順公園", "note": "30", "stop_type": "YouBike" }, "geometry": { "type": "Point", "coordinates": [ 121.52203, 25.06416 ] } },
{ "type": "Feature", "properties": { "poi_name": "新生公園", "note": "29", "stop_type": "YouBike" }, "geometry": { "type": "Point", "coordinates": [ 121.53032, 25.06839 ] } },
{ "type": "Feature", "properties": { "poi_name": "捷運行天宮站(1號出口)", "note": "49", "stop_type": "YouBike" }, "geometry": { "type": "Point", "coordinates": [ 121.53305, 25.05867 ] } },
{ "type": "Feature", "properties": { "poi_name": "林森長春路口", "note": "28", "stop_type": "YouBike" }, "geometry": { "type": "Point", "coordinates": [ 121.52536, 25.05497 ] } },
{ "type": "Feature", "properties": { "poi_name": "建國農安街口", "note": "80", "stop_type": "YouBike" }, "geometry": { "type": "Point", "coordinates": [ 121.53678, 25.06503 ] } },
{ "type": "Feature", "properties": { "poi_name": "松江路77巷口", "note": "10", "stop_type": "YouBike" }, "geometry": { "type": "Point", "coordinates": [ 121.53312, 25.04985 ] } },
{ "type": "Feature", "properties": { "poi_name": "建國長安路口", "note": "20", "stop_type": "YouBike" }, "geometry": { "type": "Point", "coordinates": [ 121.53669, 25.04836 ] } },
{ "type": "Feature", "properties": { "poi_name": "市民新生路口", "note": "15", "stop_type": "YouBike" }, "geometry": { "type": "Point", "coordinates": [ 121.53193, 25.04611 ] } },
{ "type": "Feature", "properties": { "poi_name": "民權吉林路口", "note": "27", "stop_type": "YouBike" }, "geometry": { "type": "Point", "coordinates": [ 121.53061, 25.06269 ] } },
{ "type": "Feature", "properties": { "poi_name": "中山農安街口", "note": "29", "stop_type": "YouBike" }, "geometry": { "type": "Point", "coordinates": [ 121.5224, 25.0651 ] } },
{ "type": "Feature", "properties": { "poi_name": "捷運行政大樓", "note": "14", "stop_type": "YouBike" }, "geometry": { "type": "Point", "coordinates": [ 121.52168, 25.05575 ] } },
{ "type": "Feature", "properties": { "poi_name": "中吉公園(松江路188巷)", "note": "22", "stop_type": "YouBike" }, "geometry": { "type": "Point", "coordinates": [ 121.53191, 25.0568 ] } },
{ "type": "Feature", "properties": { "poi_name": "吉林路123巷口", "note": "22", "stop_type": "YouBike" }, "geometry": { "type": "Point", "coordinates": [ 121.53021, 25.05731 ] } },
{ "type": "Feature", "properties": { "poi_name": "國立臺北大學(臺北校區)", "note": "38", "stop_type": "YouBike" }, "geometry": { "type": "Point", "coordinates": [ 121.54304, 25.05806 ] } },
{ "type": "Feature", "properties": { "poi_name": "錦州吉林路口", "note": "30", "stop_type": "YouBike" }, "geometry": { "type": "Point", "coordinates": [ 121.52991, 25.06028 ] } },
{ "type": "Feature", "properties": { "poi_name": "中山北路二段59巷口", "note": "12", "stop_type": "YouBike" }, "geometry": { "type": "Point", "coordinates": [ 121.5229, 25.05606 ] } },
{ "type": "Feature", "properties": { "poi_name": "永盛公園(民生東路一段23巷)", "note": "24", "stop_type": "YouBike" }, "geometry": { "type": "Point", "coordinates": [ 121.52488, 25.05873 ] } },
{ "type": "Feature", "properties": { "poi_name": "新生錦州街口", "note": "20", "stop_type": "YouBike" }, "geometry": { "type": "Point", "coordinates": [ 121.52744, 25.05955 ] } },
{ "type": "Feature", "properties": { "poi_name": "濱江街199巷口", "note": "21", "stop_type": "YouBike" }, "geometry": { "type": "Point", "coordinates": [ 121.53985, 25.0734 ] } },
{ "type": "Feature", "properties": { "poi_name": "大佳社區公園", "note": "20", "stop_type": "YouBike" }, "geometry": { "type": "Point", "coordinates": [ 121.5373, 25.07275 ] } },
{ "type": "Feature", "properties": { "poi_name": "濱江果菜市場", "note": "22", "stop_type": "YouBike" }, "geometry": { "type": "Point", "coordinates": [ 121.53673, 25.06807 ] } },
{ "type": "Feature", "properties": { "poi_name": "興安合江路口", "note": "29", "stop_type": "YouBike" }, "geometry": { "type": "Point", "coordinates": [ 121.53949, 25.05619 ] } },
{ "type": "Feature", "properties": { "poi_name": "復興北路514巷口東側", "note": "12", "stop_type": "YouBike" }, "geometry": { "type": "Point", "coordinates": [ 121.54117, 25.06597 ] } },
{ "type": "Feature", "properties": { "poi_name": "台泥大樓", "note": "28", "stop_type": "YouBike" }, "geometry": { "type": "Point", "coordinates": [ 121.52305, 25.06142 ] } },
{ "type": "Feature", "properties": { "poi_name": "植福樂群路口", "note": "10", "stop_type": "YouBike" }, "geometry": { "type": "Point", "coordinates": [ 121.5604, 25.08303 ] } },
{ "type": "Feature", "properties": { "poi_name": "新興公園", "note": "26", "stop_type": "YouBike" }, "geometry": { "type": "Point", "coordinates": [ 121.52439, 25.06157 ] } },
{ "type": "Feature", "properties": { "poi_name": "南京伊通街口", "note": "11", "stop_type": "YouBike" }, "geometry": { "type": "Point", "coordinates": [ 121.53517, 25.05189 ] } },
{ "type": "Feature", "properties": { "poi_name": "南京龍江路口", "note": "24", "stop_type": "YouBike" }, "geometry": { "type": "Point", "coordinates": [ 121.54012, 25.05205 ] } },
{ "type": "Feature", "properties": { "poi_name": "撫順街41巷(崇德宮前)", "note": "19", "stop_type": "YouBike" }, "geometry": { "type": "Point", "coordinates": [ 121.51916, 25.06389 ] } },
{ "type": "Feature", "properties": { "poi_name": "臺北市立圖書館大直分館", "note": "20", "stop_type": "YouBike" }, "geometry": { "type": "Point", "coordinates": [ 121.54646, 25.08152 ] } },
{ "type": "Feature", "properties": { "poi_name": "捷運大直站(1號出口)", "note": "27", "stop_type": "YouBike" }, "geometry": { "type": "Point", "coordinates": [ 121.54708, 25.0801 ] } },
{ "type": "Feature", "properties": { "poi_name": "捷運松江南京站(4號出口)", "note": "32", "stop_type": "YouBike" }, "geometry": { "type": "Point", "coordinates": [ 121.53312, 25.0512 ] } },
{ "type": "Feature", "properties": { "poi_name": "中429公園", "note": "21", "stop_type": "YouBike" }, "geometry": { "type": "Point", "coordinates": [ 121.55557, 25.07864 ] } },
{ "type": "Feature", "properties": { "poi_name": "長春路137巷口", "note": "23", "stop_type": "YouBike" }, "geometry": { "type": "Point", "coordinates": [ 121.53114, 25.05791 ] } },
{ "type": "Feature", "properties": { "poi_name": "松江民生路口", "note": "21", "stop_type": "YouBike" }, "geometry": { "type": "Point", "coordinates": [ 121.53299, 25.05765 ] } },
{ "type": "Feature", "properties": { "poi_name": "松江路132巷口", "note": "14", "stop_type": "YouBike" }, "geometry": { "type": "Point", "coordinates": [ 121.53013, 25.05277 ] } },
{ "type": "Feature", "properties": { "poi_name": "長春吉林路口", "note": "10", "stop_type": "YouBike" }, "geometry": { "type": "Point", "coordinates": [ 121.53032, 25.05481 ] } },
{ "type": "Feature", "properties": { "poi_name": "長春一江街口", "note": "11", "stop_type": "YouBike" }, "geometry": { "type": "Point", "coordinates": [ 121.53142, 25.05488 ] } },
{ "type": "Feature", "properties": { "poi_name": "捷運松江南京站(8號出口)", "note": "29", "stop_type": "YouBike" }, "geometry": { "type": "Point", "coordinates": [ 121.53276, 25.05215 ] } },
{ "type": "Feature", "properties": { "poi_name": "南京一江街口", "note": "20", "stop_type": "YouBike" }, "geometry": { "type": "Point", "coordinates": [ 121.53171, 25.05215 ] } },
{ "type": "Feature", "properties": { "poi_name": "松江長春路口", "note": "16", "stop_type": "YouBike" }, "geometry": { "type": "Point", "coordinates": [ 121.53295, 25.05499 ] } },
{ "type": "Feature", "properties": { "poi_name": "經國七海文化園區", "note": "15", "stop_type": "YouBike" }, "geometry": { "type": "Point", "coordinates": [ 121.53511, 25.07802 ] } },
{ "type": "Feature", "properties": { "poi_name": "民族玉門街口", "note": "20", "stop_type": "YouBike" }, "geometry": { "type": "Point", "coordinates": [ 121.52003, 25.06873 ] } },
{ "type": "Feature", "properties": { "poi_name": "新生農安街口", "note": "15", "stop_type": "YouBike" }, "geometry": { "type": "Point", "coordinates": [ 121.52778, 25.06493 ] } },
{ "type": "Feature", "properties": { "poi_name": "稻江高級護理家事職業學校", "note": "14", "stop_type": "YouBike" }, "geometry": { "type": "Point", "coordinates": [ 121.52848, 25.06532 ] } },
{ "type": "Feature", "properties": { "poi_name": "捷運大直站(3號出口)_1", "note": "18", "stop_type": "YouBike" }, "geometry": { "type": "Point", "coordinates": [ 121.54671, 25.07934 ] } },
{ "type": "Feature", "properties": { "poi_name": "樂群二明水路口_1", "note": "34", "stop_type": "YouBike" }, "geometry": { "type": "Point", "coordinates": [ 121.55236, 25.07983 ] } },
{ "type": "Feature", "properties": { "poi_name": "民權吉林路口(南側)", "note": "32", "stop_type": "YouBike" }, "geometry": { "type": "Point", "coordinates": [ 121.53043, 25.06245 ] } },
{ "type": "Feature", "properties": { "poi_name": "長春龍江路口", "note": "39", "stop_type": "YouBike" }, "geometry": { "type": "Point", "coordinates": [ 121.54026, 25.05473 ] } },
{ "type": "Feature", "properties": { "poi_name": "民權新生路口", "note": "26", "stop_type": "YouBike" }, "geometry": { "type": "Point", "coordinates": [ 121.52776, 25.06305 ] } },
{ "type": "Feature", "properties": { "poi_name": "建國長春路口(北側)", "note": "30", "stop_type": "YouBike" }, "geometry": { "type": "Point", "coordinates": [ 121.53693, 25.05476 ] } },
{ "type": "Feature", "properties": { "poi_name": "中山行政中心", "note": "30", "stop_type": "YouBike" }, "geometry": { "type": "Point", "coordinates": [ 121.53349, 25.06432 ] } },
{ "type": "Feature", "properties": { "poi_name": "臺北市立美術館_1", "note": "40", "stop_type": "YouBike" }, "geometry": { "type": "Point", "coordinates": [ 121.52327, 25.07063 ] } },
{ "type": "Feature", "properties": { "poi_name": "劍潭社區_1", "note": "42", "stop_type": "YouBike" }, "geometry": { "type": "Point", "coordinates": [ 121.53789, 25.08476 ] } },
{ "type": "Feature", "properties": { "poi_name": "濱江國小游泳池", "note": "16", "stop_type": "YouBike" }, "geometry": { "type": "Point", "coordinates": [ 121.56175, 25.07818 ] } },
{ "type": "Feature", "properties": { "poi_name": "林森公園", "note": "49", "stop_type": "YouBike" }, "geometry": { "type": "Point", "coordinates": [ 121.52581, 25.05223 ] } },
{ "type": "Feature", "properties": { "poi_name": "中428公園", "note": "24", "stop_type": "YouBike" }, "geometry": { "type": "Point", "coordinates": [ 121.55337, 25.07825 ] } },
{ "type": "Feature", "properties": { "poi_name": "復華公園", "note": "20", "stop_type": "YouBike" }, "geometry": { "type": "Point", "coordinates": [ 121.5401, 25.05339 ] } },
{ "type": "Feature", "properties": { "poi_name": "新生民族路口(西南側)", "note": "15", "stop_type": "YouBike" }, "geometry": { "type": "Point", "coordinates": [ 121.52767, 25.06819 ] } },
{ "type": "Feature", "properties": { "poi_name": "捷運南京復興站(1號出口)", "note": "21", "stop_type": "YouBike" }, "geometry": { "type": "Point", "coordinates": [ 121.54256, 25.05253 ] } },
{ "type": "Feature", "properties": { "poi_name": "八德市場(北側)", "note": "29", "stop_type": "YouBike" }, "geometry": { "type": "Point", "coordinates": [ 121.53661, 25.04478 ] } },
{ "type": "Feature", "properties": { "poi_name": "龍江朱崙街口", "note": "14", "stop_type": "YouBike" }, "geometry": { "type": "Point", "coordinates": [ 121.54043, 25.05004 ] } },
{ "type": "Feature", "properties": { "poi_name": "大直街94巷", "note": "13", "stop_type": "YouBike" }, "geometry": { "type": "Point", "coordinates": [ 121.54755, 25.08431 ] } },
{ "type": "Feature", "properties": { "poi_name": "捷運南京復興站(8號出口)", "note": "25", "stop_type": "YouBike" }, "geometry": { "type": "Point", "coordinates": [ 121.5433, 25.05196 ] } },
{ "type": "Feature", "properties": { "poi_name": "民權建國路口(南側)", "note": "22", "stop_type": "YouBike" }, "geometry": { "type": "Point", "coordinates": [ 121.53702, 25.06228 ] } },
{ "type": "Feature", "properties": { "poi_name": "林森德惠街口", "note": "16", "stop_type": "YouBike" }, "geometry": { "type": "Point", "coordinates": [ 121.5257, 25.06688 ] } },
{ "type": "Feature", "properties": { "poi_name": "新生濱江街口(東南側)", "note": "21", "stop_type": "YouBike" }, "geometry": { "type": "Point", "coordinates": [ 121.52812, 25.07059 ] } },
{ "type": "Feature", "properties": { "poi_name": "新生北路一段62巷口", "note": "30", "stop_type": "YouBike" }, "geometry": { "type": "Point", "coordinates": [ 121.53075, 25.04699 ] } },
{ "type": "Feature", "properties": { "poi_name": "新生長春路口(東北側)", "note": "19", "stop_type": "YouBike" }, "geometry": { "type": "Point", "coordinates": [ 121.52769, 25.05532 ] } },
{ "type": "Feature", "properties": { "poi_name": "捷運劍南路站(1號出口)", "note": "25", "stop_type": "YouBike" }, "geometry": { "type": "Point", "coordinates": [ 121.55498, 25.08519 ] } },
{ "type": "Feature", "properties": { "poi_name": "樂群三路123號", "note": "34", "stop_type": "YouBike" }, "geometry": { "type": "Point", "coordinates": [ 121.55514, 25.08271 ] } },
{ "type": "Feature", "properties": { "poi_name": "長春路258巷2弄口", "note": "16", "stop_type": "YouBike" }, "geometry": { "type": "Point", "coordinates": [ 121.53896, 25.05427 ] } },
{ "type": "Feature", "properties": { "poi_name": "長寧大廈社區(南側)", "note": "32", "stop_type": "YouBike" }, "geometry": { "type": "Point", "coordinates": [ 121.54332, 25.05418 ] } },
{ "type": "Feature", "properties": { "poi_name": "建國五常街口", "note": "20", "stop_type": "YouBike" }, "geometry": { "type": "Point", "coordinates": [ 121.53732, 25.06419 ] } },
{ "type": "Feature", "properties": { "poi_name": "中山北路二段62巷口", "note": "12", "stop_type": "YouBike" }, "geometry": { "type": "Point", "coordinates": [ 121.52268, 25.05676 ] } },
{ "type": "Feature", "properties": { "poi_name": "市民安東街口", "note": "36", "stop_type": "YouBike" }, "geometry": { "type": "Point", "coordinates": [ 121.54213, 25.0448 ] } },
{ "type": "Feature", "properties": { "poi_name": "市民大道二段5巷口", "note": "58", "stop_type": "YouBike" }, "geometry": { "type": "Point", "coordinates": [ 121.52166, 25.04812 ] } },
{ "type": "Feature", "properties": { "poi_name": "捷運中山站(3號出口)", "note": "21", "stop_type": "YouBike" }, "geometry": { "type": "Point", "coordinates": [ 121.52212, 25.05236 ] } },
{ "type": "Feature", "properties": { "poi_name": "建國北路高架橋下停車場G區", "note": "18", "stop_type": "YouBike" }, "geometry": { "type": "Point", "coordinates": [ 121.53682, 25.05959 ] } },
{ "type": "Feature", "properties": { "poi_name": "朱崙公園", "note": "20", "stop_type": "YouBike" }, "geometry": { "type": "Point", "coordinates": [ 121.54198, 25.04919 ] } },
{ "type": "Feature", "properties": { "poi_name": "朱崙復興北路口", "note": "18", "stop_type": "YouBike" }, "geometry": { "type": "Point", "coordinates": [ 121.54379, 25.04992 ] } },
{ "type": "Feature", "properties": { "poi_name": "捷運行天宮站(4號出口)", "note": "36", "stop_type": "YouBike" }, "geometry": { "type": "Point", "coordinates": [ 121.53283, 25.06037 ] } },
{ "type": "Feature", "properties": { "poi_name": "建國北路三段86巷口", "note": "26", "stop_type": "YouBike" }, "geometry": { "type": "Point", "coordinates": [ 121.53526, 25.06617 ] } },
{ "type": "Feature", "properties": { "poi_name": "正守公園", "note": "23", "stop_type": "YouBike" }, "geometry": { "type": "Point", "coordinates": [ 121.52898, 25.04808 ] } },
{ "type": "Feature", "properties": { "poi_name": "四平松江路口", "note": "18", "stop_type": "YouBike" }, "geometry": { "type": "Point", "coordinates": [ 121.53282, 25.05366 ] } },
{ "type": "Feature", "properties": { "poi_name": "北安通北街口", "note": "36", "stop_type": "YouBike" }, "geometry": { "type": "Point", "coordinates": [ 121.54148, 25.07965 ] } },
{ "type": "Feature", "properties": { "poi_name": "民權東復興北路口(西北側)", "note": "20", "stop_type": "YouBike" }, "geometry": { "type": "Point", "coordinates": [ 121.54323, 25.06246 ] } },
{ "type": "Feature", "properties": { "poi_name": "臺北市立大同高中", "note": "48", "stop_type": "YouBike" }, "geometry": { "type": "Point", "coordinates": [ 121.53521, 25.05484 ] } },
{ "type": "Feature", "properties": { "poi_name": "中崙加油站", "note": "27", "stop_type": "YouBike" }, "geometry": { "type": "Point", "coordinates": [ 121.53979, 25.04634 ] } },
{ "type": "Feature", "properties": { "poi_name": "北安明水路口(自強隧道)", "note": "12", "stop_type": "YouBike" }, "geometry": { "type": "Point", "coordinates": [ 121.55225, 25.08578 ] } },
{ "type": "Feature", "properties": { "poi_name": "中正國小(南京東路三段48巷)", "note": "15", "stop_type": "YouBike" }, "geometry": { "type": "Point", "coordinates": [ 121.53845, 25.05126 ] } },
{ "type": "Feature", "properties": { "poi_name": "臺北時代廣場", "note": "35", "stop_type": "YouBike" }, "geometry": { "type": "Point", "coordinates": [ 121.56152, 25.08044 ] } },
{ "type": "Feature", "properties": { "poi_name": "吉林農安街口(西北側)", "note": "15", "stop_type": "YouBike" }, "geometry": { "type": "Point", "coordinates": [ 121.53034, 25.06493 ] } },
{ "type": "Feature", "properties": { "poi_name": "濱江國中", "note": "31", "stop_type": "YouBike" }, "geometry": { "type": "Point", "coordinates": [ 121.56178, 25.0793 ] } },
{ "type": "Feature", "properties": { "poi_name": "環山抽水站", "note": "34", "stop_type": "YouBike" }, "geometry": { "type": "Point", "coordinates": [ 121.5631, 25.07734 ] } },
{ "type": "Feature", "properties": { "poi_name": "民權中山路口(東北側)", "note": "25", "stop_type": "YouBike" }, "geometry": { "type": "Point", "coordinates": [ 121.52299, 25.06292 ] } },
{ "type": "Feature", "properties": { "poi_name": "復興五常街口(西南側)", "note": "26", "stop_type": "YouBike" }, "geometry": { "type": "Point", "coordinates": [ 121.54415, 25.06409 ] } },
{ "type": "Feature", "properties": { "poi_name": "松江長安路口", "note": "21", "stop_type": "YouBike" }, "geometry": { "type": "Point", "coordinates": [ 121.53282, 25.04819 ] } },
{ "type": "Feature", "properties": { "poi_name": "長安國小", "note": "26", "stop_type": "YouBike" }, "geometry": { "type": "Point", "coordinates": [ 121.53008, 25.05018 ] } },
{ "type": "Feature", "properties": { "poi_name": "中山市場", "note": "16", "stop_type": "YouBike" }, "geometry": { "type": "Point", "coordinates": [ 121.52107, 25.05007 ] } },
{ "type": "Feature", "properties": { "poi_name": "捷運雙連站(1號出口)", "note": "17", "stop_type": "YouBike" }, "geometry": { "type": "Point", "coordinates": [ 121.52097, 25.05767 ] } },
{ "type": "Feature", "properties": { "poi_name": "吉林南京路口(西北側)", "note": "22", "stop_type": "YouBike" }, "geometry": { "type": "Point", "coordinates": [ 121.53003, 25.05234 ] } },
{ "type": "Feature", "properties": { "poi_name": "龍江路345巷", "note": "23", "stop_type": "YouBike" }, "geometry": { "type": "Point", "coordinates": [ 121.54116, 25.06339 ] } },
{ "type": "Feature", "properties": { "poi_name": "捷運劍南路站(3號出口)", "note": "46", "stop_type": "YouBike" }, "geometry": { "type": "Point", "coordinates": [ 121.55657, 25.08444 ] } },
{ "type": "Feature", "properties": { "poi_name": "一江南京東路口(西南側)", "note": "22", "stop_type": "YouBike" }, "geometry": { "type": "Point", "coordinates": [ 121.53146, 25.05181 ] } },
{ "type": "Feature", "properties": { "poi_name": "大直抽水站公車站", "note": "27", "stop_type": "YouBike" }, "geometry": { "type": "Point", "coordinates": [ 121.54556, 25.07756 ] } },
{ "type": "Feature", "properties": { "poi_name": "民權東路三段39巷口", "note": "25", "stop_type": "YouBike" }, "geometry": { "type": "Point", "coordinates": [ 121.54259, 25.06596 ] } },
{ "type": "Feature", "properties": { "poi_name": "臺北市立中山女高", "note": "33", "stop_type": "YouBike" }, "geometry": { "type": "Point", "coordinates": [ 121.53889, 25.04841 ] } },
{ "type": "Feature", "properties": { "poi_name": "朱昌公園", "note": "25", "stop_type": "YouBike" }, "geometry": { "type": "Point", "coordinates": [ 121.53908, 25.0554 ] } },
{ "type": "Feature", "properties": { "poi_name": "林森公園東北側", "note": "18", "stop_type": "YouBike" }, "geometry": { "type": "Point", "coordinates": [ 121.52674, 25.05381 ] } },
{ "type": "Feature", "properties": { "poi_name": "康樂公園西北側", "note": "18", "stop_type": "YouBike" }, "geometry": { "type": "Point", "coordinates": [ 121.52456, 25.05377 ] } },
{ "type": "Feature", "properties": { "poi_name": "中山北德惠街口", "note": "20", "stop_type": "YouBike" }, "geometry": { "type": "Point", "coordinates": [ 121.52257, 25.06671 ] } },
{ "type": "Feature", "properties": { "poi_name": "晴光公園", "note": "20", "stop_type": "YouBike" }, "geometry": { "type": "Point", "coordinates": [ 121.52446, 25.06411 ] } },
{ "type": "Feature", "properties": { "poi_name": "松江路25巷口", "note": "42", "stop_type": "YouBike" }, "geometry": { "type": "Point", "coordinates": [ 121.53304, 25.04628 ] } },
{ "type": "Feature", "properties": { "poi_name": "民生東合江街口", "note": "20", "stop_type": "YouBike" }, "geometry": { "type": "Point", "coordinates": [ 121.53951, 25.05777 ] } },
{ "type": "Feature", "properties": { "poi_name": "飛航服務總臺", "note": "23", "stop_type": "YouBike" }, "geometry": { "type": "Point", "coordinates": [ 121.55117, 25.07241 ] } },
{ "type": "Feature", "properties": { "poi_name": "內湖堤頂大道(西南側)", "note": "24", "stop_type": "YouBike" }, "geometry": { "type": "Point", "coordinates": [ 121.56016, 25.08462 ] } },
{ "type": "Feature", "properties": { "poi_name": "大直派出所", "note": "30", "stop_type": "YouBike" }, "geometry": { "type": "Point", "coordinates": [ 121.54422, 25.07913 ] } },
{ "type": "Feature", "properties": { "poi_name": "遼寧民生路口", "note": "36", "stop_type": "YouBike" }, "geometry": { "type": "Point", "coordinates": [ 121.54215, 25.05751 ] } },
{ "type": "Feature", "properties": { "poi_name": "松江路184巷口", "note": "21", "stop_type": "YouBike" }, "geometry": { "type": "Point", "coordinates": [ 121.53296, 25.05623 ] } },
{ "type": "Feature", "properties": { "poi_name": "民權東路三段60巷", "note": "18", "stop_type": "YouBike" }, "geometry": { "type": "Point", "coordinates": [ 121.54236, 25.06058 ] } },
{ "type": "Feature", "properties": { "poi_name": "長春路258巷2弄(北側)", "note": "19", "stop_type": "YouBike" }, "geometry": { "type": "Point", "coordinates": [ 121.5383, 25.05474 ] } },
{ "type": "Feature", "properties": { "poi_name": "中山北路二段96巷口", "note": "18", "stop_type": "YouBike" }, "geometry": { "type": "Point", "coordinates": [ 121.52253, 25.0598 ] } },
{ "type": "Feature", "properties": { "poi_name": "吉林路236巷口", "note": "21", "stop_type": "YouBike" }, "geometry": { "type": "Point", "coordinates": [ 121.53025, 25.05931 ] } },
{ "type": "Feature", "properties": { "poi_name": "上塔悠公園(明水路)", "note": "30", "stop_type": "YouBike" }, "geometry": { "type": "Point", "coordinates": [ 121.55205, 25.07767 ] } },
{ "type": "Feature", "properties": { "poi_name": "中山民生東路口(東南側)", "note": "21", "stop_type": "YouBike" }, "geometry": { "type": "Point", "coordinates": [ 121.52299, 25.05778 ] } },
{ "type": "Feature", "properties": { "poi_name": "中山北路二段26巷", "note": "51", "stop_type": "YouBike" }, "geometry": { "type": "Point", "coordinates": [ 121.52066, 25.05392 ] } },
{ "type": "Feature", "properties": { "poi_name": "八德路二段210巷口", "note": "21", "stop_type": "YouBike" }, "geometry": { "type": "Point", "coordinates": [ 121.53958, 25.04478 ] } },
{ "type": "Feature", "properties": { "poi_name": "長安林森路口公車站", "note": "20", "stop_type": "YouBike" }, "geometry": { "type": "Point", "coordinates": [ 121.52589, 25.04882 ] } },
{ "type": "Feature", "properties": { "poi_name": "市民大道二段67巷口", "note": "30", "stop_type": "YouBike" }, "geometry": { "type": "Point", "coordinates": [ 121.5296, 25.04652 ] } },
{ "type": "Feature", "properties": { "poi_name": "德惠雙城街口(西側)", "note": "18", "stop_type": "YouBike" }, "geometry": { "type": "Point", "coordinates": [ 121.5242, 25.0667 ] } },
{ "type": "Feature", "properties": { "poi_name": "北安路608巷明水路口", "note": "18", "stop_type": "YouBike" }, "geometry": { "type": "Point", "coordinates": [ 121.55124, 25.08194 ] } },
{ "type": "Feature", "properties": { "poi_name": "新生林森北路485巷口", "note": "35", "stop_type": "YouBike" }, "geometry": { "type": "Point", "coordinates": [ 121.52745, 25.06114 ] } },
{ "type": "Feature", "properties": { "poi_name": "新壽公園", "note": "16", "stop_type": "YouBike" }, "geometry": { "type": "Point", "coordinates": [ 121.53015, 25.06313 ] } },
{ "type": "Feature", "properties": { "poi_name": "復興北路430巷", "note": "37", "stop_type": "YouBike" }, "geometry": { "type": "Point", "coordinates": [ 121.54353, 25.06341 ] } },
{ "type": "Feature", "properties": { "poi_name": "林森錦州街口", "note": "21", "stop_type": "YouBike" }, "geometry": { "type": "Point", "coordinates": [ 121.52566, 25.06051 ] } },
{ "type": "Feature", "properties": { "poi_name": "臺北市立美術館(中山北路三段)", "note": "20", "stop_type": "YouBike" }, "geometry": { "type": "Point", "coordinates": [ 121.52395, 25.07177 ] } },
{ "type": "Feature", "properties": { "poi_name": "臺北市立美術館(新生北路三段)", "note": "24", "stop_type": "YouBike" }, "geometry": { "type": "Point", "coordinates": [ 121.52529, 25.07255 ] } },
{ "type": "Feature", "properties": { "poi_name": "南京新生路口(北側)", "note": "24", "stop_type": "YouBike" }, "geometry": { "type": "Point", "coordinates": [ 121.52768, 25.0522 ] } },
{ "type": "Feature", "properties": { "poi_name": "永安國小(北安路554巷)", "note": "17", "stop_type": "YouBike" }, "geometry": { "type": "Point", "coordinates": [ 121.54983, 25.08002 ] } },
{ "type": "Feature", "properties": { "poi_name": "敬業一路36巷口", "note": "27", "stop_type": "YouBike" }, "geometry": { "type": "Point", "coordinates": [ 121.55443, 25.08131 ] } },
{ "type": "Feature", "properties": { "poi_name": "經濟部能源署", "note": "18", "stop_type": "YouBike" }, "geometry": { "type": "Point", "coordinates": [ 121.54379, 25.04792 ] } },
{ "type": "Feature", "properties": { "poi_name": "松江路372巷口", "note": "15", "stop_type": "YouBike" }, "geometry": { "type": "Point", "coordinates": [ 121.53289, 25.06304 ] } },
{ "type": "Feature", "properties": { "poi_name": "文湖街21巷118弄口", "note": "28", "stop_type": "YouBike" }, "geometry": { "type": "Point", "coordinates": [ 121.55961, 25.09122 ] } },
{ "type": "Feature", "properties": { "poi_name": "北勢湖環保公園", "note": "27", "stop_type": "YouBike" }, "geometry": { "type": "Point", "coordinates": [ 121.56208, 25.08378 ] } },
{ "type": "Feature", "properties": { "poi_name": "洲子一號公園", "note": "43", "stop_type": "YouBike" }, "geometry": { "type": "Point", "coordinates": [ 121.56454, 25.07977 ] } },
{ "type": "Feature", "properties": { "poi_name": "西康公園", "note": "21", "stop_type": "YouBike" }, "geometry": { "type": "Point", "coordinates": [ 121.56449, 25.08284 ] } },
{ "type": "Feature", "properties": { "poi_name": "文湖國小", "note": "43", "stop_type": "YouBike" }, "geometry": { "type": "Point", "coordinates": [ 121.56088, 25.08637 ] } },
{ "type": "Feature", "properties": { "poi_name": "文湖街81巷10號西側", "note": "23", "stop_type": "YouBike" }, "geometry": { "type": "Point", "coordinates": [ 121.5641, 25.08697 ] } },
{ "type": "Feature", "properties": { "poi_name": "德明財經科技大學", "note": "36", "stop_type": "YouBike" }, "geometry": { "type": "Point", "coordinates": [ 121.56574, 25.08637 ] } },
{ "type": "Feature", "properties": { "poi_name": "麗山國小", "note": "76", "stop_type": "YouBike" }, "geometry": { "type": "Point", "coordinates": [ 121.57158, 25.0826 ] } },
{ "type": "Feature", "properties": { "poi_name": "麗山高中", "note": "57", "stop_type": "YouBike" }, "geometry": { "type": "Point", "coordinates": [ 121.57725, 25.08398 ] } },
{ "type": "Feature", "properties": { "poi_name": "港華五號公園", "note": "16", "stop_type": "YouBike" }, "geometry": { "type": "Point", "coordinates": [ 121.57462, 25.08522 ] } },
{ "type": "Feature", "properties": { "poi_name": "大湖國小", "note": "29", "stop_type": "YouBike" }, "geometry": { "type": "Point", "coordinates": [ 121.59958, 25.08803 ] } },
{ "type": "Feature", "properties": { "poi_name": "安湖三號公園", "note": "16", "stop_type": "YouBike" }, "geometry": { "type": "Point", "coordinates": [ 121.61593, 25.07021 ] } },
{ "type": "Feature", "properties": { "poi_name": "東湖路113巷95弄", "note": "17", "stop_type": "YouBike" }, "geometry": { "type": "Point", "coordinates": [ 121.61491, 25.07177 ] } },
{ "type": "Feature", "properties": { "poi_name": "瑞光計程車服務站", "note": "20", "stop_type": "YouBike" }, "geometry": { "type": "Point", "coordinates": [ 121.57389, 25.0745 ] } },
{ "type": "Feature", "properties": { "poi_name": "文德三號公園(江南街71巷16弄)", "note": "15", "stop_type": "YouBike" }, "geometry": { "type": "Point", "coordinates": [ 121.5772, 25.07524 ] } },
{ "type": "Feature", "properties": { "poi_name": "捷運大湖公園站(2號出口)", "note": "46", "stop_type": "YouBike" }, "geometry": { "type": "Point", "coordinates": [ 121.60185, 25.08395 ] } },
{ "type": "Feature", "properties": { "poi_name": "康寧星雲街口", "note": "19", "stop_type": "YouBike" }, "geometry": { "type": "Point", "coordinates": [ 121.59336, 25.07958 ] } },
{ "type": "Feature", "properties": { "poi_name": "星雲街47號", "note": "22", "stop_type": "YouBike" }, "geometry": { "type": "Point", "coordinates": [ 121.59177, 25.07864 ] } },
{ "type": "Feature", "properties": { "poi_name": "捷運西湖站(1號出口)", "note": "23", "stop_type": "YouBike" }, "geometry": { "type": "Point", "coordinates": [ 121.56638, 25.08301 ] } },
{ "type": "Feature", "properties": { "poi_name": "捷運西湖站(2號出口)", "note": "24", "stop_type": "YouBike" }, "geometry": { "type": "Point", "coordinates": [ 121.56716, 25.08205 ] } },
{ "type": "Feature", "properties": { "poi_name": "洲子二號公園", "note": "60", "stop_type": "YouBike" }, "geometry": { "type": "Point", "coordinates": [ 121.56869, 25.07932 ] } },
{ "type": "Feature", "properties": { "poi_name": "港都公園", "note": "15", "stop_type": "YouBike" }, "geometry": { "type": "Point", "coordinates": [ 121.5752, 25.08296 ] } },
{ "type": "Feature", "properties": { "poi_name": "環山路二段26巷口", "note": "22", "stop_type": "YouBike" }, "geometry": { "type": "Point", "coordinates": [ 121.572, 25.08598 ] } },
{ "type": "Feature", "properties": { "poi_name": "成功金龍路口", "note": "36", "stop_type": "YouBike" }, "geometry": { "type": "Point", "coordinates": [ 121.59478, 25.08436 ] } },
{ "type": "Feature", "properties": { "poi_name": "碧山公園", "note": "31", "stop_type": "YouBike" }, "geometry": { "type": "Point", "coordinates": [ 121.59227, 25.0878 ] } },
{ "type": "Feature", "properties": { "poi_name": "金瑞公園", "note": "45", "stop_type": "YouBike" }, "geometry": { "type": "Point", "coordinates": [ 121.5879, 25.08785 ] } },
{ "type": "Feature", "properties": { "poi_name": "捷運文德站(2號出口)", "note": "49", "stop_type": "YouBike" }, "geometry": { "type": "Point", "coordinates": [ 121.58464, 25.07842 ] } },
{ "type": "Feature", "properties": { "poi_name": "陽光公園", "note": "21", "stop_type": "YouBike" }, "geometry": { "type": "Point", "coordinates": [ 121.58764, 25.07695 ] } },
{ "type": "Feature", "properties": { "poi_name": "文德二號公園(南側)", "note": "13", "stop_type": "YouBike" }, "geometry": { "type": "Point", "coordinates": [ 121.58375, 25.07504 ] } },
{ "type": "Feature", "properties": { "poi_name": "文德二號公園(北側)", "note": "15", "stop_type": "YouBike" }, "geometry": { "type": "Point", "coordinates": [ 121.58381, 25.07758 ] } },
{ "type": "Feature", "properties": { "poi_name": "瑞陽公園", "note": "12", "stop_type": "YouBike" }, "geometry": { "type": "Point", "coordinates": [ 121.57961, 25.07777 ] } },
{ "type": "Feature", "properties": { "poi_name": "湖光國宅", "note": "45", "stop_type": "YouBike" }, "geometry": { "type": "Point", "coordinates": [ 121.58079, 25.07538 ] } },
{ "type": "Feature", "properties": { "poi_name": "潭美街213號", "note": "12", "stop_type": "YouBike" }, "geometry": { "type": "Point", "coordinates": [ 121.58486, 25.05575 ] } },
{ "type": "Feature", "properties": { "poi_name": "南京東路六段180號", "note": "21", "stop_type": "YouBike" }, "geometry": { "type": "Point", "coordinates": [ 121.57991, 25.0559 ] } },
{ "type": "Feature", "properties": { "poi_name": "潭美國小(南京舊宗路口)", "note": "29", "stop_type": "YouBike" }, "geometry": { "type": "Point", "coordinates": [ 121.58159, 25.05768 ] } },
{ "type": "Feature", "properties": { "poi_name": "新明路343號", "note": "10", "stop_type": "YouBike" }, "geometry": { "type": "Point", "coordinates": [ 121.58345, 25.05653 ] } },
{ "type": "Feature", "properties": { "poi_name": "成美長壽橋(潭美街)", "note": "22", "stop_type": "YouBike" }, "geometry": { "type": "Point", "coordinates": [ 121.58084, 25.0539 ] } },
{ "type": "Feature", "properties": { "poi_name": "內湖行政中心", "note": "25", "stop_type": "YouBike" }, "geometry": { "type": "Point", "coordinates": [ 121.58898, 25.06915 ] } },
{ "type": "Feature", "properties": { "poi_name": "樂康公園", "note": "20", "stop_type": "YouBike" }, "geometry": { "type": "Point", "coordinates": [ 121.62055, 25.07007 ] } },
{ "type": "Feature", "properties": { "poi_name": "安康路32巷24弄", "note": "21", "stop_type": "YouBike" }, "geometry": { "type": "Point", "coordinates": [ 121.59447, 25.06181 ] } },
{ "type": "Feature", "properties": { "poi_name": "明美公園", "note": "47", "stop_type": "YouBike" }, "geometry": { "type": "Point", "coordinates": [ 121.58607, 25.06256 ] } },
{ "type": "Feature", "properties": { "poi_name": "南京東路六段368巷", "note": "73", "stop_type": "YouBike" }, "geometry": { "type": "Point", "coordinates": [ 121.58707, 25.05827 ] } },
{ "type": "Feature", "properties": { "poi_name": "新明成功路口", "note": "38", "stop_type": "YouBike" }, "geometry": { "type": "Point", "coordinates": [ 121.5911, 25.06058 ] } },
{ "type": "Feature", "properties": { "poi_name": "民權瑞光路口", "note": "57", "stop_type": "YouBike" }, "geometry": { "type": "Point", "coordinates": [ 121.58323, 25.06835 ] } },
{ "type": "Feature", "properties": { "poi_name": "瑞光公共住宅(瑞光路)", "note": "30", "stop_type": "YouBike" }, "geometry": { "type": "Point", "coordinates": [ 121.57951, 25.07335 ] } },
{ "type": "Feature", "properties": { "poi_name": "民權東路六段15巷", "note": "42", "stop_type": "YouBike" }, "geometry": { "type": "Point", "coordinates": [ 121.57813, 25.06853 ] } },
{ "type": "Feature", "properties": { "poi_name": "扶輪親恩公園", "note": "57", "stop_type": "YouBike" }, "geometry": { "type": "Point", "coordinates": [ 121.58002, 25.06709 ] } },
{ "type": "Feature", "properties": { "poi_name": "新湖三民善街口", "note": "15", "stop_type": "YouBike" }, "geometry": { "type": "Point", "coordinates": [ 121.57497, 25.06286 ] } },
{ "type": "Feature", "properties": { "poi_name": "內湖119號綠地", "note": "41", "stop_type": "YouBike" }, "geometry": { "type": "Point", "coordinates": [ 121.57865, 25.05594 ] } },
{ "type": "Feature", "properties": { "poi_name": "行善公園", "note": "25", "stop_type": "YouBike" }, "geometry": { "type": "Point", "coordinates": [ 121.57592, 25.05301 ] } },
{ "type": "Feature", "properties": { "poi_name": "三軍總醫院", "note": "50", "stop_type": "YouBike" }, "geometry": { "type": "Point", "coordinates": [ 121.58991, 25.07151 ] } },
{ "type": "Feature", "properties": { "poi_name": "福華商場", "note": "40", "stop_type": "YouBike" }, "geometry": { "type": "Point", "coordinates": [ 121.59265, 25.06877 ] } },
{ "type": "Feature", "properties": { "poi_name": "臺北市網球中心", "note": "34", "stop_type": "YouBike" }, "geometry": { "type": "Point", "coordinates": [ 121.59749, 25.0674 ] } },
{ "type": "Feature", "properties": { "poi_name": "捷運葫洲站(1號出口)", "note": "37", "stop_type": "YouBike" }, "geometry": { "type": "Point", "coordinates": [ 121.60796, 25.07249 ] } },
{ "type": "Feature", "properties": { "poi_name": "麗湖國小", "note": "27", "stop_type": "YouBike" }, "geometry": { "type": "Point", "coordinates": [ 121.60223, 25.07332 ] } },
{ "type": "Feature", "properties": { "poi_name": "金湖路347巷125弄口", "note": "25", "stop_type": "YouBike" }, "geometry": { "type": "Point", "coordinates": [ 121.59834, 25.0733 ] } },
{ "type": "Feature", "properties": { "poi_name": "碧湖公園", "note": "25", "stop_type": "YouBike" }, "geometry": { "type": "Point", "coordinates": [ 121.58287, 25.07988 ] } },
{ "type": "Feature", "properties": { "poi_name": "碧湖公園(內湖路二段103巷)", "note": "19", "stop_type": "YouBike" }, "geometry": { "type": "Point", "coordinates": [ 121.58109, 25.08317 ] } },
{ "type": "Feature", "properties": { "poi_name": "貿七社區", "note": "17", "stop_type": "YouBike" }, "geometry": { "type": "Point", "coordinates": [ 121.58534, 25.08357 ] } },
{ "type": "Feature", "properties": { "poi_name": "內湖區農會", "note": "12", "stop_type": "YouBike" }, "geometry": { "type": "Point", "coordinates": [ 121.58891, 25.08165 ] } },
{ "type": "Feature", "properties": { "poi_name": "捷運內湖站(2號出口)", "note": "10", "stop_type": "YouBike" }, "geometry": { "type": "Point", "coordinates": [ 121.59454, 25.0835 ] } },
{ "type": "Feature", "properties": { "poi_name": "康寧金湖路口", "note": "21", "stop_type": "YouBike" }, "geometry": { "type": "Point", "coordinates": [ 121.59921, 25.07896 ] } },
{ "type": "Feature", "properties": { "poi_name": "康寧路一段156巷20弄口", "note": "20", "stop_type": "YouBike" }, "geometry": { "type": "Point", "coordinates": [ 121.59354, 25.07792 ] } },
{ "type": "Feature", "properties": { "poi_name": "安康公園", "note": "25", "stop_type": "YouBike" }, "geometry": { "type": "Point", "coordinates": [ 121.6136, 25.06657 ] } },
{ "type": "Feature", "properties": { "poi_name": "安泰街83巷", "note": "34", "stop_type": "YouBike" }, "geometry": { "type": "Point", "coordinates": [ 121.61709, 25.07669 ] } },
{ "type": "Feature", "properties": { "poi_name": "內溝溪生態展示館", "note": "16", "stop_type": "YouBike" }, "geometry": { "type": "Point", "coordinates": [ 121.62306, 25.08722 ] } },
{ "type": "Feature", "properties": { "poi_name": "捷運港墘站(2號出口)", "note": "47", "stop_type": "YouBike" }, "geometry": { "type": "Point", "coordinates": [ 121.57584, 25.07967 ] } },
{ "type": "Feature", "properties": { "poi_name": "東湖國中", "note": "42", "stop_type": "YouBike" }, "geometry": { "type": "Point", "coordinates": [ 121.61962, 25.07334 ] } },
{ "type": "Feature", "properties": { "poi_name": "石潭公園(安康路)", "note": "41", "stop_type": "YouBike" }, "geometry": { "type": "Point", "coordinates": [ 121.59334, 25.06261 ] } },
{ "type": "Feature", "properties": { "poi_name": "內湖垃圾焚化廠", "note": "20", "stop_type": "YouBike" }, "geometry": { "type": "Point", "coordinates": [ 121.60347, 25.06209 ] } },
{ "type": "Feature", "properties": { "poi_name": "康寧公園(北側)", "note": "22", "stop_type": "YouBike" }, "geometry": { "type": "Point", "coordinates": [ 121.61019, 25.06927 ] } },
{ "type": "Feature", "properties": { "poi_name": "康寧路三段54巷口", "note": "15", "stop_type": "YouBike" }, "geometry": { "type": "Point", "coordinates": [ 121.60936, 25.0716 ] } },
{ "type": "Feature", "properties": { "poi_name": "行善路25巷口", "note": "21", "stop_type": "YouBike" }, "geometry": { "type": "Point", "coordinates": [ 121.57658, 25.05707 ] } },
{ "type": "Feature", "properties": { "poi_name": "新明路460巷口", "note": "22", "stop_type": "YouBike" }, "geometry": { "type": "Point", "coordinates": [ 121.57823, 25.05503 ] } },
{ "type": "Feature", "properties": { "poi_name": "下灣公園", "note": "30", "stop_type": "YouBike" }, "geometry": { "type": "Point", "coordinates": [ 121.59561, 25.06516 ] } },
{ "type": "Feature", "properties": { "poi_name": "民權東路六段245巷口", "note": "17", "stop_type": "YouBike" }, "geometry": { "type": "Point", "coordinates": [ 121.60059, 25.06708 ] } },
{ "type": "Feature", "properties": { "poi_name": "東湖國小", "note": "29", "stop_type": "YouBike" }, "geometry": { "type": "Point", "coordinates": [ 121.61532, 25.06854 ] } },
{ "type": "Feature", "properties": { "poi_name": "捷運內湖站(1號出口)", "note": "28", "stop_type": "YouBike" }, "geometry": { "type": "Point", "coordinates": [ 121.59406, 25.08373 ] } },
{ "type": "Feature", "properties": { "poi_name": "瑞光港墘路口", "note": "30", "stop_type": "YouBike" }, "geometry": { "type": "Point", "coordinates": [ 121.57487, 25.07611 ] } },
{ "type": "Feature", "properties": { "poi_name": "瑞湖陽光街口", "note": "34", "stop_type": "YouBike" }, "geometry": { "type": "Point", "coordinates": [ 121.57603, 25.07296 ] } },
{ "type": "Feature", "properties": { "poi_name": "金龍公園", "note": "15", "stop_type": "YouBike" }, "geometry": { "type": "Point", "coordinates": [ 121.59076, 25.08554 ] } },
{ "type": "Feature", "properties": { "poi_name": "星雲街138巷1弄口", "note": "21", "stop_type": "YouBike" }, "geometry": { "type": "Point", "coordinates": [ 121.59544, 25.07943 ] } },
{ "type": "Feature", "properties": { "poi_name": "東湖一號公園", "note": "19", "stop_type": "YouBike" }, "geometry": { "type": "Point", "coordinates": [ 121.6118, 25.07567 ] } },
{ "type": "Feature", "properties": { "poi_name": "東湖二號公園", "note": "25", "stop_type": "YouBike" }, "geometry": { "type": "Point", "coordinates": [ 121.61075, 25.07415 ] } },
{ "type": "Feature", "properties": { "poi_name": "康湖二號公園(康寧醫院)", "note": "25", "stop_type": "YouBike" }, "geometry": { "type": "Point", "coordinates": [ 121.60857, 25.07514 ] } },
{ "type": "Feature", "properties": { "poi_name": "堤頂大道新湖一路口", "note": "20", "stop_type": "YouBike" }, "geometry": { "type": "Point", "coordinates": [ 121.57354, 25.05892 ] } },
{ "type": "Feature", "properties": { "poi_name": "下灣公園(成功路)", "note": "16", "stop_type": "YouBike" }, "geometry": { "type": "Point", "coordinates": [ 121.5907, 25.06682 ] } },
{ "type": "Feature", "properties": { "poi_name": "舊宗行善路口", "note": "22", "stop_type": "YouBike" }, "geometry": { "type": "Point", "coordinates": [ 121.58062, 25.05876 ] } },
{ "type": "Feature", "properties": { "poi_name": "新湖二路250巷口", "note": "20", "stop_type": "YouBike" }, "geometry": { "type": "Point", "coordinates": [ 121.58262, 25.06455 ] } },
{ "type": "Feature", "properties": { "poi_name": "成功路四段41巷口", "note": "15", "stop_type": "YouBike" }, "geometry": { "type": "Point", "coordinates": [ 121.59205, 25.08105 ] } },
{ "type": "Feature", "properties": { "poi_name": "金湖星雲街口", "note": "30", "stop_type": "YouBike" }, "geometry": { "type": "Point", "coordinates": [ 121.59764, 25.08151 ] } },
{ "type": "Feature", "properties": { "poi_name": "國防醫學院", "note": "25", "stop_type": "YouBike" }, "geometry": { "type": "Point", "coordinates": [ 121.59559, 25.06851 ] } },
{ "type": "Feature", "properties": { "poi_name": "民權東路六段190巷117弄口", "note": "25", "stop_type": "YouBike" }, "geometry": { "type": "Point", "coordinates": [ 121.59399, 25.06434 ] } },
{ "type": "Feature", "properties": { "poi_name": "內湖運動中心", "note": "21", "stop_type": "YouBike" }, "geometry": { "type": "Point", "coordinates": [ 121.57493, 25.07848 ] } },
{ "type": "Feature", "properties": { "poi_name": "九華公園", "note": "25", "stop_type": "YouBike" }, "geometry": { "type": "Point", "coordinates": [ 121.56122, 25.08844 ] } },
{ "type": "Feature", "properties": { "poi_name": "內湖路二段179巷口", "note": "22", "stop_type": "YouBike" }, "geometry": { "type": "Point", "coordinates": [ 121.584, 25.08454 ] } },
{ "type": "Feature", "properties": { "poi_name": "行善行愛路口", "note": "12", "stop_type": "YouBike" }, "geometry": { "type": "Point", "coordinates": [ 121.58286, 25.0606 ] } },
{ "type": "Feature", "properties": { "poi_name": "民善新湖二路口(家樂福內湖店)", "note": "23", "stop_type": "YouBike" }, "geometry": { "type": "Point", "coordinates": [ 121.57552, 25.06017 ] } },
{ "type": "Feature", "properties": { "poi_name": "統振大樓", "note": "25", "stop_type": "YouBike" }, "geometry": { "type": "Point", "coordinates": [ 121.60138, 25.06007 ] } },
{ "type": "Feature", "properties": { "poi_name": "陽光街161巷口", "note": "16", "stop_type": "YouBike" }, "geometry": { "type": "Point", "coordinates": [ 121.58584, 25.07433 ] } },
{ "type": "Feature", "properties": { "poi_name": "潭美公園(南京東路六段368巷)", "note": "25", "stop_type": "YouBike" }, "geometry": { "type": "Point", "coordinates": [ 121.58617, 25.05928 ] } },
{ "type": "Feature", "properties": { "poi_name": "西康二號公園", "note": "21", "stop_type": "YouBike" }, "geometry": { "type": "Point", "coordinates": [ 121.5637, 25.08503 ] } },
{ "type": "Feature", "properties": { "poi_name": "三民國中(民權東路六段47巷)", "note": "13", "stop_type": "YouBike" }, "geometry": { "type": "Point", "coordinates": [ 121.58692, 25.06935 ] } },
{ "type": "Feature", "properties": { "poi_name": "瑞光路76巷口", "note": "12", "stop_type": "YouBike" }, "geometry": { "type": "Point", "coordinates": [ 121.58125, 25.07168 ] } },
{ "type": "Feature", "properties": { "poi_name": "捷運東湖站", "note": "62", "stop_type": "YouBike" }, "geometry": { "type": "Point", "coordinates": [ 121.61351, 25.06664 ] } },
{ "type": "Feature", "properties": { "poi_name": "新湖國小", "note": "23", "stop_type": "YouBike" }, "geometry": { "type": "Point", "coordinates": [ 121.58923, 25.06874 ] } },
{ "type": "Feature", "properties": { "poi_name": "碧山內湖路口", "note": "16", "stop_type": "YouBike" }, "geometry": { "type": "Point", "coordinates": [ 121.5914, 25.08627 ] } },
{ "type": "Feature", "properties": { "poi_name": "民權東路六段413巷", "note": "25", "stop_type": "YouBike" }, "geometry": { "type": "Point", "coordinates": [ 121.60352, 25.07038 ] } },
{ "type": "Feature", "properties": { "poi_name": "宏匯瑞光廣場(瑞光路)", "note": "16", "stop_type": "YouBike" }, "geometry": { "type": "Point", "coordinates": [ 121.57433, 25.07676 ] } },
{ "type": "Feature", "properties": { "poi_name": "宏匯瑞光廣場(港墘路)", "note": "20", "stop_type": "YouBike" }, "geometry": { "type": "Point", "coordinates": [ 121.57562, 25.07777 ] } },
{ "type": "Feature", "properties": { "poi_name": "康樂街151巷", "note": "24", "stop_type": "YouBike" }, "geometry": { "type": "Point", "coordinates": [ 121.61955, 25.07192 ] } },
{ "type": "Feature", "properties": { "poi_name": "內湖路一段360巷", "note": "15", "stop_type": "YouBike" }, "geometry": { "type": "Point", "coordinates": [ 121.57067, 25.0812 ] } },
{ "type": "Feature", "properties": { "poi_name": "成功路三段83號前", "note": "17", "stop_type": "YouBike" }, "geometry": { "type": "Point", "coordinates": [ 121.5898, 25.07823 ] } },
{ "type": "Feature", "properties": { "poi_name": "內湖路一段47巷", "note": "22", "stop_type": "YouBike" }, "geometry": { "type": "Point", "coordinates": [ 121.55872, 25.08781 ] } },
{ "type": "Feature", "properties": { "poi_name": "陽光舊宗路口", "note": "20", "stop_type": "YouBike" }, "geometry": { "type": "Point", "coordinates": [ 121.57416, 25.07243 ] } },
{ "type": "Feature", "properties": { "poi_name": "安湖公園", "note": "15", "stop_type": "YouBike" }, "geometry": { "type": "Point", "coordinates": [ 121.61545, 25.07392 ] } },
{ "type": "Feature", "properties": { "poi_name": "湖興公園", "note": "16", "stop_type": "YouBike" }, "geometry": { "type": "Point", "coordinates": [ 121.58913, 25.06671 ] } },
{ "type": "Feature", "properties": { "poi_name": "安泰公園", "note": "15", "stop_type": "YouBike" }, "geometry": { "type": "Point", "coordinates": [ 121.61869, 25.07391 ] } },
{ "type": "Feature", "properties": { "poi_name": "安泰街(康樂橋下)", "note": "21", "stop_type": "YouBike" }, "geometry": { "type": "Point", "coordinates": [ 121.61666, 25.07849 ] } },
{ "type": "Feature", "properties": { "poi_name": "康樂綠地", "note": "20", "stop_type": "YouBike" }, "geometry": { "type": "Point", "coordinates": [ 121.6203, 25.07539 ] } },
{ "type": "Feature", "properties": { "poi_name": "捷運港墘站(1號出口)", "note": "23", "stop_type": "YouBike" }, "geometry": { "type": "Point", "coordinates": [ 121.57568, 25.08004 ] } },
{ "type": "Feature", "properties": { "poi_name": "明美公園(行善路333巷)", "note": "16", "stop_type": "YouBike" }, "geometry": { "type": "Point", "coordinates": [ 121.5866, 25.06058 ] } },
{ "type": "Feature", "properties": { "poi_name": "舊宗新湖三路口", "note": "25", "stop_type": "YouBike" }, "geometry": { "type": "Point", "coordinates": [ 121.57681, 25.06321 ] } },
{ "type": "Feature", "properties": { "poi_name": "內湖運動公園", "note": "25", "stop_type": "YouBike" }, "geometry": { "type": "Point", "coordinates": [ 121.57513, 25.06745 ] } },
{ "type": "Feature", "properties": { "poi_name": "內湖路三段326巷口", "note": "20", "stop_type": "YouBike" }, "geometry": { "type": "Point", "coordinates": [ 121.58352, 25.08968 ] } },
{ "type": "Feature", "properties": { "poi_name": "成功公園", "note": "11", "stop_type": "YouBike" }, "geometry": { "type": "Point", "coordinates": [ 121.59665, 25.08416 ] } },
{ "type": "Feature", "properties": { "poi_name": "康寧路三段189巷93弄口", "note": "14", "stop_type": "YouBike" }, "geometry": { "type": "Point", "coordinates": [ 121.61258, 25.0735 ] } },
{ "type": "Feature", "properties": { "poi_name": "中國醫藥大學附設醫院臺北分院", "note": "16", "stop_type": "YouBike" }, "geometry": { "type": "Point", "coordinates": [ 121.5909, 25.08227 ] } },
{ "type": "Feature", "properties": { "poi_name": "康樂抽水站", "note": "25", "stop_type": "YouBike" }, "geometry": { "type": "Point", "coordinates": [ 121.61732, 25.06643 ] } },
{ "type": "Feature", "properties": { "poi_name": "環山路三段16巷口", "note": "21", "stop_type": "YouBike" }, "geometry": { "type": "Point", "coordinates": [ 121.57945, 25.08464 ] } },
{ "type": "Feature", "properties": { "poi_name": "文德一號綠地", "note": "15", "stop_type": "YouBike" }, "geometry": { "type": "Point", "coordinates": [ 121.58302, 25.0786 ] } },
{ "type": "Feature", "properties": { "poi_name": "臺北花市", "note": "33", "stop_type": "YouBike" }, "geometry": { "type": "Point", "coordinates": [ 121.57427, 25.06265 ] } },
{ "type": "Feature", "properties": { "poi_name": "行善社會住宅", "note": "23", "stop_type": "YouBike" }, "geometry": { "type": "Point", "coordinates": [ 121.58201, 25.06126 ] } },
{ "type": "Feature", "properties": { "poi_name": "康寧路三段99巷17弄口", "note": "18", "stop_type": "YouBike" }, "geometry": { "type": "Point", "coordinates": [ 121.60991, 25.0721 ] } },
{ "type": "Feature", "properties": { "poi_name": "堤頂大道二段407巷口", "note": "15", "stop_type": "YouBike" }, "geometry": { "type": "Point", "coordinates": [ 121.56316, 25.08019 ] } },
{ "type": "Feature", "properties": { "poi_name": "海德堡科技大樓", "note": "12", "stop_type": "YouBike" }, "geometry": { "type": "Point", "coordinates": [ 121.56227, 25.08156 ] } },
{ "type": "Feature", "properties": { "poi_name": "致伸科技大樓", "note": "17", "stop_type": "YouBike" }, "geometry": { "type": "Point", "coordinates": [ 121.5656, 25.08067 ] } },
{ "type": "Feature", "properties": { "poi_name": "內湖路一段288巷口", "note": "20", "stop_type": "YouBike" }, "geometry": { "type": "Point", "coordinates": [ 121.56861, 25.08202 ] } },
{ "type": "Feature", "properties": { "poi_name": "大都會客運內湖站", "note": "25", "stop_type": "YouBike" }, "geometry": { "type": "Point", "coordinates": [ 121.57784, 25.06749 ] } },
{ "type": "Feature", "properties": { "poi_name": "瑞湖公園", "note": "15", "stop_type": "YouBike" }, "geometry": { "type": "Point", "coordinates": [ 121.57711, 25.06888 ] } },
{ "type": "Feature", "properties": { "poi_name": "台灣世曦大樓", "note": "16", "stop_type": "YouBike" }, "geometry": { "type": "Point", "coordinates": [ 121.57848, 25.07345 ] } },
{ "type": "Feature", "properties": { "poi_name": "遠雄時代總部", "note": "14", "stop_type": "YouBike" }, "geometry": { "type": "Point", "coordinates": [ 121.57103, 25.07821 ] } },
{ "type": "Feature", "properties": { "poi_name": "瑞光路358巷口", "note": "14", "stop_type": "YouBike" }, "geometry": { "type": "Point", "coordinates": [ 121.5727, 25.07733 ] } },
{ "type": "Feature", "properties": { "poi_name": "大港墘公園(洲子街)", "note": "18", "stop_type": "YouBike" }, "geometry": { "type": "Point", "coordinates": [ 121.5737, 25.07897 ] } },
{ "type": "Feature", "properties": { "poi_name": "世紀經貿", "note": "16", "stop_type": "YouBike" }, "geometry": { "type": "Point", "coordinates": [ 121.57361, 25.08049 ] } },
{ "type": "Feature", "properties": { "poi_name": "民權東路六段56巷口", "note": "25", "stop_type": "YouBike" }, "geometry": { "type": "Point", "coordinates": [ 121.58488, 25.06805 ] } },
{ "type": "Feature", "properties": { "poi_name": "新湖三行忠路72巷口", "note": "18", "stop_type": "YouBike" }, "geometry": { "type": "Point", "coordinates": [ 121.58206, 25.06605 ] } },
{ "type": "Feature", "properties": { "poi_name": "新湖三新湖二146巷口", "note": "25", "stop_type": "YouBike" }, "geometry": { "type": "Point", "coordinates": [ 121.57787, 25.06407 ] } },
{ "type": "Feature", "properties": { "poi_name": "舊宗新湖二路口", "note": "25", "stop_type": "YouBike" }, "geometry": { "type": "Point", "coordinates": [ 121.57811, 25.06151 ] } },
{ "type": "Feature", "properties": { "poi_name": "新光基湖大樓", "note": "19", "stop_type": "YouBike" }, "geometry": { "type": "Point", "coordinates": [ 121.56489, 25.08152 ] } },
{ "type": "Feature", "properties": { "poi_name": "內湖路一段120巷15弄", "note": "32", "stop_type": "YouBike" }, "geometry": { "type": "Point", "coordinates": [ 121.56298, 25.08203 ] } },
{ "type": "Feature", "properties": { "poi_name": "北勢湖環保公園(堤頂大道側)", "note": "21", "stop_type": "YouBike" }, "geometry": { "type": "Point", "coordinates": [ 121.56154, 25.08318 ] } },
{ "type": "Feature", "properties": { "poi_name": "達爾文大樓", "note": "15", "stop_type": "YouBike" }, "geometry": { "type": "Point", "coordinates": [ 121.57277, 25.07941 ] } },
{ "type": "Feature", "properties": { "poi_name": "東湖四號公園", "note": "28", "stop_type": "YouBike" }, "geometry": { "type": "Point", "coordinates": [ 121.61803, 25.07074 ] } },
{ "type": "Feature", "properties": { "poi_name": "加瑪科技中心", "note": "13", "stop_type": "YouBike" }, "geometry": { "type": "Point", "coordinates": [ 121.5705, 25.08035 ] } },
{ "type": "Feature", "properties": { "poi_name": "福壽公園", "note": "14", "stop_type": "YouBike" }, "geometry": { "type": "Point", "coordinates": [ 121.59625, 25.07983 ] } },
{ "type": "Feature", "properties": { "poi_name": "捷運西湖站(1號出口)內湖路側", "note": "20", "stop_type": "YouBike" }, "geometry": { "type": "Point", "coordinates": [ 121.56709, 25.08227 ] } },
{ "type": "Feature", "properties": { "poi_name": "威剛科技總部", "note": "52", "stop_type": "YouBike" }, "geometry": { "type": "Point", "coordinates": [ 121.60033, 25.06153 ] } },
{ "type": "Feature", "properties": { "poi_name": "太陽科技廣場", "note": "15", "stop_type": "YouBike" }, "geometry": { "type": "Point", "coordinates": [ 121.56161, 25.08514 ] } },
{ "type": "Feature", "properties": { "poi_name": "瑞光路316巷", "note": "20", "stop_type": "YouBike" }, "geometry": { "type": "Point", "coordinates": [ 121.57341, 25.07567 ] } },
{ "type": "Feature", "properties": { "poi_name": "文德路220巷口", "note": "20", "stop_type": "YouBike" }, "geometry": { "type": "Point", "coordinates": [ 121.58796, 25.07862 ] } },
{ "type": "Feature", "properties": { "poi_name": "長壽抽水站", "note": "20", "stop_type": "YouBike" }, "geometry": { "type": "Point", "coordinates": [ 121.59662, 25.06099 ] } },
{ "type": "Feature", "properties": { "poi_name": "捷運葫洲站(2號出口)", "note": "20", "stop_type": "YouBike" }, "geometry": { "type": "Point", "coordinates": [ 121.60692, 25.07264 ] } },
{ "type": "Feature", "properties": { "poi_name": "五分埤", "note": "16", "stop_type": "YouBike" }, "geometry": { "type": "Point", "coordinates": [ 121.62257, 25.07595 ] } },
{ "type": "Feature", "properties": { "poi_name": "環山路三段1巷(麗山高中)", "note": "18", "stop_type": "YouBike" }, "geometry": { "type": "Point", "coordinates": [ 121.57876, 25.08438 ] } },
{ "type": "Feature", "properties": { "poi_name": "潭美公園(南京東路六段482號)", "note": "29", "stop_type": "YouBike" }, "geometry": { "type": "Point", "coordinates": [ 121.58898, 25.06092 ] } },
{ "type": "Feature", "properties": { "poi_name": "美善公園", "note": "22", "stop_type": "YouBike" }, "geometry": { "type": "Point", "coordinates": [ 121.57861, 25.05703 ] } },
{ "type": "Feature", "properties": { "poi_name": "潭美公園(新明路298巷)", "note": "26", "stop_type": "YouBike" }, "geometry": { "type": "Point", "coordinates": [ 121.58173, 25.05698 ] } },
{ "type": "Feature", "properties": { "poi_name": "麗山國小(內湖路一段411巷)", "note": "22", "stop_type": "YouBike" }, "geometry": { "type": "Point", "coordinates": [ 121.57189, 25.08389 ] } },
{ "type": "Feature", "properties": { "poi_name": "行善路417巷", "note": "26", "stop_type": "YouBike" }, "geometry": { "type": "Point", "coordinates": [ 121.58654, 25.06468 ] } },
{ "type": "Feature", "properties": { "poi_name": "明湖國小(康寧路三段165巷23弄)", "note": "26", "stop_type": "YouBike" }, "geometry": { "type": "Point", "coordinates": [ 121.61177, 25.07165 ] } },
{ "type": "Feature", "properties": { "poi_name": "康寧路三段70巷153號", "note": "20", "stop_type": "YouBike" }, "geometry": { "type": "Point", "coordinates": [ 121.60803, 25.06658 ] } },
{ "type": "Feature", "properties": { "poi_name": "東湖立體停車場", "note": "15", "stop_type": "YouBike" }, "geometry": { "type": "Point", "coordinates": [ 121.6122, 25.0692 ] } },
{ "type": "Feature", "properties": { "poi_name": "明美公園(南京東路六段451巷口)", "note": "30", "stop_type": "YouBike" }, "geometry": { "type": "Point", "coordinates": [ 121.58757, 25.06082 ] } },
{ "type": "Feature", "properties": { "poi_name": "文德路66巷14弄", "note": "18", "stop_type": "YouBike" }, "geometry": { "type": "Point", "coordinates": [ 121.58096, 25.07712 ] } },
{ "type": "Feature", "properties": { "poi_name": "捷運東湖站(3號出口)", "note": "30", "stop_type": "YouBike" }, "geometry": { "type": "Point", "coordinates": [ 121.61194, 25.06701 ] } },
{ "type": "Feature", "properties": { "poi_name": "捷運大湖公園站(1號出口)", "note": "24", "stop_type": "YouBike" }, "geometry": { "type": "Point", "coordinates": [ 121.60253, 25.08383 ] } },
{ "type": "Feature", "properties": { "poi_name": "內湖路一段1巷口", "note": "20", "stop_type": "YouBike" }, "geometry": { "type": "Point", "coordinates": [ 121.558, 25.08533 ] } },
{ "type": "Feature", "properties": { "poi_name": "環山路一段136巷口", "note": "42", "stop_type": "YouBike" }, "geometry": { "type": "Point", "coordinates": [ 121.56928, 25.08645 ] } },
{ "type": "Feature", "properties": { "poi_name": "上灣公園", "note": "25", "stop_type": "YouBike" }, "geometry": { "type": "Point", "coordinates": [ 121.59778, 25.06572 ] } },
{ "type": "Feature", "properties": { "poi_name": "湖興公園(成功路)", "note": "21", "stop_type": "YouBike" }, "geometry": { "type": "Point", "coordinates": [ 121.59048, 25.06703 ] } },
{ "type": "Feature", "properties": { "poi_name": "文德三號公園(文德路)", "note": "21", "stop_type": "YouBike" }, "geometry": { "type": "Point", "coordinates": [ 121.58076, 25.07834 ] } },
{ "type": "Feature", "properties": { "poi_name": "康寧路一段218巷2弄口", "note": "18", "stop_type": "YouBike" }, "geometry": { "type": "Point", "coordinates": [ 121.59652, 25.07837 ] } },
{ "type": "Feature", "properties": { "poi_name": "星雲街210巷口", "note": "16", "stop_type": "YouBike" }, "geometry": { "type": "Point", "coordinates": [ 121.59793, 25.07966 ] } },
{ "type": "Feature", "properties": { "poi_name": "成功路二段406巷口", "note": "20", "stop_type": "YouBike" }, "geometry": { "type": "Point", "coordinates": [ 121.59, 25.07077 ] } },
{ "type": "Feature", "properties": { "poi_name": "捷運東湖站(2號出口)", "note": "20", "stop_type": "YouBike" }, "geometry": { "type": "Point", "coordinates": [ 121.61163, 25.06769 ] } },
{ "type": "Feature", "properties": { "poi_name": "民權東路六段280巷155弄口", "note": "21", "stop_type": "YouBike" }, "geometry": { "type": "Point", "coordinates": [ 121.60884, 25.06865 ] } },
{ "type": "Feature", "properties": { "poi_name": "將軍嶺", "note": "23", "stop_type": "YouBike" }, "geometry": { "type": "Point", "coordinates": [ 121.5901, 25.07457 ] } },
{ "type": "Feature", "properties": { "poi_name": "文湖街21巷82弄口", "note": "21", "stop_type": "YouBike" }, "geometry": { "type": "Point", "coordinates": [ 121.56036, 25.08899 ] } },
{ "type": "Feature", "properties": { "poi_name": "西湖公園(內湖路一段387巷)", "note": "25", "stop_type": "YouBike" }, "geometry": { "type": "Point", "coordinates": [ 121.57066, 25.08409 ] } },
{ "type": "Feature", "properties": { "poi_name": "國立臺灣戲曲學院(內湖校區)", "note": "28", "stop_type": "YouBike" }, "geometry": { "type": "Point", "coordinates": [ 121.58609, 25.08107 ] } },
{ "type": "Feature", "properties": { "poi_name": "內湖路一段285巷65弄", "note": "19", "stop_type": "YouBike" }, "geometry": { "type": "Point", "coordinates": [ 121.56912, 25.08443 ] } },
{ "type": "Feature", "properties": { "poi_name": "西湖國中", "note": "21", "stop_type": "YouBike" }, "geometry": { "type": "Point", "coordinates": [ 121.56577, 25.08466 ] } },
{ "type": "Feature", "properties": { "poi_name": "成美疏散門", "note": "22", "stop_type": "YouBike" }, "geometry": { "type": "Point", "coordinates": [ 121.58804, 25.05734 ] } },
{ "type": "Feature", "properties": { "poi_name": "大湖國小(大湖山莊街173巷口)", "note": "19", "stop_type": "YouBike" }, "geometry": { "type": "Point", "coordinates": [ 121.60124, 25.0878 ] } },
{ "type": "Feature", "properties": { "poi_name": "成功路五段450巷口", "note": "17", "stop_type": "YouBike" }, "geometry": { "type": "Point", "coordinates": [ 121.60693, 25.07468 ] } },
{ "type": "Feature", "properties": { "poi_name": "金湖路401巷", "note": "22", "stop_type": "YouBike" }, "geometry": { "type": "Point", "coordinates": [ 121.60376, 25.07255 ] } },
{ "type": "Feature", "properties": { "poi_name": "內湖國小(內湖路一段737巷51弄)", "note": "31", "stop_type": "YouBike" }, "geometry": { "type": "Point", "coordinates": [ 121.57984, 25.08027 ] } },
{ "type": "Feature", "properties": { "poi_name": "黃石公廟", "note": "21", "stop_type": "YouBike" }, "geometry": { "type": "Point", "coordinates": [ 121.60709, 25.07726 ] } },
{ "type": "Feature", "properties": { "poi_name": "內湖路一段737巷/麗山街口", "note": "22", "stop_type": "YouBike" }, "geometry": { "type": "Point", "coordinates": [ 121.5792, 25.08294 ] } },
{ "type": "Feature", "properties": { "poi_name": "行愛路78巷", "note": "21", "stop_type": "YouBike" }, "geometry": { "type": "Point", "coordinates": [ 121.58029, 25.06198 ] } },
{ "type": "Feature", "properties": { "poi_name": "港墘路1巷口", "note": "16", "stop_type": "YouBike" }, "geometry": { "type": "Point", "coordinates": [ 121.57829, 25.08336 ] } },
{ "type": "Feature", "properties": { "poi_name": "民權東路六段280巷69弄", "note": "19", "stop_type": "YouBike" }, "geometry": { "type": "Point", "coordinates": [ 121.60737, 25.06889 ] } },
{ "type": "Feature", "properties": { "poi_name": "瑞光路548巷", "note": "27", "stop_type": "YouBike" }, "geometry": { "type": "Point", "coordinates": [ 121.56679, 25.07843 ] } },
{ "type": "Feature", "properties": { "poi_name": "內湖國小(內湖路二段76巷)", "note": "14", "stop_type": "YouBike" }, "geometry": { "type": "Point", "coordinates": [ 121.58096, 25.07926 ] } },
{ "type": "Feature", "properties": { "poi_name": "三民國中(民權東路)", "note": "24", "stop_type": "YouBike" }, "geometry": { "type": "Point", "coordinates": [ 121.58493, 25.069 ] } },
{ "type": "Feature", "properties": { "poi_name": "內湖大坑公園", "note": "21", "stop_type": "YouBike" }, "geometry": { "type": "Point", "coordinates": [ 121.59842, 25.06887 ] } },
{ "type": "Feature", "properties": { "poi_name": "金湖康寧路口(白鷺鷥山登山步道)", "note": "15", "stop_type": "YouBike" }, "geometry": { "type": "Point", "coordinates": [ 121.60132, 25.07535 ] } },
{ "type": "Feature", "properties": { "poi_name": "成功路四段61巷35弄口", "note": "17", "stop_type": "YouBike" }, "geometry": { "type": "Point", "coordinates": [ 121.59361, 25.08036 ] } },
{ "type": "Feature", "properties": { "poi_name": "成美抽水站", "note": "25", "stop_type": "YouBike" }, "geometry": { "type": "Point", "coordinates": [ 121.58354, 25.05532 ] } },
{ "type": "Feature", "properties": { "poi_name": "文湖公園", "note": "15", "stop_type": "YouBike" }, "geometry": { "type": "Point", "coordinates": [ 121.5613, 25.08748 ] } },
{ "type": "Feature", "properties": { "poi_name": "成功路二段/石潭路(西南側)", "note": "45", "stop_type": "YouBike" }, "geometry": { "type": "Point", "coordinates": [ 121.5906, 25.06315 ] } },
{ "type": "Feature", "properties": { "poi_name": "華城橋(東湖)", "note": "18", "stop_type": "YouBike" }, "geometry": { "type": "Point", "coordinates": [ 121.61948, 25.06899 ] } },
{ "type": "Feature", "properties": { "poi_name": "成功路二段115巷口(國道一號)", "note": "35", "stop_type": "YouBike" }, "geometry": { "type": "Point", "coordinates": [ 121.59106, 25.06468 ] } },
{ "type": "Feature", "properties": { "poi_name": "康寧路三段56巷198號", "note": "16", "stop_type": "YouBike" }, "geometry": { "type": "Point", "coordinates": [ 121.6072, 25.06733 ] } },
{ "type": "Feature", "properties": { "poi_name": "內湖路一段715巷口", "note": "15", "stop_type": "YouBike" }, "geometry": { "type": "Point", "coordinates": [ 121.57736, 25.07992 ] } },
{ "type": "Feature", "properties": { "poi_name": "成功路三段187巷口", "note": "17", "stop_type": "YouBike" }, "geometry": { "type": "Point", "coordinates": [ 121.59052, 25.08021 ] } },
{ "type": "Feature", "properties": { "poi_name": "江南街41巷3弄", "note": "20", "stop_type": "YouBike" }, "geometry": { "type": "Point", "coordinates": [ 121.57816, 25.07736 ] } },
{ "type": "Feature", "properties": { "poi_name": "民權東路六段280巷45弄口", "note": "13", "stop_type": "YouBike" }, "geometry": { "type": "Point", "coordinates": [ 121.60669, 25.07096 ] } },
{ "type": "Feature", "properties": { "poi_name": "成功路三段12巷口", "note": "18", "stop_type": "YouBike" }, "geometry": { "type": "Point", "coordinates": [ 121.59009, 25.07579 ] } },
{ "type": "Feature", "properties": { "poi_name": "承德路七段304巷口", "note": "24", "stop_type": "YouBike" }, "geometry": { "type": "Point", "coordinates": [ 121.5048, 25.1168 ] } },
{ "type": "Feature", "properties": { "poi_name": "洲美運動公園", "note": "25", "stop_type": "YouBike" }, "geometry": { "type": "Point", "coordinates": [ 121.49886, 25.10981 ] } },
{ "type": "Feature", "properties": { "poi_name": "榮華二明德路口", "note": "30", "stop_type": "YouBike" }, "geometry": { "type": "Point", "coordinates": [ 121.52255, 25.11357 ] } },
{ "type": "Feature", "properties": { "poi_name": "捷運明德站(1號出口)", "note": "23", "stop_type": "YouBike" }, "geometry": { "type": "Point", "coordinates": [ 121.51936, 25.10896 ] } },
{ "type": "Feature", "properties": { "poi_name": "文林建民路口", "note": "36", "stop_type": "YouBike" }, "geometry": { "type": "Point", "coordinates": [ 121.51457, 25.10788 ] } },
{ "type": "Feature", "properties": { "poi_name": "永欣綠地", "note": "37", "stop_type": "YouBike" }, "geometry": { "type": "Point", "coordinates": [ 121.52607, 25.12416 ] } },
{ "type": "Feature", "properties": { "poi_name": "關渡宮", "note": "62", "stop_type": "YouBike" }, "geometry": { "type": "Point", "coordinates": [ 121.46288, 25.11739 ] } },
{ "type": "Feature", "properties": { "poi_name": "關渡自然公園", "note": "35", "stop_type": "YouBike" }, "geometry": { "type": "Point", "coordinates": [ 121.46912, 25.11884 ] } },
{ "type": "Feature", "properties": { "poi_name": "關渡醫院", "note": "14", "stop_type": "YouBike" }, "geometry": { "type": "Point", "coordinates": [ 121.4665, 25.1203 ] } },
{ "type": "Feature", "properties": { "poi_name": "捷運忠義站(1號出口)", "note": "42", "stop_type": "YouBike" }, "geometry": { "type": "Point", "coordinates": [ 121.47365, 25.13149 ] } },
{ "type": "Feature", "properties": { "poi_name": "捷運關渡站(1號出口)", "note": "99", "stop_type": "YouBike" }, "geometry": { "type": "Point", "coordinates": [ 121.46712, 25.12397 ] } },
{ "type": "Feature", "properties": { "poi_name": "捷運關渡站(2號出口)", "note": "22", "stop_type": "YouBike" }, "geometry": { "type": "Point", "coordinates": [ 121.46737, 25.12618 ] } },
{ "type": "Feature", "properties": { "poi_name": "中央北路四段540巷口", "note": "31", "stop_type": "YouBike" }, "geometry": { "type": "Point", "coordinates": [ 121.46782, 25.12796 ] } },
{ "type": "Feature", "properties": { "poi_name": "大度立德路口", "note": "24", "stop_type": "YouBike" }, "geometry": { "type": "Point", "coordinates": [ 121.47092, 25.1231 ] } },
{ "type": "Feature", "properties": { "poi_name": "捷運復興崗站(1號出口)", "note": "45", "stop_type": "YouBike" }, "geometry": { "type": "Point", "coordinates": [ 121.4863, 25.1378 ] } },
{ "type": "Feature", "properties": { "poi_name": "捷運復興崗站旅客服務中心", "note": "15", "stop_type": "YouBike" }, "geometry": { "type": "Point", "coordinates": [ 121.48159, 25.13666 ] } },
{ "type": "Feature", "properties": { "poi_name": "豐年公園", "note": "29", "stop_type": "YouBike" }, "geometry": { "type": "Point", "coordinates": [ 121.49613, 25.13475 ] } },
{ "type": "Feature", "properties": { "poi_name": "稻香重三路口", "note": "15", "stop_type": "YouBike" }, "geometry": { "type": "Point", "coordinates": [ 121.48967, 25.13997 ] } },
{ "type": "Feature", "properties": { "poi_name": "國防大學政治作戰學院", "note": "45", "stop_type": "YouBike" }, "geometry": { "type": "Point", "coordinates": [ 121.49345, 25.13776 ] } },
{ "type": "Feature", "properties": { "poi_name": "秀山區民活動中心", "note": "36", "stop_type": "YouBike" }, "geometry": { "type": "Point", "coordinates": [ 121.49303, 25.14582 ] } },
{ "type": "Feature", "properties": { "poi_name": "大業大同街口", "note": "42", "stop_type": "YouBike" }, "geometry": { "type": "Point", "coordinates": [ 121.49987, 25.13691 ] } },
{ "type": "Feature", "properties": { "poi_name": "捷運新北投站", "note": "58", "stop_type": "YouBike" }, "geometry": { "type": "Point", "coordinates": [ 121.50339, 25.13733 ] } },
{ "type": "Feature", "properties": { "poi_name": "捷運北投站", "note": "30", "stop_type": "YouBike" }, "geometry": { "type": "Point", "coordinates": [ 121.499, 25.13187 ] } },
{ "type": "Feature", "properties": { "poi_name": "捷運奇岩站(三合街)", "note": "40", "stop_type": "YouBike" }, "geometry": { "type": "Point", "coordinates": [ 121.50099, 25.12634 ] } },
{ "type": "Feature", "properties": { "poi_name": "八仙里辦公處", "note": "25", "stop_type": "YouBike" }, "geometry": { "type": "Point", "coordinates": [ 121.50158, 25.12297 ] } },
{ "type": "Feature", "properties": { "poi_name": "清江國小", "note": "58", "stop_type": "YouBike" }, "geometry": { "type": "Point", "coordinates": [ 121.50676, 25.12725 ] } },
{ "type": "Feature", "properties": { "poi_name": "大業路300巷口", "note": "20", "stop_type": "YouBike" }, "geometry": { "type": "Point", "coordinates": [ 121.49782, 25.12814 ] } },
{ "type": "Feature", "properties": { "poi_name": "立農公園", "note": "21", "stop_type": "YouBike" }, "geometry": { "type": "Point", "coordinates": [ 121.50342, 25.11798 ] } },
{ "type": "Feature", "properties": { "poi_name": "北投奇岩長青樂活大樓", "note": "25", "stop_type": "YouBike" }, "geometry": { "type": "Point", "coordinates": [ 121.50373, 25.12666 ] } },
{ "type": "Feature", "properties": { "poi_name": "捷運唭哩岸站(2號出口)", "note": "48", "stop_type": "YouBike" }, "geometry": { "type": "Point", "coordinates": [ 121.50523, 25.12087 ] } },
{ "type": "Feature", "properties": { "poi_name": "北投運動中心", "note": "89", "stop_type": "YouBike" }, "geometry": { "type": "Point", "coordinates": [ 121.50962, 25.11666 ] } },
{ "type": "Feature", "properties": { "poi_name": "陽明大學", "note": "56", "stop_type": "YouBike" }, "geometry": { "type": "Point", "coordinates": [ 121.51223, 25.11912 ] } },
{ "type": "Feature", "properties": { "poi_name": "捷運石牌站(2號出口)", "note": "62", "stop_type": "YouBike" }, "geometry": { "type": "Point", "coordinates": [ 121.51567, 25.11451 ] } },
{ "type": "Feature", "properties": { "poi_name": "台北護理大學", "note": "42", "stop_type": "YouBike" }, "geometry": { "type": "Point", "coordinates": [ 121.51662, 25.11752 ] } },
{ "type": "Feature", "properties": { "poi_name": "捷運石牌站(1號出口)", "note": "33", "stop_type": "YouBike" }, "geometry": { "type": "Point", "coordinates": [ 121.51469, 25.11542 ] } },
{ "type": "Feature", "properties": { "poi_name": "振興醫院", "note": "36", "stop_type": "YouBike" }, "geometry": { "type": "Point", "coordinates": [ 121.52186, 25.11753 ] } },
{ "type": "Feature", "properties": { "poi_name": "石牌國小", "note": "26", "stop_type": "YouBike" }, "geometry": { "type": "Point", "coordinates": [ 121.51307, 25.1144 ] } },
{ "type": "Feature", "properties": { "poi_name": "振興公園", "note": "25", "stop_type": "YouBike" }, "geometry": { "type": "Point", "coordinates": [ 121.5235, 25.11865 ] } },
{ "type": "Feature", "properties": { "poi_name": "立農國小", "note": "25", "stop_type": "YouBike" }, "geometry": { "type": "Point", "coordinates": [ 121.50422, 25.11978 ] } },
{ "type": "Feature", "properties": { "poi_name": "承德路七段280巷口", "note": "22", "stop_type": "YouBike" }, "geometry": { "type": "Point", "coordinates": [ 121.50576, 25.11587 ] } },
{ "type": "Feature", "properties": { "poi_name": "致遠一路二段11巷", "note": "22", "stop_type": "YouBike" }, "geometry": { "type": "Point", "coordinates": [ 121.51382, 25.11093 ] } },
{ "type": "Feature", "properties": { "poi_name": "榮富公園", "note": "13", "stop_type": "YouBike" }, "geometry": { "type": "Point", "coordinates": [ 121.52437, 25.1137 ] } },
{ "type": "Feature", "properties": { "poi_name": "中正高中", "note": "31", "stop_type": "YouBike" }, "geometry": { "type": "Point", "coordinates": [ 121.51654, 25.10467 ] } },
{ "type": "Feature", "properties": { "poi_name": "立功立德路口", "note": "41", "stop_type": "YouBike" }, "geometry": { "type": "Point", "coordinates": [ 121.47158, 25.12501 ] } },
{ "type": "Feature", "properties": { "poi_name": "桃源國中", "note": "49", "stop_type": "YouBike" }, "geometry": { "type": "Point", "coordinates": [ 121.47769, 25.13485 ] } },
{ "type": "Feature", "properties": { "poi_name": "陽明交大圖書館", "note": "37", "stop_type": "YouBike" }, "geometry": { "type": "Point", "coordinates": [ 121.51352, 25.12081 ] } },
{ "type": "Feature", "properties": { "poi_name": "捷運新北投站(2號出口)", "note": "24", "stop_type": "YouBike" }, "geometry": { "type": "Point", "coordinates": [ 121.50224, 25.13675 ] } },
{ "type": "Feature", "properties": { "poi_name": "復興公園", "note": "28", "stop_type": "YouBike" }, "geometry": { "type": "Point", "coordinates": [ 121.5021, 25.13872 ] } },
{ "type": "Feature", "properties": { "poi_name": "承德石牌路口", "note": "17", "stop_type": "YouBike" }, "geometry": { "type": "Point", "coordinates": [ 121.50922, 25.11272 ] } },
{ "type": "Feature", "properties": { "poi_name": "承德路七段188巷口", "note": "16", "stop_type": "YouBike" }, "geometry": { "type": "Point", "coordinates": [ 121.50771, 25.11416 ] } },
{ "type": "Feature", "properties": { "poi_name": "捷運明德站(3號出口)", "note": "48", "stop_type": "YouBike" }, "geometry": { "type": "Point", "coordinates": [ 121.51841, 25.11 ] } },
{ "type": "Feature", "properties": { "poi_name": "大豐公園", "note": "48", "stop_type": "YouBike" }, "geometry": { "type": "Point", "coordinates": [ 121.50408, 25.13102 ] } },
{ "type": "Feature", "properties": { "poi_name": "洲美公園", "note": "30", "stop_type": "YouBike" }, "geometry": { "type": "Point", "coordinates": [ 121.50599, 25.10032 ] } },
{ "type": "Feature", "properties": { "poi_name": "中和街455巷11弄", "note": "25", "stop_type": "YouBike" }, "geometry": { "type": "Point", "coordinates": [ 121.49621, 25.14319 ] } },
{ "type": "Feature", "properties": { "poi_name": "洲美蜆仔港公園", "note": "27", "stop_type": "YouBike" }, "geometry": { "type": "Point", "coordinates": [ 121.51107, 25.10065 ] } },
{ "type": "Feature", "properties": { "poi_name": "文化三杏林一路口", "note": "17", "stop_type": "YouBike" }, "geometry": { "type": "Point", "coordinates": [ 121.49915, 25.14058 ] } },
{ "type": "Feature", "properties": { "poi_name": "珠海復興一路口", "note": "28", "stop_type": "YouBike" }, "geometry": { "type": "Point", "coordinates": [ 121.50446, 25.14045 ] } },
{ "type": "Feature", "properties": { "poi_name": "裕民二路33巷", "note": "15", "stop_type": "YouBike" }, "geometry": { "type": "Point", "coordinates": [ 121.51736, 25.11535 ] } },
{ "type": "Feature", "properties": { "poi_name": "新奇岩社會住宅", "note": "12", "stop_type": "YouBike" }, "geometry": { "type": "Point", "coordinates": [ 121.5037, 25.12287 ] } },
{ "type": "Feature", "properties": { "poi_name": "泉源公園", "note": "20", "stop_type": "YouBike" }, "geometry": { "type": "Point", "coordinates": [ 121.50835, 25.14193 ] } },
{ "type": "Feature", "properties": { "poi_name": "奇岩4號綠地", "note": "24", "stop_type": "YouBike" }, "geometry": { "type": "Point", "coordinates": [ 121.50573, 25.12533 ] } },
{ "type": "Feature", "properties": { "poi_name": "臺北健康護理大學(教研大樓)", "note": "27", "stop_type": "YouBike" }, "geometry": { "type": "Point", "coordinates": [ 121.51846, 25.11857 ] } },
{ "type": "Feature", "properties": { "poi_name": "奇岩一號公園", "note": "23", "stop_type": "YouBike" }, "geometry": { "type": "Point", "coordinates": [ 121.50394, 25.12989 ] } },
{ "type": "Feature", "properties": { "poi_name": "福星公園", "note": "51", "stop_type": "YouBike" }, "geometry": { "type": "Point", "coordinates": [ 121.51248, 25.1094 ] } },
{ "type": "Feature", "properties": { "poi_name": "中庸公園", "note": "12", "stop_type": "YouBike" }, "geometry": { "type": "Point", "coordinates": [ 121.50142, 25.13774 ] } },
{ "type": "Feature", "properties": { "poi_name": "豐年公園_1", "note": "33", "stop_type": "YouBike" }, "geometry": { "type": "Point", "coordinates": [ 121.49664, 25.13529 ] } },
{ "type": "Feature", "properties": { "poi_name": "光明溫泉路口", "note": "30", "stop_type": "YouBike" }, "geometry": { "type": "Point", "coordinates": [ 121.50226, 25.13431 ] } },
{ "type": "Feature", "properties": { "poi_name": "和信治癌中心醫院", "note": "25", "stop_type": "YouBike" }, "geometry": { "type": "Point", "coordinates": [ 121.47207, 25.12757 ] } },
{ "type": "Feature", "properties": { "poi_name": "致遠新村", "note": "22", "stop_type": "YouBike" }, "geometry": { "type": "Point", "coordinates": [ 121.49093, 25.14319 ] } },
{ "type": "Feature", "properties": { "poi_name": "北投公園露天溫泉", "note": "15", "stop_type": "YouBike" }, "geometry": { "type": "Point", "coordinates": [ 121.50792, 25.13684 ] } },
{ "type": "Feature", "properties": { "poi_name": "中和街493巷9弄口", "note": "16", "stop_type": "YouBike" }, "geometry": { "type": "Point", "coordinates": [ 121.49447, 25.1439 ] } },
{ "type": "Feature", "properties": { "poi_name": "捷運北投站(1號出口)", "note": "58", "stop_type": "YouBike" }, "geometry": { "type": "Point", "coordinates": [ 121.49862, 25.13258 ] } },
{ "type": "Feature", "properties": { "poi_name": "石牌立農街口", "note": "29", "stop_type": "YouBike" }, "geometry": { "type": "Point", "coordinates": [ 121.51921, 25.11879 ] } },
{ "type": "Feature", "properties": { "poi_name": "捷運唭哩岸站(1號出口)", "note": "20", "stop_type": "YouBike" }, "geometry": { "type": "Point", "coordinates": [ 121.50727, 25.12082 ] } },
{ "type": "Feature", "properties": { "poi_name": "大興光明路2巷口", "note": "14", "stop_type": "YouBike" }, "geometry": { "type": "Point", "coordinates": [ 121.50017, 25.13043 ] } },
{ "type": "Feature", "properties": { "poi_name": "捷運忠義站(2號出口)", "note": "33", "stop_type": "YouBike" }, "geometry": { "type": "Point", "coordinates": [ 121.47347, 25.13076 ] } },
{ "type": "Feature", "properties": { "poi_name": "福國承德路口", "note": "15", "stop_type": "YouBike" }, "geometry": { "type": "Point", "coordinates": [ 121.51263, 25.10171 ] } },
{ "type": "Feature", "properties": { "poi_name": "捷運北投站(1號出口)(北投路側)", "note": "40", "stop_type": "YouBike" }, "geometry": { "type": "Point", "coordinates": [ 121.49817, 25.13201 ] } },
{ "type": "Feature", "properties": { "poi_name": "華固創富中心", "note": "15", "stop_type": "YouBike" }, "geometry": { "type": "Point", "coordinates": [ 121.51244, 25.10392 ] } },
{ "type": "Feature", "properties": { "poi_name": "崇仰公園(公舘路255巷)", "note": "20", "stop_type": "YouBike" }, "geometry": { "type": "Point", "coordinates": [ 121.51098, 25.12595 ] } },
{ "type": "Feature", "properties": { "poi_name": "北投文化公園(北側)", "note": "20", "stop_type": "YouBike" }, "geometry": { "type": "Point", "coordinates": [ 121.49706, 25.13713 ] } },
{ "type": "Feature", "properties": { "poi_name": "中和綠地", "note": "30", "stop_type": "YouBike" }, "geometry": { "type": "Point", "coordinates": [ 121.4989, 25.1419 ] } },
{ "type": "Feature", "properties": { "poi_name": "大業路65巷口", "note": "25", "stop_type": "YouBike" }, "geometry": { "type": "Point", "coordinates": [ 121.49906, 25.12307 ] } },
{ "type": "Feature", "properties": { "poi_name": "公舘承德路口", "note": "25", "stop_type": "YouBike" }, "geometry": { "type": "Point", "coordinates": [ 121.50169, 25.11969 ] } },
{ "type": "Feature", "properties": { "poi_name": "文林北明德路口(東北側)", "note": "15", "stop_type": "YouBike" }, "geometry": { "type": "Point", "coordinates": [ 121.5173, 25.10576 ] } },
{ "type": "Feature", "properties": { "poi_name": "永興路一段32巷口", "note": "20", "stop_type": "YouBike" }, "geometry": { "type": "Point", "coordinates": [ 121.50012, 25.13905 ] } },
{ "type": "Feature", "properties": { "poi_name": "國立陽明交通大學(甲棟)", "note": "30", "stop_type": "YouBike" }, "geometry": { "type": "Point", "coordinates": [ 121.51453, 25.11944 ] } },
{ "type": "Feature", "properties": { "poi_name": "關渡國中", "note": "24", "stop_type": "YouBike" }, "geometry": { "type": "Point", "coordinates": [ 121.46735, 25.11955 ] } },
{ "type": "Feature", "properties": { "poi_name": "立功街55巷口", "note": "21", "stop_type": "YouBike" }, "geometry": { "type": "Point", "coordinates": [ 121.46922, 25.12518 ] } },
{ "type": "Feature", "properties": { "poi_name": "承德路七段401巷(洲美橋下)", "note": "25", "stop_type": "YouBike" }, "geometry": { "type": "Point", "coordinates": [ 121.49934, 25.11483 ] } },
{ "type": "Feature", "properties": { "poi_name": "大業路(農禪寺)", "note": "16", "stop_type": "YouBike" }, "geometry": { "type": "Point", "coordinates": [ 121.49964, 25.12231 ] } },
{ "type": "Feature", "properties": { "poi_name": "中國電影製片廠", "note": "15", "stop_type": "YouBike" }, "geometry": { "type": "Point", "coordinates": [ 121.48802, 25.13843 ] } },
{ "type": "Feature", "properties": { "poi_name": "北投新興公園", "note": "15", "stop_type": "YouBike" }, "geometry": { "type": "Point", "coordinates": [ 121.48711, 25.13997 ] } },
{ "type": "Feature", "properties": { "poi_name": "捷運石牌站(2號出口)(西安街一段)", "note": "23", "stop_type": "YouBike" }, "geometry": { "type": "Point", "coordinates": [ 121.51615, 25.11332 ] } },
{ "type": "Feature", "properties": { "poi_name": "華碩立功大樓", "note": "15", "stop_type": "YouBike" }, "geometry": { "type": "Point", "coordinates": [ 121.47071, 25.12771 ] } },
{ "type": "Feature", "properties": { "poi_name": "關渡碼頭", "note": "99", "stop_type": "YouBike" }, "geometry": { "type": "Point", "coordinates": [ 121.46228, 25.12066 ] } },
{ "type": "Feature", "properties": { "poi_name": "珠海路(48號公園)", "note": "21", "stop_type": "YouBike" }, "geometry": { "type": "Point", "coordinates": [ 121.51218, 25.14262 ] } },
{ "type": "Feature", "properties": { "poi_name": "承德文林北路口(西側)", "note": "16", "stop_type": "YouBike" }, "geometry": { "type": "Point", "coordinates": [ 121.51097, 25.11032 ] } },
{ "type": "Feature", "properties": { "poi_name": "石牌路二段324巷口", "note": "15", "stop_type": "YouBike" }, "geometry": { "type": "Point", "coordinates": [ 121.52404, 25.12164 ] } },
{ "type": "Feature", "properties": { "poi_name": "北投文化公園(中央北路)", "note": "16", "stop_type": "YouBike" }, "geometry": { "type": "Point", "coordinates": [ 121.49686, 25.13632 ] } },
{ "type": "Feature", "properties": { "poi_name": "泉源路23巷口", "note": "25", "stop_type": "YouBike" }, "geometry": { "type": "Point", "coordinates": [ 121.50571, 25.13939 ] } },
{ "type": "Feature", "properties": { "poi_name": "大業路667巷口", "note": "23", "stop_type": "YouBike" }, "geometry": { "type": "Point", "coordinates": [ 121.4996, 25.13709 ] } },
{ "type": "Feature", "properties": { "poi_name": "幼華中學(大業路)", "note": "26", "stop_type": "YouBike" }, "geometry": { "type": "Point", "coordinates": [ 121.49602, 25.13372 ] } },
{ "type": "Feature", "properties": { "poi_name": "溫泉路68巷6弄口", "note": "19", "stop_type": "YouBike" }, "geometry": { "type": "Point", "coordinates": [ 121.50564, 25.13401 ] } },
{ "type": "Feature", "properties": { "poi_name": "親水公園", "note": "20", "stop_type": "YouBike" }, "geometry": { "type": "Point", "coordinates": [ 121.49032, 25.13761 ] } },
{ "type": "Feature", "properties": { "poi_name": "文林橋(文林北路75巷)", "note": "25", "stop_type": "YouBike" }, "geometry": { "type": "Point", "coordinates": [ 121.51719, 25.10192 ] } },
{ "type": "Feature", "properties": { "poi_name": "榮華公園", "note": "26", "stop_type": "YouBike" }, "geometry": { "type": "Point", "coordinates": [ 121.52212, 25.11138 ] } },
{ "type": "Feature", "properties": { "poi_name": "北投市場(民族街口)", "note": "24", "stop_type": "YouBike" }, "geometry": { "type": "Point", "coordinates": [ 121.50388, 25.13221 ] } },
{ "type": "Feature", "properties": { "poi_name": "奇岩抽水站", "note": "26", "stop_type": "YouBike" }, "geometry": { "type": "Point", "coordinates": [ 121.50328, 25.12386 ] } },
{ "type": "Feature", "properties": { "poi_name": "溫泉路81號", "note": "20", "stop_type": "YouBike" }, "geometry": { "type": "Point", "coordinates": [ 121.5057, 25.13543 ] } },
{ "type": "Feature", "properties": { "poi_name": "北投公園噴泉", "note": "27", "stop_type": "YouBike" }, "geometry": { "type": "Point", "coordinates": [ 121.5048, 25.13687 ] } },
{ "type": "Feature", "properties": { "poi_name": "振華公園", "note": "23", "stop_type": "YouBike" }, "geometry": { "type": "Point", "coordinates": [ 121.51854, 25.11574 ] } },
{ "type": "Feature", "properties": { "poi_name": "三合街一段82巷62弄口", "note": "22", "stop_type": "YouBike" }, "geometry": { "type": "Point", "coordinates": [ 121.50409, 25.12874 ] } },
{ "type": "Feature", "properties": { "poi_name": "公舘西安街二段口", "note": "25", "stop_type": "YouBike" }, "geometry": { "type": "Point", "coordinates": [ 121.50281, 25.12157 ] } },
{ "type": "Feature", "properties": { "poi_name": "好市多北投店", "note": "62", "stop_type": "YouBike" }, "geometry": { "type": "Point", "coordinates": [ 121.46948, 25.12782 ] } },
{ "type": "Feature", "properties": { "poi_name": "薇閣高中", "note": "21", "stop_type": "YouBike" }, "geometry": { "type": "Point", "coordinates": [ 121.50388, 25.13964 ] } },
{ "type": "Feature", "properties": { "poi_name": "彰化銀行北投分行", "note": "19", "stop_type": "YouBike" }, "geometry": { "type": "Point", "coordinates": [ 121.4971, 25.13161 ] } },
{ "type": "Feature", "properties": { "poi_name": "中央北路一段197巷口", "note": "25", "stop_type": "YouBike" }, "geometry": { "type": "Point", "coordinates": [ 121.49749, 25.13579 ] } },
{ "type": "Feature", "properties": { "poi_name": "福星公園地下停車場(出入口B)", "note": "30", "stop_type": "YouBike" }, "geometry": { "type": "Point", "coordinates": [ 121.51289, 25.10744 ] } },
{ "type": "Feature", "properties": { "poi_name": "民族街36巷口", "note": "20", "stop_type": "YouBike" }, "geometry": { "type": "Point", "coordinates": [ 121.50596, 25.13305 ] } },
{ "type": "Feature", "properties": { "poi_name": "承德文承路口", "note": "20", "stop_type": "YouBike" }, "geometry": { "type": "Point", "coordinates": [ 121.51178, 25.10496 ] } },
{ "type": "Feature", "properties": { "poi_name": "承平福美路口", "note": "18", "stop_type": "YouBike" }, "geometry": { "type": "Point", "coordinates": [ 121.50805, 25.10026 ] } },
{ "type": "Feature", "properties": { "poi_name": "承美福國路口", "note": "30", "stop_type": "YouBike" }, "geometry": { "type": "Point", "coordinates": [ 121.50375, 25.10091 ] } },
{ "type": "Feature", "properties": { "poi_name": "北投22號線形公園共融遊戲場", "note": "43", "stop_type": "YouBike" }, "geometry": { "type": "Point", "coordinates": [ 121.51039, 25.1202 ] } },
{ "type": "Feature", "properties": { "poi_name": "承德路七段164巷口", "note": "18", "stop_type": "YouBike" }, "geometry": { "type": "Point", "coordinates": [ 121.50844, 25.11344 ] } },
{ "type": "Feature", "properties": { "poi_name": "捷運松山站(4號出口)", "note": "19", "stop_type": "YouBike" }, "geometry": { "type": "Point", "coordinates": [ 121.57785, 25.04987 ] } },
{ "type": "Feature", "properties": { "poi_name": "塔悠八德路口", "note": "34", "stop_type": "YouBike" }, "geometry": { "type": "Point", "coordinates": [ 121.57202, 25.05009 ] } },
{ "type": "Feature", "properties": { "poi_name": "鵬程公園", "note": "24", "stop_type": "YouBike" }, "geometry": { "type": "Point", "coordinates": [ 121.56876, 25.05503 ] } },
{ "type": "Feature", "properties": { "poi_name": "中崙高中", "note": "85", "stop_type": "YouBike" }, "geometry": { "type": "Point", "coordinates": [ 121.56087, 25.04878 ] } },
{ "type": "Feature", "properties": { "poi_name": "捷運南京三民站(2號出口)", "note": "19", "stop_type": "YouBike" }, "geometry": { "type": "Point", "coordinates": [ 121.56283, 25.05136 ] } },
{ "type": "Feature", "properties": { "poi_name": "捷運南京三民站(1號出口)", "note": "39", "stop_type": "YouBike" }, "geometry": { "type": "Point", "coordinates": [ 121.5636, 25.05155 ] } },
{ "type": "Feature", "properties": { "poi_name": "光復北路11巷口", "note": "31", "stop_type": "YouBike" }, "geometry": { "type": "Point", "coordinates": [ 121.558, 25.04937 ] } },
{ "type": "Feature", "properties": { "poi_name": "捷運南京三民站(4號出口)", "note": "13", "stop_type": "YouBike" }, "geometry": { "type": "Point", "coordinates": [ 121.5646, 25.05152 ] } },
{ "type": "Feature", "properties": { "poi_name": "西松高中", "note": "14", "stop_type": "YouBike" }, "geometry": { "type": "Point", "coordinates": [ 121.56701, 25.05492 ] } },
{ "type": "Feature", "properties": { "poi_name": "民權復興路口", "note": "45", "stop_type": "YouBike" }, "geometry": { "type": "Point", "coordinates": [ 121.54565, 25.0622 ] } },
{ "type": "Feature", "properties": { "poi_name": "民福三號綠地", "note": "20", "stop_type": "YouBike" }, "geometry": { "type": "Point", "coordinates": [ 121.54767, 25.06374 ] } },
{ "type": "Feature", "properties": { "poi_name": "民有一號公園", "note": "41", "stop_type": "YouBike" }, "geometry": { "type": "Point", "coordinates": [ 121.54731, 25.06095 ] } },
{ "type": "Feature", "properties": { "poi_name": "民生敦化路口", "note": "69", "stop_type": "YouBike" }, "geometry": { "type": "Point", "coordinates": [ 121.54897, 25.05804 ] } },
{ "type": "Feature", "properties": { "poi_name": "松基公園", "note": "20", "stop_type": "YouBike" }, "geometry": { "type": "Point", "coordinates": [ 121.54486, 25.0546 ] } },
{ "type": "Feature", "properties": { "poi_name": "三民路166巷口", "note": "12", "stop_type": "YouBike" }, "geometry": { "type": "Point", "coordinates": [ 121.56328, 25.0619 ] } },
{ "type": "Feature", "properties": { "poi_name": "民生活動中心", "note": "49", "stop_type": "YouBike" }, "geometry": { "type": "Point", "coordinates": [ 121.56305, 25.05907 ] } },
{ "type": "Feature", "properties": { "poi_name": "捷運小巨蛋站(2號出口)", "note": "26", "stop_type": "YouBike" }, "geometry": { "type": "Point", "coordinates": [ 121.55118, 25.05157 ] } },
{ "type": "Feature", "properties": { "poi_name": "臺北市藝文推廣處", "note": "45", "stop_type": "YouBike" }, "geometry": { "type": "Point", "coordinates": [ 121.55235, 25.04826 ] } },
{ "type": "Feature", "properties": { "poi_name": "民生國小(敦化北路199巷)", "note": "20", "stop_type": "YouBike" }, "geometry": { "type": "Point", "coordinates": [ 121.55286, 25.05633 ] } },
{ "type": "Feature", "properties": { "poi_name": "敦北公園", "note": "51", "stop_type": "YouBike" }, "geometry": { "type": "Point", "coordinates": [ 121.55098, 25.06118 ] } },
{ "type": "Feature", "properties": { "poi_name": "民權運動公園", "note": "84", "stop_type": "YouBike" }, "geometry": { "type": "Point", "coordinates": [ 121.56019, 25.062 ] } },
{ "type": "Feature", "properties": { "poi_name": "新東公園", "note": "51", "stop_type": "YouBike" }, "geometry": { "type": "Point", "coordinates": [ 121.56888, 25.05925 ] } },
{ "type": "Feature", "properties": { "poi_name": "民生光復路口", "note": "33", "stop_type": "YouBike" }, "geometry": { "type": "Point", "coordinates": [ 121.55496, 25.05834 ] } },
{ "type": "Feature", "properties": { "poi_name": "三民公園", "note": "35", "stop_type": "YouBike" }, "geometry": { "type": "Point", "coordinates": [ 121.566678992451443, 25.061286751493899 ] } },
{ "type": "Feature", "properties": { "poi_name": "八德路三段74巷口", "note": "17", "stop_type": "YouBike" }, "geometry": { "type": "Point", "coordinates": [ 121.55252, 25.04459 ] } },
{ "type": "Feature", "properties": { "poi_name": "八德路三段8巷口", "note": "18", "stop_type": "YouBike" }, "geometry": { "type": "Point", "coordinates": [ 121.54953, 25.04494 ] } },
{ "type": "Feature", "properties": { "poi_name": "三軍總醫院(松山分院)", "note": "43", "stop_type": "YouBike" }, "geometry": { "type": "Point", "coordinates": [ 121.55631, 25.05419 ] } },
{ "type": "Feature", "properties": { "poi_name": "平安新城", "note": "18", "stop_type": "YouBike" }, "geometry": { "type": "Point", "coordinates": [ 121.559, 25.05528 ] } },
{ "type": "Feature", "properties": { "poi_name": "健康社會住宅", "note": "20", "stop_type": "YouBike" }, "geometry": { "type": "Point", "coordinates": [ 121.56545, 25.05433 ] } },
{ "type": "Feature", "properties": { "poi_name": "民權光復路口(東北側)", "note": "39", "stop_type": "YouBike" }, "geometry": { "type": "Point", "coordinates": [ 121.55475, 25.06206 ] } },
{ "type": "Feature", "properties": { "poi_name": "市民東興路口", "note": "30", "stop_type": "YouBike" }, "geometry": { "type": "Point", "coordinates": [ 121.56586, 25.0484 ] } },
{ "type": "Feature", "properties": { "poi_name": "光復南路22巷口", "note": "29", "stop_type": "YouBike" }, "geometry": { "type": "Point", "coordinates": [ 121.55771, 25.04693 ] } },
{ "type": "Feature", "properties": { "poi_name": "光復南路46巷", "note": "23", "stop_type": "YouBike" }, "geometry": { "type": "Point", "coordinates": [ 121.55665, 25.04606 ] } },
{ "type": "Feature", "properties": { "poi_name": "松山新城", "note": "27", "stop_type": "YouBike" }, "geometry": { "type": "Point", "coordinates": [ 121.55436, 25.05347 ] } },
{ "type": "Feature", "properties": { "poi_name": "國土管理署", "note": "39", "stop_type": "YouBike" }, "geometry": { "type": "Point", "coordinates": [ 121.5448, 25.04769 ] } },
{ "type": "Feature", "properties": { "poi_name": "南京光復路口", "note": "31", "stop_type": "YouBike" }, "geometry": { "type": "Point", "coordinates": [ 121.55716, 25.05143 ] } },
{ "type": "Feature", "properties": { "poi_name": "民生立體停車場", "note": "24", "stop_type": "YouBike" }, "geometry": { "type": "Point", "coordinates": [ 121.55947, 25.05846 ] } },
{ "type": "Feature", "properties": { "poi_name": "健康新城", "note": "44", "stop_type": "YouBike" }, "geometry": { "type": "Point", "coordinates": [ 121.56095, 25.05408 ] } },
{ "type": "Feature", "properties": { "poi_name": "健安新城", "note": "30", "stop_type": "YouBike" }, "geometry": { "type": "Point", "coordinates": [ 121.56345, 25.05606 ] } },
{ "type": "Feature", "properties": { "poi_name": "復盛公園", "note": "37", "stop_type": "YouBike" }, "geometry": { "type": "Point", "coordinates": [ 121.56115, 25.04763 ] } },
{ "type": "Feature", "properties": { "poi_name": "中崙福成宮", "note": "27", "stop_type": "YouBike" }, "geometry": { "type": "Point", "coordinates": [ 121.54659, 25.04524 ] } },
{ "type": "Feature", "properties": { "poi_name": "捷運南京復興站(7號出口)", "note": "15", "stop_type": "YouBike" }, "geometry": { "type": "Point", "coordinates": [ 121.54478, 25.05278 ] } },
{ "type": "Feature", "properties": { "poi_name": "捷運南京復興站(5號出口)", "note": "68", "stop_type": "YouBike" }, "geometry": { "type": "Point", "coordinates": [ 121.54506, 25.05168 ] } },
{ "type": "Feature", "properties": { "poi_name": "塔悠疏散門", "note": "32", "stop_type": "YouBike" }, "geometry": { "type": "Point", "coordinates": [ 121.56788, 25.0648 ] } },
{ "type": "Feature", "properties": { "poi_name": "臺北田徑場", "note": "71", "stop_type": "YouBike" }, "geometry": { "type": "Point", "coordinates": [ 121.54941, 25.04951 ] } },
{ "type": "Feature", "properties": { "poi_name": "捷運小巨蛋站(5號出口)", "note": "22", "stop_type": "YouBike" }, "geometry": { "type": "Point", "coordinates": [ 121.55352, 25.05176 ] } },
{ "type": "Feature", "properties": { "poi_name": "敦化長春路口", "note": "34", "stop_type": "YouBike" }, "geometry": { "type": "Point", "coordinates": [ 121.54871, 25.0536 ] } },
{ "type": "Feature", "properties": { "poi_name": "饒河疏散門(基四號疏散門)", "note": "19", "stop_type": "YouBike" }, "geometry": { "type": "Point", "coordinates": [ 121.57683, 25.05147 ] } },
{ "type": "Feature", "properties": { "poi_name": "捷運松山站(2號出口)", "note": "14", "stop_type": "YouBike" }, "geometry": { "type": "Point", "coordinates": [ 121.57635, 25.05013 ] } },
{ "type": "Feature", "properties": { "poi_name": "民權東路三段106巷口", "note": "22", "stop_type": "YouBike" }, "geometry": { "type": "Point", "coordinates": [ 121.54472, 25.062 ] } },
{ "type": "Feature", "properties": { "poi_name": "南京東路五段59巷口", "note": "17", "stop_type": "YouBike" }, "geometry": { "type": "Point", "coordinates": [ 121.55907, 25.05163 ] } },
{ "type": "Feature", "properties": { "poi_name": "三民公園(塔悠路)", "note": "20", "stop_type": "YouBike" }, "geometry": { "type": "Point", "coordinates": [ 121.56831, 25.06241 ] } },
{ "type": "Feature", "properties": { "poi_name": "寶清公園", "note": "23", "stop_type": "YouBike" }, "geometry": { "type": "Point", "coordinates": [ 121.5681, 25.05198 ] } },
{ "type": "Feature", "properties": { "poi_name": "西松公園", "note": "11", "stop_type": "YouBike" }, "geometry": { "type": "Point", "coordinates": [ 121.56407, 25.05406 ] } },
{ "type": "Feature", "properties": { "poi_name": "長壽公園", "note": "22", "stop_type": "YouBike" }, "geometry": { "type": "Point", "coordinates": [ 121.55893, 25.05378 ] } },
{ "type": "Feature", "properties": { "poi_name": "復源公園", "note": "14", "stop_type": "YouBike" }, "geometry": { "type": "Point", "coordinates": [ 121.5542, 25.04634 ] } },
{ "type": "Feature", "properties": { "poi_name": "南京東路四段179巷口", "note": "13", "stop_type": "YouBike" }, "geometry": { "type": "Point", "coordinates": [ 121.55609, 25.05173 ] } },
{ "type": "Feature", "properties": { "poi_name": "臺北田徑場(北寧路側)", "note": "44", "stop_type": "YouBike" }, "geometry": { "type": "Point", "coordinates": [ 121.55261, 25.04954 ] } },
{ "type": "Feature", "properties": { "poi_name": "西松高中(健康路325巷)", "note": "31", "stop_type": "YouBike" }, "geometry": { "type": "Point", "coordinates": [ 121.56713, 25.05567 ] } },
{ "type": "Feature", "properties": { "poi_name": "南京東興路口", "note": "30", "stop_type": "YouBike" }, "geometry": { "type": "Point", "coordinates": [ 121.56535, 25.05149 ] } },
{ "type": "Feature", "properties": { "poi_name": "捷運松山站(3號出口)", "note": "52", "stop_type": "YouBike" }, "geometry": { "type": "Point", "coordinates": [ 121.57746, 25.04962 ] } },
{ "type": "Feature", "properties": { "poi_name": "介壽國中", "note": "30", "stop_type": "YouBike" }, "geometry": { "type": "Point", "coordinates": [ 121.55706, 25.05722 ] } },
{ "type": "Feature", "properties": { "poi_name": "敦化南京路口(東北側)", "note": "25", "stop_type": "YouBike" }, "geometry": { "type": "Point", "coordinates": [ 121.54926, 25.05226 ] } },
{ "type": "Feature", "properties": { "poi_name": "敦化八德路口", "note": "55", "stop_type": "YouBike" }, "geometry": { "type": "Point", "coordinates": [ 121.54864, 25.04802 ] } },
{ "type": "Feature", "properties": { "poi_name": "新東街51巷口", "note": "27", "stop_type": "YouBike" }, "geometry": { "type": "Point", "coordinates": [ 121.56332, 25.0615 ] } },
{ "type": "Feature", "properties": { "poi_name": "八德立體停車場", "note": "34", "stop_type": "YouBike" }, "geometry": { "type": "Point", "coordinates": [ 121.57189, 25.04985 ] } },
{ "type": "Feature", "properties": { "poi_name": "長春慶城街口", "note": "28", "stop_type": "YouBike" }, "geometry": { "type": "Point", "coordinates": [ 121.54636, 25.05452 ] } },
{ "type": "Feature", "properties": { "poi_name": "八德路四段652巷口", "note": "20", "stop_type": "YouBike" }, "geometry": { "type": "Point", "coordinates": [ 121.57503, 25.04942 ] } },
{ "type": "Feature", "properties": { "poi_name": "捷運松山站(1號出口)", "note": "15", "stop_type": "YouBike" }, "geometry": { "type": "Point", "coordinates": [ 121.57692, 25.05014 ] } },
{ "type": "Feature", "properties": { "poi_name": "捷運小巨蛋站(3號出口)", "note": "28", "stop_type": "YouBike" }, "geometry": { "type": "Point", "coordinates": [ 121.55243, 25.05152 ] } },
{ "type": "Feature", "properties": { "poi_name": "捷運小巨蛋站(5號出口)_1", "note": "20", "stop_type": "YouBike" }, "geometry": { "type": "Point", "coordinates": [ 121.5521, 25.05181 ] } },
{ "type": "Feature", "properties": { "poi_name": "敦化北路155巷口", "note": "30", "stop_type": "YouBike" }, "geometry": { "type": "Point", "coordinates": [ 121.5491, 25.0542 ] } },
{ "type": "Feature", "properties": { "poi_name": "民生復興路口", "note": "30", "stop_type": "YouBike" }, "geometry": { "type": "Point", "coordinates": [ 121.54443, 25.05764 ] } },
{ "type": "Feature", "properties": { "poi_name": "市民延吉街口", "note": "30", "stop_type": "YouBike" }, "geometry": { "type": "Point", "coordinates": [ 121.55397, 25.0444 ] } },
{ "type": "Feature", "properties": { "poi_name": "龍城市場", "note": "22", "stop_type": "YouBike" }, "geometry": { "type": "Point", "coordinates": [ 121.55417, 25.05454 ] } },
{ "type": "Feature", "properties": { "poi_name": "捷運南京三民站(3號出口)", "note": "28", "stop_type": "YouBike" }, "geometry": { "type": "Point", "coordinates": [ 121.56426, 25.05129 ] } },
{ "type": "Feature", "properties": { "poi_name": "塔悠基隆路口(麥帥一橋下)", "note": "20", "stop_type": "YouBike" }, "geometry": { "type": "Point", "coordinates": [ 121.57062, 25.05139 ] } },
{ "type": "Feature", "properties": { "poi_name": "五常街370巷", "note": "11", "stop_type": "YouBike" }, "geometry": { "type": "Point", "coordinates": [ 121.54537, 25.06432 ] } },
{ "type": "Feature", "properties": { "poi_name": "延壽街119巷口", "note": "15", "stop_type": "YouBike" }, "geometry": { "type": "Point", "coordinates": [ 121.56486, 25.05708 ] } },
{ "type": "Feature", "properties": { "poi_name": "市民東寧路口", "note": "23", "stop_type": "YouBike" }, "geometry": { "type": "Point", "coordinates": [ 121.56305, 25.04742 ] } },
{ "type": "Feature", "properties": { "poi_name": "民福簡易綠地", "note": "15", "stop_type": "YouBike" }, "geometry": { "type": "Point", "coordinates": [ 121.54529, 25.06589 ] } },
{ "type": "Feature", "properties": { "poi_name": "三民國小(撫遠街)", "note": "26", "stop_type": "YouBike" }, "geometry": { "type": "Point", "coordinates": [ 121.56458, 25.06457 ] } },
{ "type": "Feature", "properties": { "poi_name": "民生郵局", "note": "14", "stop_type": "YouBike" }, "geometry": { "type": "Point", "coordinates": [ 121.56586, 25.05936 ] } },
{ "type": "Feature", "properties": { "poi_name": "民權敦化路口(西北側)", "note": "24", "stop_type": "YouBike" }, "geometry": { "type": "Point", "coordinates": [ 121.55, 25.06185 ] } },
{ "type": "Feature", "properties": { "poi_name": "寶清八德路口(北側)", "note": "19", "stop_type": "YouBike" }, "geometry": { "type": "Point", "coordinates": [ 121.56879, 25.05028 ] } },
{ "type": "Feature", "properties": { "poi_name": "民生東路三段140巷口", "note": "15", "stop_type": "YouBike" }, "geometry": { "type": "Point", "coordinates": [ 121.5467, 25.056 ] } },
{ "type": "Feature", "properties": { "poi_name": "新東延壽街口", "note": "24", "stop_type": "YouBike" }, "geometry": { "type": "Point", "coordinates": [ 121.56608, 25.05725 ] } },
{ "type": "Feature", "properties": { "poi_name": "健康公園", "note": "26", "stop_type": "YouBike" }, "geometry": { "type": "Point", "coordinates": [ 121.56878, 25.05434 ] } },
{ "type": "Feature", "properties": { "poi_name": "新中街4巷口", "note": "36", "stop_type": "YouBike" }, "geometry": { "type": "Point", "coordinates": [ 121.56167, 25.05779 ] } },
{ "type": "Feature", "properties": { "poi_name": "光復北富錦街口", "note": "25", "stop_type": "YouBike" }, "geometry": { "type": "Point", "coordinates": [ 121.55489, 25.06054 ] } },
{ "type": "Feature", "properties": { "poi_name": "松山國小(東北側)", "note": "24", "stop_type": "YouBike" }, "geometry": { "type": "Point", "coordinates": [ 121.57972, 25.05141 ] } },
{ "type": "Feature", "properties": { "poi_name": "撫遠街403巷", "note": "33", "stop_type": "YouBike" }, "geometry": { "type": "Point", "coordinates": [ 121.5658, 25.06608 ] } },
{ "type": "Feature", "properties": { "poi_name": "基六號疏散門", "note": "33", "stop_type": "YouBike" }, "geometry": { "type": "Point", "coordinates": [ 121.568, 25.06575 ] } },
{ "type": "Feature", "properties": { "poi_name": "民權三民路口", "note": "20", "stop_type": "YouBike" }, "geometry": { "type": "Point", "coordinates": [ 121.56296, 25.06293 ] } },
{ "type": "Feature", "properties": { "poi_name": "民權運動公園(北側)", "note": "30", "stop_type": "YouBike" }, "geometry": { "type": "Point", "coordinates": [ 121.55711, 25.06198 ] } },
{ "type": "Feature", "properties": { "poi_name": "中崙高中停車場", "note": "25", "stop_type": "YouBike" }, "geometry": { "type": "Point", "coordinates": [ 121.56153, 25.05023 ] } },
{ "type": "Feature", "properties": { "poi_name": "光復延壽街口(西北側)", "note": "23", "stop_type": "YouBike" }, "geometry": { "type": "Point", "coordinates": [ 121.55548, 25.05677 ] } },
{ "type": "Feature", "properties": { "poi_name": "富錦新東街口(西側)", "note": "13", "stop_type": "YouBike" }, "geometry": { "type": "Point", "coordinates": [ 121.5647, 25.06108 ] } },
{ "type": "Feature", "properties": { "poi_name": "延壽街18巷口", "note": "17", "stop_type": "YouBike" }, "geometry": { "type": "Point", "coordinates": [ 121.56843, 25.05725 ] } },
{ "type": "Feature", "properties": { "poi_name": "民生東路四段97巷", "note": "26", "stop_type": "YouBike" }, "geometry": { "type": "Point", "coordinates": [ 121.55208, 25.05864 ] } },
{ "type": "Feature", "properties": { "poi_name": "民生東路五段177巷口", "note": "19", "stop_type": "YouBike" }, "geometry": { "type": "Point", "coordinates": [ 121.56466, 25.05913 ] } },
{ "type": "Feature", "properties": { "poi_name": "西松高中地下停車場", "note": "26", "stop_type": "YouBike" }, "geometry": { "type": "Point", "coordinates": [ 121.56551, 25.05564 ] } },
{ "type": "Feature", "properties": { "poi_name": "民生東路五段69巷", "note": "17", "stop_type": "YouBike" }, "geometry": { "type": "Point", "coordinates": [ 121.55809, 25.05983 ] } },
{ "type": "Feature", "properties": { "poi_name": "民生東路五段137巷6弄口", "note": "16", "stop_type": "YouBike" }, "geometry": { "type": "Point", "coordinates": [ 121.56142, 25.06043 ] } },
{ "type": "Feature", "properties": { "poi_name": "敦化北慶城街口", "note": "37", "stop_type": "YouBike" }, "geometry": { "type": "Point", "coordinates": [ 121.54873, 25.05714 ] } },
{ "type": "Feature", "properties": { "poi_name": "南京東路三段338巷口", "note": "21", "stop_type": "YouBike" }, "geometry": { "type": "Point", "coordinates": [ 121.54766, 25.05161 ] } },
{ "type": "Feature", "properties": { "poi_name": "民權東路三段175巷口", "note": "20", "stop_type": "YouBike" }, "geometry": { "type": "Point", "coordinates": [ 121.54738, 25.06218 ] } },
{ "type": "Feature", "properties": { "poi_name": "健康路225巷口", "note": "26", "stop_type": "YouBike" }, "geometry": { "type": "Point", "coordinates": [ 121.56263, 25.05415 ] } },
{ "type": "Feature", "properties": { "poi_name": "南港公園(東新街)", "note": "25", "stop_type": "YouBike" }, "geometry": { "type": "Point", "coordinates": [ 121.59226, 25.04591 ] } },
{ "type": "Feature", "properties": { "poi_name": "南港公園(福德街)", "note": "56", "stop_type": "YouBike" }, "geometry": { "type": "Point", "coordinates": [ 121.59089, 25.04128 ] } },
{ "type": "Feature", "properties": { "poi_name": "捷運昆陽站(1號出口)", "note": "65", "stop_type": "YouBike" }, "geometry": { "type": "Point", "coordinates": [ 121.59238, 25.05014 ] } },
{ "type": "Feature", "properties": { "poi_name": "忠孝東路六段225巷口", "note": "35", "stop_type": "YouBike" }, "geometry": { "type": "Point", "coordinates": [ 121.58832, 25.04919 ] } },
{ "type": "Feature", "properties": { "poi_name": "捷運後山埤站(1號出口)", "note": "53", "stop_type": "YouBike" }, "geometry": { "type": "Point", "coordinates": [ 121.58133, 25.04437 ] } },
{ "type": "Feature", "properties": { "poi_name": "合樂公園", "note": "15", "stop_type": "YouBike" }, "geometry": { "type": "Point", "coordinates": [ 121.58154, 25.04843 ] } },
{ "type": "Feature", "properties": { "poi_name": "合心廣場", "note": "43", "stop_type": "YouBike" }, "geometry": { "type": "Point", "coordinates": [ 121.58315, 25.04608 ] } },
{ "type": "Feature", "properties": { "poi_name": "成德國中", "note": "44", "stop_type": "YouBike" }, "geometry": { "type": "Point", "coordinates": [ 121.5882, 25.04592 ] } },
{ "type": "Feature", "properties": { "poi_name": "玉成公園", "note": "36", "stop_type": "YouBike" }, "geometry": { "type": "Point", "coordinates": [ 121.58613, 25.04281 ] } },
{ "type": "Feature", "properties": { "poi_name": "研究院舊莊街口", "note": "30", "stop_type": "YouBike" }, "geometry": { "type": "Point", "coordinates": [ 121.61683, 25.04239 ] } },
{ "type": "Feature", "properties": { "poi_name": "中研院綜合體育館東側", "note": "30", "stop_type": "YouBike" }, "geometry": { "type": "Point", "coordinates": [ 121.61374, 25.04054 ] } },
{ "type": "Feature", "properties": { "poi_name": "國家生技園區", "note": "38", "stop_type": "YouBike" }, "geometry": { "type": "Point", "coordinates": [ 121.61145, 25.04763 ] } },
{ "type": "Feature", "properties": { "poi_name": "捷運南港展覽館站(5號出口)", "note": "73", "stop_type": "YouBike" }, "geometry": { "type": "Point", "coordinates": [ 121.61669, 25.05469 ] } },
{ "type": "Feature", "properties": { "poi_name": "中研公園", "note": "54", "stop_type": "YouBike" }, "geometry": { "type": "Point", "coordinates": [ 121.61375, 25.04697 ] } },
{ "type": "Feature", "properties": { "poi_name": "福山公園", "note": "55", "stop_type": "YouBike" }, "geometry": { "type": "Point", "coordinates": [ 121.61775, 25.04499 ] } },
{ "type": "Feature", "properties": { "poi_name": "舊莊區民活動中心", "note": "40", "stop_type": "YouBike" }, "geometry": { "type": "Point", "coordinates": [ 121.6191, 25.04139 ] } },
{ "type": "Feature", "properties": { "poi_name": "凌雲市場", "note": "35", "stop_type": "YouBike" }, "geometry": { "type": "Point", "coordinates": [ 121.61415, 25.03564 ] } },
{ "type": "Feature", "properties": { "poi_name": "市民大道八段532號", "note": "30", "stop_type": "YouBike" }, "geometry": { "type": "Point", "coordinates": [ 121.61334, 25.054 ] } },
{ "type": "Feature", "properties": { "poi_name": "捷運南港軟體園區(2號出口)", "note": "70", "stop_type": "YouBike" }, "geometry": { "type": "Point", "coordinates": [ 121.61677, 25.05933 ] } },
{ "type": "Feature", "properties": { "poi_name": "南港國小", "note": "59", "stop_type": "YouBike" }, "geometry": { "type": "Point", "coordinates": [ 121.61137, 25.05668 ] } },
{ "type": "Feature", "properties": { "poi_name": "興中立體停車場(興中路)", "note": "26", "stop_type": "YouBike" }, "geometry": { "type": "Point", "coordinates": [ 121.607, 25.05629 ] } },
{ "type": "Feature", "properties": { "poi_name": "臺北市立圖書館南港分館", "note": "40", "stop_type": "YouBike" }, "geometry": { "type": "Point", "coordinates": [ 121.60866, 25.05485 ] } },
{ "type": "Feature", "properties": { "poi_name": "東陽公園", "note": "56", "stop_type": "YouBike" }, "geometry": { "type": "Point", "coordinates": [ 121.59792, 25.05716 ] } },
{ "type": "Feature", "properties": { "poi_name": "向陽南港路口", "note": "44", "stop_type": "YouBike" }, "geometry": { "type": "Point", "coordinates": [ 121.59423, 25.05437 ] } },
{ "type": "Feature", "properties": { "poi_name": "南港車站(忠孝東路七段415巷)", "note": "11", "stop_type": "YouBike" }, "geometry": { "type": "Point", "coordinates": [ 121.60922, 25.05252 ] } },
{ "type": "Feature", "properties": { "poi_name": "捷運南港站(2號出口)", "note": "23", "stop_type": "YouBike" }, "geometry": { "type": "Point", "coordinates": [ 121.60741, 25.05201 ] } },
{ "type": "Feature", "properties": { "poi_name": "捷運南港站(1號出口)", "note": "20", "stop_type": "YouBike" }, "geometry": { "type": "Point", "coordinates": [ 121.60642, 25.05192 ] } },
{ "type": "Feature", "properties": { "poi_name": "東新國小", "note": "29", "stop_type": "YouBike" }, "geometry": { "type": "Point", "coordinates": [ 121.60194, 25.05623 ] } },
{ "type": "Feature", "properties": { "poi_name": "中華科技大學", "note": "20", "stop_type": "YouBike" }, "geometry": { "type": "Point", "coordinates": [ 121.60985, 25.03392 ] } },
{ "type": "Feature", "properties": { "poi_name": "六福公園", "note": "19", "stop_type": "YouBike" }, "geometry": { "type": "Point", "coordinates": [ 121.61703, 25.04681 ] } },
{ "type": "Feature", "properties": { "poi_name": "南港加壓站", "note": "24", "stop_type": "YouBike" }, "geometry": { "type": "Point", "coordinates": [ 121.61594, 25.04805 ] } },
{ "type": "Feature", "properties": { "poi_name": "臺北流行音樂中心(南港路)", "note": "21", "stop_type": "YouBike" }, "geometry": { "type": "Point", "coordinates": [ 121.59945, 25.05343 ] } },
{ "type": "Feature", "properties": { "poi_name": "興南公園", "note": "26", "stop_type": "YouBike" }, "geometry": { "type": "Point", "coordinates": [ 121.60396, 25.05766 ] } },
{ "type": "Feature", "properties": { "poi_name": "臺北流行音樂中心(市民大道)", "note": "32", "stop_type": "YouBike" }, "geometry": { "type": "Point", "coordinates": [ 121.59839, 25.05211 ] } },
{ "type": "Feature", "properties": { "poi_name": "南港車站(市民大道)", "note": "30", "stop_type": "YouBike" }, "geometry": { "type": "Point", "coordinates": [ 121.60656, 25.05326 ] } },
{ "type": "Feature", "properties": { "poi_name": "忠孝東路七段527巷口", "note": "26", "stop_type": "YouBike" }, "geometry": { "type": "Point", "coordinates": [ 121.61275, 25.05266 ] } },
{ "type": "Feature", "properties": { "poi_name": "南港軟體園區(新民街)", "note": "25", "stop_type": "YouBike" }, "geometry": { "type": "Point", "coordinates": [ 121.61369, 25.05627 ] } },
{ "type": "Feature", "properties": { "poi_name": "世貿公園", "note": "51", "stop_type": "YouBike" }, "geometry": { "type": "Point", "coordinates": [ 121.61422, 25.05831 ] } },
{ "type": "Feature", "properties": { "poi_name": "凌雲五村(研究院路三段8巷)", "note": "26", "stop_type": "YouBike" }, "geometry": { "type": "Point", "coordinates": [ 121.61688, 25.03595 ] } },
{ "type": "Feature", "properties": { "poi_name": "新新公園(昆陽街60巷)", "note": "20", "stop_type": "YouBike" }, "geometry": { "type": "Point", "coordinates": [ 121.59053, 25.0521 ] } },
{ "type": "Feature", "properties": { "poi_name": "南港高中(昆陽街)", "note": "26", "stop_type": "YouBike" }, "geometry": { "type": "Point", "coordinates": [ 121.59279, 25.05285 ] } },
{ "type": "Feature", "properties": { "poi_name": "南港路三段290巷口", "note": "20", "stop_type": "YouBike" }, "geometry": { "type": "Point", "coordinates": [ 121.58152, 25.05234 ] } },
{ "type": "Feature", "properties": { "poi_name": "南港路三段220巷口", "note": "25", "stop_type": "YouBike" }, "geometry": { "type": "Point", "coordinates": [ 121.58599, 25.05289 ] } },
{ "type": "Feature", "properties": { "poi_name": "南港東新街口", "note": "28", "stop_type": "YouBike" }, "geometry": { "type": "Point", "coordinates": [ 121.58284, 25.05168 ] } },
{ "type": "Feature", "properties": { "poi_name": "八德中坡路口", "note": "46", "stop_type": "YouBike" }, "geometry": { "type": "Point", "coordinates": [ 121.5803, 25.05064 ] } },
{ "type": "Feature", "properties": { "poi_name": "捷運後山埤站(3號出口)", "note": "21", "stop_type": "YouBike" }, "geometry": { "type": "Point", "coordinates": [ 121.5836, 25.04511 ] } },
{ "type": "Feature", "properties": { "poi_name": "玉成公園運動中心", "note": "26", "stop_type": "YouBike" }, "geometry": { "type": "Point", "coordinates": [ 121.58493, 25.04193 ] } },
{ "type": "Feature", "properties": { "poi_name": "百福公園", "note": "25", "stop_type": "YouBike" }, "geometry": { "type": "Point", "coordinates": [ 121.58788, 25.03884 ] } },
{ "type": "Feature", "properties": { "poi_name": "南湖大橋(經貿二路255巷)", "note": "20", "stop_type": "YouBike" }, "geometry": { "type": "Point", "coordinates": [ 121.61384, 25.06148 ] } },
{ "type": "Feature", "properties": { "poi_name": "園區重陽路口", "note": "21", "stop_type": "YouBike" }, "geometry": { "type": "Point", "coordinates": [ 121.61072, 25.05937 ] } },
{ "type": "Feature", "properties": { "poi_name": "南港車站B棟(市民大道)", "note": "24", "stop_type": "YouBike" }, "geometry": { "type": "Point", "coordinates": [ 121.60549, 25.05293 ] } },
{ "type": "Feature", "properties": { "poi_name": "胡適公園", "note": "25", "stop_type": "YouBike" }, "geometry": { "type": "Point", "coordinates": [ 121.61766, 25.04014 ] } },
{ "type": "Feature", "properties": { "poi_name": "南港抽水站", "note": "20", "stop_type": "YouBike" }, "geometry": { "type": "Point", "coordinates": [ 121.61267, 25.06164 ] } },
{ "type": "Feature", "properties": { "poi_name": "經貿公園", "note": "20", "stop_type": "YouBike" }, "geometry": { "type": "Point", "coordinates": [ 121.61597, 25.06271 ] } },
{ "type": "Feature", "properties": { "poi_name": "育成高中", "note": "33", "stop_type": "YouBike" }, "geometry": { "type": "Point", "coordinates": [ 121.60983, 25.05853 ] } },
{ "type": "Feature", "properties": { "poi_name": "捷運南港展覽館站(7號出口)", "note": "42", "stop_type": "YouBike" }, "geometry": { "type": "Point", "coordinates": [ 121.6181, 25.05436 ] } },
{ "type": "Feature", "properties": { "poi_name": "力行橋(南港)", "note": "18", "stop_type": "YouBike" }, "geometry": { "type": "Point", "coordinates": [ 121.61686, 25.05172 ] } },
{ "type": "Feature", "properties": { "poi_name": "舊莊國小(舊莊街一段)", "note": "18", "stop_type": "YouBike" }, "geometry": { "type": "Point", "coordinates": [ 121.62015, 25.03987 ] } },
{ "type": "Feature", "properties": { "poi_name": "向陽公園", "note": "24", "stop_type": "YouBike" }, "geometry": { "type": "Point", "coordinates": [ 121.59265, 25.05705 ] } },
{ "type": "Feature", "properties": { "poi_name": "小彎社會住宅", "note": "51", "stop_type": "YouBike" }, "geometry": { "type": "Point", "coordinates": [ 121.59368, 25.0582 ] } },
{ "type": "Feature", "properties": { "poi_name": "捷運南港展覽館站(6號出口)", "note": "25", "stop_type": "YouBike" }, "geometry": { "type": "Point", "coordinates": [ 121.6185, 25.05465 ] } },
{ "type": "Feature", "properties": { "poi_name": "捷運南港展覽館站(4號出口)", "note": "39", "stop_type": "YouBike" }, "geometry": { "type": "Point", "coordinates": [ 121.61838, 25.05535 ] } },
{ "type": "Feature", "properties": { "poi_name": "成德綠地", "note": "17", "stop_type": "YouBike" }, "geometry": { "type": "Point", "coordinates": [ 121.58731, 25.04675 ] } },
{ "type": "Feature", "properties": { "poi_name": "南港公園(東新街170巷)", "note": "16", "stop_type": "YouBike" }, "geometry": { "type": "Point", "coordinates": [ 121.59323, 25.04134 ] } },
{ "type": "Feature", "properties": { "poi_name": "中坡市民路口(東北側)", "note": "27", "stop_type": "YouBike" }, "geometry": { "type": "Point", "coordinates": [ 121.58028, 25.04969 ] } },
{ "type": "Feature", "properties": { "poi_name": "昆陽公園", "note": "14", "stop_type": "YouBike" }, "geometry": { "type": "Point", "coordinates": [ 121.59425, 25.0483 ] } },
{ "type": "Feature", "properties": { "poi_name": "南港路二段178巷口", "note": "18", "stop_type": "YouBike" }, "geometry": { "type": "Point", "coordinates": [ 121.59969, 25.05368 ] } },
{ "type": "Feature", "properties": { "poi_name": "南港車站(忠孝東路)", "note": "24", "stop_type": "YouBike" }, "geometry": { "type": "Point", "coordinates": [ 121.60766, 25.05225 ] } },
{ "type": "Feature", "properties": { "poi_name": "南港車站(興華路)", "note": "48", "stop_type": "YouBike" }, "geometry": { "type": "Point", "coordinates": [ 121.60633, 25.05343 ] } },
{ "type": "Feature", "properties": { "poi_name": "玉成公園(成福路178巷口)", "note": "43", "stop_type": "YouBike" }, "geometry": { "type": "Point", "coordinates": [ 121.58735, 25.04177 ] } },
{ "type": "Feature", "properties": { "poi_name": "玉東公園(東新街)", "note": "25", "stop_type": "YouBike" }, "geometry": { "type": "Point", "coordinates": [ 121.58383, 25.04998 ] } },
{ "type": "Feature", "properties": { "poi_name": "南港出租國宅社區", "note": "25", "stop_type": "YouBike" }, "geometry": { "type": "Point", "coordinates": [ 121.59302, 25.03878 ] } },
{ "type": "Feature", "properties": { "poi_name": "成福路197巷口", "note": "15", "stop_type": "YouBike" }, "geometry": { "type": "Point", "coordinates": [ 121.58877, 25.04066 ] } },
{ "type": "Feature", "properties": { "poi_name": "南港疏散門(基三號疏散門)", "note": "24", "stop_type": "YouBike" }, "geometry": { "type": "Point", "coordinates": [ 121.5892, 25.05543 ] } },
{ "type": "Feature", "properties": { "poi_name": "成德立體停車場", "note": "17", "stop_type": "YouBike" }, "geometry": { "type": "Point", "coordinates": [ 121.58629, 25.04557 ] } },
{ "type": "Feature", "properties": { "poi_name": "南港展覽館2館", "note": "18", "stop_type": "YouBike" }, "geometry": { "type": "Point", "coordinates": [ 121.61646, 25.05545 ] } },
{ "type": "Feature", "properties": { "poi_name": "舊莊派出所", "note": "15", "stop_type": "YouBike" }, "geometry": { "type": "Point", "coordinates": [ 121.62274, 25.03827 ] } },
{ "type": "Feature", "properties": { "poi_name": "南港路三段80巷", "note": "15", "stop_type": "YouBike" }, "geometry": { "type": "Point", "coordinates": [ 121.59124, 25.05394 ] } },
{ "type": "Feature", "properties": { "poi_name": "捷運昆陽站(4號出口)", "note": "28", "stop_type": "YouBike" }, "geometry": { "type": "Point", "coordinates": [ 121.59431, 25.05066 ] } },
{ "type": "Feature", "properties": { "poi_name": "忠孝東路六段278巷口", "note": "14", "stop_type": "YouBike" }, "geometry": { "type": "Point", "coordinates": [ 121.58906, 25.04916 ] } },
{ "type": "Feature", "properties": { "poi_name": "中研院人文社會科學館", "note": "30", "stop_type": "YouBike" }, "geometry": { "type": "Point", "coordinates": [ 121.6118, 25.04126 ] } },
{ "type": "Feature", "properties": { "poi_name": "南港路三段130巷口", "note": "12", "stop_type": "YouBike" }, "geometry": { "type": "Point", "coordinates": [ 121.58781, 25.05457 ] } },
{ "type": "Feature", "properties": { "poi_name": "南港路三段190巷口", "note": "16", "stop_type": "YouBike" }, "geometry": { "type": "Point", "coordinates": [ 121.58638, 25.05381 ] } },
{ "type": "Feature", "properties": { "poi_name": "忠孝東路六段212巷口", "note": "15", "stop_type": "YouBike" }, "geometry": { "type": "Point", "coordinates": [ 121.58742, 25.0488 ] } },
{ "type": "Feature", "properties": { "poi_name": "新富公園", "note": "12", "stop_type": "YouBike" }, "geometry": { "type": "Point", "coordinates": [ 121.61713, 25.05296 ] } },
{ "type": "Feature", "properties": { "poi_name": "東新街63巷口", "note": "15", "stop_type": "YouBike" }, "geometry": { "type": "Point", "coordinates": [ 121.58605, 25.04728 ] } },
{ "type": "Feature", "properties": { "poi_name": "中興公園", "note": "15", "stop_type": "YouBike" }, "geometry": { "type": "Point", "coordinates": [ 121.61481, 25.04487 ] } },
{ "type": "Feature", "properties": { "poi_name": "向陽市民大道路口(西北側)", "note": "29", "stop_type": "YouBike" }, "geometry": { "type": "Point", "coordinates": [ 121.59535, 25.05163 ] } },
{ "type": "Feature", "properties": { "poi_name": "向陽南港路口(西北側)", "note": "26", "stop_type": "YouBike" }, "geometry": { "type": "Point", "coordinates": [ 121.5944, 25.05486 ] } },
{ "type": "Feature", "properties": { "poi_name": "研究院路一段151巷口", "note": "14", "stop_type": "YouBike" }, "geometry": { "type": "Point", "coordinates": [ 121.6162, 25.04997 ] } },
{ "type": "Feature", "properties": { "poi_name": "興中重陽路口", "note": "24", "stop_type": "YouBike" }, "geometry": { "type": "Point", "coordinates": [ 121.60674, 25.05801 ] } },
{ "type": "Feature", "properties": { "poi_name": "中研院近代史研究所研究大樓", "note": "16", "stop_type": "YouBike" }, "geometry": { "type": "Point", "coordinates": [ 121.61538, 25.03999 ] } },
{ "type": "Feature", "properties": { "poi_name": "中研院人文社會科學研究中心", "note": "16", "stop_type": "YouBike" }, "geometry": { "type": "Point", "coordinates": [ 121.61532, 25.04159 ] } },
{ "type": "Feature", "properties": { "poi_name": "中研院生態時代館", "note": "16", "stop_type": "YouBike" }, "geometry": { "type": "Point", "coordinates": [ 121.61342, 25.04287 ] } },
{ "type": "Feature", "properties": { "poi_name": "玉成街(中坡北路50巷口)", "note": "20", "stop_type": "YouBike" }, "geometry": { "type": "Point", "coordinates": [ 121.58192, 25.04691 ] } },
{ "type": "Feature", "properties": { "poi_name": "東明公園", "note": "20", "stop_type": "YouBike" }, "geometry": { "type": "Point", "coordinates": [ 121.60381, 25.05469 ] } },
{ "type": "Feature", "properties": { "poi_name": "捷運南港軟體園區站(1號出口)", "note": "36", "stop_type": "YouBike" }, "geometry": { "type": "Point", "coordinates": [ 121.61498, 25.06043 ] } },
{ "type": "Feature", "properties": { "poi_name": "南港花園社區A18", "note": "13", "stop_type": "YouBike" }, "geometry": { "type": "Point", "coordinates": [ 121.59111, 25.04015 ] } },
{ "type": "Feature", "properties": { "poi_name": "內湖機廠(港東街)", "note": "20", "stop_type": "YouBike" }, "geometry": { "type": "Point", "coordinates": [ 121.62189, 25.058 ] } },
{ "type": "Feature", "properties": { "poi_name": "市民昆陽街口", "note": "30", "stop_type": "YouBike" }, "geometry": { "type": "Point", "coordinates": [ 121.59361, 25.05124 ] } },
{ "type": "Feature", "properties": { "poi_name": "南港機廠(北流)", "note": "20", "stop_type": "YouBike" }, "geometry": { "type": "Point", "coordinates": [ 121.6014, 25.05156 ] } },
{ "type": "Feature", "properties": { "poi_name": "忠孝東路七段265巷", "note": "40", "stop_type": "YouBike" }, "geometry": { "type": "Point", "coordinates": [ 121.60338, 25.05216 ] } },
{ "type": "Feature", "properties": { "poi_name": "昆陽東新街口", "note": "24", "stop_type": "YouBike" }, "geometry": { "type": "Point", "coordinates": [ 121.59401, 25.04857 ] } },
{ "type": "Feature", "properties": { "poi_name": "臺北市捷運局機電工程處", "note": "20", "stop_type": "YouBike" }, "geometry": { "type": "Point", "coordinates": [ 121.61795, 25.0614 ] } },
{ "type": "Feature", "properties": { "poi_name": "經貿二路105巷口(經貿二路)", "note": "37", "stop_type": "YouBike" }, "geometry": { "type": "Point", "coordinates": [ 121.61704, 25.05791 ] } },
{ "type": "Feature", "properties": { "poi_name": "經貿二路105巷口(經貿一路)", "note": "20", "stop_type": "YouBike" }, "geometry": { "type": "Point", "coordinates": [ 121.61973, 25.0586 ] } },
{ "type": "Feature", "properties": { "poi_name": "經貿二路185巷", "note": "21", "stop_type": "YouBike" }, "geometry": { "type": "Point", "coordinates": [ 121.61698, 25.06148 ] } },
{ "type": "Feature", "properties": { "poi_name": "國家生物模式中心", "note": "19", "stop_type": "YouBike" }, "geometry": { "type": "Point", "coordinates": [ 121.60948, 25.04637 ] } },
{ "type": "Feature", "properties": { "poi_name": "南港路三段106巷口(中華賓士)", "note": "23", "stop_type": "YouBike" }, "geometry": { "type": "Point", "coordinates": [ 121.58928, 25.05312 ] } },
{ "type": "Feature", "properties": { "poi_name": "中坡松隆路口", "note": "21", "stop_type": "YouBike" }, "geometry": { "type": "Point", "coordinates": [ 121.58028, 25.04865 ] } },
{ "type": "Feature", "properties": { "poi_name": "成功疏散門", "note": "20", "stop_type": "YouBike" }, "geometry": { "type": "Point", "coordinates": [ 121.59407, 25.05898 ] } },
{ "type": "Feature", "properties": { "poi_name": "環保局南港區清潔南港分隊", "note": "27", "stop_type": "YouBike" }, "geometry": { "type": "Point", "coordinates": [ 121.61085, 25.06088 ] } },
{ "type": "Feature", "properties": { "poi_name": "重陽公園(興南街)", "note": "20", "stop_type": "YouBike" }, "geometry": { "type": "Point", "coordinates": [ 121.59983, 25.05557 ] } },
{ "type": "Feature", "properties": { "poi_name": "生物技術開發中心", "note": "21", "stop_type": "YouBike" }, "geometry": { "type": "Point", "coordinates": [ 121.61025, 25.04921 ] } },
{ "type": "Feature", "properties": { "poi_name": "南港車站C棟(市民大道)", "note": "24", "stop_type": "YouBike" }, "geometry": { "type": "Point", "coordinates": [ 121.6045, 25.0528 ] } },
{ "type": "Feature", "properties": { "poi_name": "新陽綠地", "note": "24", "stop_type": "YouBike" }, "geometry": { "type": "Point", "coordinates": [ 121.59817, 25.05492 ] } },
{ "type": "Feature", "properties": { "poi_name": "九如公園(凌雲街)", "note": "20", "stop_type": "YouBike" }, "geometry": { "type": "Point", "coordinates": [ 121.61554, 25.03904 ] } },
{ "type": "Feature", "properties": { "poi_name": "捷運南港機廠社會住宅", "note": "50", "stop_type": "YouBike" }, "geometry": { "type": "Point", "coordinates": [ 121.59729, 25.05088 ] } },
{ "type": "Feature", "properties": { "poi_name": "忠孝向陽路口", "note": "27", "stop_type": "YouBike" }, "geometry": { "type": "Point", "coordinates": [ 121.5969, 25.05105 ] } },
{ "type": "Feature", "properties": { "poi_name": "重陽路39巷", "note": "26", "stop_type": "YouBike" }, "geometry": { "type": "Point", "coordinates": [ 121.59518, 25.05634 ] } },
{ "type": "Feature", "properties": { "poi_name": "黎忠區民活動中心", "note": "32", "stop_type": "YouBike" }, "geometry": { "type": "Point", "coordinates": [ 121.55769, 25.02035 ] } },
{ "type": "Feature", "properties": { "poi_name": "基隆路二段159巷口", "note": "14", "stop_type": "YouBike" }, "geometry": { "type": "Point", "coordinates": [ 121.55409, 25.02561 ] } },
{ "type": "Feature", "properties": { "poi_name": "嘉興街175巷口", "note": "23", "stop_type": "YouBike" }, "geometry": { "type": "Point", "coordinates": [ 121.55671, 25.02811 ] } },
{ "type": "Feature", "properties": { "poi_name": "和平東路三段631巷口", "note": "24", "stop_type": "YouBike" }, "geometry": { "type": "Point", "coordinates": [ 121.56335, 25.0132 ] } },
{ "type": "Feature", "properties": { "poi_name": "和平東路三段530巷口", "note": "25", "stop_type": "YouBike" }, "geometry": { "type": "Point", "coordinates": [ 121.56134, 25.01545 ] } },
{ "type": "Feature", "properties": { "poi_name": "景勤二號公園", "note": "41", "stop_type": "YouBike" }, "geometry": { "type": "Point", "coordinates": [ 121.55841, 25.02698 ] } },
{ "type": "Feature", "properties": { "poi_name": "臺北醫學大學", "note": "64", "stop_type": "YouBike" }, "geometry": { "type": "Point", "coordinates": [ 121.56175, 25.02668 ] } },
{ "type": "Feature", "properties": { "poi_name": "三興公園", "note": "47", "stop_type": "YouBike" }, "geometry": { "type": "Point", "coordinates": [ 121.55932, 25.02868 ] } },
{ "type": "Feature", "properties": { "poi_name": "松德站", "note": "69", "stop_type": "YouBike" }, "geometry": { "type": "Point", "coordinates": [ 121.57396, 25.03162 ] } },
{ "type": "Feature", "properties": { "poi_name": "捷運象山站(2號出口)", "note": "65", "stop_type": "YouBike" }, "geometry": { "type": "Point", "coordinates": [ 121.56974, 25.03222 ] } },
{ "type": "Feature", "properties": { "poi_name": "象山公園", "note": "48", "stop_type": "YouBike" }, "geometry": { "type": "Point", "coordinates": [ 121.56981, 25.02863 ] } },
{ "type": "Feature", "properties": { "poi_name": "松仁路253巷3弄", "note": "25", "stop_type": "YouBike" }, "geometry": { "type": "Point", "coordinates": [ 121.56884, 25.02678 ] } },
{ "type": "Feature", "properties": { "poi_name": "興雅國中", "note": "18", "stop_type": "YouBike" }, "geometry": { "type": "Point", "coordinates": [ 121.56983, 25.03616 ] } },
{ "type": "Feature", "properties": { "poi_name": "捷運象山站(1號出口)", "note": "24", "stop_type": "YouBike" }, "geometry": { "type": "Point", "coordinates": [ 121.56867, 25.03295 ] } },
{ "type": "Feature", "properties": { "poi_name": "松德路200巷", "note": "57", "stop_type": "YouBike" }, "geometry": { "type": "Point", "coordinates": [ 121.57301, 25.03471 ] } },
{ "type": "Feature", "properties": { "poi_name": "中全公園", "note": "34", "stop_type": "YouBike" }, "geometry": { "type": "Point", "coordinates": [ 121.57495, 25.0382 ] } },
{ "type": "Feature", "properties": { "poi_name": "台北市災害應變中心", "note": "53", "stop_type": "YouBike" }, "geometry": { "type": "Point", "coordinates": [ 121.56672, 25.02868 ] } },
{ "type": "Feature", "properties": { "poi_name": "信義運動中心", "note": "35", "stop_type": "YouBike" }, "geometry": { "type": "Point", "coordinates": [ 121.56678, 25.03189 ] } },
{ "type": "Feature", "properties": { "poi_name": "捷運台北101/世貿站(3號出口)", "note": "15", "stop_type": "YouBike" }, "geometry": { "type": "Point", "coordinates": [ 121.56337, 25.03275 ] } },
{ "type": "Feature", "properties": { "poi_name": "景新公園", "note": "17", "stop_type": "YouBike" }, "geometry": { "type": "Point", "coordinates": [ 121.56287, 25.03003 ] } },
{ "type": "Feature", "properties": { "poi_name": "光復信義路口東南側", "note": "16", "stop_type": "YouBike" }, "geometry": { "type": "Point", "coordinates": [ 121.55756, 25.03281 ] } },
{ "type": "Feature", "properties": { "poi_name": "三張犁", "note": "65", "stop_type": "YouBike" }, "geometry": { "type": "Point", "coordinates": [ 121.5576, 25.03452 ] } },
{ "type": "Feature", "properties": { "poi_name": "仁愛路四段496巷口", "note": "58", "stop_type": "YouBike" }, "geometry": { "type": "Point", "coordinates": [ 121.5602, 25.03745 ] } },
{ "type": "Feature", "properties": { "poi_name": "松山工農", "note": "34", "stop_type": "YouBike" }, "geometry": { "type": "Point", "coordinates": [ 121.57199, 25.03961 ] } },
{ "type": "Feature", "properties": { "poi_name": "松友公園", "note": "39", "stop_type": "YouBike" }, "geometry": { "type": "Point", "coordinates": [ 121.57636, 25.03423 ] } },
{ "type": "Feature", "properties": { "poi_name": "林口公園", "note": "51", "stop_type": "YouBike" }, "geometry": { "type": "Point", "coordinates": [ 121.57915, 25.03894 ] } },
{ "type": "Feature", "properties": { "poi_name": "松山家商", "note": "40", "stop_type": "YouBike" }, "geometry": { "type": "Point", "coordinates": [ 121.58018, 25.0347 ] } },
{ "type": "Feature", "properties": { "poi_name": "永春陂濕地公園", "note": "40", "stop_type": "YouBike" }, "geometry": { "type": "Point", "coordinates": [ 121.58096, 25.03301 ] } },
{ "type": "Feature", "properties": { "poi_name": "臺北市政府", "note": "63", "stop_type": "YouBike" }, "geometry": { "type": "Point", "coordinates": [ 121.56541, 25.03801 ] } },
{ "type": "Feature", "properties": { "poi_name": "松智松壽路口", "note": "39", "stop_type": "YouBike" }, "geometry": { "type": "Point", "coordinates": [ 121.56535, 25.03607 ] } },
{ "type": "Feature", "properties": { "poi_name": "市府松壽路口", "note": "28", "stop_type": "YouBike" }, "geometry": { "type": "Point", "coordinates": [ 121.56383, 25.03627 ] } },
{ "type": "Feature", "properties": { "poi_name": "市府松高路口", "note": "54", "stop_type": "YouBike" }, "geometry": { "type": "Point", "coordinates": [ 121.56369, 25.03899 ] } },
{ "type": "Feature", "properties": { "poi_name": "市民廣場", "note": "44", "stop_type": "YouBike" }, "geometry": { "type": "Point", "coordinates": [ 121.56218, 25.03599 ] } },
{ "type": "Feature", "properties": { "poi_name": "信義廣場(台北101)", "note": "90", "stop_type": "YouBike" }, "geometry": { "type": "Point", "coordinates": [ 121.5662, 25.03306 ] } },
{ "type": "Feature", "properties": { "poi_name": "捷運台北101/世貿站(5號出口)", "note": "21", "stop_type": "YouBike" }, "geometry": { "type": "Point", "coordinates": [ 121.56333, 25.03338 ] } },
{ "type": "Feature", "properties": { "poi_name": "春光公園", "note": "68", "stop_type": "YouBike" }, "geometry": { "type": "Point", "coordinates": [ 121.58112, 25.0427 ] } },
{ "type": "Feature", "properties": { "poi_name": "松仁路121巷口", "note": "31", "stop_type": "YouBike" }, "geometry": { "type": "Point", "coordinates": [ 121.56865, 25.03476 ] } },
{ "type": "Feature", "properties": { "poi_name": "福德國小", "note": "42", "stop_type": "YouBike" }, "geometry": { "type": "Point", "coordinates": [ 121.58618, 25.03846 ] } },
{ "type": "Feature", "properties": { "poi_name": "福德公園", "note": "35", "stop_type": "YouBike" }, "geometry": { "type": "Point", "coordinates": [ 121.58355, 25.03841 ] } },
{ "type": "Feature", "properties": { "poi_name": "松高路(信義新天地A4館)", "note": "17", "stop_type": "YouBike" }, "geometry": { "type": "Point", "coordinates": [ 121.56654, 25.03918 ] } },
{ "type": "Feature", "properties": { "poi_name": "興雅松仁路口", "note": "65", "stop_type": "YouBike" }, "geometry": { "type": "Point", "coordinates": [ 121.56822, 25.0401 ] } },
{ "type": "Feature", "properties": { "poi_name": "福祥公園", "note": "26", "stop_type": "YouBike" }, "geometry": { "type": "Point", "coordinates": [ 121.57045, 25.04626 ] } },
{ "type": "Feature", "properties": { "poi_name": "吳興公車總站", "note": "56", "stop_type": "YouBike" }, "geometry": { "type": "Point", "coordinates": [ 121.56984, 25.02388 ] } },
{ "type": "Feature", "properties": { "poi_name": "泰和公園", "note": "40", "stop_type": "YouBike" }, "geometry": { "type": "Point", "coordinates": [ 121.57105, 25.0193 ] } },
{ "type": "Feature", "properties": { "poi_name": "興雅國小(基隆路一段37巷)", "note": "27", "stop_type": "YouBike" }, "geometry": { "type": "Point", "coordinates": [ 121.56895, 25.04773 ] } },
{ "type": "Feature", "properties": { "poi_name": "雅祥公園(松信路50巷口)", "note": "19", "stop_type": "YouBike" }, "geometry": { "type": "Point", "coordinates": [ 121.57211, 25.04732 ] } },
{ "type": "Feature", "properties": { "poi_name": "松山車站", "note": "70", "stop_type": "YouBike" }, "geometry": { "type": "Point", "coordinates": [ 121.57841, 25.0489 ] } },
{ "type": "Feature", "properties": { "poi_name": "五常公園", "note": "37", "stop_type": "YouBike" }, "geometry": { "type": "Point", "coordinates": [ 121.57432, 25.04797 ] } },
{ "type": "Feature", "properties": { "poi_name": "永吉松信路口", "note": "35", "stop_type": "YouBike" }, "geometry": { "type": "Point", "coordinates": [ 121.57207, 25.04548 ] } },
{ "type": "Feature", "properties": { "poi_name": "三興國小", "note": "26", "stop_type": "YouBike" }, "geometry": { "type": "Point", "coordinates": [ 121.55766, 25.02969 ] } },
{ "type": "Feature", "properties": { "poi_name": "市民松信路口", "note": "20", "stop_type": "YouBike" }, "geometry": { "type": "Point", "coordinates": [ 121.57205, 25.04927 ] } },
{ "type": "Feature", "properties": { "poi_name": "松山高中", "note": "42", "stop_type": "YouBike" }, "geometry": { "type": "Point", "coordinates": [ 121.5638, 25.0433 ] } },
{ "type": "Feature", "properties": { "poi_name": "基隆光復路口", "note": "31", "stop_type": "YouBike" }, "geometry": { "type": "Point", "coordinates": [ 121.55764, 25.03005 ] } },
{ "type": "Feature", "properties": { "poi_name": "基隆忠孝路口西南側", "note": "29", "stop_type": "YouBike" }, "geometry": { "type": "Point", "coordinates": [ 121.5629, 25.04108 ] } },
{ "type": "Feature", "properties": { "poi_name": "泰和里民活動中心", "note": "25", "stop_type": "YouBike" }, "geometry": { "type": "Point", "coordinates": [ 121.57027, 25.0213 ] } },
{ "type": "Feature", "properties": { "poi_name": "捷運後山埤站(2號出口)", "note": "22", "stop_type": "YouBike" }, "geometry": { "type": "Point", "coordinates": [ 121.58184, 25.04395 ] } },
{ "type": "Feature", "properties": { "poi_name": "虎林永吉路口", "note": "21", "stop_type": "YouBike" }, "geometry": { "type": "Point", "coordinates": [ 121.57712, 25.04519 ] } },
{ "type": "Feature", "properties": { "poi_name": "永吉公園", "note": "25", "stop_type": "YouBike" }, "geometry": { "type": "Point", "coordinates": [ 121.57539, 25.04345 ] } },
{ "type": "Feature", "properties": { "poi_name": "永吉路321巷口", "note": "19", "stop_type": "YouBike" }, "geometry": { "type": "Point", "coordinates": [ 121.57549, 25.04561 ] } },
{ "type": "Feature", "properties": { "poi_name": "松山永吉路口", "note": "20", "stop_type": "YouBike" }, "geometry": { "type": "Point", "coordinates": [ 121.57772, 25.04623 ] } },
{ "type": "Feature", "properties": { "poi_name": "松山路292巷口", "note": "20", "stop_type": "YouBike" }, "geometry": { "type": "Point", "coordinates": [ 121.57789, 25.0432 ] } },
{ "type": "Feature", "properties": { "poi_name": "捷運象山站(3號出口)", "note": "63", "stop_type": "YouBike" }, "geometry": { "type": "Point", "coordinates": [ 121.5712, 25.03295 ] } },
{ "type": "Feature", "properties": { "poi_name": "松德公園", "note": "67", "stop_type": "YouBike" }, "geometry": { "type": "Point", "coordinates": [ 121.57349, 25.03657 ] } },
{ "type": "Feature", "properties": { "poi_name": "世貿三館", "note": "54", "stop_type": "YouBike" }, "geometry": { "type": "Point", "coordinates": [ 121.56369, 25.03511 ] } },
{ "type": "Feature", "properties": { "poi_name": "松德虎林街口", "note": "30", "stop_type": "YouBike" }, "geometry": { "type": "Point", "coordinates": [ 121.5762, 25.0383 ] } },
{ "type": "Feature", "properties": { "poi_name": "富台公園", "note": "47", "stop_type": "YouBike" }, "geometry": { "type": "Point", "coordinates": [ 121.57204, 25.04185 ] } },
{ "type": "Feature", "properties": { "poi_name": "基隆路一段101巷口", "note": "32", "stop_type": "YouBike" }, "geometry": { "type": "Point", "coordinates": [ 121.56702, 25.04516 ] } },
{ "type": "Feature", "properties": { "poi_name": "捷運永春站(2號出口)", "note": "30", "stop_type": "YouBike" }, "geometry": { "type": "Point", "coordinates": [ 121.57538, 25.0405 ] } },
{ "type": "Feature", "properties": { "poi_name": "吳興街260巷", "note": "32", "stop_type": "YouBike" }, "geometry": { "type": "Point", "coordinates": [ 121.5631, 25.02606 ] } },
{ "type": "Feature", "properties": { "poi_name": "松山家商(林口街)", "note": "47", "stop_type": "YouBike" }, "geometry": { "type": "Point", "coordinates": [ 121.57906, 25.03593 ] } },
{ "type": "Feature", "properties": { "poi_name": "仁愛逸仙路口", "note": "38", "stop_type": "YouBike" }, "geometry": { "type": "Point", "coordinates": [ 121.56124, 25.03771 ] } },
{ "type": "Feature", "properties": { "poi_name": "信義基隆路口", "note": "26", "stop_type": "YouBike" }, "geometry": { "type": "Point", "coordinates": [ 121.55873, 25.03321 ] } },
{ "type": "Feature", "properties": { "poi_name": "捷運台北101/世貿站(2號出口)", "note": "52", "stop_type": "YouBike" }, "geometry": { "type": "Point", "coordinates": [ 121.56157, 25.0327 ] } },
{ "type": "Feature", "properties": { "poi_name": "吳興街284巷36弄口", "note": "25", "stop_type": "YouBike" }, "geometry": { "type": "Point", "coordinates": [ 121.56268, 25.02236 ] } },
{ "type": "Feature", "properties": { "poi_name": "協和祐德高級中學", "note": "20", "stop_type": "YouBike" }, "geometry": { "type": "Point", "coordinates": [ 121.58381, 25.0426 ] } },
{ "type": "Feature", "properties": { "poi_name": "福德國小公車站", "note": "27", "stop_type": "YouBike" }, "geometry": { "type": "Point", "coordinates": [ 121.58755, 25.03929 ] } },
{ "type": "Feature", "properties": { "poi_name": "松仁路95巷口", "note": "74", "stop_type": "YouBike" }, "geometry": { "type": "Point", "coordinates": [ 121.56866, 25.03656 ] } },
{ "type": "Feature", "properties": { "poi_name": "臺北南山廣場_1", "note": "68", "stop_type": "YouBike" }, "geometry": { "type": "Point", "coordinates": [ 121.56598, 25.03404 ] } },
{ "type": "Feature", "properties": { "poi_name": "景聯廣場", "note": "23", "stop_type": "YouBike" }, "geometry": { "type": "Point", "coordinates": [ 121.55974, 25.03214 ] } },
{ "type": "Feature", "properties": { "poi_name": "景平公園", "note": "41", "stop_type": "YouBike" }, "geometry": { "type": "Point", "coordinates": [ 121.5642, 25.02976 ] } },
{ "type": "Feature", "properties": { "poi_name": "捷運市政府站(3號出口)", "note": "92", "stop_type": "YouBike" }, "geometry": { "type": "Point", "coordinates": [ 121.56789, 25.04084 ] } },
{ "type": "Feature", "properties": { "poi_name": "五分埔公園", "note": "20", "stop_type": "YouBike" }, "geometry": { "type": "Point", "coordinates": [ 121.58058, 25.04719 ] } },
{ "type": "Feature", "properties": { "poi_name": "松仁路305號", "note": "21", "stop_type": "YouBike" }, "geometry": { "type": "Point", "coordinates": [ 121.57036, 25.02306 ] } },
{ "type": "Feature", "properties": { "poi_name": "吳興街394巷口", "note": "12", "stop_type": "YouBike" }, "geometry": { "type": "Point", "coordinates": [ 121.56741, 25.02474 ] } },
{ "type": "Feature", "properties": { "poi_name": "忠孝東路五段215巷口", "note": "24", "stop_type": "YouBike" }, "geometry": { "type": "Point", "coordinates": [ 121.5705, 25.0409 ] } },
{ "type": "Feature", "properties": { "poi_name": "松勤莊敬路口", "note": "15", "stop_type": "YouBike" }, "geometry": { "type": "Point", "coordinates": [ 121.5615, 25.03203 ] } },
{ "type": "Feature", "properties": { "poi_name": "松仁松平路口", "note": "10", "stop_type": "YouBike" }, "geometry": { "type": "Point", "coordinates": [ 121.56838, 25.03047 ] } },
{ "type": "Feature", "properties": { "poi_name": "信義松德路口", "note": "23", "stop_type": "YouBike" }, "geometry": { "type": "Point", "coordinates": [ 121.57433, 25.03322 ] } },
{ "type": "Feature", "properties": { "poi_name": "捷運市政府站(4號出口)", "note": "18", "stop_type": "YouBike" }, "geometry": { "type": "Point", "coordinates": [ 121.56731, 25.04146 ] } },
{ "type": "Feature", "properties": { "poi_name": "吳興街284巷(廣安宮)", "note": "15", "stop_type": "YouBike" }, "geometry": { "type": "Point", "coordinates": [ 121.56329, 25.02326 ] } },
{ "type": "Feature", "properties": { "poi_name": "景勤二號公園(西南側)", "note": "22", "stop_type": "YouBike" }, "geometry": { "type": "Point", "coordinates": [ 121.5577, 25.02605 ] } },
{ "type": "Feature", "properties": { "poi_name": "克勤新村", "note": "40", "stop_type": "YouBike" }, "geometry": { "type": "Point", "coordinates": [ 121.56073, 25.02589 ] } },
{ "type": "Feature", "properties": { "poi_name": "和平東路三段291號", "note": "20", "stop_type": "YouBike" }, "geometry": { "type": "Point", "coordinates": [ 121.55532, 25.02186 ] } },
{ "type": "Feature", "properties": { "poi_name": "永吉路468巷口", "note": "13", "stop_type": "YouBike" }, "geometry": { "type": "Point", "coordinates": [ 121.57915, 25.04533 ] } },
{ "type": "Feature", "properties": { "poi_name": "廣慈博愛園區(西側)", "note": "23", "stop_type": "YouBike" }, "geometry": { "type": "Point", "coordinates": [ 121.58082, 25.03866 ] } },
{ "type": "Feature", "properties": { "poi_name": "和平東路三段341巷口", "note": "50", "stop_type": "YouBike" }, "geometry": { "type": "Point", "coordinates": [ 121.55891, 25.02188 ] } },
{ "type": "Feature", "properties": { "poi_name": "革新公園", "note": "18", "stop_type": "YouBike" }, "geometry": { "type": "Point", "coordinates": [ 121.56741, 25.04367 ] } },
{ "type": "Feature", "properties": { "poi_name": "黎雙公園", "note": "17", "stop_type": "YouBike" }, "geometry": { "type": "Point", "coordinates": [ 121.56028, 25.0246 ] } },
{ "type": "Feature", "properties": { "poi_name": "臺北文化體育園區辦公大樓", "note": "33", "stop_type": "YouBike" }, "geometry": { "type": "Point", "coordinates": [ 121.56126, 25.04144 ] } },
{ "type": "Feature", "properties": { "poi_name": "捷運國父紀念館站(5號出口)", "note": "23", "stop_type": "YouBike" }, "geometry": { "type": "Point", "coordinates": [ 121.55792, 25.04206 ] } },
{ "type": "Feature", "properties": { "poi_name": "光復南菸廠路口", "note": "25", "stop_type": "YouBike" }, "geometry": { "type": "Point", "coordinates": [ 121.55795, 25.04482 ] } },
{ "type": "Feature", "properties": { "poi_name": "中坡北永吉路口", "note": "15", "stop_type": "YouBike" }, "geometry": { "type": "Point", "coordinates": [ 121.58059, 25.04557 ] } },
{ "type": "Feature", "properties": { "poi_name": "松仁路281巷66弄", "note": "20", "stop_type": "YouBike" }, "geometry": { "type": "Point", "coordinates": [ 121.57178, 25.02261 ] } },
{ "type": "Feature", "properties": { "poi_name": "基隆市民路口", "note": "26", "stop_type": "YouBike" }, "geometry": { "type": "Point", "coordinates": [ 121.56906, 25.04892 ] } },
{ "type": "Feature", "properties": { "poi_name": "松仁路253巷4弄口", "note": "22", "stop_type": "YouBike" }, "geometry": { "type": "Point", "coordinates": [ 121.56954, 25.02559 ] } },
{ "type": "Feature", "properties": { "poi_name": "松德路169巷口", "note": "35", "stop_type": "YouBike" }, "geometry": { "type": "Point", "coordinates": [ 121.57582, 25.03633 ] } },
{ "type": "Feature", "properties": { "poi_name": "吳興新村", "note": "22", "stop_type": "YouBike" }, "geometry": { "type": "Point", "coordinates": [ 121.56114, 25.02815 ] } },
{ "type": "Feature", "properties": { "poi_name": "松山文創園區(一號倉庫)", "note": "19", "stop_type": "YouBike" }, "geometry": { "type": "Point", "coordinates": [ 121.55951, 25.04503 ] } },
{ "type": "Feature", "properties": { "poi_name": "永吉路187巷口", "note": "16", "stop_type": "YouBike" }, "geometry": { "type": "Point", "coordinates": [ 121.57273, 25.04584 ] } },
{ "type": "Feature", "properties": { "poi_name": "仁愛路四段512巷", "note": "16", "stop_type": "YouBike" }, "geometry": { "type": "Point", "coordinates": [ 121.56124, 25.03706 ] } },
{ "type": "Feature", "properties": { "poi_name": "信安街/富陽街44巷口", "note": "21", "stop_type": "YouBike" }, "geometry": { "type": "Point", "coordinates": [ 121.55537, 25.02309 ] } },
{ "type": "Feature", "properties": { "poi_name": "吳興公園", "note": "20", "stop_type": "YouBike" }, "geometry": { "type": "Point", "coordinates": [ 121.56767, 25.02383 ] } },
{ "type": "Feature", "properties": { "poi_name": "逸仙松高路口", "note": "25", "stop_type": "YouBike" }, "geometry": { "type": "Point", "coordinates": [ 121.56149, 25.03942 ] } },
{ "type": "Feature", "properties": { "poi_name": "光復仁愛路口", "note": "25", "stop_type": "YouBike" }, "geometry": { "type": "Point", "coordinates": [ 121.55768, 25.03784 ] } },
{ "type": "Feature", "properties": { "poi_name": "信義松智路口(東南側)", "note": "51", "stop_type": "YouBike" }, "geometry": { "type": "Point", "coordinates": [ 121.56555, 25.03284 ] } },
{ "type": "Feature", "properties": { "poi_name": "松山家商(東側)", "note": "24", "stop_type": "YouBike" }, "geometry": { "type": "Point", "coordinates": [ 121.58133, 25.03568 ] } },
{ "type": "Feature", "properties": { "poi_name": "松山松隆路口", "note": "18", "stop_type": "YouBike" }, "geometry": { "type": "Point", "coordinates": [ 121.57766, 25.04831 ] } },
{ "type": "Feature", "properties": { "poi_name": "松智松平路口", "note": "16", "stop_type": "YouBike" }, "geometry": { "type": "Point", "coordinates": [ 121.5654, 25.0304 ] } },
{ "type": "Feature", "properties": { "poi_name": "象山公園(松勤街140巷)", "note": "29", "stop_type": "YouBike" }, "geometry": { "type": "Point", "coordinates": [ 121.5697, 25.03098 ] } },
{ "type": "Feature", "properties": { "poi_name": "永吉路120巷15弄口", "note": "21", "stop_type": "YouBike" }, "geometry": { "type": "Point", "coordinates": [ 121.57028, 25.04501 ] } },
{ "type": "Feature", "properties": { "poi_name": "臺北文創大樓(菸廠路)", "note": "27", "stop_type": "YouBike" }, "geometry": { "type": "Point", "coordinates": [ 121.56082, 25.04499 ] } },
{ "type": "Feature", "properties": { "poi_name": "松德路25巷口", "note": "18", "stop_type": "YouBike" }, "geometry": { "type": "Point", "coordinates": [ 121.57742, 25.0392 ] } },
{ "type": "Feature", "properties": { "poi_name": "國家鐵道博物館", "note": "40", "stop_type": "YouBike" }, "geometry": { "type": "Point", "coordinates": [ 121.56337, 25.04728 ] } },
{ "type": "Feature", "properties": { "poi_name": "六張犁社會住宅B基地", "note": "48", "stop_type": "YouBike" }, "geometry": { "type": "Point", "coordinates": [ 121.56024, 25.02783 ] } },
{ "type": "Feature", "properties": { "poi_name": "莊敬路341巷3弄", "note": "12", "stop_type": "YouBike" }, "geometry": { "type": "Point", "coordinates": [ 121.56482, 25.02864 ] } },
{ "type": "Feature", "properties": { "poi_name": "信義國中", "note": "30", "stop_type": "YouBike" }, "geometry": { "type": "Point", "coordinates": [ 121.56817, 25.02953 ] } },
{ "type": "Feature", "properties": { "poi_name": "德昌寶興街口(西北角)", "note": "14", "stop_type": "YouBike" }, "geometry": { "type": "Point", "coordinates": [ 121.49528, 25.02365 ] } },
{ "type": "Feature", "properties": { "poi_name": "寶興長泰街口(西南角)", "note": "17", "stop_type": "YouBike" }, "geometry": { "type": "Point", "coordinates": [ 121.49597, 25.0216 ] } },
{ "type": "Feature", "properties": { "poi_name": "萬大路486巷口", "note": "10", "stop_type": "YouBike" }, "geometry": { "type": "Point", "coordinates": [ 121.4973, 25.01975 ] } },
{ "type": "Feature", "properties": { "poi_name": "國興中華路口", "note": "22", "stop_type": "YouBike" }, "geometry": { "type": "Point", "coordinates": [ 121.50898, 25.02485 ] } },
{ "type": "Feature", "properties": { "poi_name": "古亭國中", "note": "51", "stop_type": "YouBike" }, "geometry": { "type": "Point", "coordinates": [ 121.5107, 25.02442 ] } },
{ "type": "Feature", "properties": { "poi_name": "國興水源路口", "note": "23", "stop_type": "YouBike" }, "geometry": { "type": "Point", "coordinates": [ 121.50845, 25.02297 ] } },
{ "type": "Feature", "properties": { "poi_name": "青年公園高爾夫球場", "note": "25", "stop_type": "YouBike" }, "geometry": { "type": "Point", "coordinates": [ 121.50755, 25.02481 ] } },
{ "type": "Feature", "properties": { "poi_name": "國興青年路口", "note": "51", "stop_type": "YouBike" }, "geometry": { "type": "Point", "coordinates": [ 121.50651, 25.02594 ] } },
{ "type": "Feature", "properties": { "poi_name": "青年公園棒球場", "note": "28", "stop_type": "YouBike" }, "geometry": { "type": "Point", "coordinates": [ 121.50289, 25.0241 ] } },
{ "type": "Feature", "properties": { "poi_name": "青年公園籃球場", "note": "24", "stop_type": "YouBike" }, "geometry": { "type": "Point", "coordinates": [ 121.50539, 25.02085 ] } },
{ "type": "Feature", "properties": { "poi_name": "復華花園新城", "note": "47", "stop_type": "YouBike" }, "geometry": { "type": "Point", "coordinates": [ 121.50258, 25.02964 ] } },
{ "type": "Feature", "properties": { "poi_name": "新和國小", "note": "20", "stop_type": "YouBike" }, "geometry": { "type": "Point", "coordinates": [ 121.50255, 25.02582 ] } },
{ "type": "Feature", "properties": { "poi_name": "莒光郵局", "note": "22", "stop_type": "YouBike" }, "geometry": { "type": "Point", "coordinates": [ 121.50122, 25.03124 ] } },
{ "type": "Feature", "properties": { "poi_name": "莒光立體停車場", "note": "10", "stop_type": "YouBike" }, "geometry": { "type": "Point", "coordinates": [ 121.50336, 25.03116 ] } },
{ "type": "Feature", "properties": { "poi_name": "艋舺大道146巷口", "note": "14", "stop_type": "YouBike" }, "geometry": { "type": "Point", "coordinates": [ 121.5016, 25.03301 ] } },
{ "type": "Feature", "properties": { "poi_name": "東園國小", "note": "33", "stop_type": "YouBike" }, "geometry": { "type": "Point", "coordinates": [ 121.49807, 25.02257 ] } },
{ "type": "Feature", "properties": { "poi_name": "華中疏散門", "note": "12", "stop_type": "YouBike" }, "geometry": { "type": "Point", "coordinates": [ 121.49534, 25.01688 ] } },
{ "type": "Feature", "properties": { "poi_name": "錦德公園", "note": "29", "stop_type": "YouBike" }, "geometry": { "type": "Point", "coordinates": [ 121.49264, 25.02332 ] } },
{ "type": "Feature", "properties": { "poi_name": "忠德公園", "note": "19", "stop_type": "YouBike" }, "geometry": { "type": "Point", "coordinates": [ 121.49604, 25.02516 ] } },
{ "type": "Feature", "properties": { "poi_name": "華江高中", "note": "50", "stop_type": "YouBike" }, "geometry": { "type": "Point", "coordinates": [ 121.49619, 25.02744 ] } },
{ "type": "Feature", "properties": { "poi_name": "西園艋舺路口", "note": "64", "stop_type": "YouBike" }, "geometry": { "type": "Point", "coordinates": [ 121.49757, 25.03267 ] } },
{ "type": "Feature", "properties": { "poi_name": "雙園國中", "note": "24", "stop_type": "YouBike" }, "geometry": { "type": "Point", "coordinates": [ 121.49176, 25.02673 ] } },
{ "type": "Feature", "properties": { "poi_name": "長順區民活動中心", "note": "26", "stop_type": "YouBike" }, "geometry": { "type": "Point", "coordinates": [ 121.48908, 25.03284 ] } },
{ "type": "Feature", "properties": { "poi_name": "萬華安居社會住宅A區", "note": "25", "stop_type": "YouBike" }, "geometry": { "type": "Point", "coordinates": [ 121.49029, 25.03397 ] } },
{ "type": "Feature", "properties": { "poi_name": "華江八號公園", "note": "20", "stop_type": "YouBike" }, "geometry": { "type": "Point", "coordinates": [ 121.49293, 25.03388 ] } },
{ "type": "Feature", "properties": { "poi_name": "環河南雙園街口", "note": "21", "stop_type": "YouBike" }, "geometry": { "type": "Point", "coordinates": [ 121.49127, 25.03203 ] } },
{ "type": "Feature", "properties": { "poi_name": "大理高中", "note": "35", "stop_type": "YouBike" }, "geometry": { "type": "Point", "coordinates": [ 121.49075, 25.03124 ] } },
{ "type": "Feature", "properties": { "poi_name": "糖廍文化園區", "note": "18", "stop_type": "YouBike" }, "geometry": { "type": "Point", "coordinates": [ 121.4946, 25.03383 ] } },
{ "type": "Feature", "properties": { "poi_name": "兩棵樹公園", "note": "19", "stop_type": "YouBike" }, "geometry": { "type": "Point", "coordinates": [ 121.49549, 25.03253 ] } },
{ "type": "Feature", "properties": { "poi_name": "萬華青年公宅", "note": "23", "stop_type": "YouBike" }, "geometry": { "type": "Point", "coordinates": [ 121.50376, 25.02021 ] } },
{ "type": "Feature", "properties": { "poi_name": "開封西寧路口", "note": "94", "stop_type": "YouBike" }, "geometry": { "type": "Point", "coordinates": [ 121.50717, 25.04662 ] } },
{ "type": "Feature", "properties": { "poi_name": "峨眉停車場", "note": "47", "stop_type": "YouBike" }, "geometry": { "type": "Point", "coordinates": [ 121.50541, 25.04441 ] } },
{ "type": "Feature", "properties": { "poi_name": "長沙公園", "note": "37", "stop_type": "YouBike" }, "geometry": { "type": "Point", "coordinates": [ 121.49992, 25.0417 ] } },
{ "type": "Feature", "properties": { "poi_name": "貓公園(中興橋頭)", "note": "16", "stop_type": "YouBike" }, "geometry": { "type": "Point", "coordinates": [ 121.5018, 25.04369 ] } },
{ "type": "Feature", "properties": { "poi_name": "西本願寺廣場", "note": "99", "stop_type": "YouBike" }, "geometry": { "type": "Point", "coordinates": [ 121.50769, 25.04099 ] } },
{ "type": "Feature", "properties": { "poi_name": "中華桂林路口", "note": "34", "stop_type": "YouBike" }, "geometry": { "type": "Point", "coordinates": [ 121.50662, 25.03771 ] } },
{ "type": "Feature", "properties": { "poi_name": "捷運龍山寺站(1號出口)", "note": "11", "stop_type": "YouBike" }, "geometry": { "type": "Point", "coordinates": [ 121.49938, 25.03535 ] } },
{ "type": "Feature", "properties": { "poi_name": "龍山國小", "note": "62", "stop_type": "YouBike" }, "geometry": { "type": "Point", "coordinates": [ 121.49541, 25.0355 ] } },
{ "type": "Feature", "properties": { "poi_name": "華西公園", "note": "51", "stop_type": "YouBike" }, "geometry": { "type": "Point", "coordinates": [ 121.49881, 25.03852 ] } },
{ "type": "Feature", "properties": { "poi_name": "老松國小", "note": "74", "stop_type": "YouBike" }, "geometry": { "type": "Point", "coordinates": [ 121.50177, 25.03792 ] } },
{ "type": "Feature", "properties": { "poi_name": "萬華火車站", "note": "78", "stop_type": "YouBike" }, "geometry": { "type": "Point", "coordinates": [ 121.50322, 25.03364 ] } },
{ "type": "Feature", "properties": { "poi_name": "萬華火車站(D2廣場)", "note": "42", "stop_type": "YouBike" }, "geometry": { "type": "Point", "coordinates": [ 121.50117, 25.03394 ] } },
{ "type": "Feature", "properties": { "poi_name": "捷運龍山寺站(3號出口)", "note": "40", "stop_type": "YouBike" }, "geometry": { "type": "Point", "coordinates": [ 121.50199, 25.03509 ] } },
{ "type": "Feature", "properties": { "poi_name": "臺北市電影主題公園(峨眉街)", "note": "20", "stop_type": "YouBike" }, "geometry": { "type": "Point", "coordinates": [ 121.50306, 25.04445 ] } },
{ "type": "Feature", "properties": { "poi_name": "臺北市電影主題公園(康定路)", "note": "15", "stop_type": "YouBike" }, "geometry": { "type": "Point", "coordinates": [ 121.50318, 25.04551 ] } },
{ "type": "Feature", "properties": { "poi_name": "中華峨眉街口", "note": "24", "stop_type": "YouBike" }, "geometry": { "type": "Point", "coordinates": [ 121.50841, 25.04345 ] } },
{ "type": "Feature", "properties": { "poi_name": "萬華266號綠地", "note": "19", "stop_type": "YouBike" }, "geometry": { "type": "Point", "coordinates": [ 121.50197, 25.0403 ] } },
{ "type": "Feature", "properties": { "poi_name": "萬大國小(萬大路344巷口)", "note": "22", "stop_type": "YouBike" }, "geometry": { "type": "Point", "coordinates": [ 121.49986, 25.02376 ] } },
{ "type": "Feature", "properties": { "poi_name": "德昌街10巷口", "note": "17", "stop_type": "YouBike" }, "geometry": { "type": "Point", "coordinates": [ 121.4996, 25.02533 ] } },
{ "type": "Feature", "properties": { "poi_name": "環河南和平西路口", "note": "20", "stop_type": "YouBike" }, "geometry": { "type": "Point", "coordinates": [ 121.49048, 25.03517 ] } },
{ "type": "Feature", "properties": { "poi_name": "長順街60巷口", "note": "15", "stop_type": "YouBike" }, "geometry": { "type": "Point", "coordinates": [ 121.48858, 25.03119 ] } },
{ "type": "Feature", "properties": { "poi_name": "西園公園", "note": "14", "stop_type": "YouBike" }, "geometry": { "type": "Point", "coordinates": [ 121.49775, 25.0271 ] } },
{ "type": "Feature", "properties": { "poi_name": "華江污水廠", "note": "20", "stop_type": "YouBike" }, "geometry": { "type": "Point", "coordinates": [ 121.49163, 25.03606 ] } },
{ "type": "Feature", "properties": { "poi_name": "柳鄉公園", "note": "34", "stop_type": "YouBike" }, "geometry": { "type": "Point", "coordinates": [ 121.49526, 25.03731 ] } },
{ "type": "Feature", "properties": { "poi_name": "綠堤社區公園", "note": "28", "stop_type": "YouBike" }, "geometry": { "type": "Point", "coordinates": [ 121.4931, 25.03302 ] } },
{ "type": "Feature", "properties": { "poi_name": "長順艋舺大道口", "note": "26", "stop_type": "YouBike" }, "geometry": { "type": "Point", "coordinates": [ 121.49228, 25.03035 ] } },
{ "type": "Feature", "properties": { "poi_name": "富民路145巷口", "note": "18", "stop_type": "YouBike" }, "geometry": { "type": "Point", "coordinates": [ 121.49988, 25.01796 ] } },
{ "type": "Feature", "properties": { "poi_name": "環南綜合市場", "note": "26", "stop_type": "YouBike" }, "geometry": { "type": "Point", "coordinates": [ 121.48908, 25.0286 ] } },
{ "type": "Feature", "properties": { "poi_name": "龍山國中", "note": "15", "stop_type": "YouBike" }, "geometry": { "type": "Point", "coordinates": [ 121.50492, 25.03646 ] } },
{ "type": "Feature", "properties": { "poi_name": "洛陽停車場", "note": "22", "stop_type": "YouBike" }, "geometry": { "type": "Point", "coordinates": [ 121.50612, 25.04776 ] } },
{ "type": "Feature", "properties": { "poi_name": "桂林昆明街口", "note": "29", "stop_type": "YouBike" }, "geometry": { "type": "Point", "coordinates": [ 121.50362, 25.03811 ] } },
{ "type": "Feature", "properties": { "poi_name": "萬華國中_1", "note": "36", "stop_type": "YouBike" }, "geometry": { "type": "Point", "coordinates": [ 121.49936, 25.02926 ] } },
{ "type": "Feature", "properties": { "poi_name": "青年公園3號出口", "note": "46", "stop_type": "YouBike" }, "geometry": { "type": "Point", "coordinates": [ 121.50271, 25.02273 ] } },
{ "type": "Feature", "properties": { "poi_name": "捷運龍山寺站(1號出口)_1", "note": "11", "stop_type": "YouBike" }, "geometry": { "type": "Point", "coordinates": [ 121.50026, 25.03548 ] } },
{ "type": "Feature", "properties": { "poi_name": "莒光社會住宅", "note": "30", "stop_type": "YouBike" }, "geometry": { "type": "Point", "coordinates": [ 121.50033, 25.0317 ] } },
{ "type": "Feature", "properties": { "poi_name": "艋舺西藏路口", "note": "30", "stop_type": "YouBike" }, "geometry": { "type": "Point", "coordinates": [ 121.49156, 25.0287 ] } },
{ "type": "Feature", "properties": { "poi_name": "萬大路493巷", "note": "10", "stop_type": "YouBike" }, "geometry": { "type": "Point", "coordinates": [ 121.4992, 25.01975 ] } },
{ "type": "Feature", "properties": { "poi_name": "雙園國中地下停車場", "note": "12", "stop_type": "YouBike" }, "geometry": { "type": "Point", "coordinates": [ 121.49134, 25.02768 ] } },
{ "type": "Feature", "properties": { "poi_name": "青年路152巷口", "note": "23", "stop_type": "YouBike" }, "geometry": { "type": "Point", "coordinates": [ 121.5009, 25.01979 ] } },
{ "type": "Feature", "properties": { "poi_name": "和平西路二段190巷口", "note": "15", "stop_type": "YouBike" }, "geometry": { "type": "Point", "coordinates": [ 121.50445, 25.03348 ] } },
{ "type": "Feature", "properties": { "poi_name": "萬大路424巷口", "note": "15", "stop_type": "YouBike" }, "geometry": { "type": "Point", "coordinates": [ 121.4927, 25.02039 ] } },
{ "type": "Feature", "properties": { "poi_name": "長泰街52巷口", "note": "15", "stop_type": "YouBike" }, "geometry": { "type": "Point", "coordinates": [ 121.50028, 25.0232 ] } },
{ "type": "Feature", "properties": { "poi_name": "水源青年路口", "note": "24", "stop_type": "YouBike" }, "geometry": { "type": "Point", "coordinates": [ 121.50429, 25.02005 ] } },
{ "type": "Feature", "properties": { "poi_name": "青年公園4號出口", "note": "24", "stop_type": "YouBike" }, "geometry": { "type": "Point", "coordinates": [ 121.50265, 25.02114 ] } },
{ "type": "Feature", "properties": { "poi_name": "祥安水岸景觀大廈", "note": "15", "stop_type": "YouBike" }, "geometry": { "type": "Point", "coordinates": [ 121.50219, 25.01907 ] } },
{ "type": "Feature", "properties": { "poi_name": "大理高中(西藏路)", "note": "40", "stop_type": "YouBike" }, "geometry": { "type": "Point", "coordinates": [ 121.49021, 25.03062 ] } },
{ "type": "Feature", "properties": { "poi_name": "綠堤公園(西北側)", "note": "9", "stop_type": "YouBike" }, "geometry": { "type": "Point", "coordinates": [ 121.49267, 25.03338 ] } },
{ "type": "Feature", "properties": { "poi_name": "艋舺雙園街口", "note": "14", "stop_type": "YouBike" }, "geometry": { "type": "Point", "coordinates": [ 121.49324, 25.0301 ] } },
{ "type": "Feature", "properties": { "poi_name": "德昌街125巷口", "note": "19", "stop_type": "YouBike" }, "geometry": { "type": "Point", "coordinates": [ 121.49639, 25.02406 ] } },
{ "type": "Feature", "properties": { "poi_name": "萬青街186號", "note": "21", "stop_type": "YouBike" }, "geometry": { "type": "Point", "coordinates": [ 121.50154, 25.02263 ] } },
{ "type": "Feature", "properties": { "poi_name": "艋舺大道/西園路140巷口", "note": "20", "stop_type": "YouBike" }, "geometry": { "type": "Point", "coordinates": [ 121.49502, 25.03174 ] } },
{ "type": "Feature", "properties": { "poi_name": "龍山國中(廣州街)", "note": "24", "stop_type": "YouBike" }, "geometry": { "type": "Point", "coordinates": [ 121.50625, 25.03614 ] } },
{ "type": "Feature", "properties": { "poi_name": "華江高中(西藏路)", "note": "32", "stop_type": "YouBike" }, "geometry": { "type": "Point", "coordinates": [ 121.49659, 25.02901 ] } },
{ "type": "Feature", "properties": { "poi_name": "新和國小(中華路二段416巷)", "note": "19", "stop_type": "YouBike" }, "geometry": { "type": "Point", "coordinates": [ 121.50283, 25.02677 ] } },
{ "type": "Feature", "properties": { "poi_name": "環南綜合市場(西藏路)", "note": "15", "stop_type": "YouBike" }, "geometry": { "type": "Point", "coordinates": [ 121.49082, 25.0294 ] } },
{ "type": "Feature", "properties": { "poi_name": "萬華青年社會住宅(青年路168巷49弄)", "note": "20", "stop_type": "YouBike" }, "geometry": { "type": "Point", "coordinates": [ 121.50229, 25.01995 ] } },
{ "type": "Feature", "properties": { "poi_name": "萬華51號公園", "note": "14", "stop_type": "YouBike" }, "geometry": { "type": "Point", "coordinates": [ 121.49928, 25.03484 ] } },
{ "type": "Feature", "properties": { "poi_name": "萬華區公所(大理街)", "note": "26", "stop_type": "YouBike" }, "geometry": { "type": "Point", "coordinates": [ 121.5, 25.03457 ] } },
{ "type": "Feature", "properties": { "poi_name": "環河南路一段350巷口", "note": "15", "stop_type": "YouBike" }, "geometry": { "type": "Point", "coordinates": [ 121.49743, 25.03935 ] } },
{ "type": "Feature", "properties": { "poi_name": "萬華安居社會住宅B區", "note": "32", "stop_type": "YouBike" }, "geometry": { "type": "Point", "coordinates": [ 121.49089, 25.03349 ] } },
{ "type": "Feature", "properties": { "poi_name": "青年公園(西藏路125巷口)", "note": "18", "stop_type": "YouBike" }, "geometry": { "type": "Point", "coordinates": [ 121.50371, 25.0251 ] } },
{ "type": "Feature", "properties": { "poi_name": "漢口街二段53巷口", "note": "19", "stop_type": "YouBike" }, "geometry": { "type": "Point", "coordinates": [ 121.50636, 25.04581 ] } },
{ "type": "Feature", "properties": { "poi_name": "環河福德宮", "note": "27", "stop_type": "YouBike" }, "geometry": { "type": "Point", "coordinates": [ 121.49429, 25.03788 ] } },
{ "type": "Feature", "properties": { "poi_name": "崇仁花園(萬大路423巷)", "note": "20", "stop_type": "YouBike" }, "geometry": { "type": "Point", "coordinates": [ 121.50133, 25.02183 ] } },
{ "type": "Feature", "properties": { "poi_name": "臺大水源舍區A棟", "note": "37", "stop_type": "YouBike" }, "geometry": { "type": "Point", "coordinates": [ 121.53044, 25.01493 ] } },
{ "type": "Feature", "properties": { "poi_name": "臺大卓越研究大樓", "note": "92", "stop_type": "YouBike" }, "geometry": { "type": "Point", "coordinates": [ 121.52917, 25.01466 ] } },
{ "type": "Feature", "properties": { "poi_name": "臺大水源修齊會館", "note": "35", "stop_type": "YouBike" }, "geometry": { "type": "Point", "coordinates": [ 121.52997, 25.01411 ] } },
{ "type": "Feature", "properties": { "poi_name": "臺大檔案展示館", "note": "10", "stop_type": "YouBike" }, "geometry": { "type": "Point", "coordinates": [ 121.52895, 25.01391 ] } },
{ "type": "Feature", "properties": { "poi_name": "臺大水源舍區B棟", "note": "30", "stop_type": "YouBike" }, "geometry": { "type": "Point", "coordinates": [ 121.53009, 25.01525 ] } },
{ "type": "Feature", "properties": { "poi_name": "臺大男八舍東側", "note": "42", "stop_type": "YouBike" }, "geometry": { "type": "Point", "coordinates": [ 121.54531, 25.01729 ] } },
{ "type": "Feature", "properties": { "poi_name": "臺大禮賢樓東南側", "note": "35", "stop_type": "YouBike" }, "geometry": { "type": "Point", "coordinates": [ 121.53767, 25.01415 ] } },
{ "type": "Feature", "properties": { "poi_name": "臺大農業陳列館北側", "note": "45", "stop_type": "YouBike" }, "geometry": { "type": "Point", "coordinates": [ 121.53404, 25.01839 ] } },
{ "type": "Feature", "properties": { "poi_name": "臺大管理學院二館北側", "note": "40", "stop_type": "YouBike" }, "geometry": { "type": "Point", "coordinates": [ 121.53673, 25.01355 ] } },
{ "type": "Feature", "properties": { "poi_name": "臺大土木系館", "note": "30", "stop_type": "YouBike" }, "geometry": { "type": "Point", "coordinates": [ 121.53844, 25.01761 ] } },
{ "type": "Feature", "properties": { "poi_name": "臺大大一女舍北側", "note": "53", "stop_type": "YouBike" }, "geometry": { "type": "Point", "coordinates": [ 121.53436, 25.01547 ] } },
{ "type": "Feature", "properties": { "poi_name": "臺大女九舍西南側", "note": "37", "stop_type": "YouBike" }, "geometry": { "type": "Point", "coordinates": [ 121.53903, 25.01981 ] } },
{ "type": "Feature", "properties": { "poi_name": "臺大小福樓東側", "note": "31", "stop_type": "YouBike" }, "geometry": { "type": "Point", "coordinates": [ 121.5376, 25.01846 ] } },
{ "type": "Feature", "properties": { "poi_name": "臺大立體機車停車場", "note": "27", "stop_type": "YouBike" }, "geometry": { "type": "Point", "coordinates": [ 121.54251, 25.01616 ] } },
{ "type": "Feature", "properties": { "poi_name": "臺大工綜館南側", "note": "26", "stop_type": "YouBike" }, "geometry": { "type": "Point", "coordinates": [ 121.54059, 25.01857 ] } },
{ "type": "Feature", "properties": { "poi_name": "臺大天文數學館南側", "note": "40", "stop_type": "YouBike" }, "geometry": { "type": "Point", "coordinates": [ 121.53783, 25.02108 ] } },
{ "type": "Feature", "properties": { "poi_name": "臺大心理系館南側", "note": "30", "stop_type": "YouBike" }, "geometry": { "type": "Point", "coordinates": [ 121.5404, 25.01941 ] } },
{ "type": "Feature", "properties": { "poi_name": "臺大樂學館東側", "note": "28", "stop_type": "YouBike" }, "geometry": { "type": "Point", "coordinates": [ 121.53585, 25.01793 ] } },
{ "type": "Feature", "properties": { "poi_name": "臺大農化新館西側", "note": "10", "stop_type": "YouBike" }, "geometry": { "type": "Point", "coordinates": [ 121.53535, 25.01627 ] } },
{ "type": "Feature", "properties": { "poi_name": "臺大五號館西側", "note": "48", "stop_type": "YouBike" }, "geometry": { "type": "Point", "coordinates": [ 121.53718, 25.01666 ] } },
{ "type": "Feature", "properties": { "poi_name": "臺大舊體育館西側", "note": "33", "stop_type": "YouBike" }, "geometry": { "type": "Point", "coordinates": [ 121.53583, 25.0198 ] } },
{ "type": "Feature", "properties": { "poi_name": "臺大共同教室北側", "note": "68", "stop_type": "YouBike" }, "geometry": { "type": "Point", "coordinates": [ 121.53791, 25.01595 ] } },
{ "type": "Feature", "properties": { "poi_name": "臺大共同教室東南側", "note": "12", "stop_type": "YouBike" }, "geometry": { "type": "Point", "coordinates": [ 121.53786, 25.01566 ] } },
{ "type": "Feature", "properties": { "poi_name": "臺大鹿鳴堂東側", "note": "39", "stop_type": "YouBike" }, "geometry": { "type": "Point", "coordinates": [ 121.53786, 25.01511 ] } },
{ "type": "Feature", "properties": { "poi_name": "臺大公館停車場西北側", "note": "12", "stop_type": "YouBike" }, "geometry": { "type": "Point", "coordinates": [ 121.53798, 25.01345 ] } },
{ "type": "Feature", "properties": { "poi_name": "臺大第二行政大樓南側", "note": "27", "stop_type": "YouBike" }, "geometry": { "type": "Point", "coordinates": [ 121.53635, 25.01603 ] } },
{ "type": "Feature", "properties": { "poi_name": "臺大明達館機車停車場", "note": "28", "stop_type": "YouBike" }, "geometry": { "type": "Point", "coordinates": [ 121.54398, 25.01754 ] } },
{ "type": "Feature", "properties": { "poi_name": "臺大二號館", "note": "10", "stop_type": "YouBike" }, "geometry": { "type": "Point", "coordinates": [ 121.53574, 25.01699 ] } },
{ "type": "Feature", "properties": { "poi_name": "臺大凝態館南側", "note": "20", "stop_type": "YouBike" }, "geometry": { "type": "Point", "coordinates": [ 121.53633, 25.02157 ] } },
{ "type": "Feature", "properties": { "poi_name": "臺大社科院西側", "note": "42", "stop_type": "YouBike" }, "geometry": { "type": "Point", "coordinates": [ 121.54145, 25.02053 ] } },
{ "type": "Feature", "properties": { "poi_name": "臺大社會系館南側", "note": "66", "stop_type": "YouBike" }, "geometry": { "type": "Point", "coordinates": [ 121.54175, 25.01987 ] } },
{ "type": "Feature", "properties": { "poi_name": "臺大思亮館東南側", "note": "26", "stop_type": "YouBike" }, "geometry": { "type": "Point", "coordinates": [ 121.53906, 25.02074 ] } },
{ "type": "Feature", "properties": { "poi_name": "臺大椰林小舖", "note": "48", "stop_type": "YouBike" }, "geometry": { "type": "Point", "coordinates": [ 121.53583, 25.01561 ] } },
{ "type": "Feature", "properties": { "poi_name": "臺大計資中心南側", "note": "54", "stop_type": "YouBike" }, "geometry": { "type": "Point", "coordinates": [ 121.53992, 25.02036 ] } },
{ "type": "Feature", "properties": { "poi_name": "臺大原分所北側", "note": "12", "stop_type": "YouBike" }, "geometry": { "type": "Point", "coordinates": [ 121.53868, 25.01881 ] } },
{ "type": "Feature", "properties": { "poi_name": "臺大生命科學館西北側", "note": "30", "stop_type": "YouBike" }, "geometry": { "type": "Point", "coordinates": [ 121.53825, 25.01548 ] } },
{ "type": "Feature", "properties": { "poi_name": "臺大第一活動中心西南側", "note": "48", "stop_type": "YouBike" }, "geometry": { "type": "Point", "coordinates": [ 121.53995, 25.01761 ] } },
{ "type": "Feature", "properties": { "poi_name": "臺大博理館西側", "note": "22", "stop_type": "YouBike" }, "geometry": { "type": "Point", "coordinates": [ 121.54195, 25.01922 ] } },
{ "type": "Feature", "properties": { "poi_name": "臺大博雅館西側", "note": "56", "stop_type": "YouBike" }, "geometry": { "type": "Point", "coordinates": [ 121.536, 25.0189 ] } },
{ "type": "Feature", "properties": { "poi_name": "臺大森林館北側", "note": "10", "stop_type": "YouBike" }, "geometry": { "type": "Point", "coordinates": [ 121.53888, 25.01704 ] } },
{ "type": "Feature", "properties": { "poi_name": "臺大一號館", "note": "19", "stop_type": "YouBike" }, "geometry": { "type": "Point", "coordinates": [ 121.53455, 25.01698 ] } },
{ "type": "Feature", "properties": { "poi_name": "臺大小小福西南側", "note": "10", "stop_type": "YouBike" }, "geometry": { "type": "Point", "coordinates": [ 121.53686, 25.01539 ] } },
{ "type": "Feature", "properties": { "poi_name": "臺大教研館北側", "note": "26", "stop_type": "YouBike" }, "geometry": { "type": "Point", "coordinates": [ 121.53909, 25.01337 ] } },
{ "type": "Feature", "properties": { "poi_name": "臺大四號館東北側", "note": "10", "stop_type": "YouBike" }, "geometry": { "type": "Point", "coordinates": [ 121.53781, 25.01703 ] } },
{ "type": "Feature", "properties": { "poi_name": "臺大新生教室南側", "note": "18", "stop_type": "YouBike" }, "geometry": { "type": "Point", "coordinates": [ 121.53846, 25.0196 ] } },
{ "type": "Feature", "properties": { "poi_name": "臺大鄭江樓北側", "note": "40", "stop_type": "YouBike" }, "geometry": { "type": "Point", "coordinates": [ 121.54309, 25.01854 ] } },
{ "type": "Feature", "properties": { "poi_name": "臺大電機二館東南側", "note": "14", "stop_type": "YouBike" }, "geometry": { "type": "Point", "coordinates": [ 121.54247, 25.01857 ] } },
{ "type": "Feature", "properties": { "poi_name": "臺大圖資系館北側", "note": "51", "stop_type": "YouBike" }, "geometry": { "type": "Point", "coordinates": [ 121.53928, 25.01804 ] } },
{ "type": "Feature", "properties": { "poi_name": "臺大總圖書館西南側", "note": "30", "stop_type": "YouBike" }, "geometry": { "type": "Point", "coordinates": [ 121.54031, 25.0169 ] } },
{ "type": "Feature", "properties": { "poi_name": "臺大黑森林西側", "note": "35", "stop_type": "YouBike" }, "geometry": { "type": "Point", "coordinates": [ 121.54347, 25.01995 ] } },
{ "type": "Feature", "properties": { "poi_name": "臺大獸醫館南側", "note": "24", "stop_type": "YouBike" }, "geometry": { "type": "Point", "coordinates": [ 121.54242, 25.01791 ] } },
{ "type": "Feature", "properties": { "poi_name": "臺大新體育館東南側", "note": "51", "stop_type": "YouBike" }, "geometry": { "type": "Point", "coordinates": [ 121.53591, 25.02112 ] } },
{ "type": "Feature", "properties": { "poi_name": "臺大明達館北側(員工宿舍)", "note": "18", "stop_type": "YouBike" }, "geometry": { "type": "Point", "coordinates": [ 121.54469, 25.01816 ] } },
{ "type": "Feature", "properties": { "poi_name": "臺大管理學院一館", "note": "17", "stop_type": "YouBike" }, "geometry": { "type": "Point", "coordinates": [ 121.53828, 25.01436 ] } },
{ "type": "Feature", "properties": { "poi_name": "臺大禮賢樓西側", "note": "36", "stop_type": "YouBike" }, "geometry": { "type": "Point", "coordinates": [ 121.53765, 25.01467 ] } },
{ "type": "Feature", "properties": { "poi_name": "臺大大一女餐廳廣場", "note": "40", "stop_type": "YouBike" }, "geometry": { "type": "Point", "coordinates": [ 121.53494, 25.01479 ] } },
{ "type": "Feature", "properties": { "poi_name": "臺大學新館", "note": "33", "stop_type": "YouBike" }, "geometry": { "type": "Point", "coordinates": [ 121.54339, 25.01944 ] } },
{ "type": "Feature", "properties": { "poi_name": "臺大水源舍區C棟", "note": "99", "stop_type": "YouBike" }, "geometry": { "type": "Point", "coordinates": [ 121.52892, 25.01547 ] } },
{ "type": "Feature", "properties": { "poi_name": "臺大人文館", "note": "67", "stop_type": "YouBike" }, "geometry": { "type": "Point", "coordinates": [ 121.53476, 25.0182 ] } },
{ "type": "Feature", "properties": { "poi_name": "臺大數學研究中心(東側)", "note": "62", "stop_type": "YouBike" }, "geometry": { "type": "Point", "coordinates": [ 121.53881, 25.02004 ] } }
]
}
